[0.047s] DEBUG:colcon:Command line arguments: ['/usr/bin/colcon', 'build', '--symlink-install']
[0.047s] DEBUG:colcon:Parsed command line arguments: Namespace(log_base=None, log_level=None, verb_name='build', build_base='build', install_base='install', merge_install=False, symlink_install=True, test_result_base=None, continue_on_error=False, executor='parallel', parallel_workers=28, event_handlers=None, ignore_user_meta=False, metas=['./colcon.meta'], base_paths=['.'], packages_ignore=None, packages_ignore_regex=None, paths=None, packages_up_to=None, packages_up_to_regex=None, packages_above=None, packages_above_and_dependencies=None, packages_above_depth=None, packages_select_by_dep=None, packages_skip_by_dep=None, packages_skip_up_to=None, packages_select_build_failed=False, packages_skip_build_finished=False, packages_select_test_failures=False, packages_skip_test_passed=False, packages_select=None, packages_skip=None, packages_select_regex=None, packages_skip_regex=None, packages_start=None, packages_end=None, allow_overriding=[], cmake_args=None, cmake_target=None, cmake_target_skip_unavailable=False, cmake_clean_cache=False, cmake_clean_first=False, cmake_force_configure=False, ament_cmake_args=None, catkin_cmake_args=None, catkin_skip_building_tests=False, verb_parser=<colcon_defaults.argument_parser.defaults.DefaultArgumentsDecorator object at 0x7be814602ef0>, verb_extension=<colcon_core.verb.build.BuildVerb object at 0x7be8146028f0>, main=<bound method BuildVerb.main of <colcon_core.verb.build.BuildVerb object at 0x7be8146028f0>>)
[0.105s] Level 1:colcon.colcon_core.package_discovery:discover_packages(colcon_meta) check parameters
[0.105s] Level 1:colcon.colcon_core.package_discovery:discover_packages(recursive) check parameters
[0.105s] Level 1:colcon.colcon_core.package_discovery:discover_packages(ignore) check parameters
[0.105s] Level 1:colcon.colcon_core.package_discovery:discover_packages(path) check parameters
[0.105s] Level 1:colcon.colcon_core.package_discovery:discover_packages(colcon_meta) discover
[0.105s] Level 1:colcon.colcon_core.package_discovery:discover_packages(recursive) discover
[0.106s] INFO:colcon.colcon_core.package_discovery:Crawling recursively for packages in '/root/dddmr_navigation'
[0.106s] Level 1:colcon.colcon_core.package_identification:_identify(.) by extensions ['ignore', 'ignore_ament_install']
[0.106s] Level 1:colcon.colcon_core.package_identification:_identify(.) by extension 'ignore'
[0.106s] Level 1:colcon.colcon_core.package_identification:_identify(.) by extension 'ignore_ament_install'
[0.106s] Level 1:colcon.colcon_core.package_identification:_identify(.) by extensions ['colcon_pkg']
[0.106s] Level 1:colcon.colcon_core.package_identification:_identify(.) by extension 'colcon_pkg'
[0.106s] Level 1:colcon.colcon_core.package_identification:_identify(.) by extensions ['colcon_meta']
[0.106s] Level 1:colcon.colcon_core.package_identification:_identify(.) by extension 'colcon_meta'
[0.106s] Level 1:colcon.colcon_core.package_identification:_identify(.) by extensions ['ros']
[0.106s] Level 1:colcon.colcon_core.package_identification:_identify(.) by extension 'ros'
[0.111s] Level 1:colcon.colcon_core.package_identification:_identify(.) by extensions ['cmake', 'python']
[0.111s] Level 1:colcon.colcon_core.package_identification:_identify(.) by extension 'cmake'
[0.111s] Level 1:colcon.colcon_core.package_identification:_identify(.) by extension 'python'
[0.111s] Level 1:colcon.colcon_core.package_identification:_identify(.) by extensions ['python_setup_py']
[0.111s] Level 1:colcon.colcon_core.package_identification:_identify(.) by extension 'python_setup_py'
[0.111s] Level 1:colcon.colcon_core.package_identification:_identify(build) by extensions ['ignore', 'ignore_ament_install']
[0.111s] Level 1:colcon.colcon_core.package_identification:_identify(build) by extension 'ignore'
[0.111s] Level 1:colcon.colcon_core.package_identification:_identify(build) ignored
[0.111s] Level 1:colcon.colcon_core.package_identification:_identify(install) by extensions ['ignore', 'ignore_ament_install']
[0.111s] Level 1:colcon.colcon_core.package_identification:_identify(install) by extension 'ignore'
[0.111s] Level 1:colcon.colcon_core.package_identification:_identify(install) ignored
[0.111s] Level 1:colcon.colcon_core.package_identification:_identify(log) by extensions ['ignore', 'ignore_ament_install']
[0.111s] Level 1:colcon.colcon_core.package_identification:_identify(log) by extension 'ignore'
[0.111s] Level 1:colcon.colcon_core.package_identification:_identify(log) ignored
[0.111s] Level 1:colcon.colcon_core.package_identification:_identify(src) by extensions ['ignore', 'ignore_ament_install']
[0.111s] Level 1:colcon.colcon_core.package_identification:_identify(src) by extension 'ignore'
[0.111s] Level 1:colcon.colcon_core.package_identification:_identify(src) by extension 'ignore_ament_install'
[0.111s] Level 1:colcon.colcon_core.package_identification:_identify(src) by extensions ['colcon_pkg']
[0.111s] Level 1:colcon.colcon_core.package_identification:_identify(src) by extension 'colcon_pkg'
[0.111s] Level 1:colcon.colcon_core.package_identification:_identify(src) by extensions ['colcon_meta']
[0.111s] Level 1:colcon.colcon_core.package_identification:_identify(src) by extension 'colcon_meta'
[0.111s] Level 1:colcon.colcon_core.package_identification:_identify(src) by extensions ['ros']
[0.111s] Level 1:colcon.colcon_core.package_identification:_identify(src) by extension 'ros'
[0.112s] Level 1:colcon.colcon_core.package_identification:_identify(src) by extensions ['cmake', 'python']
[0.112s] Level 1:colcon.colcon_core.package_identification:_identify(src) by extension 'cmake'
[0.112s] Level 1:colcon.colcon_core.package_identification:_identify(src) by extension 'python'
[0.112s] Level 1:colcon.colcon_core.package_identification:_identify(src) by extensions ['python_setup_py']
[0.112s] Level 1:colcon.colcon_core.package_identification:_identify(src) by extension 'python_setup_py'
[0.112s] Level 1:colcon.colcon_core.package_identification:_identify(src/FAST_LIO) by extensions ['ignore', 'ignore_ament_install']
[0.112s] Level 1:colcon.colcon_core.package_identification:_identify(src/FAST_LIO) by extension 'ignore'
[0.112s] Level 1:colcon.colcon_core.package_identification:_identify(src/FAST_LIO) by extension 'ignore_ament_install'
[0.112s] Level 1:colcon.colcon_core.package_identification:_identify(src/FAST_LIO) by extensions ['colcon_pkg']
[0.112s] Level 1:colcon.colcon_core.package_identification:_identify(src/FAST_LIO) by extension 'colcon_pkg'
[0.112s] Level 1:colcon.colcon_core.package_identification:_identify(src/FAST_LIO) by extensions ['colcon_meta']
[0.112s] Level 1:colcon.colcon_core.package_identification:_identify(src/FAST_LIO) by extension 'colcon_meta'
[0.112s] Level 1:colcon.colcon_core.package_identification:_identify(src/FAST_LIO) by extensions ['ros']
[0.112s] Level 1:colcon.colcon_core.package_identification:_identify(src/FAST_LIO) by extension 'ros'
[0.113s] DEBUG:colcon.colcon_core.package_identification:Package 'src/FAST_LIO' with type 'ros.ament_cmake' and name 'fast_lio'
[0.113s] Level 1:colcon.colcon_core.package_identification:_identify(src/dddmr_beginner_guide) by extensions ['ignore', 'ignore_ament_install']
[0.113s] Level 1:colcon.colcon_core.package_identification:_identify(src/dddmr_beginner_guide) by extension 'ignore'
[0.113s] Level 1:colcon.colcon_core.package_identification:_identify(src/dddmr_beginner_guide) by extension 'ignore_ament_install'
[0.113s] Level 1:colcon.colcon_core.package_identification:_identify(src/dddmr_beginner_guide) by extensions ['colcon_pkg']
[0.113s] Level 1:colcon.colcon_core.package_identification:_identify(src/dddmr_beginner_guide) by extension 'colcon_pkg'
[0.113s] Level 1:colcon.colcon_core.package_identification:_identify(src/dddmr_beginner_guide) by extensions ['colcon_meta']
[0.113s] Level 1:colcon.colcon_core.package_identification:_identify(src/dddmr_beginner_guide) by extension 'colcon_meta'
[0.113s] Level 1:colcon.colcon_core.package_identification:_identify(src/dddmr_beginner_guide) by extensions ['ros']
[0.113s] Level 1:colcon.colcon_core.package_identification:_identify(src/dddmr_beginner_guide) by extension 'ros'
[0.114s] DEBUG:colcon.colcon_core.package_identification:Package 'src/dddmr_beginner_guide' with type 'ros.ament_cmake' and name 'dddmr_beginner_guide'
[0.114s] Level 1:colcon.colcon_core.package_identification:_identify(src/dddmr_fastlio_adapter) by extensions ['ignore', 'ignore_ament_install']
[0.114s] Level 1:colcon.colcon_core.package_identification:_identify(src/dddmr_fastlio_adapter) by extension 'ignore'
[0.114s] Level 1:colcon.colcon_core.package_identification:_identify(src/dddmr_fastlio_adapter) by extension 'ignore_ament_install'
[0.114s] Level 1:colcon.colcon_core.package_identification:_identify(src/dddmr_fastlio_adapter) by extensions ['colcon_pkg']
[0.114s] Level 1:colcon.colcon_core.package_identification:_identify(src/dddmr_fastlio_adapter) by extension 'colcon_pkg'
[0.114s] Level 1:colcon.colcon_core.package_identification:_identify(src/dddmr_fastlio_adapter) by extensions ['colcon_meta']
[0.114s] Level 1:colcon.colcon_core.package_identification:_identify(src/dddmr_fastlio_adapter) by extension 'colcon_meta'
[0.114s] Level 1:colcon.colcon_core.package_identification:_identify(src/dddmr_fastlio_adapter) by extensions ['ros']
[0.114s] Level 1:colcon.colcon_core.package_identification:_identify(src/dddmr_fastlio_adapter) by extension 'ros'
[0.115s] DEBUG:colcon.colcon_core.package_identification:Package 'src/dddmr_fastlio_adapter' with type 'ros.ament_cmake' and name 'dddmr_fastlio_adapter'
[0.115s] Level 1:colcon.colcon_core.package_identification:_identify(src/dddmr_global_planner) by extensions ['ignore', 'ignore_ament_install']
[0.115s] Level 1:colcon.colcon_core.package_identification:_identify(src/dddmr_global_planner) by extension 'ignore'
[0.115s] Level 1:colcon.colcon_core.package_identification:_identify(src/dddmr_global_planner) by extension 'ignore_ament_install'
[0.115s] Level 1:colcon.colcon_core.package_identification:_identify(src/dddmr_global_planner) by extensions ['colcon_pkg']
[0.115s] Level 1:colcon.colcon_core.package_identification:_identify(src/dddmr_global_planner) by extension 'colcon_pkg'
[0.115s] Level 1:colcon.colcon_core.package_identification:_identify(src/dddmr_global_planner) by extensions ['colcon_meta']
[0.115s] Level 1:colcon.colcon_core.package_identification:_identify(src/dddmr_global_planner) by extension 'colcon_meta'
[0.115s] Level 1:colcon.colcon_core.package_identification:_identify(src/dddmr_global_planner) by extensions ['ros']
[0.115s] Level 1:colcon.colcon_core.package_identification:_identify(src/dddmr_global_planner) by extension 'ros'
[0.115s] DEBUG:colcon.colcon_core.package_identification:Package 'src/dddmr_global_planner' with type 'ros.ament_cmake' and name 'global_planner'
[0.115s] Level 1:colcon.colcon_core.package_identification:_identify(src/dddmr_lego_loam) by extensions ['ignore', 'ignore_ament_install']
[0.115s] Level 1:colcon.colcon_core.package_identification:_identify(src/dddmr_lego_loam) by extension 'ignore'
[0.115s] Level 1:colcon.colcon_core.package_identification:_identify(src/dddmr_lego_loam) by extension 'ignore_ament_install'
[0.115s] Level 1:colcon.colcon_core.package_identification:_identify(src/dddmr_lego_loam) by extensions ['colcon_pkg']
[0.115s] Level 1:colcon.colcon_core.package_identification:_identify(src/dddmr_lego_loam) by extension 'colcon_pkg'
[0.115s] Level 1:colcon.colcon_core.package_identification:_identify(src/dddmr_lego_loam) by extensions ['colcon_meta']
[0.115s] Level 1:colcon.colcon_core.package_identification:_identify(src/dddmr_lego_loam) by extension 'colcon_meta'
[0.115s] Level 1:colcon.colcon_core.package_identification:_identify(src/dddmr_lego_loam) by extensions ['ros']
[0.115s] Level 1:colcon.colcon_core.package_identification:_identify(src/dddmr_lego_loam) by extension 'ros'
[0.115s] Level 1:colcon.colcon_core.package_identification:_identify(src/dddmr_lego_loam) by extensions ['cmake', 'python']
[0.116s] Level 1:colcon.colcon_core.package_identification:_identify(src/dddmr_lego_loam) by extension 'cmake'
[0.116s] Level 1:colcon.colcon_core.package_identification:_identify(src/dddmr_lego_loam) by extension 'python'
[0.116s] Level 1:colcon.colcon_core.package_identification:_identify(src/dddmr_lego_loam) by extensions ['python_setup_py']
[0.116s] Level 1:colcon.colcon_core.package_identification:_identify(src/dddmr_lego_loam) by extension 'python_setup_py'
[0.116s] Level 1:colcon.colcon_core.package_identification:_identify(src/dddmr_lego_loam/cloud_msgs) by extensions ['ignore', 'ignore_ament_install']
[0.116s] Level 1:colcon.colcon_core.package_identification:_identify(src/dddmr_lego_loam/cloud_msgs) by extension 'ignore'
[0.116s] Level 1:colcon.colcon_core.package_identification:_identify(src/dddmr_lego_loam/cloud_msgs) by extension 'ignore_ament_install'
[0.116s] Level 1:colcon.colcon_core.package_identification:_identify(src/dddmr_lego_loam/cloud_msgs) by extensions ['colcon_pkg']
[0.116s] Level 1:colcon.colcon_core.package_identification:_identify(src/dddmr_lego_loam/cloud_msgs) by extension 'colcon_pkg'
[0.116s] Level 1:colcon.colcon_core.package_identification:_identify(src/dddmr_lego_loam/cloud_msgs) by extensions ['colcon_meta']
[0.116s] Level 1:colcon.colcon_core.package_identification:_identify(src/dddmr_lego_loam/cloud_msgs) by extension 'colcon_meta'
[0.116s] Level 1:colcon.colcon_core.package_identification:_identify(src/dddmr_lego_loam/cloud_msgs) by extensions ['ros']
[0.116s] Level 1:colcon.colcon_core.package_identification:_identify(src/dddmr_lego_loam/cloud_msgs) by extension 'ros'
[0.116s] DEBUG:colcon.colcon_core.package_identification:Package 'src/dddmr_lego_loam/cloud_msgs' with type 'ros.ament_cmake' and name 'cloud_msgs'
[0.116s] Level 1:colcon.colcon_core.package_identification:_identify(src/dddmr_lego_loam/lego_loam_bor) by extensions ['ignore', 'ignore_ament_install']
[0.116s] Level 1:colcon.colcon_core.package_identification:_identify(src/dddmr_lego_loam/lego_loam_bor) by extension 'ignore'
[0.116s] Level 1:colcon.colcon_core.package_identification:_identify(src/dddmr_lego_loam/lego_loam_bor) by extension 'ignore_ament_install'
[0.116s] Level 1:colcon.colcon_core.package_identification:_identify(src/dddmr_lego_loam/lego_loam_bor) by extensions ['colcon_pkg']
[0.116s] Level 1:colcon.colcon_core.package_identification:_identify(src/dddmr_lego_loam/lego_loam_bor) by extension 'colcon_pkg'
[0.116s] Level 1:colcon.colcon_core.package_identification:_identify(src/dddmr_lego_loam/lego_loam_bor) by extensions ['colcon_meta']
[0.116s] Level 1:colcon.colcon_core.package_identification:_identify(src/dddmr_lego_loam/lego_loam_bor) by extension 'colcon_meta'
[0.116s] Level 1:colcon.colcon_core.package_identification:_identify(src/dddmr_lego_loam/lego_loam_bor) by extensions ['ros']
[0.116s] Level 1:colcon.colcon_core.package_identification:_identify(src/dddmr_lego_loam/lego_loam_bor) by extension 'ros'
[0.117s] DEBUG:colcon.colcon_core.package_identification:Package 'src/dddmr_lego_loam/lego_loam_bor' with type 'ros.ament_cmake' and name 'lego_loam_bor'
[0.117s] Level 1:colcon.colcon_core.package_identification:_identify(src/dddmr_local_planner) by extensions ['ignore', 'ignore_ament_install']
[0.117s] Level 1:colcon.colcon_core.package_identification:_identify(src/dddmr_local_planner) by extension 'ignore'
[0.117s] Level 1:colcon.colcon_core.package_identification:_identify(src/dddmr_local_planner) by extension 'ignore_ament_install'
[0.117s] Level 1:colcon.colcon_core.package_identification:_identify(src/dddmr_local_planner) by extensions ['colcon_pkg']
[0.117s] Level 1:colcon.colcon_core.package_identification:_identify(src/dddmr_local_planner) by extension 'colcon_pkg'
[0.117s] Level 1:colcon.colcon_core.package_identification:_identify(src/dddmr_local_planner) by extensions ['colcon_meta']
[0.117s] Level 1:colcon.colcon_core.package_identification:_identify(src/dddmr_local_planner) by extension 'colcon_meta'
[0.117s] Level 1:colcon.colcon_core.package_identification:_identify(src/dddmr_local_planner) by extensions ['ros']
[0.117s] Level 1:colcon.colcon_core.package_identification:_identify(src/dddmr_local_planner) by extension 'ros'
[0.117s] Level 1:colcon.colcon_core.package_identification:_identify(src/dddmr_local_planner) by extensions ['cmake', 'python']
[0.117s] Level 1:colcon.colcon_core.package_identification:_identify(src/dddmr_local_planner) by extension 'cmake'
[0.117s] Level 1:colcon.colcon_core.package_identification:_identify(src/dddmr_local_planner) by extension 'python'
[0.117s] Level 1:colcon.colcon_core.package_identification:_identify(src/dddmr_local_planner) by extensions ['python_setup_py']
[0.117s] Level 1:colcon.colcon_core.package_identification:_identify(src/dddmr_local_planner) by extension 'python_setup_py'
[0.117s] Level 1:colcon.colcon_core.package_identification:_identify(src/dddmr_local_planner/base_trajectory) by extensions ['ignore', 'ignore_ament_install']
[0.117s] Level 1:colcon.colcon_core.package_identification:_identify(src/dddmr_local_planner/base_trajectory) by extension 'ignore'
[0.117s] Level 1:colcon.colcon_core.package_identification:_identify(src/dddmr_local_planner/base_trajectory) by extension 'ignore_ament_install'
[0.117s] Level 1:colcon.colcon_core.package_identification:_identify(src/dddmr_local_planner/base_trajectory) by extensions ['colcon_pkg']
[0.117s] Level 1:colcon.colcon_core.package_identification:_identify(src/dddmr_local_planner/base_trajectory) by extension 'colcon_pkg'
[0.118s] Level 1:colcon.colcon_core.package_identification:_identify(src/dddmr_local_planner/base_trajectory) by extensions ['colcon_meta']
[0.118s] Level 1:colcon.colcon_core.package_identification:_identify(src/dddmr_local_planner/base_trajectory) by extension 'colcon_meta'
[0.118s] Level 1:colcon.colcon_core.package_identification:_identify(src/dddmr_local_planner/base_trajectory) by extensions ['ros']
[0.118s] Level 1:colcon.colcon_core.package_identification:_identify(src/dddmr_local_planner/base_trajectory) by extension 'ros'
[0.118s] DEBUG:colcon.colcon_core.package_identification:Package 'src/dddmr_local_planner/base_trajectory' with type 'ros.ament_cmake' and name 'base_trajectory'
[0.118s] Level 1:colcon.colcon_core.package_identification:_identify(src/dddmr_local_planner/local_planner) by extensions ['ignore', 'ignore_ament_install']
[0.118s] Level 1:colcon.colcon_core.package_identification:_identify(src/dddmr_local_planner/local_planner) by extension 'ignore'
[0.118s] Level 1:colcon.colcon_core.package_identification:_identify(src/dddmr_local_planner/local_planner) by extension 'ignore_ament_install'
[0.118s] Level 1:colcon.colcon_core.package_identification:_identify(src/dddmr_local_planner/local_planner) by extensions ['colcon_pkg']
[0.118s] Level 1:colcon.colcon_core.package_identification:_identify(src/dddmr_local_planner/local_planner) by extension 'colcon_pkg'
[0.118s] Level 1:colcon.colcon_core.package_identification:_identify(src/dddmr_local_planner/local_planner) by extensions ['colcon_meta']
[0.118s] Level 1:colcon.colcon_core.package_identification:_identify(src/dddmr_local_planner/local_planner) by extension 'colcon_meta'
[0.118s] Level 1:colcon.colcon_core.package_identification:_identify(src/dddmr_local_planner/local_planner) by extensions ['ros']
[0.118s] Level 1:colcon.colcon_core.package_identification:_identify(src/dddmr_local_planner/local_planner) by extension 'ros'
[0.119s] DEBUG:colcon.colcon_core.package_identification:Package 'src/dddmr_local_planner/local_planner' with type 'ros.ament_cmake' and name 'local_planner'
[0.119s] Level 1:colcon.colcon_core.package_identification:_identify(src/dddmr_local_planner/mpc_critics) by extensions ['ignore', 'ignore_ament_install']
[0.119s] Level 1:colcon.colcon_core.package_identification:_identify(src/dddmr_local_planner/mpc_critics) by extension 'ignore'
[0.119s] Level 1:colcon.colcon_core.package_identification:_identify(src/dddmr_local_planner/mpc_critics) by extension 'ignore_ament_install'
[0.119s] Level 1:colcon.colcon_core.package_identification:_identify(src/dddmr_local_planner/mpc_critics) by extensions ['colcon_pkg']
[0.119s] Level 1:colcon.colcon_core.package_identification:_identify(src/dddmr_local_planner/mpc_critics) by extension 'colcon_pkg'
[0.119s] Level 1:colcon.colcon_core.package_identification:_identify(src/dddmr_local_planner/mpc_critics) by extensions ['colcon_meta']
[0.119s] Level 1:colcon.colcon_core.package_identification:_identify(src/dddmr_local_planner/mpc_critics) by extension 'colcon_meta'
[0.119s] Level 1:colcon.colcon_core.package_identification:_identify(src/dddmr_local_planner/mpc_critics) by extensions ['ros']
[0.119s] Level 1:colcon.colcon_core.package_identification:_identify(src/dddmr_local_planner/mpc_critics) by extension 'ros'
[0.120s] DEBUG:colcon.colcon_core.package_identification:Package 'src/dddmr_local_planner/mpc_critics' with type 'ros.ament_cmake' and name 'mpc_critics'
[0.120s] Level 1:colcon.colcon_core.package_identification:_identify(src/dddmr_local_planner/recovery_behaviors) by extensions ['ignore', 'ignore_ament_install']
[0.120s] Level 1:colcon.colcon_core.package_identification:_identify(src/dddmr_local_planner/recovery_behaviors) by extension 'ignore'
[0.120s] Level 1:colcon.colcon_core.package_identification:_identify(src/dddmr_local_planner/recovery_behaviors) by extension 'ignore_ament_install'
[0.120s] Level 1:colcon.colcon_core.package_identification:_identify(src/dddmr_local_planner/recovery_behaviors) by extensions ['colcon_pkg']
[0.120s] Level 1:colcon.colcon_core.package_identification:_identify(src/dddmr_local_planner/recovery_behaviors) by extension 'colcon_pkg'
[0.120s] Level 1:colcon.colcon_core.package_identification:_identify(src/dddmr_local_planner/recovery_behaviors) by extensions ['colcon_meta']
[0.120s] Level 1:colcon.colcon_core.package_identification:_identify(src/dddmr_local_planner/recovery_behaviors) by extension 'colcon_meta'
[0.120s] Level 1:colcon.colcon_core.package_identification:_identify(src/dddmr_local_planner/recovery_behaviors) by extensions ['ros']
[0.120s] Level 1:colcon.colcon_core.package_identification:_identify(src/dddmr_local_planner/recovery_behaviors) by extension 'ros'
[0.121s] DEBUG:colcon.colcon_core.package_identification:Package 'src/dddmr_local_planner/recovery_behaviors' with type 'ros.ament_cmake' and name 'recovery_behaviors'
[0.121s] Level 1:colcon.colcon_core.package_identification:_identify(src/dddmr_local_planner/trajectory_generators) by extensions ['ignore', 'ignore_ament_install']
[0.121s] Level 1:colcon.colcon_core.package_identification:_identify(src/dddmr_local_planner/trajectory_generators) by extension 'ignore'
[0.121s] Level 1:colcon.colcon_core.package_identification:_identify(src/dddmr_local_planner/trajectory_generators) by extension 'ignore_ament_install'
[0.121s] Level 1:colcon.colcon_core.package_identification:_identify(src/dddmr_local_planner/trajectory_generators) by extensions ['colcon_pkg']
[0.121s] Level 1:colcon.colcon_core.package_identification:_identify(src/dddmr_local_planner/trajectory_generators) by extension 'colcon_pkg'
[0.121s] Level 1:colcon.colcon_core.package_identification:_identify(src/dddmr_local_planner/trajectory_generators) by extensions ['colcon_meta']
[0.121s] Level 1:colcon.colcon_core.package_identification:_identify(src/dddmr_local_planner/trajectory_generators) by extension 'colcon_meta'
[0.121s] Level 1:colcon.colcon_core.package_identification:_identify(src/dddmr_local_planner/trajectory_generators) by extensions ['ros']
[0.121s] Level 1:colcon.colcon_core.package_identification:_identify(src/dddmr_local_planner/trajectory_generators) by extension 'ros'
[0.121s] DEBUG:colcon.colcon_core.package_identification:Package 'src/dddmr_local_planner/trajectory_generators' with type 'ros.ament_cmake' and name 'trajectory_generators'
[0.121s] Level 1:colcon.colcon_core.package_identification:_identify(src/dddmr_mcl_3dl) by extensions ['ignore', 'ignore_ament_install']
[0.121s] Level 1:colcon.colcon_core.package_identification:_identify(src/dddmr_mcl_3dl) by extension 'ignore'
[0.121s] Level 1:colcon.colcon_core.package_identification:_identify(src/dddmr_mcl_3dl) by extension 'ignore_ament_install'
[0.121s] Level 1:colcon.colcon_core.package_identification:_identify(src/dddmr_mcl_3dl) by extensions ['colcon_pkg']
[0.121s] Level 1:colcon.colcon_core.package_identification:_identify(src/dddmr_mcl_3dl) by extension 'colcon_pkg'
[0.121s] Level 1:colcon.colcon_core.package_identification:_identify(src/dddmr_mcl_3dl) by extensions ['colcon_meta']
[0.121s] Level 1:colcon.colcon_core.package_identification:_identify(src/dddmr_mcl_3dl) by extension 'colcon_meta'
[0.122s] Level 1:colcon.colcon_core.package_identification:_identify(src/dddmr_mcl_3dl) by extensions ['ros']
[0.122s] Level 1:colcon.colcon_core.package_identification:_identify(src/dddmr_mcl_3dl) by extension 'ros'
[0.122s] DEBUG:colcon.colcon_core.package_identification:Package 'src/dddmr_mcl_3dl' with type 'ros.ament_cmake' and name 'mcl_3dl'
[0.122s] Level 1:colcon.colcon_core.package_identification:_identify(src/dddmr_odom_3d) by extensions ['ignore', 'ignore_ament_install']
[0.122s] Level 1:colcon.colcon_core.package_identification:_identify(src/dddmr_odom_3d) by extension 'ignore'
[0.122s] Level 1:colcon.colcon_core.package_identification:_identify(src/dddmr_odom_3d) by extension 'ignore_ament_install'
[0.122s] Level 1:colcon.colcon_core.package_identification:_identify(src/dddmr_odom_3d) by extensions ['colcon_pkg']
[0.122s] Level 1:colcon.colcon_core.package_identification:_identify(src/dddmr_odom_3d) by extension 'colcon_pkg'
[0.122s] Level 1:colcon.colcon_core.package_identification:_identify(src/dddmr_odom_3d) by extensions ['colcon_meta']
[0.122s] Level 1:colcon.colcon_core.package_identification:_identify(src/dddmr_odom_3d) by extension 'colcon_meta'
[0.122s] Level 1:colcon.colcon_core.package_identification:_identify(src/dddmr_odom_3d) by extensions ['ros']
[0.122s] Level 1:colcon.colcon_core.package_identification:_identify(src/dddmr_odom_3d) by extension 'ros'
[0.123s] DEBUG:colcon.colcon_core.package_identification:Package 'src/dddmr_odom_3d' with type 'ros.ament_cmake' and name 'dddmr_odom_3d'
[0.123s] Level 1:colcon.colcon_core.package_identification:_identify(src/dddmr_p2p_move_base) by extensions ['ignore', 'ignore_ament_install']
[0.123s] Level 1:colcon.colcon_core.package_identification:_identify(src/dddmr_p2p_move_base) by extension 'ignore'
[0.123s] Level 1:colcon.colcon_core.package_identification:_identify(src/dddmr_p2p_move_base) by extension 'ignore_ament_install'
[0.123s] Level 1:colcon.colcon_core.package_identification:_identify(src/dddmr_p2p_move_base) by extensions ['colcon_pkg']
[0.123s] Level 1:colcon.colcon_core.package_identification:_identify(src/dddmr_p2p_move_base) by extension 'colcon_pkg'
[0.123s] Level 1:colcon.colcon_core.package_identification:_identify(src/dddmr_p2p_move_base) by extensions ['colcon_meta']
[0.123s] Level 1:colcon.colcon_core.package_identification:_identify(src/dddmr_p2p_move_base) by extension 'colcon_meta'
[0.123s] Level 1:colcon.colcon_core.package_identification:_identify(src/dddmr_p2p_move_base) by extensions ['ros']
[0.123s] Level 1:colcon.colcon_core.package_identification:_identify(src/dddmr_p2p_move_base) by extension 'ros'
[0.124s] DEBUG:colcon.colcon_core.package_identification:Package 'src/dddmr_p2p_move_base' with type 'ros.ament_cmake' and name 'p2p_move_base'
[0.124s] Level 1:colcon.colcon_core.package_identification:_identify(src/dddmr_perception_3d) by extensions ['ignore', 'ignore_ament_install']
[0.124s] Level 1:colcon.colcon_core.package_identification:_identify(src/dddmr_perception_3d) by extension 'ignore'
[0.124s] Level 1:colcon.colcon_core.package_identification:_identify(src/dddmr_perception_3d) by extension 'ignore_ament_install'
[0.124s] Level 1:colcon.colcon_core.package_identification:_identify(src/dddmr_perception_3d) by extensions ['colcon_pkg']
[0.124s] Level 1:colcon.colcon_core.package_identification:_identify(src/dddmr_perception_3d) by extension 'colcon_pkg'
[0.124s] Level 1:colcon.colcon_core.package_identification:_identify(src/dddmr_perception_3d) by extensions ['colcon_meta']
[0.124s] Level 1:colcon.colcon_core.package_identification:_identify(src/dddmr_perception_3d) by extension 'colcon_meta'
[0.124s] Level 1:colcon.colcon_core.package_identification:_identify(src/dddmr_perception_3d) by extensions ['ros']
[0.124s] Level 1:colcon.colcon_core.package_identification:_identify(src/dddmr_perception_3d) by extension 'ros'
[0.125s] DEBUG:colcon.colcon_core.package_identification:Package 'src/dddmr_perception_3d' with type 'ros.ament_cmake' and name 'perception_3d'
[0.125s] Level 1:colcon.colcon_core.package_identification:_identify(src/dddmr_rviz_tools) by extensions ['ignore', 'ignore_ament_install']
[0.125s] Level 1:colcon.colcon_core.package_identification:_identify(src/dddmr_rviz_tools) by extension 'ignore'
[0.125s] Level 1:colcon.colcon_core.package_identification:_identify(src/dddmr_rviz_tools) by extension 'ignore_ament_install'
[0.125s] Level 1:colcon.colcon_core.package_identification:_identify(src/dddmr_rviz_tools) by extensions ['colcon_pkg']
[0.125s] Level 1:colcon.colcon_core.package_identification:_identify(src/dddmr_rviz_tools) by extension 'colcon_pkg'
[0.125s] Level 1:colcon.colcon_core.package_identification:_identify(src/dddmr_rviz_tools) by extensions ['colcon_meta']
[0.125s] Level 1:colcon.colcon_core.package_identification:_identify(src/dddmr_rviz_tools) by extension 'colcon_meta'
[0.125s] Level 1:colcon.colcon_core.package_identification:_identify(src/dddmr_rviz_tools) by extensions ['ros']
[0.125s] Level 1:colcon.colcon_core.package_identification:_identify(src/dddmr_rviz_tools) by extension 'ros'
[0.125s] Level 1:colcon.colcon_core.package_identification:_identify(src/dddmr_rviz_tools) by extensions ['cmake', 'python']
[0.125s] Level 1:colcon.colcon_core.package_identification:_identify(src/dddmr_rviz_tools) by extension 'cmake'
[0.125s] Level 1:colcon.colcon_core.package_identification:_identify(src/dddmr_rviz_tools) by extension 'python'
[0.125s] Level 1:colcon.colcon_core.package_identification:_identify(src/dddmr_rviz_tools) by extensions ['python_setup_py']
[0.125s] Level 1:colcon.colcon_core.package_identification:_identify(src/dddmr_rviz_tools) by extension 'python_setup_py'
[0.125s] Level 1:colcon.colcon_core.package_identification:_identify(src/dddmr_rviz_tools/dddmr_rviz_default_plugins) by extensions ['ignore', 'ignore_ament_install']
[0.125s] Level 1:colcon.colcon_core.package_identification:_identify(src/dddmr_rviz_tools/dddmr_rviz_default_plugins) by extension 'ignore'
[0.125s] Level 1:colcon.colcon_core.package_identification:_identify(src/dddmr_rviz_tools/dddmr_rviz_default_plugins) by extension 'ignore_ament_install'
[0.125s] Level 1:colcon.colcon_core.package_identification:_identify(src/dddmr_rviz_tools/dddmr_rviz_default_plugins) by extensions ['colcon_pkg']
[0.125s] Level 1:colcon.colcon_core.package_identification:_identify(src/dddmr_rviz_tools/dddmr_rviz_default_plugins) by extension 'colcon_pkg'
[0.125s] Level 1:colcon.colcon_core.package_identification:_identify(src/dddmr_rviz_tools/dddmr_rviz_default_plugins) by extensions ['colcon_meta']
[0.125s] Level 1:colcon.colcon_core.package_identification:_identify(src/dddmr_rviz_tools/dddmr_rviz_default_plugins) by extension 'colcon_meta'
[0.125s] Level 1:colcon.colcon_core.package_identification:_identify(src/dddmr_rviz_tools/dddmr_rviz_default_plugins) by extensions ['ros']
[0.125s] Level 1:colcon.colcon_core.package_identification:_identify(src/dddmr_rviz_tools/dddmr_rviz_default_plugins) by extension 'ros'
[0.126s] DEBUG:colcon.colcon_core.package_identification:Package 'src/dddmr_rviz_tools/dddmr_rviz_default_plugins' with type 'ros.ament_cmake' and name 'dddmr_rviz_default_plugins'
[0.126s] Level 1:colcon.colcon_core.package_identification:_identify(src/dddmr_rviz_tools/map_editor_panel) by extensions ['ignore', 'ignore_ament_install']
[0.126s] Level 1:colcon.colcon_core.package_identification:_identify(src/dddmr_rviz_tools/map_editor_panel) by extension 'ignore'
[0.126s] Level 1:colcon.colcon_core.package_identification:_identify(src/dddmr_rviz_tools/map_editor_panel) by extension 'ignore_ament_install'
[0.126s] Level 1:colcon.colcon_core.package_identification:_identify(src/dddmr_rviz_tools/map_editor_panel) by extensions ['colcon_pkg']
[0.126s] Level 1:colcon.colcon_core.package_identification:_identify(src/dddmr_rviz_tools/map_editor_panel) by extension 'colcon_pkg'
[0.126s] Level 1:colcon.colcon_core.package_identification:_identify(src/dddmr_rviz_tools/map_editor_panel) by extensions ['colcon_meta']
[0.126s] Level 1:colcon.colcon_core.package_identification:_identify(src/dddmr_rviz_tools/map_editor_panel) by extension 'colcon_meta'
[0.126s] Level 1:colcon.colcon_core.package_identification:_identify(src/dddmr_rviz_tools/map_editor_panel) by extensions ['ros']
[0.126s] Level 1:colcon.colcon_core.package_identification:_identify(src/dddmr_rviz_tools/map_editor_panel) by extension 'ros'
[0.126s] DEBUG:colcon.colcon_core.package_identification:Package 'src/dddmr_rviz_tools/map_editor_panel' with type 'ros.ament_cmake' and name 'map_editor_panel'
[0.126s] Level 1:colcon.colcon_core.package_identification:_identify(src/dddmr_rviz_tools/mapping_panel) by extensions ['ignore', 'ignore_ament_install']
[0.127s] Level 1:colcon.colcon_core.package_identification:_identify(src/dddmr_rviz_tools/mapping_panel) by extension 'ignore'
[0.127s] Level 1:colcon.colcon_core.package_identification:_identify(src/dddmr_rviz_tools/mapping_panel) by extension 'ignore_ament_install'
[0.127s] Level 1:colcon.colcon_core.package_identification:_identify(src/dddmr_rviz_tools/mapping_panel) by extensions ['colcon_pkg']
[0.127s] Level 1:colcon.colcon_core.package_identification:_identify(src/dddmr_rviz_tools/mapping_panel) by extension 'colcon_pkg'
[0.127s] Level 1:colcon.colcon_core.package_identification:_identify(src/dddmr_rviz_tools/mapping_panel) by extensions ['colcon_meta']
[0.127s] Level 1:colcon.colcon_core.package_identification:_identify(src/dddmr_rviz_tools/mapping_panel) by extension 'colcon_meta'
[0.127s] Level 1:colcon.colcon_core.package_identification:_identify(src/dddmr_rviz_tools/mapping_panel) by extensions ['ros']
[0.127s] Level 1:colcon.colcon_core.package_identification:_identify(src/dddmr_rviz_tools/mapping_panel) by extension 'ros'
[0.127s] DEBUG:colcon.colcon_core.package_identification:Package 'src/dddmr_rviz_tools/mapping_panel' with type 'ros.ament_cmake' and name 'mapping_panel'
[0.127s] Level 1:colcon.colcon_core.package_identification:_identify(src/dddmr_rviz_tools/pose_graph_editor_panel) by extensions ['ignore', 'ignore_ament_install']
[0.127s] Level 1:colcon.colcon_core.package_identification:_identify(src/dddmr_rviz_tools/pose_graph_editor_panel) by extension 'ignore'
[0.127s] Level 1:colcon.colcon_core.package_identification:_identify(src/dddmr_rviz_tools/pose_graph_editor_panel) by extension 'ignore_ament_install'
[0.127s] Level 1:colcon.colcon_core.package_identification:_identify(src/dddmr_rviz_tools/pose_graph_editor_panel) by extensions ['colcon_pkg']
[0.127s] Level 1:colcon.colcon_core.package_identification:_identify(src/dddmr_rviz_tools/pose_graph_editor_panel) by extension 'colcon_pkg'
[0.127s] Level 1:colcon.colcon_core.package_identification:_identify(src/dddmr_rviz_tools/pose_graph_editor_panel) by extensions ['colcon_meta']
[0.127s] Level 1:colcon.colcon_core.package_identification:_identify(src/dddmr_rviz_tools/pose_graph_editor_panel) by extension 'colcon_meta'
[0.127s] Level 1:colcon.colcon_core.package_identification:_identify(src/dddmr_rviz_tools/pose_graph_editor_panel) by extensions ['ros']
[0.127s] Level 1:colcon.colcon_core.package_identification:_identify(src/dddmr_rviz_tools/pose_graph_editor_panel) by extension 'ros'
[0.127s] DEBUG:colcon.colcon_core.package_identification:Package 'src/dddmr_rviz_tools/pose_graph_editor_panel' with type 'ros.ament_cmake' and name 'pose_graph_editor_panel'
[0.128s] Level 1:colcon.colcon_core.package_identification:_identify(src/dddmr_rviz_tools/pose_graph_merge_editor_panel) by extensions ['ignore', 'ignore_ament_install']
[0.128s] Level 1:colcon.colcon_core.package_identification:_identify(src/dddmr_rviz_tools/pose_graph_merge_editor_panel) by extension 'ignore'
[0.128s] Level 1:colcon.colcon_core.package_identification:_identify(src/dddmr_rviz_tools/pose_graph_merge_editor_panel) by extension 'ignore_ament_install'
[0.128s] Level 1:colcon.colcon_core.package_identification:_identify(src/dddmr_rviz_tools/pose_graph_merge_editor_panel) by extensions ['colcon_pkg']
[0.128s] Level 1:colcon.colcon_core.package_identification:_identify(src/dddmr_rviz_tools/pose_graph_merge_editor_panel) by extension 'colcon_pkg'
[0.128s] Level 1:colcon.colcon_core.package_identification:_identify(src/dddmr_rviz_tools/pose_graph_merge_editor_panel) by extensions ['colcon_meta']
[0.128s] Level 1:colcon.colcon_core.package_identification:_identify(src/dddmr_rviz_tools/pose_graph_merge_editor_panel) by extension 'colcon_meta'
[0.128s] Level 1:colcon.colcon_core.package_identification:_identify(src/dddmr_rviz_tools/pose_graph_merge_editor_panel) by extensions ['ros']
[0.128s] Level 1:colcon.colcon_core.package_identification:_identify(src/dddmr_rviz_tools/pose_graph_merge_editor_panel) by extension 'ros'
[0.128s] DEBUG:colcon.colcon_core.package_identification:Package 'src/dddmr_rviz_tools/pose_graph_merge_editor_panel' with type 'ros.ament_cmake' and name 'pose_graph_merge_editor_panel'
[0.128s] Level 1:colcon.colcon_core.package_identification:_identify(src/dddmr_sc_pgo) by extensions ['ignore', 'ignore_ament_install']
[0.128s] Level 1:colcon.colcon_core.package_identification:_identify(src/dddmr_sc_pgo) by extension 'ignore'
[0.128s] Level 1:colcon.colcon_core.package_identification:_identify(src/dddmr_sc_pgo) by extension 'ignore_ament_install'
[0.128s] Level 1:colcon.colcon_core.package_identification:_identify(src/dddmr_sc_pgo) by extensions ['colcon_pkg']
[0.128s] Level 1:colcon.colcon_core.package_identification:_identify(src/dddmr_sc_pgo) by extension 'colcon_pkg'
[0.128s] Level 1:colcon.colcon_core.package_identification:_identify(src/dddmr_sc_pgo) by extensions ['colcon_meta']
[0.128s] Level 1:colcon.colcon_core.package_identification:_identify(src/dddmr_sc_pgo) by extension 'colcon_meta'
[0.128s] Level 1:colcon.colcon_core.package_identification:_identify(src/dddmr_sc_pgo) by extensions ['ros']
[0.128s] Level 1:colcon.colcon_core.package_identification:_identify(src/dddmr_sc_pgo) by extension 'ros'
[0.129s] DEBUG:colcon.colcon_core.package_identification:Package 'src/dddmr_sc_pgo' with type 'ros.ament_cmake' and name 'dddmr_sc_pgo'
[0.129s] Level 1:colcon.colcon_core.package_identification:_identify(src/dddmr_semantic_segmentation) by extensions ['ignore', 'ignore_ament_install']
[0.129s] Level 1:colcon.colcon_core.package_identification:_identify(src/dddmr_semantic_segmentation) by extension 'ignore'
[0.129s] Level 1:colcon.colcon_core.package_identification:_identify(src/dddmr_semantic_segmentation) by extension 'ignore_ament_install'
[0.129s] Level 1:colcon.colcon_core.package_identification:_identify(src/dddmr_semantic_segmentation) by extensions ['colcon_pkg']
[0.129s] Level 1:colcon.colcon_core.package_identification:_identify(src/dddmr_semantic_segmentation) by extension 'colcon_pkg'
[0.129s] Level 1:colcon.colcon_core.package_identification:_identify(src/dddmr_semantic_segmentation) by extensions ['colcon_meta']
[0.129s] Level 1:colcon.colcon_core.package_identification:_identify(src/dddmr_semantic_segmentation) by extension 'colcon_meta'
[0.129s] Level 1:colcon.colcon_core.package_identification:_identify(src/dddmr_semantic_segmentation) by extensions ['ros']
[0.129s] Level 1:colcon.colcon_core.package_identification:_identify(src/dddmr_semantic_segmentation) by extension 'ros'
[0.130s] DEBUG:colcon.colcon_core.package_identification:Package 'src/dddmr_semantic_segmentation' with type 'ros.ament_cmake' and name 'dddmr_semantic_segmentation'
[0.130s] Level 1:colcon.colcon_core.package_identification:_identify(src/dddmr_sys_core) by extensions ['ignore', 'ignore_ament_install']
[0.130s] Level 1:colcon.colcon_core.package_identification:_identify(src/dddmr_sys_core) by extension 'ignore'
[0.130s] Level 1:colcon.colcon_core.package_identification:_identify(src/dddmr_sys_core) by extension 'ignore_ament_install'
[0.130s] Level 1:colcon.colcon_core.package_identification:_identify(src/dddmr_sys_core) by extensions ['colcon_pkg']
[0.130s] Level 1:colcon.colcon_core.package_identification:_identify(src/dddmr_sys_core) by extension 'colcon_pkg'
[0.130s] Level 1:colcon.colcon_core.package_identification:_identify(src/dddmr_sys_core) by extensions ['colcon_meta']
[0.130s] Level 1:colcon.colcon_core.package_identification:_identify(src/dddmr_sys_core) by extension 'colcon_meta'
[0.130s] Level 1:colcon.colcon_core.package_identification:_identify(src/dddmr_sys_core) by extensions ['ros']
[0.130s] Level 1:colcon.colcon_core.package_identification:_identify(src/dddmr_sys_core) by extension 'ros'
[0.130s] DEBUG:colcon.colcon_core.package_identification:Package 'src/dddmr_sys_core' with type 'ros.ament_cmake' and name 'dddmr_sys_core'
[0.130s] Level 1:colcon.colcon_core.package_identification:_identify(src/dddmr_trt) by extensions ['ignore', 'ignore_ament_install']
[0.130s] Level 1:colcon.colcon_core.package_identification:_identify(src/dddmr_trt) by extension 'ignore'
[0.130s] Level 1:colcon.colcon_core.package_identification:_identify(src/dddmr_trt) by extension 'ignore_ament_install'
[0.130s] Level 1:colcon.colcon_core.package_identification:_identify(src/dddmr_trt) by extensions ['colcon_pkg']
[0.130s] Level 1:colcon.colcon_core.package_identification:_identify(src/dddmr_trt) by extension 'colcon_pkg'
[0.130s] Level 1:colcon.colcon_core.package_identification:_identify(src/dddmr_trt) by extensions ['colcon_meta']
[0.130s] Level 1:colcon.colcon_core.package_identification:_identify(src/dddmr_trt) by extension 'colcon_meta'
[0.130s] Level 1:colcon.colcon_core.package_identification:_identify(src/dddmr_trt) by extensions ['ros']
[0.130s] Level 1:colcon.colcon_core.package_identification:_identify(src/dddmr_trt) by extension 'ros'
[0.131s] DEBUG:colcon.colcon_core.package_identification:Package 'src/dddmr_trt' with type 'ros.ament_cmake' and name 'dddmr_trt'
[0.131s] Level 1:colcon.colcon_core.package_discovery:discover_packages(recursive) using defaults
[0.131s] Level 1:colcon.colcon_core.package_discovery:discover_packages(ignore) discover
[0.131s] Level 1:colcon.colcon_core.package_discovery:discover_packages(ignore) using defaults
[0.131s] Level 1:colcon.colcon_core.package_discovery:discover_packages(path) discover
[0.131s] Level 1:colcon.colcon_core.package_discovery:discover_packages(path) using defaults
[0.148s] Level 1:colcon.colcon_core.package_discovery:discover_packages(prefix_path) check parameters
[0.148s] Level 1:colcon.colcon_core.package_discovery:discover_packages(prefix_path) discover
[0.149s] DEBUG:colcon.colcon_installed_package_information.package_discovery:Found 24 installed packages in /root/dddmr_navigation/install
[0.150s] DEBUG:colcon.colcon_installed_package_information.package_discovery:Found 276 installed packages in /opt/ros/humble
[0.150s] Level 1:colcon.colcon_core.package_discovery:discover_packages(prefix_path) using defaults
[0.166s] Level 5:colcon.colcon_core.verb:set package 'base_trajectory' build argument 'cmake_args' from command line to 'None'
[0.166s] Level 5:colcon.colcon_core.verb:set package 'base_trajectory' build argument 'cmake_target' from command line to 'None'
[0.166s] Level 5:colcon.colcon_core.verb:set package 'base_trajectory' build argument 'cmake_target_skip_unavailable' from command line to 'False'
[0.166s] Level 5:colcon.colcon_core.verb:set package 'base_trajectory' build argument 'cmake_clean_cache' from command line to 'False'
[0.166s] Level 5:colcon.colcon_core.verb:set package 'base_trajectory' build argument 'cmake_clean_first' from command line to 'False'
[0.166s] Level 5:colcon.colcon_core.verb:set package 'base_trajectory' build argument 'cmake_force_configure' from command line to 'False'
[0.166s] Level 5:colcon.colcon_core.verb:set package 'base_trajectory' build argument 'ament_cmake_args' from command line to 'None'
[0.166s] Level 5:colcon.colcon_core.verb:set package 'base_trajectory' build argument 'catkin_cmake_args' from command line to 'None'
[0.167s] Level 5:colcon.colcon_core.verb:set package 'base_trajectory' build argument 'catkin_skip_building_tests' from command line to 'False'
[0.167s] DEBUG:colcon.colcon_core.verb:Building package 'base_trajectory' with the following arguments: {'ament_cmake_args': None, 'build_base': '/root/dddmr_navigation/build/base_trajectory', 'catkin_cmake_args': None, 'catkin_skip_building_tests': False, 'cmake_args': None, 'cmake_clean_cache': False, 'cmake_clean_first': False, 'cmake_force_configure': False, 'cmake_target': None, 'cmake_target_skip_unavailable': False, 'install_base': '/root/dddmr_navigation/install/base_trajectory', 'merge_install': False, 'path': '/root/dddmr_navigation/src/dddmr_local_planner/base_trajectory', 'symlink_install': True, 'test_result_base': None}
[0.167s] Level 5:colcon.colcon_core.verb:set package 'cloud_msgs' build argument 'cmake_args' from command line to 'None'
[0.167s] Level 5:colcon.colcon_core.verb:set package 'cloud_msgs' build argument 'cmake_target' from command line to 'None'
[0.167s] Level 5:colcon.colcon_core.verb:set package 'cloud_msgs' build argument 'cmake_target_skip_unavailable' from command line to 'False'
[0.167s] Level 5:colcon.colcon_core.verb:set package 'cloud_msgs' build argument 'cmake_clean_cache' from command line to 'False'
[0.167s] Level 5:colcon.colcon_core.verb:set package 'cloud_msgs' build argument 'cmake_clean_first' from command line to 'False'
[0.167s] Level 5:colcon.colcon_core.verb:set package 'cloud_msgs' build argument 'cmake_force_configure' from command line to 'False'
[0.167s] Level 5:colcon.colcon_core.verb:set package 'cloud_msgs' build argument 'ament_cmake_args' from command line to 'None'
[0.167s] Level 5:colcon.colcon_core.verb:set package 'cloud_msgs' build argument 'catkin_cmake_args' from command line to 'None'
[0.167s] Level 5:colcon.colcon_core.verb:set package 'cloud_msgs' build argument 'catkin_skip_building_tests' from command line to 'False'
[0.167s] DEBUG:colcon.colcon_core.verb:Building package 'cloud_msgs' with the following arguments: {'ament_cmake_args': None, 'build_base': '/root/dddmr_navigation/build/cloud_msgs', 'catkin_cmake_args': None, 'catkin_skip_building_tests': False, 'cmake_args': None, 'cmake_clean_cache': False, 'cmake_clean_first': False, 'cmake_force_configure': False, 'cmake_target': None, 'cmake_target_skip_unavailable': False, 'install_base': '/root/dddmr_navigation/install/cloud_msgs', 'merge_install': False, 'path': '/root/dddmr_navigation/src/dddmr_lego_loam/cloud_msgs', 'symlink_install': True, 'test_result_base': None}
[0.167s] Level 5:colcon.colcon_core.verb:set package 'dddmr_beginner_guide' build argument 'cmake_args' from command line to 'None'
[0.167s] Level 5:colcon.colcon_core.verb:set package 'dddmr_beginner_guide' build argument 'cmake_target' from command line to 'None'
[0.167s] Level 5:colcon.colcon_core.verb:set package 'dddmr_beginner_guide' build argument 'cmake_target_skip_unavailable' from command line to 'False'
[0.167s] Level 5:colcon.colcon_core.verb:set package 'dddmr_beginner_guide' build argument 'cmake_clean_cache' from command line to 'False'
[0.167s] Level 5:colcon.colcon_core.verb:set package 'dddmr_beginner_guide' build argument 'cmake_clean_first' from command line to 'False'
[0.167s] Level 5:colcon.colcon_core.verb:set package 'dddmr_beginner_guide' build argument 'cmake_force_configure' from command line to 'False'
[0.167s] Level 5:colcon.colcon_core.verb:set package 'dddmr_beginner_guide' build argument 'ament_cmake_args' from command line to 'None'
[0.167s] Level 5:colcon.colcon_core.verb:set package 'dddmr_beginner_guide' build argument 'catkin_cmake_args' from command line to 'None'
[0.167s] Level 5:colcon.colcon_core.verb:set package 'dddmr_beginner_guide' build argument 'catkin_skip_building_tests' from command line to 'False'
[0.167s] DEBUG:colcon.colcon_core.verb:Building package 'dddmr_beginner_guide' with the following arguments: {'ament_cmake_args': None, 'build_base': '/root/dddmr_navigation/build/dddmr_beginner_guide', 'catkin_cmake_args': None, 'catkin_skip_building_tests': False, 'cmake_args': None, 'cmake_clean_cache': False, 'cmake_clean_first': False, 'cmake_force_configure': False, 'cmake_target': None, 'cmake_target_skip_unavailable': False, 'install_base': '/root/dddmr_navigation/install/dddmr_beginner_guide', 'merge_install': False, 'path': '/root/dddmr_navigation/src/dddmr_beginner_guide', 'symlink_install': True, 'test_result_base': None}
[0.167s] Level 5:colcon.colcon_core.verb:set package 'dddmr_fastlio_adapter' build argument 'cmake_args' from command line to 'None'
[0.167s] Level 5:colcon.colcon_core.verb:set package 'dddmr_fastlio_adapter' build argument 'cmake_target' from command line to 'None'
[0.167s] Level 5:colcon.colcon_core.verb:set package 'dddmr_fastlio_adapter' build argument 'cmake_target_skip_unavailable' from command line to 'False'
[0.167s] Level 5:colcon.colcon_core.verb:set package 'dddmr_fastlio_adapter' build argument 'cmake_clean_cache' from command line to 'False'
[0.167s] Level 5:colcon.colcon_core.verb:set package 'dddmr_fastlio_adapter' build argument 'cmake_clean_first' from command line to 'False'
[0.167s] Level 5:colcon.colcon_core.verb:set package 'dddmr_fastlio_adapter' build argument 'cmake_force_configure' from command line to 'False'
[0.167s] Level 5:colcon.colcon_core.verb:set package 'dddmr_fastlio_adapter' build argument 'ament_cmake_args' from command line to 'None'
[0.167s] Level 5:colcon.colcon_core.verb:set package 'dddmr_fastlio_adapter' build argument 'catkin_cmake_args' from command line to 'None'
[0.167s] Level 5:colcon.colcon_core.verb:set package 'dddmr_fastlio_adapter' build argument 'catkin_skip_building_tests' from command line to 'False'
[0.167s] DEBUG:colcon.colcon_core.verb:Building package 'dddmr_fastlio_adapter' with the following arguments: {'ament_cmake_args': None, 'build_base': '/root/dddmr_navigation/build/dddmr_fastlio_adapter', 'catkin_cmake_args': None, 'catkin_skip_building_tests': False, 'cmake_args': None, 'cmake_clean_cache': False, 'cmake_clean_first': False, 'cmake_force_configure': False, 'cmake_target': None, 'cmake_target_skip_unavailable': False, 'install_base': '/root/dddmr_navigation/install/dddmr_fastlio_adapter', 'merge_install': False, 'path': '/root/dddmr_navigation/src/dddmr_fastlio_adapter', 'symlink_install': True, 'test_result_base': None}
[0.167s] Level 5:colcon.colcon_core.verb:set package 'dddmr_odom_3d' build argument 'cmake_args' from command line to 'None'
[0.167s] Level 5:colcon.colcon_core.verb:set package 'dddmr_odom_3d' build argument 'cmake_target' from command line to 'None'
[0.167s] Level 5:colcon.colcon_core.verb:set package 'dddmr_odom_3d' build argument 'cmake_target_skip_unavailable' from command line to 'False'
[0.167s] Level 5:colcon.colcon_core.verb:set package 'dddmr_odom_3d' build argument 'cmake_clean_cache' from command line to 'False'
[0.167s] Level 5:colcon.colcon_core.verb:set package 'dddmr_odom_3d' build argument 'cmake_clean_first' from command line to 'False'
[0.167s] Level 5:colcon.colcon_core.verb:set package 'dddmr_odom_3d' build argument 'cmake_force_configure' from command line to 'False'
[0.167s] Level 5:colcon.colcon_core.verb:set package 'dddmr_odom_3d' build argument 'ament_cmake_args' from command line to 'None'
[0.167s] Level 5:colcon.colcon_core.verb:set package 'dddmr_odom_3d' build argument 'catkin_cmake_args' from command line to 'None'
[0.167s] Level 5:colcon.colcon_core.verb:set package 'dddmr_odom_3d' build argument 'catkin_skip_building_tests' from command line to 'False'
[0.167s] DEBUG:colcon.colcon_core.verb:Building package 'dddmr_odom_3d' with the following arguments: {'ament_cmake_args': None, 'build_base': '/root/dddmr_navigation/build/dddmr_odom_3d', 'catkin_cmake_args': None, 'catkin_skip_building_tests': False, 'cmake_args': None, 'cmake_clean_cache': False, 'cmake_clean_first': False, 'cmake_force_configure': False, 'cmake_target': None, 'cmake_target_skip_unavailable': False, 'install_base': '/root/dddmr_navigation/install/dddmr_odom_3d', 'merge_install': False, 'path': '/root/dddmr_navigation/src/dddmr_odom_3d', 'symlink_install': True, 'test_result_base': None}
[0.168s] Level 5:colcon.colcon_core.verb:set package 'dddmr_rviz_default_plugins' build argument 'cmake_args' from command line to 'None'
[0.168s] Level 5:colcon.colcon_core.verb:set package 'dddmr_rviz_default_plugins' build argument 'cmake_target' from command line to 'None'
[0.168s] Level 5:colcon.colcon_core.verb:set package 'dddmr_rviz_default_plugins' build argument 'cmake_target_skip_unavailable' from command line to 'False'
[0.168s] Level 5:colcon.colcon_core.verb:set package 'dddmr_rviz_default_plugins' build argument 'cmake_clean_cache' from command line to 'False'
[0.168s] Level 5:colcon.colcon_core.verb:set package 'dddmr_rviz_default_plugins' build argument 'cmake_clean_first' from command line to 'False'
[0.168s] Level 5:colcon.colcon_core.verb:set package 'dddmr_rviz_default_plugins' build argument 'cmake_force_configure' from command line to 'False'
[0.168s] Level 5:colcon.colcon_core.verb:set package 'dddmr_rviz_default_plugins' build argument 'ament_cmake_args' from command line to 'None'
[0.168s] Level 5:colcon.colcon_core.verb:set package 'dddmr_rviz_default_plugins' build argument 'catkin_cmake_args' from command line to 'None'
[0.168s] Level 5:colcon.colcon_core.verb:set package 'dddmr_rviz_default_plugins' build argument 'catkin_skip_building_tests' from command line to 'False'
[0.168s] DEBUG:colcon.colcon_core.verb:Building package 'dddmr_rviz_default_plugins' with the following arguments: {'ament_cmake_args': None, 'build_base': '/root/dddmr_navigation/build/dddmr_rviz_default_plugins', 'catkin_cmake_args': None, 'catkin_skip_building_tests': False, 'cmake_args': None, 'cmake_clean_cache': False, 'cmake_clean_first': False, 'cmake_force_configure': False, 'cmake_target': None, 'cmake_target_skip_unavailable': False, 'install_base': '/root/dddmr_navigation/install/dddmr_rviz_default_plugins', 'merge_install': False, 'path': '/root/dddmr_navigation/src/dddmr_rviz_tools/dddmr_rviz_default_plugins', 'symlink_install': True, 'test_result_base': None}
[0.168s] Level 5:colcon.colcon_core.verb:set package 'dddmr_sc_pgo' build argument 'cmake_args' from command line to 'None'
[0.168s] Level 5:colcon.colcon_core.verb:set package 'dddmr_sc_pgo' build argument 'cmake_target' from command line to 'None'
[0.168s] Level 5:colcon.colcon_core.verb:set package 'dddmr_sc_pgo' build argument 'cmake_target_skip_unavailable' from command line to 'False'
[0.168s] Level 5:colcon.colcon_core.verb:set package 'dddmr_sc_pgo' build argument 'cmake_clean_cache' from command line to 'False'
[0.168s] Level 5:colcon.colcon_core.verb:set package 'dddmr_sc_pgo' build argument 'cmake_clean_first' from command line to 'False'
[0.168s] Level 5:colcon.colcon_core.verb:set package 'dddmr_sc_pgo' build argument 'cmake_force_configure' from command line to 'False'
[0.168s] Level 5:colcon.colcon_core.verb:set package 'dddmr_sc_pgo' build argument 'ament_cmake_args' from command line to 'None'
[0.168s] Level 5:colcon.colcon_core.verb:set package 'dddmr_sc_pgo' build argument 'catkin_cmake_args' from command line to 'None'
[0.168s] Level 5:colcon.colcon_core.verb:set package 'dddmr_sc_pgo' build argument 'catkin_skip_building_tests' from command line to 'False'
[0.168s] DEBUG:colcon.colcon_core.verb:Building package 'dddmr_sc_pgo' with the following arguments: {'ament_cmake_args': None, 'build_base': '/root/dddmr_navigation/build/dddmr_sc_pgo', 'catkin_cmake_args': None, 'catkin_skip_building_tests': False, 'cmake_args': None, 'cmake_clean_cache': False, 'cmake_clean_first': False, 'cmake_force_configure': False, 'cmake_target': None, 'cmake_target_skip_unavailable': False, 'install_base': '/root/dddmr_navigation/install/dddmr_sc_pgo', 'merge_install': False, 'path': '/root/dddmr_navigation/src/dddmr_sc_pgo', 'symlink_install': True, 'test_result_base': None}
[0.168s] Level 5:colcon.colcon_core.verb:set package 'dddmr_semantic_segmentation' build argument 'cmake_args' from command line to 'None'
[0.168s] Level 5:colcon.colcon_core.verb:set package 'dddmr_semantic_segmentation' build argument 'cmake_target' from command line to 'None'
[0.168s] Level 5:colcon.colcon_core.verb:set package 'dddmr_semantic_segmentation' build argument 'cmake_target_skip_unavailable' from command line to 'False'
[0.168s] Level 5:colcon.colcon_core.verb:set package 'dddmr_semantic_segmentation' build argument 'cmake_clean_cache' from command line to 'False'
[0.168s] Level 5:colcon.colcon_core.verb:set package 'dddmr_semantic_segmentation' build argument 'cmake_clean_first' from command line to 'False'
[0.168s] Level 5:colcon.colcon_core.verb:set package 'dddmr_semantic_segmentation' build argument 'cmake_force_configure' from command line to 'False'
[0.168s] Level 5:colcon.colcon_core.verb:set package 'dddmr_semantic_segmentation' build argument 'ament_cmake_args' from command line to 'None'
[0.168s] Level 5:colcon.colcon_core.verb:set package 'dddmr_semantic_segmentation' build argument 'catkin_cmake_args' from command line to 'None'
[0.168s] Level 5:colcon.colcon_core.verb:set package 'dddmr_semantic_segmentation' build argument 'catkin_skip_building_tests' from command line to 'False'
[0.168s] DEBUG:colcon.colcon_core.verb:Building package 'dddmr_semantic_segmentation' with the following arguments: {'ament_cmake_args': None, 'build_base': '/root/dddmr_navigation/build/dddmr_semantic_segmentation', 'catkin_cmake_args': None, 'catkin_skip_building_tests': False, 'cmake_args': None, 'cmake_clean_cache': False, 'cmake_clean_first': False, 'cmake_force_configure': False, 'cmake_target': None, 'cmake_target_skip_unavailable': False, 'install_base': '/root/dddmr_navigation/install/dddmr_semantic_segmentation', 'merge_install': False, 'path': '/root/dddmr_navigation/src/dddmr_semantic_segmentation', 'symlink_install': True, 'test_result_base': None}
[0.168s] Level 5:colcon.colcon_core.verb:set package 'dddmr_sys_core' build argument 'cmake_args' from command line to 'None'
[0.168s] Level 5:colcon.colcon_core.verb:set package 'dddmr_sys_core' build argument 'cmake_target' from command line to 'None'
[0.168s] Level 5:colcon.colcon_core.verb:set package 'dddmr_sys_core' build argument 'cmake_target_skip_unavailable' from command line to 'False'
[0.168s] Level 5:colcon.colcon_core.verb:set package 'dddmr_sys_core' build argument 'cmake_clean_cache' from command line to 'False'
[0.168s] Level 5:colcon.colcon_core.verb:set package 'dddmr_sys_core' build argument 'cmake_clean_first' from command line to 'False'
[0.168s] Level 5:colcon.colcon_core.verb:set package 'dddmr_sys_core' build argument 'cmake_force_configure' from command line to 'False'
[0.168s] Level 5:colcon.colcon_core.verb:set package 'dddmr_sys_core' build argument 'ament_cmake_args' from command line to 'None'
[0.168s] Level 5:colcon.colcon_core.verb:set package 'dddmr_sys_core' build argument 'catkin_cmake_args' from command line to 'None'
[0.168s] Level 5:colcon.colcon_core.verb:set package 'dddmr_sys_core' build argument 'catkin_skip_building_tests' from command line to 'False'
[0.168s] DEBUG:colcon.colcon_core.verb:Building package 'dddmr_sys_core' with the following arguments: {'ament_cmake_args': None, 'build_base': '/root/dddmr_navigation/build/dddmr_sys_core', 'catkin_cmake_args': None, 'catkin_skip_building_tests': False, 'cmake_args': None, 'cmake_clean_cache': False, 'cmake_clean_first': False, 'cmake_force_configure': False, 'cmake_target': None, 'cmake_target_skip_unavailable': False, 'install_base': '/root/dddmr_navigation/install/dddmr_sys_core', 'merge_install': False, 'path': '/root/dddmr_navigation/src/dddmr_sys_core', 'symlink_install': True, 'test_result_base': None}
[0.168s] Level 5:colcon.colcon_core.verb:set package 'dddmr_trt' build argument 'cmake_args' from command line to 'None'
[0.168s] Level 5:colcon.colcon_core.verb:set package 'dddmr_trt' build argument 'cmake_target' from command line to 'None'
[0.168s] Level 5:colcon.colcon_core.verb:set package 'dddmr_trt' build argument 'cmake_target_skip_unavailable' from command line to 'False'
[0.168s] Level 5:colcon.colcon_core.verb:set package 'dddmr_trt' build argument 'cmake_clean_cache' from command line to 'False'
[0.168s] Level 5:colcon.colcon_core.verb:set package 'dddmr_trt' build argument 'cmake_clean_first' from command line to 'False'
[0.168s] Level 5:colcon.colcon_core.verb:set package 'dddmr_trt' build argument 'cmake_force_configure' from command line to 'False'
[0.168s] Level 5:colcon.colcon_core.verb:set package 'dddmr_trt' build argument 'ament_cmake_args' from command line to 'None'
[0.168s] Level 5:colcon.colcon_core.verb:set package 'dddmr_trt' build argument 'catkin_cmake_args' from command line to 'None'
[0.168s] Level 5:colcon.colcon_core.verb:set package 'dddmr_trt' build argument 'catkin_skip_building_tests' from command line to 'False'
[0.168s] DEBUG:colcon.colcon_core.verb:Building package 'dddmr_trt' with the following arguments: {'ament_cmake_args': None, 'build_base': '/root/dddmr_navigation/build/dddmr_trt', 'catkin_cmake_args': None, 'catkin_skip_building_tests': False, 'cmake_args': None, 'cmake_clean_cache': False, 'cmake_clean_first': False, 'cmake_force_configure': False, 'cmake_target': None, 'cmake_target_skip_unavailable': False, 'install_base': '/root/dddmr_navigation/install/dddmr_trt', 'merge_install': False, 'path': '/root/dddmr_navigation/src/dddmr_trt', 'symlink_install': True, 'test_result_base': None}
[0.169s] Level 5:colcon.colcon_core.verb:set package 'fast_lio' build argument 'cmake_args' from command line to 'None'
[0.169s] Level 5:colcon.colcon_core.verb:set package 'fast_lio' build argument 'cmake_target' from command line to 'None'
[0.169s] Level 5:colcon.colcon_core.verb:set package 'fast_lio' build argument 'cmake_target_skip_unavailable' from command line to 'False'
[0.169s] Level 5:colcon.colcon_core.verb:set package 'fast_lio' build argument 'cmake_clean_cache' from command line to 'False'
[0.169s] Level 5:colcon.colcon_core.verb:set package 'fast_lio' build argument 'cmake_clean_first' from command line to 'False'
[0.169s] Level 5:colcon.colcon_core.verb:set package 'fast_lio' build argument 'cmake_force_configure' from command line to 'False'
[0.169s] Level 5:colcon.colcon_core.verb:set package 'fast_lio' build argument 'ament_cmake_args' from command line to 'None'
[0.169s] Level 5:colcon.colcon_core.verb:set package 'fast_lio' build argument 'catkin_cmake_args' from command line to 'None'
[0.169s] Level 5:colcon.colcon_core.verb:set package 'fast_lio' build argument 'catkin_skip_building_tests' from command line to 'False'
[0.169s] DEBUG:colcon.colcon_core.verb:Building package 'fast_lio' with the following arguments: {'ament_cmake_args': None, 'build_base': '/root/dddmr_navigation/build/fast_lio', 'catkin_cmake_args': None, 'catkin_skip_building_tests': False, 'cmake_args': None, 'cmake_clean_cache': False, 'cmake_clean_first': False, 'cmake_force_configure': False, 'cmake_target': None, 'cmake_target_skip_unavailable': False, 'install_base': '/root/dddmr_navigation/install/fast_lio', 'merge_install': False, 'path': '/root/dddmr_navigation/src/FAST_LIO', 'symlink_install': True, 'test_result_base': None}
[0.169s] Level 5:colcon.colcon_core.verb:set package 'map_editor_panel' build argument 'cmake_args' from command line to 'None'
[0.169s] Level 5:colcon.colcon_core.verb:set package 'map_editor_panel' build argument 'cmake_target' from command line to 'None'
[0.169s] Level 5:colcon.colcon_core.verb:set package 'map_editor_panel' build argument 'cmake_target_skip_unavailable' from command line to 'False'
[0.169s] Level 5:colcon.colcon_core.verb:set package 'map_editor_panel' build argument 'cmake_clean_cache' from command line to 'False'
[0.169s] Level 5:colcon.colcon_core.verb:set package 'map_editor_panel' build argument 'cmake_clean_first' from command line to 'False'
[0.169s] Level 5:colcon.colcon_core.verb:set package 'map_editor_panel' build argument 'cmake_force_configure' from command line to 'False'
[0.169s] Level 5:colcon.colcon_core.verb:set package 'map_editor_panel' build argument 'ament_cmake_args' from command line to 'None'
[0.169s] Level 5:colcon.colcon_core.verb:set package 'map_editor_panel' build argument 'catkin_cmake_args' from command line to 'None'
[0.169s] Level 5:colcon.colcon_core.verb:set package 'map_editor_panel' build argument 'catkin_skip_building_tests' from command line to 'False'
[0.169s] DEBUG:colcon.colcon_core.verb:Building package 'map_editor_panel' with the following arguments: {'ament_cmake_args': None, 'build_base': '/root/dddmr_navigation/build/map_editor_panel', 'catkin_cmake_args': None, 'catkin_skip_building_tests': False, 'cmake_args': None, 'cmake_clean_cache': False, 'cmake_clean_first': False, 'cmake_force_configure': False, 'cmake_target': None, 'cmake_target_skip_unavailable': False, 'install_base': '/root/dddmr_navigation/install/map_editor_panel', 'merge_install': False, 'path': '/root/dddmr_navigation/src/dddmr_rviz_tools/map_editor_panel', 'symlink_install': True, 'test_result_base': None}
[0.169s] Level 5:colcon.colcon_core.verb:set package 'mapping_panel' build argument 'cmake_args' from command line to 'None'
[0.169s] Level 5:colcon.colcon_core.verb:set package 'mapping_panel' build argument 'cmake_target' from command line to 'None'
[0.169s] Level 5:colcon.colcon_core.verb:set package 'mapping_panel' build argument 'cmake_target_skip_unavailable' from command line to 'False'
[0.169s] Level 5:colcon.colcon_core.verb:set package 'mapping_panel' build argument 'cmake_clean_cache' from command line to 'False'
[0.169s] Level 5:colcon.colcon_core.verb:set package 'mapping_panel' build argument 'cmake_clean_first' from command line to 'False'
[0.169s] Level 5:colcon.colcon_core.verb:set package 'mapping_panel' build argument 'cmake_force_configure' from command line to 'False'
[0.169s] Level 5:colcon.colcon_core.verb:set package 'mapping_panel' build argument 'ament_cmake_args' from command line to 'None'
[0.169s] Level 5:colcon.colcon_core.verb:set package 'mapping_panel' build argument 'catkin_cmake_args' from command line to 'None'
[0.169s] Level 5:colcon.colcon_core.verb:set package 'mapping_panel' build argument 'catkin_skip_building_tests' from command line to 'False'
[0.169s] DEBUG:colcon.colcon_core.verb:Building package 'mapping_panel' with the following arguments: {'ament_cmake_args': None, 'build_base': '/root/dddmr_navigation/build/mapping_panel', 'catkin_cmake_args': None, 'catkin_skip_building_tests': False, 'cmake_args': None, 'cmake_clean_cache': False, 'cmake_clean_first': False, 'cmake_force_configure': False, 'cmake_target': None, 'cmake_target_skip_unavailable': False, 'install_base': '/root/dddmr_navigation/install/mapping_panel', 'merge_install': False, 'path': '/root/dddmr_navigation/src/dddmr_rviz_tools/mapping_panel', 'symlink_install': True, 'test_result_base': None}
[0.169s] Level 5:colcon.colcon_core.verb:set package 'perception_3d' build argument 'cmake_args' from command line to 'None'
[0.169s] Level 5:colcon.colcon_core.verb:set package 'perception_3d' build argument 'cmake_target' from command line to 'None'
[0.169s] Level 5:colcon.colcon_core.verb:set package 'perception_3d' build argument 'cmake_target_skip_unavailable' from command line to 'False'
[0.169s] Level 5:colcon.colcon_core.verb:set package 'perception_3d' build argument 'cmake_clean_cache' from command line to 'False'
[0.169s] Level 5:colcon.colcon_core.verb:set package 'perception_3d' build argument 'cmake_clean_first' from command line to 'False'
[0.169s] Level 5:colcon.colcon_core.verb:set package 'perception_3d' build argument 'cmake_force_configure' from command line to 'False'
[0.169s] Level 5:colcon.colcon_core.verb:set package 'perception_3d' build argument 'ament_cmake_args' from command line to 'None'
[0.169s] Level 5:colcon.colcon_core.verb:set package 'perception_3d' build argument 'catkin_cmake_args' from command line to 'None'
[0.169s] Level 5:colcon.colcon_core.verb:set package 'perception_3d' build argument 'catkin_skip_building_tests' from command line to 'False'
[0.169s] DEBUG:colcon.colcon_core.verb:Building package 'perception_3d' with the following arguments: {'ament_cmake_args': None, 'build_base': '/root/dddmr_navigation/build/perception_3d', 'catkin_cmake_args': None, 'catkin_skip_building_tests': False, 'cmake_args': None, 'cmake_clean_cache': False, 'cmake_clean_first': False, 'cmake_force_configure': False, 'cmake_target': None, 'cmake_target_skip_unavailable': False, 'install_base': '/root/dddmr_navigation/install/perception_3d', 'merge_install': False, 'path': '/root/dddmr_navigation/src/dddmr_perception_3d', 'symlink_install': True, 'test_result_base': None}
[0.169s] Level 5:colcon.colcon_core.verb:set package 'pose_graph_editor_panel' build argument 'cmake_args' from command line to 'None'
[0.169s] Level 5:colcon.colcon_core.verb:set package 'pose_graph_editor_panel' build argument 'cmake_target' from command line to 'None'
[0.169s] Level 5:colcon.colcon_core.verb:set package 'pose_graph_editor_panel' build argument 'cmake_target_skip_unavailable' from command line to 'False'
[0.169s] Level 5:colcon.colcon_core.verb:set package 'pose_graph_editor_panel' build argument 'cmake_clean_cache' from command line to 'False'
[0.169s] Level 5:colcon.colcon_core.verb:set package 'pose_graph_editor_panel' build argument 'cmake_clean_first' from command line to 'False'
[0.169s] Level 5:colcon.colcon_core.verb:set package 'pose_graph_editor_panel' build argument 'cmake_force_configure' from command line to 'False'
[0.169s] Level 5:colcon.colcon_core.verb:set package 'pose_graph_editor_panel' build argument 'ament_cmake_args' from command line to 'None'
[0.169s] Level 5:colcon.colcon_core.verb:set package 'pose_graph_editor_panel' build argument 'catkin_cmake_args' from command line to 'None'
[0.169s] Level 5:colcon.colcon_core.verb:set package 'pose_graph_editor_panel' build argument 'catkin_skip_building_tests' from command line to 'False'
[0.169s] DEBUG:colcon.colcon_core.verb:Building package 'pose_graph_editor_panel' with the following arguments: {'ament_cmake_args': None, 'build_base': '/root/dddmr_navigation/build/pose_graph_editor_panel', 'catkin_cmake_args': None, 'catkin_skip_building_tests': False, 'cmake_args': None, 'cmake_clean_cache': False, 'cmake_clean_first': False, 'cmake_force_configure': False, 'cmake_target': None, 'cmake_target_skip_unavailable': False, 'install_base': '/root/dddmr_navigation/install/pose_graph_editor_panel', 'merge_install': False, 'path': '/root/dddmr_navigation/src/dddmr_rviz_tools/pose_graph_editor_panel', 'symlink_install': True, 'test_result_base': None}
[0.170s] Level 5:colcon.colcon_core.verb:set package 'pose_graph_merge_editor_panel' build argument 'cmake_args' from command line to 'None'
[0.170s] Level 5:colcon.colcon_core.verb:set package 'pose_graph_merge_editor_panel' build argument 'cmake_target' from command line to 'None'
[0.170s] Level 5:colcon.colcon_core.verb:set package 'pose_graph_merge_editor_panel' build argument 'cmake_target_skip_unavailable' from command line to 'False'
[0.170s] Level 5:colcon.colcon_core.verb:set package 'pose_graph_merge_editor_panel' build argument 'cmake_clean_cache' from command line to 'False'
[0.170s] Level 5:colcon.colcon_core.verb:set package 'pose_graph_merge_editor_panel' build argument 'cmake_clean_first' from command line to 'False'
[0.170s] Level 5:colcon.colcon_core.verb:set package 'pose_graph_merge_editor_panel' build argument 'cmake_force_configure' from command line to 'False'
[0.170s] Level 5:colcon.colcon_core.verb:set package 'pose_graph_merge_editor_panel' build argument 'ament_cmake_args' from command line to 'None'
[0.170s] Level 5:colcon.colcon_core.verb:set package 'pose_graph_merge_editor_panel' build argument 'catkin_cmake_args' from command line to 'None'
[0.170s] Level 5:colcon.colcon_core.verb:set package 'pose_graph_merge_editor_panel' build argument 'catkin_skip_building_tests' from command line to 'False'
[0.170s] DEBUG:colcon.colcon_core.verb:Building package 'pose_graph_merge_editor_panel' with the following arguments: {'ament_cmake_args': None, 'build_base': '/root/dddmr_navigation/build/pose_graph_merge_editor_panel', 'catkin_cmake_args': None, 'catkin_skip_building_tests': False, 'cmake_args': None, 'cmake_clean_cache': False, 'cmake_clean_first': False, 'cmake_force_configure': False, 'cmake_target': None, 'cmake_target_skip_unavailable': False, 'install_base': '/root/dddmr_navigation/install/pose_graph_merge_editor_panel', 'merge_install': False, 'path': '/root/dddmr_navigation/src/dddmr_rviz_tools/pose_graph_merge_editor_panel', 'symlink_install': True, 'test_result_base': None}
[0.170s] Level 5:colcon.colcon_core.verb:set package 'global_planner' build argument 'cmake_args' from command line to 'None'
[0.170s] Level 5:colcon.colcon_core.verb:set package 'global_planner' build argument 'cmake_target' from command line to 'None'
[0.170s] Level 5:colcon.colcon_core.verb:set package 'global_planner' build argument 'cmake_target_skip_unavailable' from command line to 'False'
[0.170s] Level 5:colcon.colcon_core.verb:set package 'global_planner' build argument 'cmake_clean_cache' from command line to 'False'
[0.170s] Level 5:colcon.colcon_core.verb:set package 'global_planner' build argument 'cmake_clean_first' from command line to 'False'
[0.170s] Level 5:colcon.colcon_core.verb:set package 'global_planner' build argument 'cmake_force_configure' from command line to 'False'
[0.170s] Level 5:colcon.colcon_core.verb:set package 'global_planner' build argument 'ament_cmake_args' from command line to 'None'
[0.170s] Level 5:colcon.colcon_core.verb:set package 'global_planner' build argument 'catkin_cmake_args' from command line to 'None'
[0.170s] Level 5:colcon.colcon_core.verb:set package 'global_planner' build argument 'catkin_skip_building_tests' from command line to 'False'
[0.170s] DEBUG:colcon.colcon_core.verb:Building package 'global_planner' with the following arguments: {'ament_cmake_args': None, 'build_base': '/root/dddmr_navigation/build/global_planner', 'catkin_cmake_args': None, 'catkin_skip_building_tests': False, 'cmake_args': None, 'cmake_clean_cache': False, 'cmake_clean_first': False, 'cmake_force_configure': False, 'cmake_target': None, 'cmake_target_skip_unavailable': False, 'install_base': '/root/dddmr_navigation/install/global_planner', 'merge_install': False, 'path': '/root/dddmr_navigation/src/dddmr_global_planner', 'symlink_install': True, 'test_result_base': None}
[0.170s] Level 5:colcon.colcon_core.verb:set package 'lego_loam_bor' build argument 'cmake_args' from command line to 'None'
[0.170s] Level 5:colcon.colcon_core.verb:set package 'lego_loam_bor' build argument 'cmake_target' from command line to 'None'
[0.170s] Level 5:colcon.colcon_core.verb:set package 'lego_loam_bor' build argument 'cmake_target_skip_unavailable' from command line to 'False'
[0.170s] Level 5:colcon.colcon_core.verb:set package 'lego_loam_bor' build argument 'cmake_clean_cache' from command line to 'False'
[0.170s] Level 5:colcon.colcon_core.verb:set package 'lego_loam_bor' build argument 'cmake_clean_first' from command line to 'False'
[0.170s] Level 5:colcon.colcon_core.verb:set package 'lego_loam_bor' build argument 'cmake_force_configure' from command line to 'False'
[0.170s] Level 5:colcon.colcon_core.verb:set package 'lego_loam_bor' build argument 'ament_cmake_args' from command line to 'None'
[0.170s] Level 5:colcon.colcon_core.verb:set package 'lego_loam_bor' build argument 'catkin_cmake_args' from command line to 'None'
[0.170s] Level 5:colcon.colcon_core.verb:set package 'lego_loam_bor' build argument 'catkin_skip_building_tests' from command line to 'False'
[0.170s] DEBUG:colcon.colcon_core.verb:Building package 'lego_loam_bor' with the following arguments: {'ament_cmake_args': None, 'build_base': '/root/dddmr_navigation/build/lego_loam_bor', 'catkin_cmake_args': None, 'catkin_skip_building_tests': False, 'cmake_args': None, 'cmake_clean_cache': False, 'cmake_clean_first': False, 'cmake_force_configure': False, 'cmake_target': None, 'cmake_target_skip_unavailable': False, 'install_base': '/root/dddmr_navigation/install/lego_loam_bor', 'merge_install': False, 'path': '/root/dddmr_navigation/src/dddmr_lego_loam/lego_loam_bor', 'symlink_install': True, 'test_result_base': None}
[0.170s] Level 5:colcon.colcon_core.verb:set package 'mcl_3dl' build argument 'cmake_args' from command line to 'None'
[0.170s] Level 5:colcon.colcon_core.verb:set package 'mcl_3dl' build argument 'cmake_target' from command line to 'None'
[0.170s] Level 5:colcon.colcon_core.verb:set package 'mcl_3dl' build argument 'cmake_target_skip_unavailable' from command line to 'False'
[0.170s] Level 5:colcon.colcon_core.verb:set package 'mcl_3dl' build argument 'cmake_clean_cache' from command line to 'False'
[0.170s] Level 5:colcon.colcon_core.verb:set package 'mcl_3dl' build argument 'cmake_clean_first' from command line to 'False'
[0.170s] Level 5:colcon.colcon_core.verb:set package 'mcl_3dl' build argument 'cmake_force_configure' from command line to 'False'
[0.170s] Level 5:colcon.colcon_core.verb:set package 'mcl_3dl' build argument 'ament_cmake_args' from command line to 'None'
[0.170s] Level 5:colcon.colcon_core.verb:set package 'mcl_3dl' build argument 'catkin_cmake_args' from command line to 'None'
[0.170s] Level 5:colcon.colcon_core.verb:set package 'mcl_3dl' build argument 'catkin_skip_building_tests' from command line to 'False'
[0.170s] DEBUG:colcon.colcon_core.verb:Building package 'mcl_3dl' with the following arguments: {'ament_cmake_args': None, 'build_base': '/root/dddmr_navigation/build/mcl_3dl', 'catkin_cmake_args': None, 'catkin_skip_building_tests': False, 'cmake_args': None, 'cmake_clean_cache': False, 'cmake_clean_first': False, 'cmake_force_configure': False, 'cmake_target': None, 'cmake_target_skip_unavailable': False, 'install_base': '/root/dddmr_navigation/install/mcl_3dl', 'merge_install': False, 'path': '/root/dddmr_navigation/src/dddmr_mcl_3dl', 'symlink_install': True, 'test_result_base': None}
[0.170s] Level 5:colcon.colcon_core.verb:set package 'mpc_critics' build argument 'cmake_args' from command line to 'None'
[0.170s] Level 5:colcon.colcon_core.verb:set package 'mpc_critics' build argument 'cmake_target' from command line to 'None'
[0.170s] Level 5:colcon.colcon_core.verb:set package 'mpc_critics' build argument 'cmake_target_skip_unavailable' from command line to 'False'
[0.170s] Level 5:colcon.colcon_core.verb:set package 'mpc_critics' build argument 'cmake_clean_cache' from command line to 'False'
[0.170s] Level 5:colcon.colcon_core.verb:set package 'mpc_critics' build argument 'cmake_clean_first' from command line to 'False'
[0.170s] Level 5:colcon.colcon_core.verb:set package 'mpc_critics' build argument 'cmake_force_configure' from command line to 'False'
[0.171s] Level 5:colcon.colcon_core.verb:set package 'mpc_critics' build argument 'ament_cmake_args' from command line to 'None'
[0.171s] Level 5:colcon.colcon_core.verb:set package 'mpc_critics' build argument 'catkin_cmake_args' from command line to 'None'
[0.171s] Level 5:colcon.colcon_core.verb:set package 'mpc_critics' build argument 'catkin_skip_building_tests' from command line to 'False'
[0.171s] DEBUG:colcon.colcon_core.verb:Building package 'mpc_critics' with the following arguments: {'ament_cmake_args': None, 'build_base': '/root/dddmr_navigation/build/mpc_critics', 'catkin_cmake_args': None, 'catkin_skip_building_tests': False, 'cmake_args': None, 'cmake_clean_cache': False, 'cmake_clean_first': False, 'cmake_force_configure': False, 'cmake_target': None, 'cmake_target_skip_unavailable': False, 'install_base': '/root/dddmr_navigation/install/mpc_critics', 'merge_install': False, 'path': '/root/dddmr_navigation/src/dddmr_local_planner/mpc_critics', 'symlink_install': True, 'test_result_base': None}
[0.171s] Level 5:colcon.colcon_core.verb:set package 'trajectory_generators' build argument 'cmake_args' from command line to 'None'
[0.171s] Level 5:colcon.colcon_core.verb:set package 'trajectory_generators' build argument 'cmake_target' from command line to 'None'
[0.171s] Level 5:colcon.colcon_core.verb:set package 'trajectory_generators' build argument 'cmake_target_skip_unavailable' from command line to 'False'
[0.171s] Level 5:colcon.colcon_core.verb:set package 'trajectory_generators' build argument 'cmake_clean_cache' from command line to 'False'
[0.171s] Level 5:colcon.colcon_core.verb:set package 'trajectory_generators' build argument 'cmake_clean_first' from command line to 'False'
[0.171s] Level 5:colcon.colcon_core.verb:set package 'trajectory_generators' build argument 'cmake_force_configure' from command line to 'False'
[0.171s] Level 5:colcon.colcon_core.verb:set package 'trajectory_generators' build argument 'ament_cmake_args' from command line to 'None'
[0.171s] Level 5:colcon.colcon_core.verb:set package 'trajectory_generators' build argument 'catkin_cmake_args' from command line to 'None'
[0.171s] Level 5:colcon.colcon_core.verb:set package 'trajectory_generators' build argument 'catkin_skip_building_tests' from command line to 'False'
[0.171s] DEBUG:colcon.colcon_core.verb:Building package 'trajectory_generators' with the following arguments: {'ament_cmake_args': None, 'build_base': '/root/dddmr_navigation/build/trajectory_generators', 'catkin_cmake_args': None, 'catkin_skip_building_tests': False, 'cmake_args': None, 'cmake_clean_cache': False, 'cmake_clean_first': False, 'cmake_force_configure': False, 'cmake_target': None, 'cmake_target_skip_unavailable': False, 'install_base': '/root/dddmr_navigation/install/trajectory_generators', 'merge_install': False, 'path': '/root/dddmr_navigation/src/dddmr_local_planner/trajectory_generators', 'symlink_install': True, 'test_result_base': None}
[0.171s] Level 5:colcon.colcon_core.verb:set package 'local_planner' build argument 'cmake_args' from command line to 'None'
[0.171s] Level 5:colcon.colcon_core.verb:set package 'local_planner' build argument 'cmake_target' from command line to 'None'
[0.171s] Level 5:colcon.colcon_core.verb:set package 'local_planner' build argument 'cmake_target_skip_unavailable' from command line to 'False'
[0.171s] Level 5:colcon.colcon_core.verb:set package 'local_planner' build argument 'cmake_clean_cache' from command line to 'False'
[0.171s] Level 5:colcon.colcon_core.verb:set package 'local_planner' build argument 'cmake_clean_first' from command line to 'False'
[0.171s] Level 5:colcon.colcon_core.verb:set package 'local_planner' build argument 'cmake_force_configure' from command line to 'False'
[0.171s] Level 5:colcon.colcon_core.verb:set package 'local_planner' build argument 'ament_cmake_args' from command line to 'None'
[0.171s] Level 5:colcon.colcon_core.verb:set package 'local_planner' build argument 'catkin_cmake_args' from command line to 'None'
[0.171s] Level 5:colcon.colcon_core.verb:set package 'local_planner' build argument 'catkin_skip_building_tests' from command line to 'False'
[0.171s] DEBUG:colcon.colcon_core.verb:Building package 'local_planner' with the following arguments: {'ament_cmake_args': None, 'build_base': '/root/dddmr_navigation/build/local_planner', 'catkin_cmake_args': None, 'catkin_skip_building_tests': False, 'cmake_args': None, 'cmake_clean_cache': False, 'cmake_clean_first': False, 'cmake_force_configure': False, 'cmake_target': None, 'cmake_target_skip_unavailable': False, 'install_base': '/root/dddmr_navigation/install/local_planner', 'merge_install': False, 'path': '/root/dddmr_navigation/src/dddmr_local_planner/local_planner', 'symlink_install': True, 'test_result_base': None}
[0.171s] Level 5:colcon.colcon_core.verb:set package 'recovery_behaviors' build argument 'cmake_args' from command line to 'None'
[0.171s] Level 5:colcon.colcon_core.verb:set package 'recovery_behaviors' build argument 'cmake_target' from command line to 'None'
[0.171s] Level 5:colcon.colcon_core.verb:set package 'recovery_behaviors' build argument 'cmake_target_skip_unavailable' from command line to 'False'
[0.171s] Level 5:colcon.colcon_core.verb:set package 'recovery_behaviors' build argument 'cmake_clean_cache' from command line to 'False'
[0.171s] Level 5:colcon.colcon_core.verb:set package 'recovery_behaviors' build argument 'cmake_clean_first' from command line to 'False'
[0.171s] Level 5:colcon.colcon_core.verb:set package 'recovery_behaviors' build argument 'cmake_force_configure' from command line to 'False'
[0.171s] Level 5:colcon.colcon_core.verb:set package 'recovery_behaviors' build argument 'ament_cmake_args' from command line to 'None'
[0.171s] Level 5:colcon.colcon_core.verb:set package 'recovery_behaviors' build argument 'catkin_cmake_args' from command line to 'None'
[0.171s] Level 5:colcon.colcon_core.verb:set package 'recovery_behaviors' build argument 'catkin_skip_building_tests' from command line to 'False'
[0.171s] DEBUG:colcon.colcon_core.verb:Building package 'recovery_behaviors' with the following arguments: {'ament_cmake_args': None, 'build_base': '/root/dddmr_navigation/build/recovery_behaviors', 'catkin_cmake_args': None, 'catkin_skip_building_tests': False, 'cmake_args': None, 'cmake_clean_cache': False, 'cmake_clean_first': False, 'cmake_force_configure': False, 'cmake_target': None, 'cmake_target_skip_unavailable': False, 'install_base': '/root/dddmr_navigation/install/recovery_behaviors', 'merge_install': False, 'path': '/root/dddmr_navigation/src/dddmr_local_planner/recovery_behaviors', 'symlink_install': True, 'test_result_base': None}
[0.171s] Level 5:colcon.colcon_core.verb:set package 'p2p_move_base' build argument 'cmake_args' from command line to 'None'
[0.171s] Level 5:colcon.colcon_core.verb:set package 'p2p_move_base' build argument 'cmake_target' from command line to 'None'
[0.171s] Level 5:colcon.colcon_core.verb:set package 'p2p_move_base' build argument 'cmake_target_skip_unavailable' from command line to 'False'
[0.171s] Level 5:colcon.colcon_core.verb:set package 'p2p_move_base' build argument 'cmake_clean_cache' from command line to 'False'
[0.171s] Level 5:colcon.colcon_core.verb:set package 'p2p_move_base' build argument 'cmake_clean_first' from command line to 'False'
[0.171s] Level 5:colcon.colcon_core.verb:set package 'p2p_move_base' build argument 'cmake_force_configure' from command line to 'False'
[0.171s] Level 5:colcon.colcon_core.verb:set package 'p2p_move_base' build argument 'ament_cmake_args' from command line to 'None'
[0.171s] Level 5:colcon.colcon_core.verb:set package 'p2p_move_base' build argument 'catkin_cmake_args' from command line to 'None'
[0.171s] Level 5:colcon.colcon_core.verb:set package 'p2p_move_base' build argument 'catkin_skip_building_tests' from command line to 'False'
[0.171s] DEBUG:colcon.colcon_core.verb:Building package 'p2p_move_base' with the following arguments: {'ament_cmake_args': None, 'build_base': '/root/dddmr_navigation/build/p2p_move_base', 'catkin_cmake_args': None, 'catkin_skip_building_tests': False, 'cmake_args': None, 'cmake_clean_cache': False, 'cmake_clean_first': False, 'cmake_force_configure': False, 'cmake_target': None, 'cmake_target_skip_unavailable': False, 'install_base': '/root/dddmr_navigation/install/p2p_move_base', 'merge_install': False, 'path': '/root/dddmr_navigation/src/dddmr_p2p_move_base', 'symlink_install': True, 'test_result_base': None}
[0.171s] INFO:colcon.colcon_core.executor:Executing jobs using 'parallel' executor
[0.172s] DEBUG:colcon.colcon_parallel_executor.executor.parallel:run_until_complete
[0.172s] INFO:colcon.colcon_ros.task.ament_cmake.build:Building ROS package in '/root/dddmr_navigation/src/dddmr_local_planner/base_trajectory' with build type 'ament_cmake'
[0.172s] INFO:colcon.colcon_cmake.task.cmake.build:Building CMake package in '/root/dddmr_navigation/src/dddmr_local_planner/base_trajectory'
[0.174s] INFO:colcon.colcon_core.plugin_system:Skipping extension 'colcon_core.shell.bat': Not used on non-Windows systems
[0.174s] INFO:colcon.colcon_core.shell:Skip shell extension 'powershell' for command environment: Not usable outside of PowerShell
[0.174s] DEBUG:colcon.colcon_core.shell:Skip shell extension 'dsv' for command environment
[0.176s] INFO:colcon.colcon_ros.task.ament_cmake.build:Building ROS package in '/root/dddmr_navigation/src/dddmr_sys_core' with build type 'ament_cmake'
[0.176s] INFO:colcon.colcon_cmake.task.cmake.build:Building CMake package in '/root/dddmr_navigation/src/dddmr_sys_core'
[0.176s] INFO:colcon.colcon_core.shell:Skip shell extension 'powershell' for command environment: Not usable outside of PowerShell
[0.176s] DEBUG:colcon.colcon_core.shell:Skip shell extension 'dsv' for command environment
[0.178s] INFO:colcon.colcon_ros.task.ament_cmake.build:Building ROS package in '/root/dddmr_navigation/src/dddmr_perception_3d' with build type 'ament_cmake'
[0.178s] INFO:colcon.colcon_cmake.task.cmake.build:Building CMake package in '/root/dddmr_navigation/src/dddmr_perception_3d'
[0.178s] INFO:colcon.colcon_core.shell:Skip shell extension 'powershell' for command environment: Not usable outside of PowerShell
[0.178s] DEBUG:colcon.colcon_core.shell:Skip shell extension 'dsv' for command environment
[0.180s] INFO:colcon.colcon_ros.task.ament_cmake.build:Building ROS package in '/root/dddmr_navigation/src/dddmr_lego_loam/cloud_msgs' with build type 'ament_cmake'
[0.180s] INFO:colcon.colcon_cmake.task.cmake.build:Building CMake package in '/root/dddmr_navigation/src/dddmr_lego_loam/cloud_msgs'
[0.180s] INFO:colcon.colcon_core.shell:Skip shell extension 'powershell' for command environment: Not usable outside of PowerShell
[0.180s] DEBUG:colcon.colcon_core.shell:Skip shell extension 'dsv' for command environment
[0.182s] INFO:colcon.colcon_ros.task.ament_cmake.build:Building ROS package in '/root/dddmr_navigation/src/dddmr_trt' with build type 'ament_cmake'
[0.182s] INFO:colcon.colcon_cmake.task.cmake.build:Building CMake package in '/root/dddmr_navigation/src/dddmr_trt'
[0.182s] INFO:colcon.colcon_core.shell:Skip shell extension 'powershell' for command environment: Not usable outside of PowerShell
[0.182s] DEBUG:colcon.colcon_core.shell:Skip shell extension 'dsv' for command environment
[0.184s] INFO:colcon.colcon_ros.task.ament_cmake.build:Building ROS package in '/root/dddmr_navigation/src/dddmr_beginner_guide' with build type 'ament_cmake'
[0.184s] INFO:colcon.colcon_cmake.task.cmake.build:Building CMake package in '/root/dddmr_navigation/src/dddmr_beginner_guide'
[0.184s] INFO:colcon.colcon_core.shell:Skip shell extension 'powershell' for command environment: Not usable outside of PowerShell
[0.184s] DEBUG:colcon.colcon_core.shell:Skip shell extension 'dsv' for command environment
[0.186s] INFO:colcon.colcon_ros.task.ament_cmake.build:Building ROS package in '/root/dddmr_navigation/src/dddmr_fastlio_adapter' with build type 'ament_cmake'
[0.186s] INFO:colcon.colcon_cmake.task.cmake.build:Building CMake package in '/root/dddmr_navigation/src/dddmr_fastlio_adapter'
[0.186s] INFO:colcon.colcon_core.shell:Skip shell extension 'powershell' for command environment: Not usable outside of PowerShell
[0.186s] DEBUG:colcon.colcon_core.shell:Skip shell extension 'dsv' for command environment
[0.188s] INFO:colcon.colcon_ros.task.ament_cmake.build:Building ROS package in '/root/dddmr_navigation/src/dddmr_odom_3d' with build type 'ament_cmake'
[0.188s] INFO:colcon.colcon_cmake.task.cmake.build:Building CMake package in '/root/dddmr_navigation/src/dddmr_odom_3d'
[0.188s] INFO:colcon.colcon_core.shell:Skip shell extension 'powershell' for command environment: Not usable outside of PowerShell
[0.188s] DEBUG:colcon.colcon_core.shell:Skip shell extension 'dsv' for command environment
[0.190s] INFO:colcon.colcon_ros.task.ament_cmake.build:Building ROS package in '/root/dddmr_navigation/src/dddmr_rviz_tools/dddmr_rviz_default_plugins' with build type 'ament_cmake'
[0.190s] INFO:colcon.colcon_cmake.task.cmake.build:Building CMake package in '/root/dddmr_navigation/src/dddmr_rviz_tools/dddmr_rviz_default_plugins'
[0.190s] INFO:colcon.colcon_core.shell:Skip shell extension 'powershell' for command environment: Not usable outside of PowerShell
[0.190s] DEBUG:colcon.colcon_core.shell:Skip shell extension 'dsv' for command environment
[0.192s] INFO:colcon.colcon_ros.task.ament_cmake.build:Building ROS package in '/root/dddmr_navigation/src/dddmr_sc_pgo' with build type 'ament_cmake'
[0.192s] INFO:colcon.colcon_cmake.task.cmake.build:Building CMake package in '/root/dddmr_navigation/src/dddmr_sc_pgo'
[0.192s] INFO:colcon.colcon_core.shell:Skip shell extension 'powershell' for command environment: Not usable outside of PowerShell
[0.192s] DEBUG:colcon.colcon_core.shell:Skip shell extension 'dsv' for command environment
[0.194s] INFO:colcon.colcon_ros.task.ament_cmake.build:Building ROS package in '/root/dddmr_navigation/src/dddmr_semantic_segmentation' with build type 'ament_cmake'
[0.194s] INFO:colcon.colcon_cmake.task.cmake.build:Building CMake package in '/root/dddmr_navigation/src/dddmr_semantic_segmentation'
[0.194s] INFO:colcon.colcon_core.shell:Skip shell extension 'powershell' for command environment: Not usable outside of PowerShell
[0.194s] DEBUG:colcon.colcon_core.shell:Skip shell extension 'dsv' for command environment
[0.195s] INFO:colcon.colcon_ros.task.ament_cmake.build:Building ROS package in '/root/dddmr_navigation/src/FAST_LIO' with build type 'ament_cmake'
[0.196s] INFO:colcon.colcon_cmake.task.cmake.build:Building CMake package in '/root/dddmr_navigation/src/FAST_LIO'
[0.196s] INFO:colcon.colcon_core.shell:Skip shell extension 'powershell' for command environment: Not usable outside of PowerShell
[0.196s] DEBUG:colcon.colcon_core.shell:Skip shell extension 'dsv' for command environment
[0.198s] INFO:colcon.colcon_ros.task.ament_cmake.build:Building ROS package in '/root/dddmr_navigation/src/dddmr_rviz_tools/map_editor_panel' with build type 'ament_cmake'
[0.198s] INFO:colcon.colcon_cmake.task.cmake.build:Building CMake package in '/root/dddmr_navigation/src/dddmr_rviz_tools/map_editor_panel'
[0.198s] INFO:colcon.colcon_core.shell:Skip shell extension 'powershell' for command environment: Not usable outside of PowerShell
[0.198s] DEBUG:colcon.colcon_core.shell:Skip shell extension 'dsv' for command environment
[0.200s] INFO:colcon.colcon_ros.task.ament_cmake.build:Building ROS package in '/root/dddmr_navigation/src/dddmr_rviz_tools/mapping_panel' with build type 'ament_cmake'
[0.200s] INFO:colcon.colcon_cmake.task.cmake.build:Building CMake package in '/root/dddmr_navigation/src/dddmr_rviz_tools/mapping_panel'
[0.200s] INFO:colcon.colcon_core.shell:Skip shell extension 'powershell' for command environment: Not usable outside of PowerShell
[0.200s] DEBUG:colcon.colcon_core.shell:Skip shell extension 'dsv' for command environment
[0.202s] INFO:colcon.colcon_ros.task.ament_cmake.build:Building ROS package in '/root/dddmr_navigation/src/dddmr_rviz_tools/pose_graph_editor_panel' with build type 'ament_cmake'
[0.202s] INFO:colcon.colcon_cmake.task.cmake.build:Building CMake package in '/root/dddmr_navigation/src/dddmr_rviz_tools/pose_graph_editor_panel'
[0.202s] INFO:colcon.colcon_core.shell:Skip shell extension 'powershell' for command environment: Not usable outside of PowerShell
[0.202s] DEBUG:colcon.colcon_core.shell:Skip shell extension 'dsv' for command environment
[0.204s] INFO:colcon.colcon_ros.task.ament_cmake.build:Building ROS package in '/root/dddmr_navigation/src/dddmr_rviz_tools/pose_graph_merge_editor_panel' with build type 'ament_cmake'
[0.204s] INFO:colcon.colcon_cmake.task.cmake.build:Building CMake package in '/root/dddmr_navigation/src/dddmr_rviz_tools/pose_graph_merge_editor_panel'
[0.204s] INFO:colcon.colcon_core.shell:Skip shell extension 'powershell' for command environment: Not usable outside of PowerShell
[0.204s] DEBUG:colcon.colcon_core.shell:Skip shell extension 'dsv' for command environment
[0.213s] DEBUG:colcon.colcon_core.event_handler.log_command:Invoking command in '/root/dddmr_navigation/build/base_trajectory': CMAKE_PREFIX_PATH=${CMAKE_PREFIX_PATH}:/opt/ros/humble /usr/bin/cmake /root/dddmr_navigation/src/dddmr_local_planner/base_trajectory -DAMENT_CMAKE_SYMLINK_INSTALL=1 -DCMAKE_INSTALL_PREFIX=/root/dddmr_navigation/install/base_trajectory
[0.215s] DEBUG:colcon.colcon_core.event_handler.log_command:Invoking command in '/root/dddmr_navigation/build/dddmr_sys_core': CMAKE_PREFIX_PATH=${CMAKE_PREFIX_PATH}:/opt/ros/humble /usr/bin/cmake /root/dddmr_navigation/src/dddmr_sys_core -DAMENT_CMAKE_SYMLINK_INSTALL=1 -DCMAKE_INSTALL_PREFIX=/root/dddmr_navigation/install/dddmr_sys_core
[0.217s] DEBUG:colcon.colcon_core.event_handler.log_command:Invoking command in '/root/dddmr_navigation/build/perception_3d': CMAKE_PREFIX_PATH=${CMAKE_PREFIX_PATH}:/opt/ros/humble /usr/bin/cmake /root/dddmr_navigation/src/dddmr_perception_3d -DAMENT_CMAKE_SYMLINK_INSTALL=1 -DCMAKE_INSTALL_PREFIX=/root/dddmr_navigation/install/perception_3d
[0.218s] DEBUG:colcon.colcon_core.event_handler.log_command:Invoking command in '/root/dddmr_navigation/build/cloud_msgs': CMAKE_PREFIX_PATH=${CMAKE_PREFIX_PATH}:/opt/ros/humble /usr/bin/cmake /root/dddmr_navigation/src/dddmr_lego_loam/cloud_msgs -DAMENT_CMAKE_SYMLINK_INSTALL=1 -DCMAKE_INSTALL_PREFIX=/root/dddmr_navigation/install/cloud_msgs
[0.219s] DEBUG:colcon.colcon_core.event_handler.log_command:Invoking command in '/root/dddmr_navigation/build/dddmr_trt': CMAKE_PREFIX_PATH=${CMAKE_PREFIX_PATH}:/opt/ros/humble /usr/bin/cmake /root/dddmr_navigation/src/dddmr_trt -DAMENT_CMAKE_SYMLINK_INSTALL=1 -DCMAKE_INSTALL_PREFIX=/root/dddmr_navigation/install/dddmr_trt
[0.221s] DEBUG:colcon.colcon_core.event_handler.log_command:Invoking command in '/root/dddmr_navigation/build/dddmr_beginner_guide': CMAKE_PREFIX_PATH=${CMAKE_PREFIX_PATH}:/opt/ros/humble /usr/bin/cmake /root/dddmr_navigation/src/dddmr_beginner_guide -DAMENT_CMAKE_SYMLINK_INSTALL=1 -DCMAKE_INSTALL_PREFIX=/root/dddmr_navigation/install/dddmr_beginner_guide
[0.222s] DEBUG:colcon.colcon_core.event_handler.log_command:Invoking command in '/root/dddmr_navigation/build/dddmr_fastlio_adapter': CMAKE_PREFIX_PATH=${CMAKE_PREFIX_PATH}:/opt/ros/humble /usr/bin/cmake /root/dddmr_navigation/src/dddmr_fastlio_adapter -DAMENT_CMAKE_SYMLINK_INSTALL=1 -DCMAKE_INSTALL_PREFIX=/root/dddmr_navigation/install/dddmr_fastlio_adapter
[0.224s] DEBUG:colcon.colcon_core.event_handler.log_command:Invoking command in '/root/dddmr_navigation/build/dddmr_odom_3d': CMAKE_PREFIX_PATH=${CMAKE_PREFIX_PATH}:/opt/ros/humble /usr/bin/cmake /root/dddmr_navigation/src/dddmr_odom_3d -DAMENT_CMAKE_SYMLINK_INSTALL=1 -DCMAKE_INSTALL_PREFIX=/root/dddmr_navigation/install/dddmr_odom_3d
[0.226s] DEBUG:colcon.colcon_core.event_handler.log_command:Invoking command in '/root/dddmr_navigation/build/dddmr_rviz_default_plugins': CMAKE_PREFIX_PATH=${CMAKE_PREFIX_PATH}:/opt/ros/humble /usr/bin/cmake /root/dddmr_navigation/src/dddmr_rviz_tools/dddmr_rviz_default_plugins -DAMENT_CMAKE_SYMLINK_INSTALL=1 -DCMAKE_INSTALL_PREFIX=/root/dddmr_navigation/install/dddmr_rviz_default_plugins
[0.228s] DEBUG:colcon.colcon_core.event_handler.log_command:Invoking command in '/root/dddmr_navigation/build/dddmr_sc_pgo': CMAKE_PREFIX_PATH=${CMAKE_PREFIX_PATH}:/opt/ros/humble /usr/bin/cmake /root/dddmr_navigation/src/dddmr_sc_pgo -DAMENT_CMAKE_SYMLINK_INSTALL=1 -DCMAKE_INSTALL_PREFIX=/root/dddmr_navigation/install/dddmr_sc_pgo
[0.230s] DEBUG:colcon.colcon_core.event_handler.log_command:Invoking command in '/root/dddmr_navigation/build/dddmr_semantic_segmentation': CMAKE_PREFIX_PATH=${CMAKE_PREFIX_PATH}:/opt/ros/humble /usr/bin/cmake /root/dddmr_navigation/src/dddmr_semantic_segmentation -DAMENT_CMAKE_SYMLINK_INSTALL=1 -DCMAKE_INSTALL_PREFIX=/root/dddmr_navigation/install/dddmr_semantic_segmentation
[0.232s] DEBUG:colcon.colcon_core.event_handler.log_command:Invoking command in '/root/dddmr_navigation/build/fast_lio': CMAKE_PREFIX_PATH=${CMAKE_PREFIX_PATH}:/opt/ros/humble /usr/bin/cmake /root/dddmr_navigation/src/FAST_LIO -DAMENT_CMAKE_SYMLINK_INSTALL=1 -DCMAKE_INSTALL_PREFIX=/root/dddmr_navigation/install/fast_lio
[0.234s] DEBUG:colcon.colcon_core.event_handler.log_command:Invoking command in '/root/dddmr_navigation/build/map_editor_panel': CMAKE_PREFIX_PATH=${CMAKE_PREFIX_PATH}:/opt/ros/humble /usr/bin/cmake /root/dddmr_navigation/src/dddmr_rviz_tools/map_editor_panel -DAMENT_CMAKE_SYMLINK_INSTALL=1 -DCMAKE_INSTALL_PREFIX=/root/dddmr_navigation/install/map_editor_panel
[0.238s] DEBUG:colcon.colcon_core.event_handler.log_command:Invoking command in '/root/dddmr_navigation/build/mapping_panel': CMAKE_PREFIX_PATH=${CMAKE_PREFIX_PATH}:/opt/ros/humble /usr/bin/cmake /root/dddmr_navigation/src/dddmr_rviz_tools/mapping_panel -DAMENT_CMAKE_SYMLINK_INSTALL=1 -DCMAKE_INSTALL_PREFIX=/root/dddmr_navigation/install/mapping_panel
[0.241s] DEBUG:colcon.colcon_core.event_handler.log_command:Invoking command in '/root/dddmr_navigation/build/pose_graph_editor_panel': CMAKE_PREFIX_PATH=${CMAKE_PREFIX_PATH}:/opt/ros/humble /usr/bin/cmake /root/dddmr_navigation/src/dddmr_rviz_tools/pose_graph_editor_panel -DAMENT_CMAKE_SYMLINK_INSTALL=1 -DCMAKE_INSTALL_PREFIX=/root/dddmr_navigation/install/pose_graph_editor_panel
[0.250s] DEBUG:colcon.colcon_core.event_handler.log_command:Invoking command in '/root/dddmr_navigation/build/pose_graph_merge_editor_panel': CMAKE_PREFIX_PATH=${CMAKE_PREFIX_PATH}:/opt/ros/humble /usr/bin/cmake /root/dddmr_navigation/src/dddmr_rviz_tools/pose_graph_merge_editor_panel -DAMENT_CMAKE_SYMLINK_INSTALL=1 -DCMAKE_INSTALL_PREFIX=/root/dddmr_navigation/install/pose_graph_merge_editor_panel
[0.710s] DEBUG:colcon.colcon_core.event_handler.log_command:Invoked command in '/root/dddmr_navigation/build/dddmr_beginner_guide' returned '0': CMAKE_PREFIX_PATH=${CMAKE_PREFIX_PATH}:/opt/ros/humble /usr/bin/cmake /root/dddmr_navigation/src/dddmr_beginner_guide -DAMENT_CMAKE_SYMLINK_INSTALL=1 -DCMAKE_INSTALL_PREFIX=/root/dddmr_navigation/install/dddmr_beginner_guide
[0.713s] DEBUG:colcon.colcon_core.event_handler.log_command:Invoking command in '/root/dddmr_navigation/build/dddmr_beginner_guide': CMAKE_PREFIX_PATH=${CMAKE_PREFIX_PATH}:/opt/ros/humble /usr/bin/cmake --build /root/dddmr_navigation/build/dddmr_beginner_guide -- -j28 -l28
[0.747s] DEBUG:colcon.colcon_core.event_handler.log_command:Invoked command in '/root/dddmr_navigation/build/dddmr_beginner_guide' returned '0': CMAKE_PREFIX_PATH=${CMAKE_PREFIX_PATH}:/opt/ros/humble /usr/bin/cmake --build /root/dddmr_navigation/build/dddmr_beginner_guide -- -j28 -l28
[0.754s] DEBUG:colcon.colcon_core.event_handler.log_command:Invoking command in '/root/dddmr_navigation/build/dddmr_beginner_guide': CMAKE_PREFIX_PATH=${CMAKE_PREFIX_PATH}:/opt/ros/humble /usr/bin/cmake --install /root/dddmr_navigation/build/dddmr_beginner_guide
[0.756s] DEBUG:colcon.colcon_core.event_handler.log_command:Invoked command in '/root/dddmr_navigation/build/dddmr_odom_3d' returned '0': CMAKE_PREFIX_PATH=${CMAKE_PREFIX_PATH}:/opt/ros/humble /usr/bin/cmake /root/dddmr_navigation/src/dddmr_odom_3d -DAMENT_CMAKE_SYMLINK_INSTALL=1 -DCMAKE_INSTALL_PREFIX=/root/dddmr_navigation/install/dddmr_odom_3d
[0.758s] DEBUG:colcon.colcon_core.event_handler.log_command:Invoking command in '/root/dddmr_navigation/build/dddmr_odom_3d': CMAKE_PREFIX_PATH=${CMAKE_PREFIX_PATH}:/opt/ros/humble /usr/bin/cmake --build /root/dddmr_navigation/build/dddmr_odom_3d -- -j28 -l28
[0.771s] DEBUG:colcon.colcon_core.event_handler.log_command:Invoked command in '/root/dddmr_navigation/build/pose_graph_merge_editor_panel' returned '0': CMAKE_PREFIX_PATH=${CMAKE_PREFIX_PATH}:/opt/ros/humble /usr/bin/cmake /root/dddmr_navigation/src/dddmr_rviz_tools/pose_graph_merge_editor_panel -DAMENT_CMAKE_SYMLINK_INSTALL=1 -DCMAKE_INSTALL_PREFIX=/root/dddmr_navigation/install/pose_graph_merge_editor_panel
[0.773s] DEBUG:colcon.colcon_core.event_handler.log_command:Invoking command in '/root/dddmr_navigation/build/pose_graph_merge_editor_panel': CMAKE_PREFIX_PATH=${CMAKE_PREFIX_PATH}:/opt/ros/humble /usr/bin/cmake --build /root/dddmr_navigation/build/pose_graph_merge_editor_panel -- -j28 -l28
[0.774s] DEBUG:colcon.colcon_core.event_handler.log_command:Invoked command in '/root/dddmr_navigation/build/pose_graph_editor_panel' returned '0': CMAKE_PREFIX_PATH=${CMAKE_PREFIX_PATH}:/opt/ros/humble /usr/bin/cmake /root/dddmr_navigation/src/dddmr_rviz_tools/pose_graph_editor_panel -DAMENT_CMAKE_SYMLINK_INSTALL=1 -DCMAKE_INSTALL_PREFIX=/root/dddmr_navigation/install/pose_graph_editor_panel
[0.775s] DEBUG:colcon.colcon_core.event_handler.log_command:Invoking command in '/root/dddmr_navigation/build/pose_graph_editor_panel': CMAKE_PREFIX_PATH=${CMAKE_PREFIX_PATH}:/opt/ros/humble /usr/bin/cmake --build /root/dddmr_navigation/build/pose_graph_editor_panel -- -j28 -l28
[0.776s] DEBUG:colcon.colcon_core.event_handler.log_command:Invoked command in '/root/dddmr_navigation/build/dddmr_trt' returned '0': CMAKE_PREFIX_PATH=${CMAKE_PREFIX_PATH}:/opt/ros/humble /usr/bin/cmake /root/dddmr_navigation/src/dddmr_trt -DAMENT_CMAKE_SYMLINK_INSTALL=1 -DCMAKE_INSTALL_PREFIX=/root/dddmr_navigation/install/dddmr_trt
[0.777s] DEBUG:colcon.colcon_core.event_handler.log_command:Invoking command in '/root/dddmr_navigation/build/dddmr_trt': CMAKE_PREFIX_PATH=${CMAKE_PREFIX_PATH}:/opt/ros/humble /usr/bin/cmake --build /root/dddmr_navigation/build/dddmr_trt -- -j28 -l28
[0.780s] Level 1:colcon.colcon_core.environment:create_environment_scripts_only(dddmr_beginner_guide)
[0.780s] DEBUG:colcon.colcon_core.event_handler.log_command:Invoked command in '/root/dddmr_navigation/build/dddmr_beginner_guide' returned '0': CMAKE_PREFIX_PATH=${CMAKE_PREFIX_PATH}:/opt/ros/humble /usr/bin/cmake --install /root/dddmr_navigation/build/dddmr_beginner_guide
[0.782s] Level 1:colcon.colcon_core.environment:checking '/root/dddmr_navigation/install/dddmr_beginner_guide' for CMake module files
[0.782s] Level 1:colcon.colcon_core.environment:checking '/root/dddmr_navigation/install/dddmr_beginner_guide' for CMake config files
[0.783s] Level 1:colcon.colcon_core.shell:create_environment_hook('dddmr_beginner_guide', 'cmake_prefix_path')
[0.783s] INFO:colcon.colcon_core.shell:Creating environment hook '/root/dddmr_navigation/install/dddmr_beginner_guide/share/dddmr_beginner_guide/hook/cmake_prefix_path.ps1'
[0.784s] INFO:colcon.colcon_core.shell:Creating environment descriptor '/root/dddmr_navigation/install/dddmr_beginner_guide/share/dddmr_beginner_guide/hook/cmake_prefix_path.dsv'
[0.784s] INFO:colcon.colcon_core.shell:Creating environment hook '/root/dddmr_navigation/install/dddmr_beginner_guide/share/dddmr_beginner_guide/hook/cmake_prefix_path.sh'
[0.784s] Level 1:colcon.colcon_core.environment:checking '/root/dddmr_navigation/install/dddmr_beginner_guide/bin'
[0.785s] Level 1:colcon.colcon_core.environment:checking '/root/dddmr_navigation/install/dddmr_beginner_guide/lib/pkgconfig/dddmr_beginner_guide.pc'
[0.785s] Level 1:colcon.colcon_core.environment:checking '/root/dddmr_navigation/install/dddmr_beginner_guide/lib/python3.10/site-packages'
[0.785s] Level 1:colcon.colcon_core.environment:checking '/root/dddmr_navigation/install/dddmr_beginner_guide/bin'
[0.785s] INFO:colcon.colcon_core.shell:Creating package script '/root/dddmr_navigation/install/dddmr_beginner_guide/share/dddmr_beginner_guide/package.ps1'
[0.786s] INFO:colcon.colcon_core.shell:Creating package descriptor '/root/dddmr_navigation/install/dddmr_beginner_guide/share/dddmr_beginner_guide/package.dsv'
[0.786s] INFO:colcon.colcon_core.shell:Creating package script '/root/dddmr_navigation/install/dddmr_beginner_guide/share/dddmr_beginner_guide/package.sh'
[0.787s] INFO:colcon.colcon_core.shell:Creating package script '/root/dddmr_navigation/install/dddmr_beginner_guide/share/dddmr_beginner_guide/package.bash'
[0.788s] INFO:colcon.colcon_core.shell:Creating package script '/root/dddmr_navigation/install/dddmr_beginner_guide/share/dddmr_beginner_guide/package.zsh'
[0.788s] Level 1:colcon.colcon_core.environment:create_file_with_runtime_dependencies(/root/dddmr_navigation/install/dddmr_beginner_guide/share/colcon-core/packages/dddmr_beginner_guide)
[0.789s] Level 1:colcon.colcon_core.environment:create_environment_scripts_only(dddmr_beginner_guide)
[0.789s] Level 1:colcon.colcon_core.environment:checking '/root/dddmr_navigation/install/dddmr_beginner_guide' for CMake module files
[0.790s] Level 1:colcon.colcon_core.environment:checking '/root/dddmr_navigation/install/dddmr_beginner_guide' for CMake config files
[0.790s] Level 1:colcon.colcon_core.shell:create_environment_hook('dddmr_beginner_guide', 'cmake_prefix_path')
[0.790s] INFO:colcon.colcon_core.shell:Creating environment hook '/root/dddmr_navigation/install/dddmr_beginner_guide/share/dddmr_beginner_guide/hook/cmake_prefix_path.ps1'
[0.791s] INFO:colcon.colcon_core.shell:Creating environment descriptor '/root/dddmr_navigation/install/dddmr_beginner_guide/share/dddmr_beginner_guide/hook/cmake_prefix_path.dsv'
[0.791s] INFO:colcon.colcon_core.shell:Creating environment hook '/root/dddmr_navigation/install/dddmr_beginner_guide/share/dddmr_beginner_guide/hook/cmake_prefix_path.sh'
[0.792s] Level 1:colcon.colcon_core.environment:checking '/root/dddmr_navigation/install/dddmr_beginner_guide/bin'
[0.792s] Level 1:colcon.colcon_core.environment:checking '/root/dddmr_navigation/install/dddmr_beginner_guide/lib/pkgconfig/dddmr_beginner_guide.pc'
[0.792s] Level 1:colcon.colcon_core.environment:checking '/root/dddmr_navigation/install/dddmr_beginner_guide/lib/python3.10/site-packages'
[0.792s] Level 1:colcon.colcon_core.environment:checking '/root/dddmr_navigation/install/dddmr_beginner_guide/bin'
[0.793s] INFO:colcon.colcon_core.shell:Creating package script '/root/dddmr_navigation/install/dddmr_beginner_guide/share/dddmr_beginner_guide/package.ps1'
[0.793s] INFO:colcon.colcon_core.shell:Creating package descriptor '/root/dddmr_navigation/install/dddmr_beginner_guide/share/dddmr_beginner_guide/package.dsv'
[0.794s] INFO:colcon.colcon_core.shell:Creating package script '/root/dddmr_navigation/install/dddmr_beginner_guide/share/dddmr_beginner_guide/package.sh'
[0.794s] INFO:colcon.colcon_core.shell:Creating package script '/root/dddmr_navigation/install/dddmr_beginner_guide/share/dddmr_beginner_guide/package.bash'
[0.794s] INFO:colcon.colcon_core.shell:Creating package script '/root/dddmr_navigation/install/dddmr_beginner_guide/share/dddmr_beginner_guide/package.zsh'
[0.795s] Level 1:colcon.colcon_core.environment:create_file_with_runtime_dependencies(/root/dddmr_navigation/install/dddmr_beginner_guide/share/colcon-core/packages/dddmr_beginner_guide)
[0.804s] DEBUG:colcon.colcon_core.event_handler.log_command:Invoked command in '/root/dddmr_navigation/build/dddmr_trt' returned '0': CMAKE_PREFIX_PATH=${CMAKE_PREFIX_PATH}:/opt/ros/humble /usr/bin/cmake --build /root/dddmr_navigation/build/dddmr_trt -- -j28 -l28
[0.805s] DEBUG:colcon.colcon_core.event_handler.log_command:Invoking command in '/root/dddmr_navigation/build/dddmr_trt': CMAKE_PREFIX_PATH=${CMAKE_PREFIX_PATH}:/opt/ros/humble /usr/bin/cmake --install /root/dddmr_navigation/build/dddmr_trt
[0.808s] DEBUG:colcon.colcon_core.event_handler.log_command:Invoked command in '/root/dddmr_navigation/build/dddmr_odom_3d' returned '0': CMAKE_PREFIX_PATH=${CMAKE_PREFIX_PATH}:/opt/ros/humble /usr/bin/cmake --build /root/dddmr_navigation/build/dddmr_odom_3d -- -j28 -l28
[0.810s] DEBUG:colcon.colcon_core.event_handler.log_command:Invoking command in '/root/dddmr_navigation/build/dddmr_odom_3d': CMAKE_PREFIX_PATH=${CMAKE_PREFIX_PATH}:/opt/ros/humble /usr/bin/cmake --install /root/dddmr_navigation/build/dddmr_odom_3d
[0.818s] Level 1:colcon.colcon_core.environment:create_environment_scripts_only(dddmr_trt)
[0.818s] Level 1:colcon.colcon_core.environment:checking '/root/dddmr_navigation/install/dddmr_trt' for CMake module files
[0.819s] DEBUG:colcon.colcon_core.event_handler.log_command:Invoked command in '/root/dddmr_navigation/build/dddmr_trt' returned '0': CMAKE_PREFIX_PATH=${CMAKE_PREFIX_PATH}:/opt/ros/humble /usr/bin/cmake --install /root/dddmr_navigation/build/dddmr_trt
[0.819s] Level 1:colcon.colcon_core.environment:checking '/root/dddmr_navigation/install/dddmr_trt' for CMake config files
[0.819s] Level 1:colcon.colcon_core.shell:create_environment_hook('dddmr_trt', 'cmake_prefix_path')
[0.820s] INFO:colcon.colcon_core.shell:Creating environment hook '/root/dddmr_navigation/install/dddmr_trt/share/dddmr_trt/hook/cmake_prefix_path.ps1'
[0.820s] INFO:colcon.colcon_core.shell:Creating environment descriptor '/root/dddmr_navigation/install/dddmr_trt/share/dddmr_trt/hook/cmake_prefix_path.dsv'
[0.820s] INFO:colcon.colcon_core.shell:Creating environment hook '/root/dddmr_navigation/install/dddmr_trt/share/dddmr_trt/hook/cmake_prefix_path.sh'
[0.821s] Level 1:colcon.colcon_core.environment:checking '/root/dddmr_navigation/install/dddmr_trt/bin'
[0.821s] Level 1:colcon.colcon_core.environment:checking '/root/dddmr_navigation/install/dddmr_trt/lib/pkgconfig/dddmr_trt.pc'
[0.821s] Level 1:colcon.colcon_core.environment:checking '/root/dddmr_navigation/install/dddmr_trt/lib/python3.10/site-packages'
[0.821s] Level 1:colcon.colcon_core.environment:checking '/root/dddmr_navigation/install/dddmr_trt/bin'
[0.822s] INFO:colcon.colcon_core.shell:Creating package script '/root/dddmr_navigation/install/dddmr_trt/share/dddmr_trt/package.ps1'
[0.822s] INFO:colcon.colcon_core.shell:Creating package descriptor '/root/dddmr_navigation/install/dddmr_trt/share/dddmr_trt/package.dsv'
[0.823s] INFO:colcon.colcon_core.shell:Creating package script '/root/dddmr_navigation/install/dddmr_trt/share/dddmr_trt/package.sh'
[0.823s] INFO:colcon.colcon_core.shell:Creating package script '/root/dddmr_navigation/install/dddmr_trt/share/dddmr_trt/package.bash'
[0.823s] INFO:colcon.colcon_core.shell:Creating package script '/root/dddmr_navigation/install/dddmr_trt/share/dddmr_trt/package.zsh'
[0.824s] Level 1:colcon.colcon_core.environment:create_file_with_runtime_dependencies(/root/dddmr_navigation/install/dddmr_trt/share/colcon-core/packages/dddmr_trt)
[0.824s] Level 1:colcon.colcon_core.environment:create_environment_scripts_only(dddmr_trt)
[0.825s] Level 1:colcon.colcon_core.environment:checking '/root/dddmr_navigation/install/dddmr_trt' for CMake module files
[0.826s] Level 1:colcon.colcon_core.environment:checking '/root/dddmr_navigation/install/dddmr_trt' for CMake config files
[0.826s] Level 1:colcon.colcon_core.shell:create_environment_hook('dddmr_trt', 'cmake_prefix_path')
[0.827s] INFO:colcon.colcon_core.shell:Creating environment hook '/root/dddmr_navigation/install/dddmr_trt/share/dddmr_trt/hook/cmake_prefix_path.ps1'
[0.827s] INFO:colcon.colcon_core.shell:Creating environment descriptor '/root/dddmr_navigation/install/dddmr_trt/share/dddmr_trt/hook/cmake_prefix_path.dsv'
[0.827s] INFO:colcon.colcon_core.shell:Creating environment hook '/root/dddmr_navigation/install/dddmr_trt/share/dddmr_trt/hook/cmake_prefix_path.sh'
[0.828s] Level 1:colcon.colcon_core.environment:checking '/root/dddmr_navigation/install/dddmr_trt/bin'
[0.828s] Level 1:colcon.colcon_core.environment:checking '/root/dddmr_navigation/install/dddmr_trt/lib/pkgconfig/dddmr_trt.pc'
[0.828s] Level 1:colcon.colcon_core.environment:checking '/root/dddmr_navigation/install/dddmr_trt/lib/python3.10/site-packages'
[0.828s] Level 1:colcon.colcon_core.environment:checking '/root/dddmr_navigation/install/dddmr_trt/bin'
[0.829s] INFO:colcon.colcon_core.shell:Creating package script '/root/dddmr_navigation/install/dddmr_trt/share/dddmr_trt/package.ps1'
[0.829s] INFO:colcon.colcon_core.shell:Creating package descriptor '/root/dddmr_navigation/install/dddmr_trt/share/dddmr_trt/package.dsv'
[0.830s] INFO:colcon.colcon_core.shell:Creating package script '/root/dddmr_navigation/install/dddmr_trt/share/dddmr_trt/package.sh'
[0.830s] INFO:colcon.colcon_core.shell:Creating package script '/root/dddmr_navigation/install/dddmr_trt/share/dddmr_trt/package.bash'
[0.831s] INFO:colcon.colcon_core.shell:Creating package script '/root/dddmr_navigation/install/dddmr_trt/share/dddmr_trt/package.zsh'
[0.831s] Level 1:colcon.colcon_core.environment:create_file_with_runtime_dependencies(/root/dddmr_navigation/install/dddmr_trt/share/colcon-core/packages/dddmr_trt)
[0.832s] Level 1:colcon.colcon_core.environment:create_environment_scripts_only(dddmr_odom_3d)
[0.832s] Level 1:colcon.colcon_core.environment:checking '/root/dddmr_navigation/install/dddmr_odom_3d' for CMake module files
[0.833s] DEBUG:colcon.colcon_core.event_handler.log_command:Invoked command in '/root/dddmr_navigation/build/dddmr_odom_3d' returned '0': CMAKE_PREFIX_PATH=${CMAKE_PREFIX_PATH}:/opt/ros/humble /usr/bin/cmake --install /root/dddmr_navigation/build/dddmr_odom_3d
[0.833s] Level 1:colcon.colcon_core.environment:checking '/root/dddmr_navigation/install/dddmr_odom_3d' for CMake config files
[0.834s] Level 1:colcon.colcon_core.shell:create_environment_hook('dddmr_odom_3d', 'cmake_prefix_path')
[0.834s] INFO:colcon.colcon_core.shell:Creating environment hook '/root/dddmr_navigation/install/dddmr_odom_3d/share/dddmr_odom_3d/hook/cmake_prefix_path.ps1'
[0.834s] INFO:colcon.colcon_core.shell:Creating environment descriptor '/root/dddmr_navigation/install/dddmr_odom_3d/share/dddmr_odom_3d/hook/cmake_prefix_path.dsv'
[0.835s] INFO:colcon.colcon_core.shell:Creating environment hook '/root/dddmr_navigation/install/dddmr_odom_3d/share/dddmr_odom_3d/hook/cmake_prefix_path.sh'
[0.835s] Level 1:colcon.colcon_core.environment:checking '/root/dddmr_navigation/install/dddmr_odom_3d/lib'
[0.835s] Level 1:colcon.colcon_core.environment:checking '/root/dddmr_navigation/install/dddmr_odom_3d/bin'
[0.836s] Level 1:colcon.colcon_core.environment:checking '/root/dddmr_navigation/install/dddmr_odom_3d/lib/pkgconfig/dddmr_odom_3d.pc'
[0.836s] Level 1:colcon.colcon_core.environment:checking '/root/dddmr_navigation/install/dddmr_odom_3d/lib/python3.10/site-packages'
[0.836s] Level 1:colcon.colcon_core.environment:checking '/root/dddmr_navigation/install/dddmr_odom_3d/bin'
[0.836s] INFO:colcon.colcon_core.shell:Creating package script '/root/dddmr_navigation/install/dddmr_odom_3d/share/dddmr_odom_3d/package.ps1'
[0.837s] INFO:colcon.colcon_core.shell:Creating package descriptor '/root/dddmr_navigation/install/dddmr_odom_3d/share/dddmr_odom_3d/package.dsv'
[0.837s] INFO:colcon.colcon_core.shell:Creating package script '/root/dddmr_navigation/install/dddmr_odom_3d/share/dddmr_odom_3d/package.sh'
[0.838s] INFO:colcon.colcon_core.shell:Creating package script '/root/dddmr_navigation/install/dddmr_odom_3d/share/dddmr_odom_3d/package.bash'
[0.838s] INFO:colcon.colcon_core.shell:Creating package script '/root/dddmr_navigation/install/dddmr_odom_3d/share/dddmr_odom_3d/package.zsh'
[0.838s] Level 1:colcon.colcon_core.environment:create_file_with_runtime_dependencies(/root/dddmr_navigation/install/dddmr_odom_3d/share/colcon-core/packages/dddmr_odom_3d)
[0.839s] Level 1:colcon.colcon_core.environment:create_environment_scripts_only(dddmr_odom_3d)
[0.839s] Level 1:colcon.colcon_core.environment:checking '/root/dddmr_navigation/install/dddmr_odom_3d' for CMake module files
[0.840s] Level 1:colcon.colcon_core.environment:checking '/root/dddmr_navigation/install/dddmr_odom_3d' for CMake config files
[0.840s] Level 1:colcon.colcon_core.shell:create_environment_hook('dddmr_odom_3d', 'cmake_prefix_path')
[0.840s] INFO:colcon.colcon_core.shell:Creating environment hook '/root/dddmr_navigation/install/dddmr_odom_3d/share/dddmr_odom_3d/hook/cmake_prefix_path.ps1'
[0.841s] INFO:colcon.colcon_core.shell:Creating environment descriptor '/root/dddmr_navigation/install/dddmr_odom_3d/share/dddmr_odom_3d/hook/cmake_prefix_path.dsv'
[0.841s] INFO:colcon.colcon_core.shell:Creating environment hook '/root/dddmr_navigation/install/dddmr_odom_3d/share/dddmr_odom_3d/hook/cmake_prefix_path.sh'
[0.841s] Level 1:colcon.colcon_core.environment:checking '/root/dddmr_navigation/install/dddmr_odom_3d/lib'
[0.841s] Level 1:colcon.colcon_core.environment:checking '/root/dddmr_navigation/install/dddmr_odom_3d/bin'
[0.841s] Level 1:colcon.colcon_core.environment:checking '/root/dddmr_navigation/install/dddmr_odom_3d/lib/pkgconfig/dddmr_odom_3d.pc'
[0.842s] Level 1:colcon.colcon_core.environment:checking '/root/dddmr_navigation/install/dddmr_odom_3d/lib/python3.10/site-packages'
[0.842s] Level 1:colcon.colcon_core.environment:checking '/root/dddmr_navigation/install/dddmr_odom_3d/bin'
[0.842s] INFO:colcon.colcon_core.shell:Creating package script '/root/dddmr_navigation/install/dddmr_odom_3d/share/dddmr_odom_3d/package.ps1'
[0.843s] INFO:colcon.colcon_core.shell:Creating package descriptor '/root/dddmr_navigation/install/dddmr_odom_3d/share/dddmr_odom_3d/package.dsv'
[0.843s] INFO:colcon.colcon_core.shell:Creating package script '/root/dddmr_navigation/install/dddmr_odom_3d/share/dddmr_odom_3d/package.sh'
[0.844s] INFO:colcon.colcon_core.shell:Creating package script '/root/dddmr_navigation/install/dddmr_odom_3d/share/dddmr_odom_3d/package.bash'
[0.844s] INFO:colcon.colcon_core.shell:Creating package script '/root/dddmr_navigation/install/dddmr_odom_3d/share/dddmr_odom_3d/package.zsh'
[0.844s] Level 1:colcon.colcon_core.environment:create_file_with_runtime_dependencies(/root/dddmr_navigation/install/dddmr_odom_3d/share/colcon-core/packages/dddmr_odom_3d)
[0.862s] DEBUG:colcon.colcon_core.event_handler.log_command:Invoked command in '/root/dddmr_navigation/build/pose_graph_editor_panel' returned '0': CMAKE_PREFIX_PATH=${CMAKE_PREFIX_PATH}:/opt/ros/humble /usr/bin/cmake --build /root/dddmr_navigation/build/pose_graph_editor_panel -- -j28 -l28
[0.864s] DEBUG:colcon.colcon_core.event_handler.log_command:Invoking command in '/root/dddmr_navigation/build/pose_graph_editor_panel': CMAKE_PREFIX_PATH=${CMAKE_PREFIX_PATH}:/opt/ros/humble /usr/bin/cmake --install /root/dddmr_navigation/build/pose_graph_editor_panel
[0.864s] DEBUG:colcon.colcon_core.event_handler.log_command:Invoked command in '/root/dddmr_navigation/build/pose_graph_merge_editor_panel' returned '0': CMAKE_PREFIX_PATH=${CMAKE_PREFIX_PATH}:/opt/ros/humble /usr/bin/cmake --build /root/dddmr_navigation/build/pose_graph_merge_editor_panel -- -j28 -l28
[0.866s] DEBUG:colcon.colcon_core.event_handler.log_command:Invoking command in '/root/dddmr_navigation/build/pose_graph_merge_editor_panel': CMAKE_PREFIX_PATH=${CMAKE_PREFIX_PATH}:/opt/ros/humble /usr/bin/cmake --install /root/dddmr_navigation/build/pose_graph_merge_editor_panel
[0.878s] Level 1:colcon.colcon_core.environment:create_environment_scripts_only(pose_graph_editor_panel)
[0.878s] Level 1:colcon.colcon_core.environment:checking '/root/dddmr_navigation/install/pose_graph_editor_panel' for CMake module files
[0.879s] DEBUG:colcon.colcon_core.event_handler.log_command:Invoked command in '/root/dddmr_navigation/build/pose_graph_editor_panel' returned '0': CMAKE_PREFIX_PATH=${CMAKE_PREFIX_PATH}:/opt/ros/humble /usr/bin/cmake --install /root/dddmr_navigation/build/pose_graph_editor_panel
[0.879s] Level 1:colcon.colcon_core.environment:checking '/root/dddmr_navigation/install/pose_graph_editor_panel' for CMake config files
[0.879s] Level 1:colcon.colcon_core.shell:create_environment_hook('pose_graph_editor_panel', 'cmake_prefix_path')
[0.880s] INFO:colcon.colcon_core.shell:Creating environment hook '/root/dddmr_navigation/install/pose_graph_editor_panel/share/pose_graph_editor_panel/hook/cmake_prefix_path.ps1'
[0.880s] INFO:colcon.colcon_core.shell:Creating environment descriptor '/root/dddmr_navigation/install/pose_graph_editor_panel/share/pose_graph_editor_panel/hook/cmake_prefix_path.dsv'
[0.880s] INFO:colcon.colcon_core.shell:Creating environment hook '/root/dddmr_navigation/install/pose_graph_editor_panel/share/pose_graph_editor_panel/hook/cmake_prefix_path.sh'
[0.881s] Level 1:colcon.colcon_core.environment:checking '/root/dddmr_navigation/install/pose_graph_editor_panel/lib'
[0.881s] Level 1:colcon.colcon_core.shell:create_environment_hook('pose_graph_editor_panel', 'ld_library_path_lib')
[0.881s] INFO:colcon.colcon_core.shell:Creating environment hook '/root/dddmr_navigation/install/pose_graph_editor_panel/share/pose_graph_editor_panel/hook/ld_library_path_lib.ps1'
[0.882s] INFO:colcon.colcon_core.shell:Creating environment descriptor '/root/dddmr_navigation/install/pose_graph_editor_panel/share/pose_graph_editor_panel/hook/ld_library_path_lib.dsv'
[0.882s] INFO:colcon.colcon_core.shell:Creating environment hook '/root/dddmr_navigation/install/pose_graph_editor_panel/share/pose_graph_editor_panel/hook/ld_library_path_lib.sh'
[0.882s] Level 1:colcon.colcon_core.environment:checking '/root/dddmr_navigation/install/pose_graph_editor_panel/bin'
[0.882s] Level 1:colcon.colcon_core.environment:checking '/root/dddmr_navigation/install/pose_graph_editor_panel/lib/pkgconfig/pose_graph_editor_panel.pc'
[0.883s] Level 1:colcon.colcon_core.environment:checking '/root/dddmr_navigation/install/pose_graph_editor_panel/lib/python3.10/site-packages'
[0.883s] Level 1:colcon.colcon_core.environment:checking '/root/dddmr_navigation/install/pose_graph_editor_panel/bin'
[0.883s] INFO:colcon.colcon_core.shell:Creating package script '/root/dddmr_navigation/install/pose_graph_editor_panel/share/pose_graph_editor_panel/package.ps1'
[0.884s] INFO:colcon.colcon_core.shell:Creating package descriptor '/root/dddmr_navigation/install/pose_graph_editor_panel/share/pose_graph_editor_panel/package.dsv'
[0.885s] INFO:colcon.colcon_core.shell:Creating package script '/root/dddmr_navigation/install/pose_graph_editor_panel/share/pose_graph_editor_panel/package.sh'
[0.885s] INFO:colcon.colcon_core.shell:Creating package script '/root/dddmr_navigation/install/pose_graph_editor_panel/share/pose_graph_editor_panel/package.bash'
[0.886s] INFO:colcon.colcon_core.shell:Creating package script '/root/dddmr_navigation/install/pose_graph_editor_panel/share/pose_graph_editor_panel/package.zsh'
[0.886s] Level 1:colcon.colcon_core.environment:create_file_with_runtime_dependencies(/root/dddmr_navigation/install/pose_graph_editor_panel/share/colcon-core/packages/pose_graph_editor_panel)
[0.886s] Level 1:colcon.colcon_core.environment:create_environment_scripts_only(pose_graph_editor_panel)
[0.887s] Level 1:colcon.colcon_core.environment:checking '/root/dddmr_navigation/install/pose_graph_editor_panel' for CMake module files
[0.887s] Level 1:colcon.colcon_core.environment:checking '/root/dddmr_navigation/install/pose_graph_editor_panel' for CMake config files
[0.887s] Level 1:colcon.colcon_core.shell:create_environment_hook('pose_graph_editor_panel', 'cmake_prefix_path')
[0.888s] INFO:colcon.colcon_core.shell:Creating environment hook '/root/dddmr_navigation/install/pose_graph_editor_panel/share/pose_graph_editor_panel/hook/cmake_prefix_path.ps1'
[0.888s] INFO:colcon.colcon_core.shell:Creating environment descriptor '/root/dddmr_navigation/install/pose_graph_editor_panel/share/pose_graph_editor_panel/hook/cmake_prefix_path.dsv'
[0.888s] INFO:colcon.colcon_core.shell:Creating environment hook '/root/dddmr_navigation/install/pose_graph_editor_panel/share/pose_graph_editor_panel/hook/cmake_prefix_path.sh'
[0.889s] Level 1:colcon.colcon_core.environment:checking '/root/dddmr_navigation/install/pose_graph_editor_panel/lib'
[0.889s] Level 1:colcon.colcon_core.shell:create_environment_hook('pose_graph_editor_panel', 'ld_library_path_lib')
[0.889s] INFO:colcon.colcon_core.shell:Creating environment hook '/root/dddmr_navigation/install/pose_graph_editor_panel/share/pose_graph_editor_panel/hook/ld_library_path_lib.ps1'
[0.890s] INFO:colcon.colcon_core.shell:Creating environment descriptor '/root/dddmr_navigation/install/pose_graph_editor_panel/share/pose_graph_editor_panel/hook/ld_library_path_lib.dsv'
[0.890s] INFO:colcon.colcon_core.shell:Creating environment hook '/root/dddmr_navigation/install/pose_graph_editor_panel/share/pose_graph_editor_panel/hook/ld_library_path_lib.sh'
[0.890s] Level 1:colcon.colcon_core.environment:checking '/root/dddmr_navigation/install/pose_graph_editor_panel/bin'
[0.890s] Level 1:colcon.colcon_core.environment:checking '/root/dddmr_navigation/install/pose_graph_editor_panel/lib/pkgconfig/pose_graph_editor_panel.pc'
[0.891s] Level 1:colcon.colcon_core.environment:checking '/root/dddmr_navigation/install/pose_graph_editor_panel/lib/python3.10/site-packages'
[0.891s] Level 1:colcon.colcon_core.environment:checking '/root/dddmr_navigation/install/pose_graph_editor_panel/bin'
[0.891s] INFO:colcon.colcon_core.shell:Creating package script '/root/dddmr_navigation/install/pose_graph_editor_panel/share/pose_graph_editor_panel/package.ps1'
[0.892s] INFO:colcon.colcon_core.shell:Creating package descriptor '/root/dddmr_navigation/install/pose_graph_editor_panel/share/pose_graph_editor_panel/package.dsv'
[0.892s] INFO:colcon.colcon_core.shell:Creating package script '/root/dddmr_navigation/install/pose_graph_editor_panel/share/pose_graph_editor_panel/package.sh'
[0.893s] INFO:colcon.colcon_core.shell:Creating package script '/root/dddmr_navigation/install/pose_graph_editor_panel/share/pose_graph_editor_panel/package.bash'
[0.893s] INFO:colcon.colcon_core.shell:Creating package script '/root/dddmr_navigation/install/pose_graph_editor_panel/share/pose_graph_editor_panel/package.zsh'
[0.893s] Level 1:colcon.colcon_core.environment:create_file_with_runtime_dependencies(/root/dddmr_navigation/install/pose_graph_editor_panel/share/colcon-core/packages/pose_graph_editor_panel)
[0.894s] Level 1:colcon.colcon_core.environment:create_environment_scripts_only(pose_graph_merge_editor_panel)
[0.895s] Level 1:colcon.colcon_core.environment:checking '/root/dddmr_navigation/install/pose_graph_merge_editor_panel' for CMake module files
[0.895s] DEBUG:colcon.colcon_core.event_handler.log_command:Invoked command in '/root/dddmr_navigation/build/pose_graph_merge_editor_panel' returned '0': CMAKE_PREFIX_PATH=${CMAKE_PREFIX_PATH}:/opt/ros/humble /usr/bin/cmake --install /root/dddmr_navigation/build/pose_graph_merge_editor_panel
[0.895s] Level 1:colcon.colcon_core.environment:checking '/root/dddmr_navigation/install/pose_graph_merge_editor_panel' for CMake config files
[0.895s] Level 1:colcon.colcon_core.shell:create_environment_hook('pose_graph_merge_editor_panel', 'cmake_prefix_path')
[0.895s] INFO:colcon.colcon_core.shell:Creating environment hook '/root/dddmr_navigation/install/pose_graph_merge_editor_panel/share/pose_graph_merge_editor_panel/hook/cmake_prefix_path.ps1'
[0.896s] INFO:colcon.colcon_core.shell:Creating environment descriptor '/root/dddmr_navigation/install/pose_graph_merge_editor_panel/share/pose_graph_merge_editor_panel/hook/cmake_prefix_path.dsv'
[0.896s] INFO:colcon.colcon_core.shell:Creating environment hook '/root/dddmr_navigation/install/pose_graph_merge_editor_panel/share/pose_graph_merge_editor_panel/hook/cmake_prefix_path.sh'
[0.896s] Level 1:colcon.colcon_core.environment:checking '/root/dddmr_navigation/install/pose_graph_merge_editor_panel/lib'
[0.896s] Level 1:colcon.colcon_core.shell:create_environment_hook('pose_graph_merge_editor_panel', 'ld_library_path_lib')
[0.896s] INFO:colcon.colcon_core.shell:Creating environment hook '/root/dddmr_navigation/install/pose_graph_merge_editor_panel/share/pose_graph_merge_editor_panel/hook/ld_library_path_lib.ps1'
[0.896s] INFO:colcon.colcon_core.shell:Creating environment descriptor '/root/dddmr_navigation/install/pose_graph_merge_editor_panel/share/pose_graph_merge_editor_panel/hook/ld_library_path_lib.dsv'
[0.897s] INFO:colcon.colcon_core.shell:Creating environment hook '/root/dddmr_navigation/install/pose_graph_merge_editor_panel/share/pose_graph_merge_editor_panel/hook/ld_library_path_lib.sh'
[0.897s] Level 1:colcon.colcon_core.environment:checking '/root/dddmr_navigation/install/pose_graph_merge_editor_panel/bin'
[0.897s] Level 1:colcon.colcon_core.environment:checking '/root/dddmr_navigation/install/pose_graph_merge_editor_panel/lib/pkgconfig/pose_graph_merge_editor_panel.pc'
[0.897s] Level 1:colcon.colcon_core.environment:checking '/root/dddmr_navigation/install/pose_graph_merge_editor_panel/lib/python3.10/site-packages'
[0.897s] Level 1:colcon.colcon_core.environment:checking '/root/dddmr_navigation/install/pose_graph_merge_editor_panel/bin'
[0.897s] INFO:colcon.colcon_core.shell:Creating package script '/root/dddmr_navigation/install/pose_graph_merge_editor_panel/share/pose_graph_merge_editor_panel/package.ps1'
[0.898s] INFO:colcon.colcon_core.shell:Creating package descriptor '/root/dddmr_navigation/install/pose_graph_merge_editor_panel/share/pose_graph_merge_editor_panel/package.dsv'
[0.898s] INFO:colcon.colcon_core.shell:Creating package script '/root/dddmr_navigation/install/pose_graph_merge_editor_panel/share/pose_graph_merge_editor_panel/package.sh'
[0.898s] INFO:colcon.colcon_core.shell:Creating package script '/root/dddmr_navigation/install/pose_graph_merge_editor_panel/share/pose_graph_merge_editor_panel/package.bash'
[0.898s] INFO:colcon.colcon_core.shell:Creating package script '/root/dddmr_navigation/install/pose_graph_merge_editor_panel/share/pose_graph_merge_editor_panel/package.zsh'
[0.898s] Level 1:colcon.colcon_core.environment:create_file_with_runtime_dependencies(/root/dddmr_navigation/install/pose_graph_merge_editor_panel/share/colcon-core/packages/pose_graph_merge_editor_panel)
[0.899s] Level 1:colcon.colcon_core.environment:create_environment_scripts_only(pose_graph_merge_editor_panel)
[0.899s] Level 1:colcon.colcon_core.environment:checking '/root/dddmr_navigation/install/pose_graph_merge_editor_panel' for CMake module files
[0.899s] Level 1:colcon.colcon_core.environment:checking '/root/dddmr_navigation/install/pose_graph_merge_editor_panel' for CMake config files
[0.899s] Level 1:colcon.colcon_core.shell:create_environment_hook('pose_graph_merge_editor_panel', 'cmake_prefix_path')
[0.899s] INFO:colcon.colcon_core.shell:Creating environment hook '/root/dddmr_navigation/install/pose_graph_merge_editor_panel/share/pose_graph_merge_editor_panel/hook/cmake_prefix_path.ps1'
[0.900s] INFO:colcon.colcon_core.shell:Creating environment descriptor '/root/dddmr_navigation/install/pose_graph_merge_editor_panel/share/pose_graph_merge_editor_panel/hook/cmake_prefix_path.dsv'
[0.900s] INFO:colcon.colcon_core.shell:Creating environment hook '/root/dddmr_navigation/install/pose_graph_merge_editor_panel/share/pose_graph_merge_editor_panel/hook/cmake_prefix_path.sh'
[0.900s] Level 1:colcon.colcon_core.environment:checking '/root/dddmr_navigation/install/pose_graph_merge_editor_panel/lib'
[0.900s] Level 1:colcon.colcon_core.shell:create_environment_hook('pose_graph_merge_editor_panel', 'ld_library_path_lib')
[0.900s] INFO:colcon.colcon_core.shell:Creating environment hook '/root/dddmr_navigation/install/pose_graph_merge_editor_panel/share/pose_graph_merge_editor_panel/hook/ld_library_path_lib.ps1'
[0.901s] INFO:colcon.colcon_core.shell:Creating environment descriptor '/root/dddmr_navigation/install/pose_graph_merge_editor_panel/share/pose_graph_merge_editor_panel/hook/ld_library_path_lib.dsv'
[0.901s] INFO:colcon.colcon_core.shell:Creating environment hook '/root/dddmr_navigation/install/pose_graph_merge_editor_panel/share/pose_graph_merge_editor_panel/hook/ld_library_path_lib.sh'
[0.901s] Level 1:colcon.colcon_core.environment:checking '/root/dddmr_navigation/install/pose_graph_merge_editor_panel/bin'
[0.901s] Level 1:colcon.colcon_core.environment:checking '/root/dddmr_navigation/install/pose_graph_merge_editor_panel/lib/pkgconfig/pose_graph_merge_editor_panel.pc'
[0.901s] Level 1:colcon.colcon_core.environment:checking '/root/dddmr_navigation/install/pose_graph_merge_editor_panel/lib/python3.10/site-packages'
[0.901s] Level 1:colcon.colcon_core.environment:checking '/root/dddmr_navigation/install/pose_graph_merge_editor_panel/bin'
[0.902s] INFO:colcon.colcon_core.shell:Creating package script '/root/dddmr_navigation/install/pose_graph_merge_editor_panel/share/pose_graph_merge_editor_panel/package.ps1'
[0.902s] INFO:colcon.colcon_core.shell:Creating package descriptor '/root/dddmr_navigation/install/pose_graph_merge_editor_panel/share/pose_graph_merge_editor_panel/package.dsv'
[0.903s] INFO:colcon.colcon_core.shell:Creating package script '/root/dddmr_navigation/install/pose_graph_merge_editor_panel/share/pose_graph_merge_editor_panel/package.sh'
[0.903s] INFO:colcon.colcon_core.shell:Creating package script '/root/dddmr_navigation/install/pose_graph_merge_editor_panel/share/pose_graph_merge_editor_panel/package.bash'
[0.904s] INFO:colcon.colcon_core.shell:Creating package script '/root/dddmr_navigation/install/pose_graph_merge_editor_panel/share/pose_graph_merge_editor_panel/package.zsh'
[0.904s] Level 1:colcon.colcon_core.environment:create_file_with_runtime_dependencies(/root/dddmr_navigation/install/pose_graph_merge_editor_panel/share/colcon-core/packages/pose_graph_merge_editor_panel)
[1.053s] DEBUG:colcon.colcon_core.event_handler.log_command:Invoked command in '/root/dddmr_navigation/build/dddmr_fastlio_adapter' returned '0': CMAKE_PREFIX_PATH=${CMAKE_PREFIX_PATH}:/opt/ros/humble /usr/bin/cmake /root/dddmr_navigation/src/dddmr_fastlio_adapter -DAMENT_CMAKE_SYMLINK_INSTALL=1 -DCMAKE_INSTALL_PREFIX=/root/dddmr_navigation/install/dddmr_fastlio_adapter
[1.054s] DEBUG:colcon.colcon_core.event_handler.log_command:Invoking command in '/root/dddmr_navigation/build/dddmr_fastlio_adapter': CMAKE_PREFIX_PATH=${CMAKE_PREFIX_PATH}:/opt/ros/humble /usr/bin/cmake --build /root/dddmr_navigation/build/dddmr_fastlio_adapter -- -j28 -l28
[1.120s] DEBUG:colcon.colcon_core.event_handler.log_command:Invoked command in '/root/dddmr_navigation/build/dddmr_fastlio_adapter' returned '0': CMAKE_PREFIX_PATH=${CMAKE_PREFIX_PATH}:/opt/ros/humble /usr/bin/cmake --build /root/dddmr_navigation/build/dddmr_fastlio_adapter -- -j28 -l28
[1.122s] DEBUG:colcon.colcon_core.event_handler.log_command:Invoking command in '/root/dddmr_navigation/build/dddmr_fastlio_adapter': CMAKE_PREFIX_PATH=${CMAKE_PREFIX_PATH}:/opt/ros/humble /usr/bin/cmake --install /root/dddmr_navigation/build/dddmr_fastlio_adapter
[1.141s] Level 1:colcon.colcon_core.environment:create_environment_scripts_only(dddmr_fastlio_adapter)
[1.141s] Level 1:colcon.colcon_core.environment:checking '/root/dddmr_navigation/install/dddmr_fastlio_adapter' for CMake module files
[1.142s] DEBUG:colcon.colcon_core.event_handler.log_command:Invoked command in '/root/dddmr_navigation/build/dddmr_fastlio_adapter' returned '0': CMAKE_PREFIX_PATH=${CMAKE_PREFIX_PATH}:/opt/ros/humble /usr/bin/cmake --install /root/dddmr_navigation/build/dddmr_fastlio_adapter
[1.142s] Level 1:colcon.colcon_core.environment:checking '/root/dddmr_navigation/install/dddmr_fastlio_adapter' for CMake config files
[1.142s] Level 1:colcon.colcon_core.shell:create_environment_hook('dddmr_fastlio_adapter', 'cmake_prefix_path')
[1.143s] INFO:colcon.colcon_core.shell:Creating environment hook '/root/dddmr_navigation/install/dddmr_fastlio_adapter/share/dddmr_fastlio_adapter/hook/cmake_prefix_path.ps1'
[1.143s] INFO:colcon.colcon_core.shell:Creating environment descriptor '/root/dddmr_navigation/install/dddmr_fastlio_adapter/share/dddmr_fastlio_adapter/hook/cmake_prefix_path.dsv'
[1.143s] INFO:colcon.colcon_core.shell:Creating environment hook '/root/dddmr_navigation/install/dddmr_fastlio_adapter/share/dddmr_fastlio_adapter/hook/cmake_prefix_path.sh'
[1.144s] Level 1:colcon.colcon_core.environment:checking '/root/dddmr_navigation/install/dddmr_fastlio_adapter/lib'
[1.144s] Level 1:colcon.colcon_core.environment:checking '/root/dddmr_navigation/install/dddmr_fastlio_adapter/bin'
[1.144s] Level 1:colcon.colcon_core.environment:checking '/root/dddmr_navigation/install/dddmr_fastlio_adapter/lib/pkgconfig/dddmr_fastlio_adapter.pc'
[1.144s] Level 1:colcon.colcon_core.environment:checking '/root/dddmr_navigation/install/dddmr_fastlio_adapter/lib/python3.10/site-packages'
[1.144s] Level 1:colcon.colcon_core.environment:checking '/root/dddmr_navigation/install/dddmr_fastlio_adapter/bin'
[1.145s] INFO:colcon.colcon_core.shell:Creating package script '/root/dddmr_navigation/install/dddmr_fastlio_adapter/share/dddmr_fastlio_adapter/package.ps1'
[1.145s] INFO:colcon.colcon_core.shell:Creating package descriptor '/root/dddmr_navigation/install/dddmr_fastlio_adapter/share/dddmr_fastlio_adapter/package.dsv'
[1.145s] INFO:colcon.colcon_core.shell:Creating package script '/root/dddmr_navigation/install/dddmr_fastlio_adapter/share/dddmr_fastlio_adapter/package.sh'
[1.146s] INFO:colcon.colcon_core.shell:Creating package script '/root/dddmr_navigation/install/dddmr_fastlio_adapter/share/dddmr_fastlio_adapter/package.bash'
[1.146s] INFO:colcon.colcon_core.shell:Creating package script '/root/dddmr_navigation/install/dddmr_fastlio_adapter/share/dddmr_fastlio_adapter/package.zsh'
[1.146s] Level 1:colcon.colcon_core.environment:create_file_with_runtime_dependencies(/root/dddmr_navigation/install/dddmr_fastlio_adapter/share/colcon-core/packages/dddmr_fastlio_adapter)
[1.147s] Level 1:colcon.colcon_core.environment:create_environment_scripts_only(dddmr_fastlio_adapter)
[1.147s] Level 1:colcon.colcon_core.environment:checking '/root/dddmr_navigation/install/dddmr_fastlio_adapter' for CMake module files
[1.147s] Level 1:colcon.colcon_core.environment:checking '/root/dddmr_navigation/install/dddmr_fastlio_adapter' for CMake config files
[1.148s] Level 1:colcon.colcon_core.shell:create_environment_hook('dddmr_fastlio_adapter', 'cmake_prefix_path')
[1.148s] INFO:colcon.colcon_core.shell:Creating environment hook '/root/dddmr_navigation/install/dddmr_fastlio_adapter/share/dddmr_fastlio_adapter/hook/cmake_prefix_path.ps1'
[1.148s] INFO:colcon.colcon_core.shell:Creating environment descriptor '/root/dddmr_navigation/install/dddmr_fastlio_adapter/share/dddmr_fastlio_adapter/hook/cmake_prefix_path.dsv'
[1.149s] INFO:colcon.colcon_core.shell:Creating environment hook '/root/dddmr_navigation/install/dddmr_fastlio_adapter/share/dddmr_fastlio_adapter/hook/cmake_prefix_path.sh'
[1.149s] Level 1:colcon.colcon_core.environment:checking '/root/dddmr_navigation/install/dddmr_fastlio_adapter/lib'
[1.150s] Level 1:colcon.colcon_core.environment:checking '/root/dddmr_navigation/install/dddmr_fastlio_adapter/bin'
[1.150s] Level 1:colcon.colcon_core.environment:checking '/root/dddmr_navigation/install/dddmr_fastlio_adapter/lib/pkgconfig/dddmr_fastlio_adapter.pc'
[1.150s] Level 1:colcon.colcon_core.environment:checking '/root/dddmr_navigation/install/dddmr_fastlio_adapter/lib/python3.10/site-packages'
[1.150s] Level 1:colcon.colcon_core.environment:checking '/root/dddmr_navigation/install/dddmr_fastlio_adapter/bin'
[1.151s] INFO:colcon.colcon_core.shell:Creating package script '/root/dddmr_navigation/install/dddmr_fastlio_adapter/share/dddmr_fastlio_adapter/package.ps1'
[1.151s] INFO:colcon.colcon_core.shell:Creating package descriptor '/root/dddmr_navigation/install/dddmr_fastlio_adapter/share/dddmr_fastlio_adapter/package.dsv'
[1.151s] INFO:colcon.colcon_core.shell:Creating package script '/root/dddmr_navigation/install/dddmr_fastlio_adapter/share/dddmr_fastlio_adapter/package.sh'
[1.152s] INFO:colcon.colcon_core.shell:Creating package script '/root/dddmr_navigation/install/dddmr_fastlio_adapter/share/dddmr_fastlio_adapter/package.bash'
[1.152s] INFO:colcon.colcon_core.shell:Creating package script '/root/dddmr_navigation/install/dddmr_fastlio_adapter/share/dddmr_fastlio_adapter/package.zsh'
[1.152s] Level 1:colcon.colcon_core.environment:create_file_with_runtime_dependencies(/root/dddmr_navigation/install/dddmr_fastlio_adapter/share/colcon-core/packages/dddmr_fastlio_adapter)
[1.407s] DEBUG:colcon.colcon_core.event_handler.log_command:Invoked command in '/root/dddmr_navigation/build/mapping_panel' returned '0': CMAKE_PREFIX_PATH=${CMAKE_PREFIX_PATH}:/opt/ros/humble /usr/bin/cmake /root/dddmr_navigation/src/dddmr_rviz_tools/mapping_panel -DAMENT_CMAKE_SYMLINK_INSTALL=1 -DCMAKE_INSTALL_PREFIX=/root/dddmr_navigation/install/mapping_panel
[1.408s] DEBUG:colcon.colcon_core.event_handler.log_command:Invoking command in '/root/dddmr_navigation/build/mapping_panel': CMAKE_PREFIX_PATH=${CMAKE_PREFIX_PATH}:/opt/ros/humble /usr/bin/cmake --build /root/dddmr_navigation/build/mapping_panel -- -j28 -l28
[1.455s] DEBUG:colcon.colcon_core.event_handler.log_command:Invoked command in '/root/dddmr_navigation/build/base_trajectory' returned '0': CMAKE_PREFIX_PATH=${CMAKE_PREFIX_PATH}:/opt/ros/humble /usr/bin/cmake /root/dddmr_navigation/src/dddmr_local_planner/base_trajectory -DAMENT_CMAKE_SYMLINK_INSTALL=1 -DCMAKE_INSTALL_PREFIX=/root/dddmr_navigation/install/base_trajectory
[1.456s] DEBUG:colcon.colcon_core.event_handler.log_command:Invoking command in '/root/dddmr_navigation/build/base_trajectory': CMAKE_PREFIX_PATH=${CMAKE_PREFIX_PATH}:/opt/ros/humble /usr/bin/cmake --build /root/dddmr_navigation/build/base_trajectory -- -j28 -l28
[1.489s] DEBUG:colcon.colcon_core.event_handler.log_command:Invoked command in '/root/dddmr_navigation/build/map_editor_panel' returned '0': CMAKE_PREFIX_PATH=${CMAKE_PREFIX_PATH}:/opt/ros/humble /usr/bin/cmake /root/dddmr_navigation/src/dddmr_rviz_tools/map_editor_panel -DAMENT_CMAKE_SYMLINK_INSTALL=1 -DCMAKE_INSTALL_PREFIX=/root/dddmr_navigation/install/map_editor_panel
[1.489s] DEBUG:colcon.colcon_core.event_handler.log_command:Invoking command in '/root/dddmr_navigation/build/map_editor_panel': CMAKE_PREFIX_PATH=${CMAKE_PREFIX_PATH}:/opt/ros/humble /usr/bin/cmake --build /root/dddmr_navigation/build/map_editor_panel -- -j28 -l28
[1.496s] DEBUG:colcon.colcon_core.event_handler.log_command:Invoked command in '/root/dddmr_navigation/build/cloud_msgs' returned '0': CMAKE_PREFIX_PATH=${CMAKE_PREFIX_PATH}:/opt/ros/humble /usr/bin/cmake /root/dddmr_navigation/src/dddmr_lego_loam/cloud_msgs -DAMENT_CMAKE_SYMLINK_INSTALL=1 -DCMAKE_INSTALL_PREFIX=/root/dddmr_navigation/install/cloud_msgs
[1.497s] DEBUG:colcon.colcon_core.event_handler.log_command:Invoking command in '/root/dddmr_navigation/build/cloud_msgs': CMAKE_PREFIX_PATH=${CMAKE_PREFIX_PATH}:/opt/ros/humble /usr/bin/cmake --build /root/dddmr_navigation/build/cloud_msgs -- -j28 -l28
[1.509s] DEBUG:colcon.colcon_core.event_handler.log_command:Invoked command in '/root/dddmr_navigation/build/dddmr_semantic_segmentation' returned '0': CMAKE_PREFIX_PATH=${CMAKE_PREFIX_PATH}:/opt/ros/humble /usr/bin/cmake /root/dddmr_navigation/src/dddmr_semantic_segmentation -DAMENT_CMAKE_SYMLINK_INSTALL=1 -DCMAKE_INSTALL_PREFIX=/root/dddmr_navigation/install/dddmr_semantic_segmentation
[1.511s] DEBUG:colcon.colcon_core.event_handler.log_command:Invoking command in '/root/dddmr_navigation/build/dddmr_semantic_segmentation': CMAKE_PREFIX_PATH=${CMAKE_PREFIX_PATH}:/opt/ros/humble /usr/bin/cmake --build /root/dddmr_navigation/build/dddmr_semantic_segmentation -- -j28 -l28
[1.517s] DEBUG:colcon.colcon_core.event_handler.log_command:Invoked command in '/root/dddmr_navigation/build/base_trajectory' returned '0': CMAKE_PREFIX_PATH=${CMAKE_PREFIX_PATH}:/opt/ros/humble /usr/bin/cmake --build /root/dddmr_navigation/build/base_trajectory -- -j28 -l28
[1.519s] DEBUG:colcon.colcon_core.event_handler.log_command:Invoking command in '/root/dddmr_navigation/build/base_trajectory': CMAKE_PREFIX_PATH=${CMAKE_PREFIX_PATH}:/opt/ros/humble /usr/bin/cmake --install /root/dddmr_navigation/build/base_trajectory
[1.527s] DEBUG:colcon.colcon_core.event_handler.log_command:Invoked command in '/root/dddmr_navigation/build/mapping_panel' returned '0': CMAKE_PREFIX_PATH=${CMAKE_PREFIX_PATH}:/opt/ros/humble /usr/bin/cmake --build /root/dddmr_navigation/build/mapping_panel -- -j28 -l28
[1.530s] DEBUG:colcon.colcon_core.event_handler.log_command:Invoking command in '/root/dddmr_navigation/build/mapping_panel': CMAKE_PREFIX_PATH=${CMAKE_PREFIX_PATH}:/opt/ros/humble /usr/bin/cmake --install /root/dddmr_navigation/build/mapping_panel
[1.540s] Level 1:colcon.colcon_core.environment:create_environment_scripts_only(base_trajectory)
[1.540s] Level 1:colcon.colcon_core.environment:checking '/root/dddmr_navigation/install/base_trajectory' for CMake module files
[1.541s] DEBUG:colcon.colcon_core.event_handler.log_command:Invoked command in '/root/dddmr_navigation/build/base_trajectory' returned '0': CMAKE_PREFIX_PATH=${CMAKE_PREFIX_PATH}:/opt/ros/humble /usr/bin/cmake --install /root/dddmr_navigation/build/base_trajectory
[1.541s] Level 1:colcon.colcon_core.environment:checking '/root/dddmr_navigation/install/base_trajectory' for CMake config files
[1.541s] Level 1:colcon.colcon_core.shell:create_environment_hook('base_trajectory', 'cmake_prefix_path')
[1.541s] INFO:colcon.colcon_core.shell:Creating environment hook '/root/dddmr_navigation/install/base_trajectory/share/base_trajectory/hook/cmake_prefix_path.ps1'
[1.541s] INFO:colcon.colcon_core.shell:Creating environment descriptor '/root/dddmr_navigation/install/base_trajectory/share/base_trajectory/hook/cmake_prefix_path.dsv'
[1.542s] INFO:colcon.colcon_core.shell:Creating environment hook '/root/dddmr_navigation/install/base_trajectory/share/base_trajectory/hook/cmake_prefix_path.sh'
[1.543s] Level 1:colcon.colcon_core.environment:checking '/root/dddmr_navigation/install/base_trajectory/lib'
[1.543s] Level 1:colcon.colcon_core.shell:create_environment_hook('base_trajectory', 'ld_library_path_lib')
[1.543s] INFO:colcon.colcon_core.shell:Creating environment hook '/root/dddmr_navigation/install/base_trajectory/share/base_trajectory/hook/ld_library_path_lib.ps1'
[1.544s] INFO:colcon.colcon_core.shell:Creating environment descriptor '/root/dddmr_navigation/install/base_trajectory/share/base_trajectory/hook/ld_library_path_lib.dsv'
[1.544s] INFO:colcon.colcon_core.shell:Creating environment hook '/root/dddmr_navigation/install/base_trajectory/share/base_trajectory/hook/ld_library_path_lib.sh'
[1.544s] Level 1:colcon.colcon_core.environment:checking '/root/dddmr_navigation/install/base_trajectory/bin'
[1.544s] Level 1:colcon.colcon_core.environment:checking '/root/dddmr_navigation/install/base_trajectory/lib/pkgconfig/base_trajectory.pc'
[1.544s] Level 1:colcon.colcon_core.environment:checking '/root/dddmr_navigation/install/base_trajectory/lib/python3.10/site-packages'
[1.545s] Level 1:colcon.colcon_core.environment:checking '/root/dddmr_navigation/install/base_trajectory/bin'
[1.545s] INFO:colcon.colcon_core.shell:Creating package script '/root/dddmr_navigation/install/base_trajectory/share/base_trajectory/package.ps1'
[1.546s] INFO:colcon.colcon_core.shell:Creating package descriptor '/root/dddmr_navigation/install/base_trajectory/share/base_trajectory/package.dsv'
[1.546s] INFO:colcon.colcon_core.shell:Creating package script '/root/dddmr_navigation/install/base_trajectory/share/base_trajectory/package.sh'
[1.546s] INFO:colcon.colcon_core.shell:Creating package script '/root/dddmr_navigation/install/base_trajectory/share/base_trajectory/package.bash'
[1.546s] INFO:colcon.colcon_core.shell:Creating package script '/root/dddmr_navigation/install/base_trajectory/share/base_trajectory/package.zsh'
[1.547s] Level 1:colcon.colcon_core.environment:create_file_with_runtime_dependencies(/root/dddmr_navigation/install/base_trajectory/share/colcon-core/packages/base_trajectory)
[1.547s] Level 1:colcon.colcon_core.environment:create_environment_scripts_only(base_trajectory)
[1.548s] Level 1:colcon.colcon_core.environment:checking '/root/dddmr_navigation/install/base_trajectory' for CMake module files
[1.548s] Level 1:colcon.colcon_core.environment:checking '/root/dddmr_navigation/install/base_trajectory' for CMake config files
[1.548s] Level 1:colcon.colcon_core.shell:create_environment_hook('base_trajectory', 'cmake_prefix_path')
[1.548s] INFO:colcon.colcon_core.shell:Creating environment hook '/root/dddmr_navigation/install/base_trajectory/share/base_trajectory/hook/cmake_prefix_path.ps1'
[1.548s] INFO:colcon.colcon_core.shell:Creating environment descriptor '/root/dddmr_navigation/install/base_trajectory/share/base_trajectory/hook/cmake_prefix_path.dsv'
[1.548s] INFO:colcon.colcon_core.shell:Creating environment hook '/root/dddmr_navigation/install/base_trajectory/share/base_trajectory/hook/cmake_prefix_path.sh'
[1.549s] Level 1:colcon.colcon_core.environment:checking '/root/dddmr_navigation/install/base_trajectory/lib'
[1.549s] Level 1:colcon.colcon_core.shell:create_environment_hook('base_trajectory', 'ld_library_path_lib')
[1.549s] INFO:colcon.colcon_core.shell:Creating environment hook '/root/dddmr_navigation/install/base_trajectory/share/base_trajectory/hook/ld_library_path_lib.ps1'
[1.549s] INFO:colcon.colcon_core.shell:Creating environment descriptor '/root/dddmr_navigation/install/base_trajectory/share/base_trajectory/hook/ld_library_path_lib.dsv'
[1.550s] INFO:colcon.colcon_core.shell:Creating environment hook '/root/dddmr_navigation/install/base_trajectory/share/base_trajectory/hook/ld_library_path_lib.sh'
[1.550s] Level 1:colcon.colcon_core.environment:checking '/root/dddmr_navigation/install/base_trajectory/bin'
[1.551s] Level 1:colcon.colcon_core.environment:checking '/root/dddmr_navigation/install/base_trajectory/lib/pkgconfig/base_trajectory.pc'
[1.551s] Level 1:colcon.colcon_core.environment:checking '/root/dddmr_navigation/install/base_trajectory/lib/python3.10/site-packages'
[1.551s] Level 1:colcon.colcon_core.environment:checking '/root/dddmr_navigation/install/base_trajectory/bin'
[1.552s] INFO:colcon.colcon_core.shell:Creating package script '/root/dddmr_navigation/install/base_trajectory/share/base_trajectory/package.ps1'
[1.553s] INFO:colcon.colcon_core.shell:Creating package descriptor '/root/dddmr_navigation/install/base_trajectory/share/base_trajectory/package.dsv'
[1.553s] INFO:colcon.colcon_core.shell:Creating package script '/root/dddmr_navigation/install/base_trajectory/share/base_trajectory/package.sh'
[1.554s] INFO:colcon.colcon_core.shell:Creating package script '/root/dddmr_navigation/install/base_trajectory/share/base_trajectory/package.bash'
[1.554s] INFO:colcon.colcon_core.shell:Creating package script '/root/dddmr_navigation/install/base_trajectory/share/base_trajectory/package.zsh'
[1.555s] Level 1:colcon.colcon_core.environment:create_file_with_runtime_dependencies(/root/dddmr_navigation/install/base_trajectory/share/colcon-core/packages/base_trajectory)
[1.555s] INFO:colcon.colcon_ros.task.ament_cmake.build:Building ROS package in '/root/dddmr_navigation/src/dddmr_local_planner/mpc_critics' with build type 'ament_cmake'
[1.556s] INFO:colcon.colcon_cmake.task.cmake.build:Building CMake package in '/root/dddmr_navigation/src/dddmr_local_planner/mpc_critics'
[1.556s] INFO:colcon.colcon_core.shell:Skip shell extension 'powershell' for command environment: Not usable outside of PowerShell
[1.556s] DEBUG:colcon.colcon_core.shell:Skip shell extension 'dsv' for command environment
[1.562s] INFO:colcon.colcon_ros.task.ament_cmake.build:Building ROS package in '/root/dddmr_navigation/src/dddmr_local_planner/trajectory_generators' with build type 'ament_cmake'
[1.562s] INFO:colcon.colcon_cmake.task.cmake.build:Building CMake package in '/root/dddmr_navigation/src/dddmr_local_planner/trajectory_generators'
[1.562s] INFO:colcon.colcon_core.shell:Skip shell extension 'powershell' for command environment: Not usable outside of PowerShell
[1.562s] DEBUG:colcon.colcon_core.shell:Skip shell extension 'dsv' for command environment
[1.571s] Level 1:colcon.colcon_core.environment:create_environment_scripts_only(mapping_panel)
[1.571s] Level 1:colcon.colcon_core.environment:checking '/root/dddmr_navigation/install/mapping_panel' for CMake module files
[1.571s] DEBUG:colcon.colcon_core.event_handler.log_command:Invoking command in '/root/dddmr_navigation/build/mpc_critics': CMAKE_PREFIX_PATH=/root/dddmr_navigation/install/base_trajectory:/root/dddmr_navigation/install/dddmr_sc_pgo:/root/dddmr_navigation/install/p2p_move_base:/root/dddmr_navigation/install/recovery_behaviors:/root/dddmr_navigation/install/local_planner:/root/dddmr_navigation/install/trajectory_generators:/root/dddmr_navigation/install/pose_graph_merge_editor_panel:/root/dddmr_navigation/install/pose_graph_editor_panel:/root/dddmr_navigation/install/perception_3d:/root/dddmr_navigation/install/mpc_critics:/root/dddmr_navigation/install/mcl_3dl:/root/dddmr_navigation/install/mapping_panel:/root/dddmr_navigation/install/map_editor_panel:/root/dddmr_navigation/install/lego_loam_bor:/root/dddmr_navigation/install/global_planner:/root/dddmr_navigation/install/fast_lio:/root/dddmr_navigation/install/dddmr_trt:/root/dddmr_navigation/install/dddmr_sys_core:/root/dddmr_navigation/install/dddmr_semantic_segmentation:/root/dddmr_navigation/install/dddmr_rviz_default_plugins:/root/dddmr_navigation/install/dddmr_odom_3d:/root/dddmr_navigation/install/dddmr_fastlio_adapter:/root/dddmr_navigation/install/dddmr_beginner_guide:/root/dddmr_navigation/install/cloud_msgs:/opt/ros/humble LD_LIBRARY_PATH=/root/dddmr_navigation/install/base_trajectory/lib:/root/dddmr_navigation/install/dddmr_sc_pgo/lib:/opt/ros/humble/opt/rviz_ogre_vendor/lib:/opt/ros/humble/lib/x86_64-linux-gnu:/opt/ros/humble/lib:/root/dddmr_navigation/install/p2p_move_base/lib:/root/dddmr_navigation/install/recovery_behaviors/lib:/root/dddmr_navigation/install/local_planner/lib:/root/dddmr_navigation/install/trajectory_generators/lib:/root/dddmr_navigation/install/pose_graph_merge_editor_panel/lib:/root/dddmr_navigation/install/pose_graph_editor_panel/lib:/root/dddmr_navigation/install/perception_3d/lib:/root/dddmr_navigation/install/mpc_critics/lib:/root/dddmr_navigation/install/mcl_3dl/lib:/root/dddmr_navigation/install/mapping_panel/lib:/root/dddmr_navigation/install/map_editor_panel/lib:/root/dddmr_navigation/install/lego_loam_bor/lib:/root/dddmr_navigation/install/global_planner/lib:/root/dddmr_navigation/install/fast_lio/lib:/root/dddmr_navigation/install/dddmr_sys_core/lib:/root/dddmr_navigation/install/dddmr_rviz_default_plugins/lib:/root/dddmr_navigation/install/cloud_msgs/lib /usr/bin/cmake /root/dddmr_navigation/src/dddmr_local_planner/mpc_critics -DAMENT_CMAKE_SYMLINK_INSTALL=1 -DCMAKE_INSTALL_PREFIX=/root/dddmr_navigation/install/mpc_critics
[1.572s] DEBUG:colcon.colcon_core.event_handler.log_command:Invoked command in '/root/dddmr_navigation/build/mapping_panel' returned '0': CMAKE_PREFIX_PATH=${CMAKE_PREFIX_PATH}:/opt/ros/humble /usr/bin/cmake --install /root/dddmr_navigation/build/mapping_panel
[1.572s] Level 1:colcon.colcon_core.environment:checking '/root/dddmr_navigation/install/mapping_panel' for CMake config files
[1.572s] Level 1:colcon.colcon_core.shell:create_environment_hook('mapping_panel', 'cmake_prefix_path')
[1.572s] INFO:colcon.colcon_core.shell:Creating environment hook '/root/dddmr_navigation/install/mapping_panel/share/mapping_panel/hook/cmake_prefix_path.ps1'
[1.572s] INFO:colcon.colcon_core.shell:Creating environment descriptor '/root/dddmr_navigation/install/mapping_panel/share/mapping_panel/hook/cmake_prefix_path.dsv'
[1.573s] INFO:colcon.colcon_core.shell:Creating environment hook '/root/dddmr_navigation/install/mapping_panel/share/mapping_panel/hook/cmake_prefix_path.sh'
[1.573s] Level 1:colcon.colcon_core.environment:checking '/root/dddmr_navigation/install/mapping_panel/lib'
[1.573s] Level 1:colcon.colcon_core.shell:create_environment_hook('mapping_panel', 'ld_library_path_lib')
[1.573s] INFO:colcon.colcon_core.shell:Creating environment hook '/root/dddmr_navigation/install/mapping_panel/share/mapping_panel/hook/ld_library_path_lib.ps1'
[1.573s] INFO:colcon.colcon_core.shell:Creating environment descriptor '/root/dddmr_navigation/install/mapping_panel/share/mapping_panel/hook/ld_library_path_lib.dsv'
[1.574s] INFO:colcon.colcon_core.shell:Creating environment hook '/root/dddmr_navigation/install/mapping_panel/share/mapping_panel/hook/ld_library_path_lib.sh'
[1.574s] Level 1:colcon.colcon_core.environment:checking '/root/dddmr_navigation/install/mapping_panel/bin'
[1.574s] Level 1:colcon.colcon_core.environment:checking '/root/dddmr_navigation/install/mapping_panel/lib/pkgconfig/mapping_panel.pc'
[1.574s] Level 1:colcon.colcon_core.environment:checking '/root/dddmr_navigation/install/mapping_panel/lib/python3.10/site-packages'
[1.574s] Level 1:colcon.colcon_core.environment:checking '/root/dddmr_navigation/install/mapping_panel/bin'
[1.574s] INFO:colcon.colcon_core.shell:Creating package script '/root/dddmr_navigation/install/mapping_panel/share/mapping_panel/package.ps1'
[1.575s] INFO:colcon.colcon_core.shell:Creating package descriptor '/root/dddmr_navigation/install/mapping_panel/share/mapping_panel/package.dsv'
[1.575s] INFO:colcon.colcon_core.shell:Creating package script '/root/dddmr_navigation/install/mapping_panel/share/mapping_panel/package.sh'
[1.575s] INFO:colcon.colcon_core.shell:Creating package script '/root/dddmr_navigation/install/mapping_panel/share/mapping_panel/package.bash'
[1.575s] INFO:colcon.colcon_core.shell:Creating package script '/root/dddmr_navigation/install/mapping_panel/share/mapping_panel/package.zsh'
[1.575s] Level 1:colcon.colcon_core.environment:create_file_with_runtime_dependencies(/root/dddmr_navigation/install/mapping_panel/share/colcon-core/packages/mapping_panel)
[1.576s] Level 1:colcon.colcon_core.environment:create_environment_scripts_only(mapping_panel)
[1.576s] Level 1:colcon.colcon_core.environment:checking '/root/dddmr_navigation/install/mapping_panel' for CMake module files
[1.576s] Level 1:colcon.colcon_core.environment:checking '/root/dddmr_navigation/install/mapping_panel' for CMake config files
[1.576s] Level 1:colcon.colcon_core.shell:create_environment_hook('mapping_panel', 'cmake_prefix_path')
[1.576s] INFO:colcon.colcon_core.shell:Creating environment hook '/root/dddmr_navigation/install/mapping_panel/share/mapping_panel/hook/cmake_prefix_path.ps1'
[1.577s] INFO:colcon.colcon_core.shell:Creating environment descriptor '/root/dddmr_navigation/install/mapping_panel/share/mapping_panel/hook/cmake_prefix_path.dsv'
[1.577s] INFO:colcon.colcon_core.shell:Creating environment hook '/root/dddmr_navigation/install/mapping_panel/share/mapping_panel/hook/cmake_prefix_path.sh'
[1.577s] Level 1:colcon.colcon_core.environment:checking '/root/dddmr_navigation/install/mapping_panel/lib'
[1.577s] Level 1:colcon.colcon_core.shell:create_environment_hook('mapping_panel', 'ld_library_path_lib')
[1.577s] INFO:colcon.colcon_core.shell:Creating environment hook '/root/dddmr_navigation/install/mapping_panel/share/mapping_panel/hook/ld_library_path_lib.ps1'
[1.577s] INFO:colcon.colcon_core.shell:Creating environment descriptor '/root/dddmr_navigation/install/mapping_panel/share/mapping_panel/hook/ld_library_path_lib.dsv'
[1.577s] INFO:colcon.colcon_core.shell:Creating environment hook '/root/dddmr_navigation/install/mapping_panel/share/mapping_panel/hook/ld_library_path_lib.sh'
[1.578s] Level 1:colcon.colcon_core.environment:checking '/root/dddmr_navigation/install/mapping_panel/bin'
[1.578s] Level 1:colcon.colcon_core.environment:checking '/root/dddmr_navigation/install/mapping_panel/lib/pkgconfig/mapping_panel.pc'
[1.578s] Level 1:colcon.colcon_core.environment:checking '/root/dddmr_navigation/install/mapping_panel/lib/python3.10/site-packages'
[1.578s] Level 1:colcon.colcon_core.environment:checking '/root/dddmr_navigation/install/mapping_panel/bin'
[1.578s] INFO:colcon.colcon_core.shell:Creating package script '/root/dddmr_navigation/install/mapping_panel/share/mapping_panel/package.ps1'
[1.578s] INFO:colcon.colcon_core.shell:Creating package descriptor '/root/dddmr_navigation/install/mapping_panel/share/mapping_panel/package.dsv'
[1.579s] INFO:colcon.colcon_core.shell:Creating package script '/root/dddmr_navigation/install/mapping_panel/share/mapping_panel/package.sh'
[1.579s] INFO:colcon.colcon_core.shell:Creating package script '/root/dddmr_navigation/install/mapping_panel/share/mapping_panel/package.bash'
[1.579s] INFO:colcon.colcon_core.shell:Creating package script '/root/dddmr_navigation/install/mapping_panel/share/mapping_panel/package.zsh'
[1.579s] Level 1:colcon.colcon_core.environment:create_file_with_runtime_dependencies(/root/dddmr_navigation/install/mapping_panel/share/colcon-core/packages/mapping_panel)
[1.583s] DEBUG:colcon.colcon_core.event_handler.log_command:Invoking command in '/root/dddmr_navigation/build/trajectory_generators': CMAKE_PREFIX_PATH=/root/dddmr_navigation/install/base_trajectory:/root/dddmr_navigation/install/dddmr_sc_pgo:/root/dddmr_navigation/install/p2p_move_base:/root/dddmr_navigation/install/recovery_behaviors:/root/dddmr_navigation/install/local_planner:/root/dddmr_navigation/install/trajectory_generators:/root/dddmr_navigation/install/pose_graph_merge_editor_panel:/root/dddmr_navigation/install/pose_graph_editor_panel:/root/dddmr_navigation/install/perception_3d:/root/dddmr_navigation/install/mpc_critics:/root/dddmr_navigation/install/mcl_3dl:/root/dddmr_navigation/install/mapping_panel:/root/dddmr_navigation/install/map_editor_panel:/root/dddmr_navigation/install/lego_loam_bor:/root/dddmr_navigation/install/global_planner:/root/dddmr_navigation/install/fast_lio:/root/dddmr_navigation/install/dddmr_trt:/root/dddmr_navigation/install/dddmr_sys_core:/root/dddmr_navigation/install/dddmr_semantic_segmentation:/root/dddmr_navigation/install/dddmr_rviz_default_plugins:/root/dddmr_navigation/install/dddmr_odom_3d:/root/dddmr_navigation/install/dddmr_fastlio_adapter:/root/dddmr_navigation/install/dddmr_beginner_guide:/root/dddmr_navigation/install/cloud_msgs:/opt/ros/humble LD_LIBRARY_PATH=/root/dddmr_navigation/install/base_trajectory/lib:/root/dddmr_navigation/install/dddmr_sc_pgo/lib:/opt/ros/humble/opt/rviz_ogre_vendor/lib:/opt/ros/humble/lib/x86_64-linux-gnu:/opt/ros/humble/lib:/root/dddmr_navigation/install/p2p_move_base/lib:/root/dddmr_navigation/install/recovery_behaviors/lib:/root/dddmr_navigation/install/local_planner/lib:/root/dddmr_navigation/install/trajectory_generators/lib:/root/dddmr_navigation/install/pose_graph_merge_editor_panel/lib:/root/dddmr_navigation/install/pose_graph_editor_panel/lib:/root/dddmr_navigation/install/perception_3d/lib:/root/dddmr_navigation/install/mpc_critics/lib:/root/dddmr_navigation/install/mcl_3dl/lib:/root/dddmr_navigation/install/mapping_panel/lib:/root/dddmr_navigation/install/map_editor_panel/lib:/root/dddmr_navigation/install/lego_loam_bor/lib:/root/dddmr_navigation/install/global_planner/lib:/root/dddmr_navigation/install/fast_lio/lib:/root/dddmr_navigation/install/dddmr_sys_core/lib:/root/dddmr_navigation/install/dddmr_rviz_default_plugins/lib:/root/dddmr_navigation/install/cloud_msgs/lib /usr/bin/cmake /root/dddmr_navigation/src/dddmr_local_planner/trajectory_generators -DAMENT_CMAKE_SYMLINK_INSTALL=1 -DCMAKE_INSTALL_PREFIX=/root/dddmr_navigation/install/trajectory_generators
[1.584s] DEBUG:colcon.colcon_core.event_handler.log_command:Invoked command in '/root/dddmr_navigation/build/dddmr_semantic_segmentation' returned '0': CMAKE_PREFIX_PATH=${CMAKE_PREFIX_PATH}:/opt/ros/humble /usr/bin/cmake --build /root/dddmr_navigation/build/dddmr_semantic_segmentation -- -j28 -l28
[1.584s] DEBUG:colcon.colcon_core.event_handler.log_command:Invoking command in '/root/dddmr_navigation/build/dddmr_semantic_segmentation': CMAKE_PREFIX_PATH=${CMAKE_PREFIX_PATH}:/opt/ros/humble /usr/bin/cmake --install /root/dddmr_navigation/build/dddmr_semantic_segmentation
[1.597s] DEBUG:colcon.colcon_core.event_handler.log_command:Invoked command in '/root/dddmr_navigation/build/map_editor_panel' returned '0': CMAKE_PREFIX_PATH=${CMAKE_PREFIX_PATH}:/opt/ros/humble /usr/bin/cmake --build /root/dddmr_navigation/build/map_editor_panel -- -j28 -l28
[1.600s] DEBUG:colcon.colcon_core.event_handler.log_command:Invoking command in '/root/dddmr_navigation/build/map_editor_panel': CMAKE_PREFIX_PATH=${CMAKE_PREFIX_PATH}:/opt/ros/humble /usr/bin/cmake --install /root/dddmr_navigation/build/map_editor_panel
[1.601s] Level 1:colcon.colcon_core.environment:create_environment_scripts_only(dddmr_semantic_segmentation)
[1.602s] Level 1:colcon.colcon_core.environment:checking '/root/dddmr_navigation/install/dddmr_semantic_segmentation' for CMake module files
[1.602s] DEBUG:colcon.colcon_core.event_handler.log_command:Invoked command in '/root/dddmr_navigation/build/dddmr_semantic_segmentation' returned '0': CMAKE_PREFIX_PATH=${CMAKE_PREFIX_PATH}:/opt/ros/humble /usr/bin/cmake --install /root/dddmr_navigation/build/dddmr_semantic_segmentation
[1.602s] Level 1:colcon.colcon_core.environment:checking '/root/dddmr_navigation/install/dddmr_semantic_segmentation' for CMake config files
[1.603s] Level 1:colcon.colcon_core.shell:create_environment_hook('dddmr_semantic_segmentation', 'cmake_prefix_path')
[1.603s] INFO:colcon.colcon_core.shell:Creating environment hook '/root/dddmr_navigation/install/dddmr_semantic_segmentation/share/dddmr_semantic_segmentation/hook/cmake_prefix_path.ps1'
[1.604s] INFO:colcon.colcon_core.shell:Creating environment descriptor '/root/dddmr_navigation/install/dddmr_semantic_segmentation/share/dddmr_semantic_segmentation/hook/cmake_prefix_path.dsv'
[1.604s] INFO:colcon.colcon_core.shell:Creating environment hook '/root/dddmr_navigation/install/dddmr_semantic_segmentation/share/dddmr_semantic_segmentation/hook/cmake_prefix_path.sh'
[1.605s] Level 1:colcon.colcon_core.environment:checking '/root/dddmr_navigation/install/dddmr_semantic_segmentation/lib'
[1.605s] Level 1:colcon.colcon_core.environment:checking '/root/dddmr_navigation/install/dddmr_semantic_segmentation/bin'
[1.605s] Level 1:colcon.colcon_core.environment:checking '/root/dddmr_navigation/install/dddmr_semantic_segmentation/lib/pkgconfig/dddmr_semantic_segmentation.pc'
[1.605s] Level 1:colcon.colcon_core.environment:checking '/root/dddmr_navigation/install/dddmr_semantic_segmentation/lib/python3.10/site-packages'
[1.606s] Level 1:colcon.colcon_core.environment:checking '/root/dddmr_navigation/install/dddmr_semantic_segmentation/bin'
[1.606s] INFO:colcon.colcon_core.shell:Creating package script '/root/dddmr_navigation/install/dddmr_semantic_segmentation/share/dddmr_semantic_segmentation/package.ps1'
[1.607s] INFO:colcon.colcon_core.shell:Creating package descriptor '/root/dddmr_navigation/install/dddmr_semantic_segmentation/share/dddmr_semantic_segmentation/package.dsv'
[1.608s] INFO:colcon.colcon_core.shell:Creating package script '/root/dddmr_navigation/install/dddmr_semantic_segmentation/share/dddmr_semantic_segmentation/package.sh'
[1.608s] INFO:colcon.colcon_core.shell:Creating package script '/root/dddmr_navigation/install/dddmr_semantic_segmentation/share/dddmr_semantic_segmentation/package.bash'
[1.608s] INFO:colcon.colcon_core.shell:Creating package script '/root/dddmr_navigation/install/dddmr_semantic_segmentation/share/dddmr_semantic_segmentation/package.zsh'
[1.608s] Level 1:colcon.colcon_core.environment:create_file_with_runtime_dependencies(/root/dddmr_navigation/install/dddmr_semantic_segmentation/share/colcon-core/packages/dddmr_semantic_segmentation)
[1.609s] Level 1:colcon.colcon_core.environment:create_environment_scripts_only(dddmr_semantic_segmentation)
[1.609s] Level 1:colcon.colcon_core.environment:checking '/root/dddmr_navigation/install/dddmr_semantic_segmentation' for CMake module files
[1.609s] Level 1:colcon.colcon_core.environment:checking '/root/dddmr_navigation/install/dddmr_semantic_segmentation' for CMake config files
[1.609s] Level 1:colcon.colcon_core.shell:create_environment_hook('dddmr_semantic_segmentation', 'cmake_prefix_path')
[1.609s] INFO:colcon.colcon_core.shell:Creating environment hook '/root/dddmr_navigation/install/dddmr_semantic_segmentation/share/dddmr_semantic_segmentation/hook/cmake_prefix_path.ps1'
[1.610s] INFO:colcon.colcon_core.shell:Creating environment descriptor '/root/dddmr_navigation/install/dddmr_semantic_segmentation/share/dddmr_semantic_segmentation/hook/cmake_prefix_path.dsv'
[1.610s] INFO:colcon.colcon_core.shell:Creating environment hook '/root/dddmr_navigation/install/dddmr_semantic_segmentation/share/dddmr_semantic_segmentation/hook/cmake_prefix_path.sh'
[1.610s] Level 1:colcon.colcon_core.environment:checking '/root/dddmr_navigation/install/dddmr_semantic_segmentation/lib'
[1.610s] Level 1:colcon.colcon_core.environment:checking '/root/dddmr_navigation/install/dddmr_semantic_segmentation/bin'
[1.610s] Level 1:colcon.colcon_core.environment:checking '/root/dddmr_navigation/install/dddmr_semantic_segmentation/lib/pkgconfig/dddmr_semantic_segmentation.pc'
[1.610s] Level 1:colcon.colcon_core.environment:checking '/root/dddmr_navigation/install/dddmr_semantic_segmentation/lib/python3.10/site-packages'
[1.611s] Level 1:colcon.colcon_core.environment:checking '/root/dddmr_navigation/install/dddmr_semantic_segmentation/bin'
[1.611s] INFO:colcon.colcon_core.shell:Creating package script '/root/dddmr_navigation/install/dddmr_semantic_segmentation/share/dddmr_semantic_segmentation/package.ps1'
[1.611s] INFO:colcon.colcon_core.shell:Creating package descriptor '/root/dddmr_navigation/install/dddmr_semantic_segmentation/share/dddmr_semantic_segmentation/package.dsv'
[1.611s] INFO:colcon.colcon_core.shell:Creating package script '/root/dddmr_navigation/install/dddmr_semantic_segmentation/share/dddmr_semantic_segmentation/package.sh'
[1.612s] INFO:colcon.colcon_core.shell:Creating package script '/root/dddmr_navigation/install/dddmr_semantic_segmentation/share/dddmr_semantic_segmentation/package.bash'
[1.612s] INFO:colcon.colcon_core.shell:Creating package script '/root/dddmr_navigation/install/dddmr_semantic_segmentation/share/dddmr_semantic_segmentation/package.zsh'
[1.612s] Level 1:colcon.colcon_core.environment:create_file_with_runtime_dependencies(/root/dddmr_navigation/install/dddmr_semantic_segmentation/share/colcon-core/packages/dddmr_semantic_segmentation)
[1.613s] DEBUG:colcon.colcon_core.event_handler.log_command:Invoked command in '/root/dddmr_navigation/build/dddmr_sc_pgo' returned '0': CMAKE_PREFIX_PATH=${CMAKE_PREFIX_PATH}:/opt/ros/humble /usr/bin/cmake /root/dddmr_navigation/src/dddmr_sc_pgo -DAMENT_CMAKE_SYMLINK_INSTALL=1 -DCMAKE_INSTALL_PREFIX=/root/dddmr_navigation/install/dddmr_sc_pgo
[1.614s] DEBUG:colcon.colcon_core.event_handler.log_command:Invoking command in '/root/dddmr_navigation/build/dddmr_sc_pgo': CMAKE_PREFIX_PATH=${CMAKE_PREFIX_PATH}:/opt/ros/humble /usr/bin/cmake --build /root/dddmr_navigation/build/dddmr_sc_pgo -- -j28 -l28
[1.619s] Level 1:colcon.colcon_core.environment:create_environment_scripts_only(map_editor_panel)
[1.620s] Level 1:colcon.colcon_core.environment:checking '/root/dddmr_navigation/install/map_editor_panel' for CMake module files
[1.620s] DEBUG:colcon.colcon_core.event_handler.log_command:Invoked command in '/root/dddmr_navigation/build/map_editor_panel' returned '0': CMAKE_PREFIX_PATH=${CMAKE_PREFIX_PATH}:/opt/ros/humble /usr/bin/cmake --install /root/dddmr_navigation/build/map_editor_panel
[1.620s] Level 1:colcon.colcon_core.environment:checking '/root/dddmr_navigation/install/map_editor_panel' for CMake config files
[1.621s] Level 1:colcon.colcon_core.shell:create_environment_hook('map_editor_panel', 'cmake_prefix_path')
[1.621s] INFO:colcon.colcon_core.shell:Creating environment hook '/root/dddmr_navigation/install/map_editor_panel/share/map_editor_panel/hook/cmake_prefix_path.ps1'
[1.621s] INFO:colcon.colcon_core.shell:Creating environment descriptor '/root/dddmr_navigation/install/map_editor_panel/share/map_editor_panel/hook/cmake_prefix_path.dsv'
[1.622s] INFO:colcon.colcon_core.shell:Creating environment hook '/root/dddmr_navigation/install/map_editor_panel/share/map_editor_panel/hook/cmake_prefix_path.sh'
[1.622s] Level 1:colcon.colcon_core.environment:checking '/root/dddmr_navigation/install/map_editor_panel/lib'
[1.623s] Level 1:colcon.colcon_core.shell:create_environment_hook('map_editor_panel', 'ld_library_path_lib')
[1.623s] INFO:colcon.colcon_core.shell:Creating environment hook '/root/dddmr_navigation/install/map_editor_panel/share/map_editor_panel/hook/ld_library_path_lib.ps1'
[1.623s] INFO:colcon.colcon_core.shell:Creating environment descriptor '/root/dddmr_navigation/install/map_editor_panel/share/map_editor_panel/hook/ld_library_path_lib.dsv'
[1.623s] INFO:colcon.colcon_core.shell:Creating environment hook '/root/dddmr_navigation/install/map_editor_panel/share/map_editor_panel/hook/ld_library_path_lib.sh'
[1.624s] Level 1:colcon.colcon_core.environment:checking '/root/dddmr_navigation/install/map_editor_panel/bin'
[1.624s] Level 1:colcon.colcon_core.environment:checking '/root/dddmr_navigation/install/map_editor_panel/lib/pkgconfig/map_editor_panel.pc'
[1.624s] Level 1:colcon.colcon_core.environment:checking '/root/dddmr_navigation/install/map_editor_panel/lib/python3.10/site-packages'
[1.624s] Level 1:colcon.colcon_core.environment:checking '/root/dddmr_navigation/install/map_editor_panel/bin'
[1.625s] INFO:colcon.colcon_core.shell:Creating package script '/root/dddmr_navigation/install/map_editor_panel/share/map_editor_panel/package.ps1'
[1.625s] INFO:colcon.colcon_core.shell:Creating package descriptor '/root/dddmr_navigation/install/map_editor_panel/share/map_editor_panel/package.dsv'
[1.626s] INFO:colcon.colcon_core.shell:Creating package script '/root/dddmr_navigation/install/map_editor_panel/share/map_editor_panel/package.sh'
[1.626s] INFO:colcon.colcon_core.shell:Creating package script '/root/dddmr_navigation/install/map_editor_panel/share/map_editor_panel/package.bash'
[1.626s] INFO:colcon.colcon_core.shell:Creating package script '/root/dddmr_navigation/install/map_editor_panel/share/map_editor_panel/package.zsh'
[1.626s] Level 1:colcon.colcon_core.environment:create_file_with_runtime_dependencies(/root/dddmr_navigation/install/map_editor_panel/share/colcon-core/packages/map_editor_panel)
[1.626s] Level 1:colcon.colcon_core.environment:create_environment_scripts_only(map_editor_panel)
[1.626s] Level 1:colcon.colcon_core.environment:checking '/root/dddmr_navigation/install/map_editor_panel' for CMake module files
[1.627s] Level 1:colcon.colcon_core.environment:checking '/root/dddmr_navigation/install/map_editor_panel' for CMake config files
[1.627s] Level 1:colcon.colcon_core.shell:create_environment_hook('map_editor_panel', 'cmake_prefix_path')
[1.627s] INFO:colcon.colcon_core.shell:Creating environment hook '/root/dddmr_navigation/install/map_editor_panel/share/map_editor_panel/hook/cmake_prefix_path.ps1'
[1.627s] INFO:colcon.colcon_core.shell:Creating environment descriptor '/root/dddmr_navigation/install/map_editor_panel/share/map_editor_panel/hook/cmake_prefix_path.dsv'
[1.627s] INFO:colcon.colcon_core.shell:Creating environment hook '/root/dddmr_navigation/install/map_editor_panel/share/map_editor_panel/hook/cmake_prefix_path.sh'
[1.628s] Level 1:colcon.colcon_core.environment:checking '/root/dddmr_navigation/install/map_editor_panel/lib'
[1.628s] Level 1:colcon.colcon_core.shell:create_environment_hook('map_editor_panel', 'ld_library_path_lib')
[1.628s] INFO:colcon.colcon_core.shell:Creating environment hook '/root/dddmr_navigation/install/map_editor_panel/share/map_editor_panel/hook/ld_library_path_lib.ps1'
[1.628s] INFO:colcon.colcon_core.shell:Creating environment descriptor '/root/dddmr_navigation/install/map_editor_panel/share/map_editor_panel/hook/ld_library_path_lib.dsv'
[1.628s] INFO:colcon.colcon_core.shell:Creating environment hook '/root/dddmr_navigation/install/map_editor_panel/share/map_editor_panel/hook/ld_library_path_lib.sh'
[1.628s] Level 1:colcon.colcon_core.environment:checking '/root/dddmr_navigation/install/map_editor_panel/bin'
[1.628s] Level 1:colcon.colcon_core.environment:checking '/root/dddmr_navigation/install/map_editor_panel/lib/pkgconfig/map_editor_panel.pc'
[1.628s] Level 1:colcon.colcon_core.environment:checking '/root/dddmr_navigation/install/map_editor_panel/lib/python3.10/site-packages'
[1.629s] Level 1:colcon.colcon_core.environment:checking '/root/dddmr_navigation/install/map_editor_panel/bin'
[1.629s] INFO:colcon.colcon_core.shell:Creating package script '/root/dddmr_navigation/install/map_editor_panel/share/map_editor_panel/package.ps1'
[1.629s] INFO:colcon.colcon_core.shell:Creating package descriptor '/root/dddmr_navigation/install/map_editor_panel/share/map_editor_panel/package.dsv'
[1.629s] INFO:colcon.colcon_core.shell:Creating package script '/root/dddmr_navigation/install/map_editor_panel/share/map_editor_panel/package.sh'
[1.630s] INFO:colcon.colcon_core.shell:Creating package script '/root/dddmr_navigation/install/map_editor_panel/share/map_editor_panel/package.bash'
[1.630s] INFO:colcon.colcon_core.shell:Creating package script '/root/dddmr_navigation/install/map_editor_panel/share/map_editor_panel/package.zsh'
[1.630s] Level 1:colcon.colcon_core.environment:create_file_with_runtime_dependencies(/root/dddmr_navigation/install/map_editor_panel/share/colcon-core/packages/map_editor_panel)
[1.681s] DEBUG:colcon.colcon_core.event_handler.log_command:Invoked command in '/root/dddmr_navigation/build/dddmr_rviz_default_plugins' returned '0': CMAKE_PREFIX_PATH=${CMAKE_PREFIX_PATH}:/opt/ros/humble /usr/bin/cmake /root/dddmr_navigation/src/dddmr_rviz_tools/dddmr_rviz_default_plugins -DAMENT_CMAKE_SYMLINK_INSTALL=1 -DCMAKE_INSTALL_PREFIX=/root/dddmr_navigation/install/dddmr_rviz_default_plugins
[1.683s] DEBUG:colcon.colcon_core.event_handler.log_command:Invoking command in '/root/dddmr_navigation/build/dddmr_rviz_default_plugins': CMAKE_PREFIX_PATH=${CMAKE_PREFIX_PATH}:/opt/ros/humble /usr/bin/cmake --build /root/dddmr_navigation/build/dddmr_rviz_default_plugins -- -j28 -l28
[1.692s] DEBUG:colcon.colcon_core.event_handler.log_command:Invoked command in '/root/dddmr_navigation/build/cloud_msgs' returned '0': CMAKE_PREFIX_PATH=${CMAKE_PREFIX_PATH}:/opt/ros/humble /usr/bin/cmake --build /root/dddmr_navigation/build/cloud_msgs -- -j28 -l28
[1.693s] DEBUG:colcon.colcon_core.event_handler.log_command:Invoking command in '/root/dddmr_navigation/build/cloud_msgs': CMAKE_PREFIX_PATH=${CMAKE_PREFIX_PATH}:/opt/ros/humble /usr/bin/cmake --install /root/dddmr_navigation/build/cloud_msgs
[1.728s] DEBUG:colcon.colcon_core.event_handler.log_command:Invoked command in '/root/dddmr_navigation/build/dddmr_sys_core' returned '0': CMAKE_PREFIX_PATH=${CMAKE_PREFIX_PATH}:/opt/ros/humble /usr/bin/cmake /root/dddmr_navigation/src/dddmr_sys_core -DAMENT_CMAKE_SYMLINK_INSTALL=1 -DCMAKE_INSTALL_PREFIX=/root/dddmr_navigation/install/dddmr_sys_core
[1.729s] DEBUG:colcon.colcon_core.event_handler.log_command:Invoking command in '/root/dddmr_navigation/build/dddmr_sys_core': CMAKE_PREFIX_PATH=${CMAKE_PREFIX_PATH}:/opt/ros/humble /usr/bin/cmake --build /root/dddmr_navigation/build/dddmr_sys_core -- -j28 -l28
[1.749s] Level 1:colcon.colcon_core.environment:create_environment_scripts_only(cloud_msgs)
[1.750s] Level 1:colcon.colcon_core.environment:checking '/root/dddmr_navigation/install/cloud_msgs' for CMake module files
[1.750s] DEBUG:colcon.colcon_core.event_handler.log_command:Invoked command in '/root/dddmr_navigation/build/cloud_msgs' returned '0': CMAKE_PREFIX_PATH=${CMAKE_PREFIX_PATH}:/opt/ros/humble /usr/bin/cmake --install /root/dddmr_navigation/build/cloud_msgs
[1.750s] Level 1:colcon.colcon_core.environment:checking '/root/dddmr_navigation/install/cloud_msgs' for CMake config files
[1.751s] Level 1:colcon.colcon_core.shell:create_environment_hook('cloud_msgs', 'cmake_prefix_path')
[1.751s] INFO:colcon.colcon_core.shell:Creating environment hook '/root/dddmr_navigation/install/cloud_msgs/share/cloud_msgs/hook/cmake_prefix_path.ps1'
[1.752s] INFO:colcon.colcon_core.shell:Creating environment descriptor '/root/dddmr_navigation/install/cloud_msgs/share/cloud_msgs/hook/cmake_prefix_path.dsv'
[1.752s] INFO:colcon.colcon_core.shell:Creating environment hook '/root/dddmr_navigation/install/cloud_msgs/share/cloud_msgs/hook/cmake_prefix_path.sh'
[1.753s] Level 1:colcon.colcon_core.environment:checking '/root/dddmr_navigation/install/cloud_msgs/lib'
[1.753s] Level 1:colcon.colcon_core.shell:create_environment_hook('cloud_msgs', 'ld_library_path_lib')
[1.753s] INFO:colcon.colcon_core.shell:Creating environment hook '/root/dddmr_navigation/install/cloud_msgs/share/cloud_msgs/hook/ld_library_path_lib.ps1'
[1.753s] INFO:colcon.colcon_core.shell:Creating environment descriptor '/root/dddmr_navigation/install/cloud_msgs/share/cloud_msgs/hook/ld_library_path_lib.dsv'
[1.753s] INFO:colcon.colcon_core.shell:Creating environment hook '/root/dddmr_navigation/install/cloud_msgs/share/cloud_msgs/hook/ld_library_path_lib.sh'
[1.754s] Level 1:colcon.colcon_core.environment:checking '/root/dddmr_navigation/install/cloud_msgs/bin'
[1.754s] Level 1:colcon.colcon_core.environment:checking '/root/dddmr_navigation/install/cloud_msgs/lib/pkgconfig/cloud_msgs.pc'
[1.754s] Level 1:colcon.colcon_core.environment:checking '/root/dddmr_navigation/install/cloud_msgs/lib/python3.10/site-packages'
[1.754s] Level 1:colcon.colcon_core.environment:checking '/root/dddmr_navigation/install/cloud_msgs/bin'
[1.755s] INFO:colcon.colcon_core.shell:Creating package script '/root/dddmr_navigation/install/cloud_msgs/share/cloud_msgs/package.ps1'
[1.755s] INFO:colcon.colcon_core.shell:Creating package descriptor '/root/dddmr_navigation/install/cloud_msgs/share/cloud_msgs/package.dsv'
[1.755s] INFO:colcon.colcon_core.shell:Creating package script '/root/dddmr_navigation/install/cloud_msgs/share/cloud_msgs/package.sh'
[1.756s] INFO:colcon.colcon_core.shell:Creating package script '/root/dddmr_navigation/install/cloud_msgs/share/cloud_msgs/package.bash'
[1.756s] INFO:colcon.colcon_core.shell:Creating package script '/root/dddmr_navigation/install/cloud_msgs/share/cloud_msgs/package.zsh'
[1.756s] Level 1:colcon.colcon_core.environment:create_file_with_runtime_dependencies(/root/dddmr_navigation/install/cloud_msgs/share/colcon-core/packages/cloud_msgs)
[1.757s] Level 1:colcon.colcon_core.environment:create_environment_scripts_only(cloud_msgs)
[1.757s] Level 1:colcon.colcon_core.environment:checking '/root/dddmr_navigation/install/cloud_msgs' for CMake module files
[1.758s] Level 1:colcon.colcon_core.environment:checking '/root/dddmr_navigation/install/cloud_msgs' for CMake config files
[1.758s] Level 1:colcon.colcon_core.shell:create_environment_hook('cloud_msgs', 'cmake_prefix_path')
[1.758s] INFO:colcon.colcon_core.shell:Creating environment hook '/root/dddmr_navigation/install/cloud_msgs/share/cloud_msgs/hook/cmake_prefix_path.ps1'
[1.759s] INFO:colcon.colcon_core.shell:Creating environment descriptor '/root/dddmr_navigation/install/cloud_msgs/share/cloud_msgs/hook/cmake_prefix_path.dsv'
[1.759s] INFO:colcon.colcon_core.shell:Creating environment hook '/root/dddmr_navigation/install/cloud_msgs/share/cloud_msgs/hook/cmake_prefix_path.sh'
[1.760s] Level 1:colcon.colcon_core.environment:checking '/root/dddmr_navigation/install/cloud_msgs/lib'
[1.760s] Level 1:colcon.colcon_core.shell:create_environment_hook('cloud_msgs', 'ld_library_path_lib')
[1.760s] INFO:colcon.colcon_core.shell:Creating environment hook '/root/dddmr_navigation/install/cloud_msgs/share/cloud_msgs/hook/ld_library_path_lib.ps1'
[1.760s] INFO:colcon.colcon_core.shell:Creating environment descriptor '/root/dddmr_navigation/install/cloud_msgs/share/cloud_msgs/hook/ld_library_path_lib.dsv'
[1.760s] INFO:colcon.colcon_core.shell:Creating environment hook '/root/dddmr_navigation/install/cloud_msgs/share/cloud_msgs/hook/ld_library_path_lib.sh'
[1.761s] Level 1:colcon.colcon_core.environment:checking '/root/dddmr_navigation/install/cloud_msgs/bin'
[1.761s] Level 1:colcon.colcon_core.environment:checking '/root/dddmr_navigation/install/cloud_msgs/lib/pkgconfig/cloud_msgs.pc'
[1.761s] Level 1:colcon.colcon_core.environment:checking '/root/dddmr_navigation/install/cloud_msgs/lib/python3.10/site-packages'
[1.761s] Level 1:colcon.colcon_core.environment:checking '/root/dddmr_navigation/install/cloud_msgs/bin'
[1.761s] INFO:colcon.colcon_core.shell:Creating package script '/root/dddmr_navigation/install/cloud_msgs/share/cloud_msgs/package.ps1'
[1.762s] INFO:colcon.colcon_core.shell:Creating package descriptor '/root/dddmr_navigation/install/cloud_msgs/share/cloud_msgs/package.dsv'
[1.763s] INFO:colcon.colcon_core.shell:Creating package script '/root/dddmr_navigation/install/cloud_msgs/share/cloud_msgs/package.sh'
[1.763s] INFO:colcon.colcon_core.shell:Creating package script '/root/dddmr_navigation/install/cloud_msgs/share/cloud_msgs/package.bash'
[1.764s] INFO:colcon.colcon_core.shell:Creating package script '/root/dddmr_navigation/install/cloud_msgs/share/cloud_msgs/package.zsh'
[1.764s] Level 1:colcon.colcon_core.environment:create_file_with_runtime_dependencies(/root/dddmr_navigation/install/cloud_msgs/share/colcon-core/packages/cloud_msgs)
[1.764s] INFO:colcon.colcon_ros.task.ament_cmake.build:Building ROS package in '/root/dddmr_navigation/src/dddmr_mcl_3dl' with build type 'ament_cmake'
[1.764s] INFO:colcon.colcon_cmake.task.cmake.build:Building CMake package in '/root/dddmr_navigation/src/dddmr_mcl_3dl'
[1.765s] INFO:colcon.colcon_core.shell:Skip shell extension 'powershell' for command environment: Not usable outside of PowerShell
[1.765s] DEBUG:colcon.colcon_core.shell:Skip shell extension 'dsv' for command environment
[1.778s] DEBUG:colcon.colcon_core.event_handler.log_command:Invoking command in '/root/dddmr_navigation/build/mcl_3dl': CMAKE_PREFIX_PATH=/root/dddmr_navigation/install/cloud_msgs:/root/dddmr_navigation/install/dddmr_sc_pgo:/root/dddmr_navigation/install/p2p_move_base:/root/dddmr_navigation/install/recovery_behaviors:/root/dddmr_navigation/install/local_planner:/root/dddmr_navigation/install/trajectory_generators:/root/dddmr_navigation/install/pose_graph_merge_editor_panel:/root/dddmr_navigation/install/pose_graph_editor_panel:/root/dddmr_navigation/install/perception_3d:/root/dddmr_navigation/install/mpc_critics:/root/dddmr_navigation/install/mcl_3dl:/root/dddmr_navigation/install/mapping_panel:/root/dddmr_navigation/install/map_editor_panel:/root/dddmr_navigation/install/lego_loam_bor:/root/dddmr_navigation/install/global_planner:/root/dddmr_navigation/install/fast_lio:/root/dddmr_navigation/install/dddmr_trt:/root/dddmr_navigation/install/dddmr_sys_core:/root/dddmr_navigation/install/dddmr_semantic_segmentation:/root/dddmr_navigation/install/dddmr_rviz_default_plugins:/root/dddmr_navigation/install/dddmr_odom_3d:/root/dddmr_navigation/install/dddmr_fastlio_adapter:/root/dddmr_navigation/install/dddmr_beginner_guide:/root/dddmr_navigation/install/base_trajectory:/opt/ros/humble LD_LIBRARY_PATH=/root/dddmr_navigation/install/cloud_msgs/lib:/root/dddmr_navigation/install/dddmr_sc_pgo/lib:/opt/ros/humble/opt/rviz_ogre_vendor/lib:/opt/ros/humble/lib/x86_64-linux-gnu:/opt/ros/humble/lib:/root/dddmr_navigation/install/p2p_move_base/lib:/root/dddmr_navigation/install/recovery_behaviors/lib:/root/dddmr_navigation/install/local_planner/lib:/root/dddmr_navigation/install/trajectory_generators/lib:/root/dddmr_navigation/install/pose_graph_merge_editor_panel/lib:/root/dddmr_navigation/install/pose_graph_editor_panel/lib:/root/dddmr_navigation/install/perception_3d/lib:/root/dddmr_navigation/install/mpc_critics/lib:/root/dddmr_navigation/install/mcl_3dl/lib:/root/dddmr_navigation/install/mapping_panel/lib:/root/dddmr_navigation/install/map_editor_panel/lib:/root/dddmr_navigation/install/lego_loam_bor/lib:/root/dddmr_navigation/install/global_planner/lib:/root/dddmr_navigation/install/fast_lio/lib:/root/dddmr_navigation/install/dddmr_sys_core/lib:/root/dddmr_navigation/install/dddmr_rviz_default_plugins/lib:/root/dddmr_navigation/install/base_trajectory/lib /usr/bin/cmake /root/dddmr_navigation/src/dddmr_mcl_3dl -DAMENT_CMAKE_SYMLINK_INSTALL=1 -DCMAKE_INSTALL_PREFIX=/root/dddmr_navigation/install/mcl_3dl
[1.779s] DEBUG:colcon.colcon_core.event_handler.log_command:Invoked command in '/root/dddmr_navigation/build/dddmr_rviz_default_plugins' returned '0': CMAKE_PREFIX_PATH=${CMAKE_PREFIX_PATH}:/opt/ros/humble /usr/bin/cmake --build /root/dddmr_navigation/build/dddmr_rviz_default_plugins -- -j28 -l28
[1.780s] DEBUG:colcon.colcon_core.event_handler.log_command:Invoking command in '/root/dddmr_navigation/build/dddmr_rviz_default_plugins': CMAKE_PREFIX_PATH=${CMAKE_PREFIX_PATH}:/opt/ros/humble /usr/bin/cmake --install /root/dddmr_navigation/build/dddmr_rviz_default_plugins
[1.798s] Level 1:colcon.colcon_core.environment:create_environment_scripts_only(dddmr_rviz_default_plugins)
[1.799s] Level 1:colcon.colcon_core.environment:checking '/root/dddmr_navigation/install/dddmr_rviz_default_plugins' for CMake module files
[1.799s] DEBUG:colcon.colcon_core.event_handler.log_command:Invoked command in '/root/dddmr_navigation/build/dddmr_rviz_default_plugins' returned '0': CMAKE_PREFIX_PATH=${CMAKE_PREFIX_PATH}:/opt/ros/humble /usr/bin/cmake --install /root/dddmr_navigation/build/dddmr_rviz_default_plugins
[1.799s] Level 1:colcon.colcon_core.environment:checking '/root/dddmr_navigation/install/dddmr_rviz_default_plugins' for CMake config files
[1.800s] Level 1:colcon.colcon_core.shell:create_environment_hook('dddmr_rviz_default_plugins', 'cmake_prefix_path')
[1.800s] INFO:colcon.colcon_core.shell:Creating environment hook '/root/dddmr_navigation/install/dddmr_rviz_default_plugins/share/dddmr_rviz_default_plugins/hook/cmake_prefix_path.ps1'
[1.801s] INFO:colcon.colcon_core.shell:Creating environment descriptor '/root/dddmr_navigation/install/dddmr_rviz_default_plugins/share/dddmr_rviz_default_plugins/hook/cmake_prefix_path.dsv'
[1.801s] INFO:colcon.colcon_core.shell:Creating environment hook '/root/dddmr_navigation/install/dddmr_rviz_default_plugins/share/dddmr_rviz_default_plugins/hook/cmake_prefix_path.sh'
[1.802s] Level 1:colcon.colcon_core.environment:checking '/root/dddmr_navigation/install/dddmr_rviz_default_plugins/lib'
[1.802s] Level 1:colcon.colcon_core.shell:create_environment_hook('dddmr_rviz_default_plugins', 'ld_library_path_lib')
[1.802s] INFO:colcon.colcon_core.shell:Creating environment hook '/root/dddmr_navigation/install/dddmr_rviz_default_plugins/share/dddmr_rviz_default_plugins/hook/ld_library_path_lib.ps1'
[1.802s] INFO:colcon.colcon_core.shell:Creating environment descriptor '/root/dddmr_navigation/install/dddmr_rviz_default_plugins/share/dddmr_rviz_default_plugins/hook/ld_library_path_lib.dsv'
[1.803s] INFO:colcon.colcon_core.shell:Creating environment hook '/root/dddmr_navigation/install/dddmr_rviz_default_plugins/share/dddmr_rviz_default_plugins/hook/ld_library_path_lib.sh'
[1.803s] Level 1:colcon.colcon_core.environment:checking '/root/dddmr_navigation/install/dddmr_rviz_default_plugins/bin'
[1.803s] Level 1:colcon.colcon_core.environment:checking '/root/dddmr_navigation/install/dddmr_rviz_default_plugins/lib/pkgconfig/dddmr_rviz_default_plugins.pc'
[1.804s] Level 1:colcon.colcon_core.environment:checking '/root/dddmr_navigation/install/dddmr_rviz_default_plugins/lib/python3.10/site-packages'
[1.804s] Level 1:colcon.colcon_core.environment:checking '/root/dddmr_navigation/install/dddmr_rviz_default_plugins/bin'
[1.804s] INFO:colcon.colcon_core.shell:Creating package script '/root/dddmr_navigation/install/dddmr_rviz_default_plugins/share/dddmr_rviz_default_plugins/package.ps1'
[1.804s] INFO:colcon.colcon_core.shell:Creating package descriptor '/root/dddmr_navigation/install/dddmr_rviz_default_plugins/share/dddmr_rviz_default_plugins/package.dsv'
[1.805s] INFO:colcon.colcon_core.shell:Creating package script '/root/dddmr_navigation/install/dddmr_rviz_default_plugins/share/dddmr_rviz_default_plugins/package.sh'
[1.805s] INFO:colcon.colcon_core.shell:Creating package script '/root/dddmr_navigation/install/dddmr_rviz_default_plugins/share/dddmr_rviz_default_plugins/package.bash'
[1.805s] INFO:colcon.colcon_core.shell:Creating package script '/root/dddmr_navigation/install/dddmr_rviz_default_plugins/share/dddmr_rviz_default_plugins/package.zsh'
[1.805s] Level 1:colcon.colcon_core.environment:create_file_with_runtime_dependencies(/root/dddmr_navigation/install/dddmr_rviz_default_plugins/share/colcon-core/packages/dddmr_rviz_default_plugins)
[1.805s] Level 1:colcon.colcon_core.environment:create_environment_scripts_only(dddmr_rviz_default_plugins)
[1.805s] Level 1:colcon.colcon_core.environment:checking '/root/dddmr_navigation/install/dddmr_rviz_default_plugins' for CMake module files
[1.806s] Level 1:colcon.colcon_core.environment:checking '/root/dddmr_navigation/install/dddmr_rviz_default_plugins' for CMake config files
[1.807s] Level 1:colcon.colcon_core.shell:create_environment_hook('dddmr_rviz_default_plugins', 'cmake_prefix_path')
[1.807s] INFO:colcon.colcon_core.shell:Creating environment hook '/root/dddmr_navigation/install/dddmr_rviz_default_plugins/share/dddmr_rviz_default_plugins/hook/cmake_prefix_path.ps1'
[1.807s] INFO:colcon.colcon_core.shell:Creating environment descriptor '/root/dddmr_navigation/install/dddmr_rviz_default_plugins/share/dddmr_rviz_default_plugins/hook/cmake_prefix_path.dsv'
[1.808s] INFO:colcon.colcon_core.shell:Creating environment hook '/root/dddmr_navigation/install/dddmr_rviz_default_plugins/share/dddmr_rviz_default_plugins/hook/cmake_prefix_path.sh'
[1.808s] Level 1:colcon.colcon_core.environment:checking '/root/dddmr_navigation/install/dddmr_rviz_default_plugins/lib'
[1.808s] Level 1:colcon.colcon_core.shell:create_environment_hook('dddmr_rviz_default_plugins', 'ld_library_path_lib')
[1.808s] INFO:colcon.colcon_core.shell:Creating environment hook '/root/dddmr_navigation/install/dddmr_rviz_default_plugins/share/dddmr_rviz_default_plugins/hook/ld_library_path_lib.ps1'
[1.809s] INFO:colcon.colcon_core.shell:Creating environment descriptor '/root/dddmr_navigation/install/dddmr_rviz_default_plugins/share/dddmr_rviz_default_plugins/hook/ld_library_path_lib.dsv'
[1.809s] INFO:colcon.colcon_core.shell:Creating environment hook '/root/dddmr_navigation/install/dddmr_rviz_default_plugins/share/dddmr_rviz_default_plugins/hook/ld_library_path_lib.sh'
[1.809s] Level 1:colcon.colcon_core.environment:checking '/root/dddmr_navigation/install/dddmr_rviz_default_plugins/bin'
[1.809s] Level 1:colcon.colcon_core.environment:checking '/root/dddmr_navigation/install/dddmr_rviz_default_plugins/lib/pkgconfig/dddmr_rviz_default_plugins.pc'
[1.810s] Level 1:colcon.colcon_core.environment:checking '/root/dddmr_navigation/install/dddmr_rviz_default_plugins/lib/python3.10/site-packages'
[1.810s] Level 1:colcon.colcon_core.environment:checking '/root/dddmr_navigation/install/dddmr_rviz_default_plugins/bin'
[1.810s] INFO:colcon.colcon_core.shell:Creating package script '/root/dddmr_navigation/install/dddmr_rviz_default_plugins/share/dddmr_rviz_default_plugins/package.ps1'
[1.811s] INFO:colcon.colcon_core.shell:Creating package descriptor '/root/dddmr_navigation/install/dddmr_rviz_default_plugins/share/dddmr_rviz_default_plugins/package.dsv'
[1.811s] INFO:colcon.colcon_core.shell:Creating package script '/root/dddmr_navigation/install/dddmr_rviz_default_plugins/share/dddmr_rviz_default_plugins/package.sh'
[1.812s] INFO:colcon.colcon_core.shell:Creating package script '/root/dddmr_navigation/install/dddmr_rviz_default_plugins/share/dddmr_rviz_default_plugins/package.bash'
[1.812s] INFO:colcon.colcon_core.shell:Creating package script '/root/dddmr_navigation/install/dddmr_rviz_default_plugins/share/dddmr_rviz_default_plugins/package.zsh'
[1.812s] Level 1:colcon.colcon_core.environment:create_file_with_runtime_dependencies(/root/dddmr_navigation/install/dddmr_rviz_default_plugins/share/colcon-core/packages/dddmr_rviz_default_plugins)
[1.852s] DEBUG:colcon.colcon_core.event_handler.log_command:Invoked command in '/root/dddmr_navigation/build/perception_3d' returned '0': CMAKE_PREFIX_PATH=${CMAKE_PREFIX_PATH}:/opt/ros/humble /usr/bin/cmake /root/dddmr_navigation/src/dddmr_perception_3d -DAMENT_CMAKE_SYMLINK_INSTALL=1 -DCMAKE_INSTALL_PREFIX=/root/dddmr_navigation/install/perception_3d
[1.853s] DEBUG:colcon.colcon_core.event_handler.log_command:Invoking command in '/root/dddmr_navigation/build/perception_3d': CMAKE_PREFIX_PATH=${CMAKE_PREFIX_PATH}:/opt/ros/humble /usr/bin/cmake --build /root/dddmr_navigation/build/perception_3d -- -j28 -l28
[1.936s] DEBUG:colcon.colcon_core.event_handler.log_command:Invoked command in '/root/dddmr_navigation/build/dddmr_sys_core' returned '0': CMAKE_PREFIX_PATH=${CMAKE_PREFIX_PATH}:/opt/ros/humble /usr/bin/cmake --build /root/dddmr_navigation/build/dddmr_sys_core -- -j28 -l28
[1.937s] DEBUG:colcon.colcon_core.event_handler.log_command:Invoking command in '/root/dddmr_navigation/build/dddmr_sys_core': CMAKE_PREFIX_PATH=${CMAKE_PREFIX_PATH}:/opt/ros/humble /usr/bin/cmake --install /root/dddmr_navigation/build/dddmr_sys_core
[2.005s] Level 1:colcon.colcon_core.environment:create_environment_scripts_only(dddmr_sys_core)
[2.005s] Level 1:colcon.colcon_core.environment:checking '/root/dddmr_navigation/install/dddmr_sys_core' for CMake module files
[2.006s] DEBUG:colcon.colcon_core.event_handler.log_command:Invoked command in '/root/dddmr_navigation/build/dddmr_sys_core' returned '0': CMAKE_PREFIX_PATH=${CMAKE_PREFIX_PATH}:/opt/ros/humble /usr/bin/cmake --install /root/dddmr_navigation/build/dddmr_sys_core
[2.006s] Level 1:colcon.colcon_core.environment:checking '/root/dddmr_navigation/install/dddmr_sys_core' for CMake config files
[2.007s] Level 1:colcon.colcon_core.shell:create_environment_hook('dddmr_sys_core', 'cmake_prefix_path')
[2.007s] INFO:colcon.colcon_core.shell:Creating environment hook '/root/dddmr_navigation/install/dddmr_sys_core/share/dddmr_sys_core/hook/cmake_prefix_path.ps1'
[2.008s] INFO:colcon.colcon_core.shell:Creating environment descriptor '/root/dddmr_navigation/install/dddmr_sys_core/share/dddmr_sys_core/hook/cmake_prefix_path.dsv'
[2.008s] INFO:colcon.colcon_core.shell:Creating environment hook '/root/dddmr_navigation/install/dddmr_sys_core/share/dddmr_sys_core/hook/cmake_prefix_path.sh'
[2.009s] Level 1:colcon.colcon_core.environment:checking '/root/dddmr_navigation/install/dddmr_sys_core/lib'
[2.009s] Level 1:colcon.colcon_core.shell:create_environment_hook('dddmr_sys_core', 'ld_library_path_lib')
[2.009s] INFO:colcon.colcon_core.shell:Creating environment hook '/root/dddmr_navigation/install/dddmr_sys_core/share/dddmr_sys_core/hook/ld_library_path_lib.ps1'
[2.010s] INFO:colcon.colcon_core.shell:Creating environment descriptor '/root/dddmr_navigation/install/dddmr_sys_core/share/dddmr_sys_core/hook/ld_library_path_lib.dsv'
[2.010s] INFO:colcon.colcon_core.shell:Creating environment hook '/root/dddmr_navigation/install/dddmr_sys_core/share/dddmr_sys_core/hook/ld_library_path_lib.sh'
[2.010s] Level 1:colcon.colcon_core.environment:checking '/root/dddmr_navigation/install/dddmr_sys_core/bin'
[2.010s] Level 1:colcon.colcon_core.environment:checking '/root/dddmr_navigation/install/dddmr_sys_core/lib/pkgconfig/dddmr_sys_core.pc'
[2.010s] Level 1:colcon.colcon_core.environment:checking '/root/dddmr_navigation/install/dddmr_sys_core/lib/python3.10/site-packages'
[2.011s] Level 1:colcon.colcon_core.environment:checking '/root/dddmr_navigation/install/dddmr_sys_core/bin'
[2.011s] INFO:colcon.colcon_core.shell:Creating package script '/root/dddmr_navigation/install/dddmr_sys_core/share/dddmr_sys_core/package.ps1'
[2.012s] INFO:colcon.colcon_core.shell:Creating package descriptor '/root/dddmr_navigation/install/dddmr_sys_core/share/dddmr_sys_core/package.dsv'
[2.012s] INFO:colcon.colcon_core.shell:Creating package script '/root/dddmr_navigation/install/dddmr_sys_core/share/dddmr_sys_core/package.sh'
[2.013s] INFO:colcon.colcon_core.shell:Creating package script '/root/dddmr_navigation/install/dddmr_sys_core/share/dddmr_sys_core/package.bash'
[2.013s] INFO:colcon.colcon_core.shell:Creating package script '/root/dddmr_navigation/install/dddmr_sys_core/share/dddmr_sys_core/package.zsh'
[2.013s] Level 1:colcon.colcon_core.environment:create_file_with_runtime_dependencies(/root/dddmr_navigation/install/dddmr_sys_core/share/colcon-core/packages/dddmr_sys_core)
[2.014s] Level 1:colcon.colcon_core.environment:create_environment_scripts_only(dddmr_sys_core)
[2.014s] Level 1:colcon.colcon_core.environment:checking '/root/dddmr_navigation/install/dddmr_sys_core' for CMake module files
[2.015s] Level 1:colcon.colcon_core.environment:checking '/root/dddmr_navigation/install/dddmr_sys_core' for CMake config files
[2.016s] Level 1:colcon.colcon_core.shell:create_environment_hook('dddmr_sys_core', 'cmake_prefix_path')
[2.016s] INFO:colcon.colcon_core.shell:Creating environment hook '/root/dddmr_navigation/install/dddmr_sys_core/share/dddmr_sys_core/hook/cmake_prefix_path.ps1'
[2.017s] INFO:colcon.colcon_core.shell:Creating environment descriptor '/root/dddmr_navigation/install/dddmr_sys_core/share/dddmr_sys_core/hook/cmake_prefix_path.dsv'
[2.017s] INFO:colcon.colcon_core.shell:Creating environment hook '/root/dddmr_navigation/install/dddmr_sys_core/share/dddmr_sys_core/hook/cmake_prefix_path.sh'
[2.018s] Level 1:colcon.colcon_core.environment:checking '/root/dddmr_navigation/install/dddmr_sys_core/lib'
[2.018s] Level 1:colcon.colcon_core.shell:create_environment_hook('dddmr_sys_core', 'ld_library_path_lib')
[2.018s] INFO:colcon.colcon_core.shell:Creating environment hook '/root/dddmr_navigation/install/dddmr_sys_core/share/dddmr_sys_core/hook/ld_library_path_lib.ps1'
[2.018s] INFO:colcon.colcon_core.shell:Creating environment descriptor '/root/dddmr_navigation/install/dddmr_sys_core/share/dddmr_sys_core/hook/ld_library_path_lib.dsv'
[2.019s] INFO:colcon.colcon_core.shell:Creating environment hook '/root/dddmr_navigation/install/dddmr_sys_core/share/dddmr_sys_core/hook/ld_library_path_lib.sh'
[2.019s] Level 1:colcon.colcon_core.environment:checking '/root/dddmr_navigation/install/dddmr_sys_core/bin'
[2.019s] Level 1:colcon.colcon_core.environment:checking '/root/dddmr_navigation/install/dddmr_sys_core/lib/pkgconfig/dddmr_sys_core.pc'
[2.019s] Level 1:colcon.colcon_core.environment:checking '/root/dddmr_navigation/install/dddmr_sys_core/lib/python3.10/site-packages'
[2.019s] Level 1:colcon.colcon_core.environment:checking '/root/dddmr_navigation/install/dddmr_sys_core/bin'
[2.020s] INFO:colcon.colcon_core.shell:Creating package script '/root/dddmr_navigation/install/dddmr_sys_core/share/dddmr_sys_core/package.ps1'
[2.020s] INFO:colcon.colcon_core.shell:Creating package descriptor '/root/dddmr_navigation/install/dddmr_sys_core/share/dddmr_sys_core/package.dsv'
[2.021s] INFO:colcon.colcon_core.shell:Creating package script '/root/dddmr_navigation/install/dddmr_sys_core/share/dddmr_sys_core/package.sh'
[2.021s] INFO:colcon.colcon_core.shell:Creating package script '/root/dddmr_navigation/install/dddmr_sys_core/share/dddmr_sys_core/package.bash'
[2.022s] INFO:colcon.colcon_core.shell:Creating package script '/root/dddmr_navigation/install/dddmr_sys_core/share/dddmr_sys_core/package.zsh'
[2.022s] Level 1:colcon.colcon_core.environment:create_file_with_runtime_dependencies(/root/dddmr_navigation/install/dddmr_sys_core/share/colcon-core/packages/dddmr_sys_core)
[2.022s] INFO:colcon.colcon_ros.task.ament_cmake.build:Building ROS package in '/root/dddmr_navigation/src/dddmr_lego_loam/lego_loam_bor' with build type 'ament_cmake'
[2.022s] INFO:colcon.colcon_cmake.task.cmake.build:Building CMake package in '/root/dddmr_navigation/src/dddmr_lego_loam/lego_loam_bor'
[2.023s] INFO:colcon.colcon_core.shell:Skip shell extension 'powershell' for command environment: Not usable outside of PowerShell
[2.023s] DEBUG:colcon.colcon_core.shell:Skip shell extension 'dsv' for command environment
[2.040s] DEBUG:colcon.colcon_core.event_handler.log_command:Invoking command in '/root/dddmr_navigation/build/lego_loam_bor': CMAKE_PREFIX_PATH=/root/dddmr_navigation/install/dddmr_trt:/root/dddmr_navigation/install/dddmr_sys_core:/root/dddmr_navigation/install/cloud_msgs:/root/dddmr_navigation/install/dddmr_sc_pgo:/root/dddmr_navigation/install/p2p_move_base:/root/dddmr_navigation/install/recovery_behaviors:/root/dddmr_navigation/install/local_planner:/root/dddmr_navigation/install/trajectory_generators:/root/dddmr_navigation/install/pose_graph_merge_editor_panel:/root/dddmr_navigation/install/pose_graph_editor_panel:/root/dddmr_navigation/install/perception_3d:/root/dddmr_navigation/install/mpc_critics:/root/dddmr_navigation/install/mcl_3dl:/root/dddmr_navigation/install/mapping_panel:/root/dddmr_navigation/install/map_editor_panel:/root/dddmr_navigation/install/lego_loam_bor:/root/dddmr_navigation/install/global_planner:/root/dddmr_navigation/install/fast_lio:/root/dddmr_navigation/install/dddmr_semantic_segmentation:/root/dddmr_navigation/install/dddmr_rviz_default_plugins:/root/dddmr_navigation/install/dddmr_odom_3d:/root/dddmr_navigation/install/dddmr_fastlio_adapter:/root/dddmr_navigation/install/dddmr_beginner_guide:/root/dddmr_navigation/install/base_trajectory:/opt/ros/humble LD_LIBRARY_PATH=/root/dddmr_navigation/install/dddmr_sys_core/lib:/root/dddmr_navigation/install/cloud_msgs/lib:/root/dddmr_navigation/install/dddmr_sc_pgo/lib:/opt/ros/humble/opt/rviz_ogre_vendor/lib:/opt/ros/humble/lib/x86_64-linux-gnu:/opt/ros/humble/lib:/root/dddmr_navigation/install/p2p_move_base/lib:/root/dddmr_navigation/install/recovery_behaviors/lib:/root/dddmr_navigation/install/local_planner/lib:/root/dddmr_navigation/install/trajectory_generators/lib:/root/dddmr_navigation/install/pose_graph_merge_editor_panel/lib:/root/dddmr_navigation/install/pose_graph_editor_panel/lib:/root/dddmr_navigation/install/perception_3d/lib:/root/dddmr_navigation/install/mpc_critics/lib:/root/dddmr_navigation/install/mcl_3dl/lib:/root/dddmr_navigation/install/mapping_panel/lib:/root/dddmr_navigation/install/map_editor_panel/lib:/root/dddmr_navigation/install/lego_loam_bor/lib:/root/dddmr_navigation/install/global_planner/lib:/root/dddmr_navigation/install/fast_lio/lib:/root/dddmr_navigation/install/dddmr_rviz_default_plugins/lib:/root/dddmr_navigation/install/base_trajectory/lib /usr/bin/cmake /root/dddmr_navigation/src/dddmr_lego_loam/lego_loam_bor -DAMENT_CMAKE_SYMLINK_INSTALL=1 -DCMAKE_INSTALL_PREFIX=/root/dddmr_navigation/install/lego_loam_bor
[2.099s] DEBUG:colcon.colcon_core.event_handler.log_command:Invoked command in '/root/dddmr_navigation/build/perception_3d' returned '0': CMAKE_PREFIX_PATH=${CMAKE_PREFIX_PATH}:/opt/ros/humble /usr/bin/cmake --build /root/dddmr_navigation/build/perception_3d -- -j28 -l28
[2.101s] DEBUG:colcon.colcon_core.event_handler.log_command:Invoking command in '/root/dddmr_navigation/build/perception_3d': CMAKE_PREFIX_PATH=${CMAKE_PREFIX_PATH}:/opt/ros/humble /usr/bin/cmake --install /root/dddmr_navigation/build/perception_3d
[2.121s] Level 1:colcon.colcon_core.environment:create_environment_scripts_only(perception_3d)
[2.121s] DEBUG:colcon.colcon_core.event_handler.log_command:Invoked command in '/root/dddmr_navigation/build/perception_3d' returned '0': CMAKE_PREFIX_PATH=${CMAKE_PREFIX_PATH}:/opt/ros/humble /usr/bin/cmake --install /root/dddmr_navigation/build/perception_3d
[2.122s] Level 1:colcon.colcon_core.environment:checking '/root/dddmr_navigation/install/perception_3d' for CMake module files
[2.122s] Level 1:colcon.colcon_core.environment:checking '/root/dddmr_navigation/install/perception_3d' for CMake config files
[2.123s] Level 1:colcon.colcon_core.shell:create_environment_hook('perception_3d', 'cmake_prefix_path')
[2.123s] INFO:colcon.colcon_core.shell:Creating environment hook '/root/dddmr_navigation/install/perception_3d/share/perception_3d/hook/cmake_prefix_path.ps1'
[2.124s] INFO:colcon.colcon_core.shell:Creating environment descriptor '/root/dddmr_navigation/install/perception_3d/share/perception_3d/hook/cmake_prefix_path.dsv'
[2.124s] INFO:colcon.colcon_core.shell:Creating environment hook '/root/dddmr_navigation/install/perception_3d/share/perception_3d/hook/cmake_prefix_path.sh'
[2.125s] Level 1:colcon.colcon_core.environment:checking '/root/dddmr_navigation/install/perception_3d/lib'
[2.125s] Level 1:colcon.colcon_core.shell:create_environment_hook('perception_3d', 'ld_library_path_lib')
[2.125s] INFO:colcon.colcon_core.shell:Creating environment hook '/root/dddmr_navigation/install/perception_3d/share/perception_3d/hook/ld_library_path_lib.ps1'
[2.125s] INFO:colcon.colcon_core.shell:Creating environment descriptor '/root/dddmr_navigation/install/perception_3d/share/perception_3d/hook/ld_library_path_lib.dsv'
[2.125s] INFO:colcon.colcon_core.shell:Creating environment hook '/root/dddmr_navigation/install/perception_3d/share/perception_3d/hook/ld_library_path_lib.sh'
[2.126s] Level 1:colcon.colcon_core.environment:checking '/root/dddmr_navigation/install/perception_3d/bin'
[2.126s] Level 1:colcon.colcon_core.environment:checking '/root/dddmr_navigation/install/perception_3d/lib/pkgconfig/perception_3d.pc'
[2.126s] Level 1:colcon.colcon_core.environment:checking '/root/dddmr_navigation/install/perception_3d/lib/python3.10/site-packages'
[2.126s] Level 1:colcon.colcon_core.environment:checking '/root/dddmr_navigation/install/perception_3d/bin'
[2.126s] INFO:colcon.colcon_core.shell:Creating package script '/root/dddmr_navigation/install/perception_3d/share/perception_3d/package.ps1'
[2.126s] INFO:colcon.colcon_core.shell:Creating package descriptor '/root/dddmr_navigation/install/perception_3d/share/perception_3d/package.dsv'
[2.127s] INFO:colcon.colcon_core.shell:Creating package script '/root/dddmr_navigation/install/perception_3d/share/perception_3d/package.sh'
[2.127s] INFO:colcon.colcon_core.shell:Creating package script '/root/dddmr_navigation/install/perception_3d/share/perception_3d/package.bash'
[2.127s] INFO:colcon.colcon_core.shell:Creating package script '/root/dddmr_navigation/install/perception_3d/share/perception_3d/package.zsh'
[2.127s] Level 1:colcon.colcon_core.environment:create_file_with_runtime_dependencies(/root/dddmr_navigation/install/perception_3d/share/colcon-core/packages/perception_3d)
[2.127s] Level 1:colcon.colcon_core.environment:create_environment_scripts_only(perception_3d)
[2.127s] Level 1:colcon.colcon_core.environment:checking '/root/dddmr_navigation/install/perception_3d' for CMake module files
[2.128s] Level 1:colcon.colcon_core.environment:checking '/root/dddmr_navigation/install/perception_3d' for CMake config files
[2.128s] Level 1:colcon.colcon_core.shell:create_environment_hook('perception_3d', 'cmake_prefix_path')
[2.128s] INFO:colcon.colcon_core.shell:Creating environment hook '/root/dddmr_navigation/install/perception_3d/share/perception_3d/hook/cmake_prefix_path.ps1'
[2.128s] INFO:colcon.colcon_core.shell:Creating environment descriptor '/root/dddmr_navigation/install/perception_3d/share/perception_3d/hook/cmake_prefix_path.dsv'
[2.128s] INFO:colcon.colcon_core.shell:Creating environment hook '/root/dddmr_navigation/install/perception_3d/share/perception_3d/hook/cmake_prefix_path.sh'
[2.129s] Level 1:colcon.colcon_core.environment:checking '/root/dddmr_navigation/install/perception_3d/lib'
[2.129s] Level 1:colcon.colcon_core.shell:create_environment_hook('perception_3d', 'ld_library_path_lib')
[2.129s] INFO:colcon.colcon_core.shell:Creating environment hook '/root/dddmr_navigation/install/perception_3d/share/perception_3d/hook/ld_library_path_lib.ps1'
[2.129s] INFO:colcon.colcon_core.shell:Creating environment descriptor '/root/dddmr_navigation/install/perception_3d/share/perception_3d/hook/ld_library_path_lib.dsv'
[2.129s] INFO:colcon.colcon_core.shell:Creating environment hook '/root/dddmr_navigation/install/perception_3d/share/perception_3d/hook/ld_library_path_lib.sh'
[2.129s] Level 1:colcon.colcon_core.environment:checking '/root/dddmr_navigation/install/perception_3d/bin'
[2.129s] Level 1:colcon.colcon_core.environment:checking '/root/dddmr_navigation/install/perception_3d/lib/pkgconfig/perception_3d.pc'
[2.130s] Level 1:colcon.colcon_core.environment:checking '/root/dddmr_navigation/install/perception_3d/lib/python3.10/site-packages'
[2.130s] Level 1:colcon.colcon_core.environment:checking '/root/dddmr_navigation/install/perception_3d/bin'
[2.130s] INFO:colcon.colcon_core.shell:Creating package script '/root/dddmr_navigation/install/perception_3d/share/perception_3d/package.ps1'
[2.130s] INFO:colcon.colcon_core.shell:Creating package descriptor '/root/dddmr_navigation/install/perception_3d/share/perception_3d/package.dsv'
[2.130s] INFO:colcon.colcon_core.shell:Creating package script '/root/dddmr_navigation/install/perception_3d/share/perception_3d/package.sh'
[2.131s] INFO:colcon.colcon_core.shell:Creating package script '/root/dddmr_navigation/install/perception_3d/share/perception_3d/package.bash'
[2.131s] INFO:colcon.colcon_core.shell:Creating package script '/root/dddmr_navigation/install/perception_3d/share/perception_3d/package.zsh'
[2.131s] Level 1:colcon.colcon_core.environment:create_file_with_runtime_dependencies(/root/dddmr_navigation/install/perception_3d/share/colcon-core/packages/perception_3d)
[2.131s] INFO:colcon.colcon_ros.task.ament_cmake.build:Building ROS package in '/root/dddmr_navigation/src/dddmr_global_planner' with build type 'ament_cmake'
[2.131s] INFO:colcon.colcon_cmake.task.cmake.build:Building CMake package in '/root/dddmr_navigation/src/dddmr_global_planner'
[2.131s] INFO:colcon.colcon_core.shell:Skip shell extension 'powershell' for command environment: Not usable outside of PowerShell
[2.131s] DEBUG:colcon.colcon_core.shell:Skip shell extension 'dsv' for command environment
[2.145s] DEBUG:colcon.colcon_core.event_handler.log_command:Invoking command in '/root/dddmr_navigation/build/global_planner': CMAKE_PREFIX_PATH=/root/dddmr_navigation/install/perception_3d:/root/dddmr_navigation/install/dddmr_sys_core:/root/dddmr_navigation/install/dddmr_sc_pgo:/root/dddmr_navigation/install/p2p_move_base:/root/dddmr_navigation/install/recovery_behaviors:/root/dddmr_navigation/install/local_planner:/root/dddmr_navigation/install/trajectory_generators:/root/dddmr_navigation/install/pose_graph_merge_editor_panel:/root/dddmr_navigation/install/pose_graph_editor_panel:/root/dddmr_navigation/install/mpc_critics:/root/dddmr_navigation/install/mcl_3dl:/root/dddmr_navigation/install/mapping_panel:/root/dddmr_navigation/install/map_editor_panel:/root/dddmr_navigation/install/lego_loam_bor:/root/dddmr_navigation/install/global_planner:/root/dddmr_navigation/install/fast_lio:/root/dddmr_navigation/install/dddmr_trt:/root/dddmr_navigation/install/dddmr_semantic_segmentation:/root/dddmr_navigation/install/dddmr_rviz_default_plugins:/root/dddmr_navigation/install/dddmr_odom_3d:/root/dddmr_navigation/install/dddmr_fastlio_adapter:/root/dddmr_navigation/install/dddmr_beginner_guide:/root/dddmr_navigation/install/cloud_msgs:/root/dddmr_navigation/install/base_trajectory:/opt/ros/humble LD_LIBRARY_PATH=/root/dddmr_navigation/install/perception_3d/lib:/root/dddmr_navigation/install/dddmr_sys_core/lib:/root/dddmr_navigation/install/dddmr_sc_pgo/lib:/opt/ros/humble/opt/rviz_ogre_vendor/lib:/opt/ros/humble/lib/x86_64-linux-gnu:/opt/ros/humble/lib:/root/dddmr_navigation/install/p2p_move_base/lib:/root/dddmr_navigation/install/recovery_behaviors/lib:/root/dddmr_navigation/install/local_planner/lib:/root/dddmr_navigation/install/trajectory_generators/lib:/root/dddmr_navigation/install/pose_graph_merge_editor_panel/lib:/root/dddmr_navigation/install/pose_graph_editor_panel/lib:/root/dddmr_navigation/install/mpc_critics/lib:/root/dddmr_navigation/install/mcl_3dl/lib:/root/dddmr_navigation/install/mapping_panel/lib:/root/dddmr_navigation/install/map_editor_panel/lib:/root/dddmr_navigation/install/lego_loam_bor/lib:/root/dddmr_navigation/install/global_planner/lib:/root/dddmr_navigation/install/fast_lio/lib:/root/dddmr_navigation/install/dddmr_rviz_default_plugins/lib:/root/dddmr_navigation/install/cloud_msgs/lib:/root/dddmr_navigation/install/base_trajectory/lib /usr/bin/cmake /root/dddmr_navigation/src/dddmr_global_planner -DAMENT_CMAKE_SYMLINK_INSTALL=1 -DCMAKE_INSTALL_PREFIX=/root/dddmr_navigation/install/global_planner
[2.175s] DEBUG:colcon.colcon_core.event_handler.log_command:Invoked command in '/root/dddmr_navigation/build/fast_lio' returned '0': CMAKE_PREFIX_PATH=${CMAKE_PREFIX_PATH}:/opt/ros/humble /usr/bin/cmake /root/dddmr_navigation/src/FAST_LIO -DAMENT_CMAKE_SYMLINK_INSTALL=1 -DCMAKE_INSTALL_PREFIX=/root/dddmr_navigation/install/fast_lio
[2.176s] DEBUG:colcon.colcon_core.event_handler.log_command:Invoking command in '/root/dddmr_navigation/build/fast_lio': CMAKE_PREFIX_PATH=${CMAKE_PREFIX_PATH}:/opt/ros/humble /usr/bin/cmake --build /root/dddmr_navigation/build/fast_lio -- -j28 -l28
[2.815s] DEBUG:colcon.colcon_core.event_handler.log_command:Invoked command in '/root/dddmr_navigation/build/dddmr_sc_pgo' returned '0': CMAKE_PREFIX_PATH=${CMAKE_PREFIX_PATH}:/opt/ros/humble /usr/bin/cmake --build /root/dddmr_navigation/build/dddmr_sc_pgo -- -j28 -l28
[2.815s] DEBUG:colcon.colcon_core.event_handler.log_command:Invoking command in '/root/dddmr_navigation/build/dddmr_sc_pgo': CMAKE_PREFIX_PATH=${CMAKE_PREFIX_PATH}:/opt/ros/humble /usr/bin/cmake --install /root/dddmr_navigation/build/dddmr_sc_pgo
[2.975s] DEBUG:colcon.colcon_core.event_handler.log_command:Invoked command in '/root/dddmr_navigation/build/trajectory_generators' returned '0': CMAKE_PREFIX_PATH=/root/dddmr_navigation/install/base_trajectory:/root/dddmr_navigation/install/dddmr_sc_pgo:/root/dddmr_navigation/install/p2p_move_base:/root/dddmr_navigation/install/recovery_behaviors:/root/dddmr_navigation/install/local_planner:/root/dddmr_navigation/install/trajectory_generators:/root/dddmr_navigation/install/pose_graph_merge_editor_panel:/root/dddmr_navigation/install/pose_graph_editor_panel:/root/dddmr_navigation/install/perception_3d:/root/dddmr_navigation/install/mpc_critics:/root/dddmr_navigation/install/mcl_3dl:/root/dddmr_navigation/install/mapping_panel:/root/dddmr_navigation/install/map_editor_panel:/root/dddmr_navigation/install/lego_loam_bor:/root/dddmr_navigation/install/global_planner:/root/dddmr_navigation/install/fast_lio:/root/dddmr_navigation/install/dddmr_trt:/root/dddmr_navigation/install/dddmr_sys_core:/root/dddmr_navigation/install/dddmr_semantic_segmentation:/root/dddmr_navigation/install/dddmr_rviz_default_plugins:/root/dddmr_navigation/install/dddmr_odom_3d:/root/dddmr_navigation/install/dddmr_fastlio_adapter:/root/dddmr_navigation/install/dddmr_beginner_guide:/root/dddmr_navigation/install/cloud_msgs:/opt/ros/humble LD_LIBRARY_PATH=/root/dddmr_navigation/install/base_trajectory/lib:/root/dddmr_navigation/install/dddmr_sc_pgo/lib:/opt/ros/humble/opt/rviz_ogre_vendor/lib:/opt/ros/humble/lib/x86_64-linux-gnu:/opt/ros/humble/lib:/root/dddmr_navigation/install/p2p_move_base/lib:/root/dddmr_navigation/install/recovery_behaviors/lib:/root/dddmr_navigation/install/local_planner/lib:/root/dddmr_navigation/install/trajectory_generators/lib:/root/dddmr_navigation/install/pose_graph_merge_editor_panel/lib:/root/dddmr_navigation/install/pose_graph_editor_panel/lib:/root/dddmr_navigation/install/perception_3d/lib:/root/dddmr_navigation/install/mpc_critics/lib:/root/dddmr_navigation/install/mcl_3dl/lib:/root/dddmr_navigation/install/mapping_panel/lib:/root/dddmr_navigation/install/map_editor_panel/lib:/root/dddmr_navigation/install/lego_loam_bor/lib:/root/dddmr_navigation/install/global_planner/lib:/root/dddmr_navigation/install/fast_lio/lib:/root/dddmr_navigation/install/dddmr_sys_core/lib:/root/dddmr_navigation/install/dddmr_rviz_default_plugins/lib:/root/dddmr_navigation/install/cloud_msgs/lib /usr/bin/cmake /root/dddmr_navigation/src/dddmr_local_planner/trajectory_generators -DAMENT_CMAKE_SYMLINK_INSTALL=1 -DCMAKE_INSTALL_PREFIX=/root/dddmr_navigation/install/trajectory_generators
[2.976s] DEBUG:colcon.colcon_core.event_handler.log_command:Invoking command in '/root/dddmr_navigation/build/trajectory_generators': CMAKE_PREFIX_PATH=/root/dddmr_navigation/install/base_trajectory:/root/dddmr_navigation/install/dddmr_sc_pgo:/root/dddmr_navigation/install/p2p_move_base:/root/dddmr_navigation/install/recovery_behaviors:/root/dddmr_navigation/install/local_planner:/root/dddmr_navigation/install/trajectory_generators:/root/dddmr_navigation/install/pose_graph_merge_editor_panel:/root/dddmr_navigation/install/pose_graph_editor_panel:/root/dddmr_navigation/install/perception_3d:/root/dddmr_navigation/install/mpc_critics:/root/dddmr_navigation/install/mcl_3dl:/root/dddmr_navigation/install/mapping_panel:/root/dddmr_navigation/install/map_editor_panel:/root/dddmr_navigation/install/lego_loam_bor:/root/dddmr_navigation/install/global_planner:/root/dddmr_navigation/install/fast_lio:/root/dddmr_navigation/install/dddmr_trt:/root/dddmr_navigation/install/dddmr_sys_core:/root/dddmr_navigation/install/dddmr_semantic_segmentation:/root/dddmr_navigation/install/dddmr_rviz_default_plugins:/root/dddmr_navigation/install/dddmr_odom_3d:/root/dddmr_navigation/install/dddmr_fastlio_adapter:/root/dddmr_navigation/install/dddmr_beginner_guide:/root/dddmr_navigation/install/cloud_msgs:/opt/ros/humble LD_LIBRARY_PATH=/root/dddmr_navigation/install/base_trajectory/lib:/root/dddmr_navigation/install/dddmr_sc_pgo/lib:/opt/ros/humble/opt/rviz_ogre_vendor/lib:/opt/ros/humble/lib/x86_64-linux-gnu:/opt/ros/humble/lib:/root/dddmr_navigation/install/p2p_move_base/lib:/root/dddmr_navigation/install/recovery_behaviors/lib:/root/dddmr_navigation/install/local_planner/lib:/root/dddmr_navigation/install/trajectory_generators/lib:/root/dddmr_navigation/install/pose_graph_merge_editor_panel/lib:/root/dddmr_navigation/install/pose_graph_editor_panel/lib:/root/dddmr_navigation/install/perception_3d/lib:/root/dddmr_navigation/install/mpc_critics/lib:/root/dddmr_navigation/install/mcl_3dl/lib:/root/dddmr_navigation/install/mapping_panel/lib:/root/dddmr_navigation/install/map_editor_panel/lib:/root/dddmr_navigation/install/lego_loam_bor/lib:/root/dddmr_navigation/install/global_planner/lib:/root/dddmr_navigation/install/fast_lio/lib:/root/dddmr_navigation/install/dddmr_sys_core/lib:/root/dddmr_navigation/install/dddmr_rviz_default_plugins/lib:/root/dddmr_navigation/install/cloud_msgs/lib /usr/bin/cmake --build /root/dddmr_navigation/build/trajectory_generators -- -j28 -l28
[2.981s] DEBUG:colcon.colcon_core.event_handler.log_command:Invoked command in '/root/dddmr_navigation/build/mpc_critics' returned '0': CMAKE_PREFIX_PATH=/root/dddmr_navigation/install/base_trajectory:/root/dddmr_navigation/install/dddmr_sc_pgo:/root/dddmr_navigation/install/p2p_move_base:/root/dddmr_navigation/install/recovery_behaviors:/root/dddmr_navigation/install/local_planner:/root/dddmr_navigation/install/trajectory_generators:/root/dddmr_navigation/install/pose_graph_merge_editor_panel:/root/dddmr_navigation/install/pose_graph_editor_panel:/root/dddmr_navigation/install/perception_3d:/root/dddmr_navigation/install/mpc_critics:/root/dddmr_navigation/install/mcl_3dl:/root/dddmr_navigation/install/mapping_panel:/root/dddmr_navigation/install/map_editor_panel:/root/dddmr_navigation/install/lego_loam_bor:/root/dddmr_navigation/install/global_planner:/root/dddmr_navigation/install/fast_lio:/root/dddmr_navigation/install/dddmr_trt:/root/dddmr_navigation/install/dddmr_sys_core:/root/dddmr_navigation/install/dddmr_semantic_segmentation:/root/dddmr_navigation/install/dddmr_rviz_default_plugins:/root/dddmr_navigation/install/dddmr_odom_3d:/root/dddmr_navigation/install/dddmr_fastlio_adapter:/root/dddmr_navigation/install/dddmr_beginner_guide:/root/dddmr_navigation/install/cloud_msgs:/opt/ros/humble LD_LIBRARY_PATH=/root/dddmr_navigation/install/base_trajectory/lib:/root/dddmr_navigation/install/dddmr_sc_pgo/lib:/opt/ros/humble/opt/rviz_ogre_vendor/lib:/opt/ros/humble/lib/x86_64-linux-gnu:/opt/ros/humble/lib:/root/dddmr_navigation/install/p2p_move_base/lib:/root/dddmr_navigation/install/recovery_behaviors/lib:/root/dddmr_navigation/install/local_planner/lib:/root/dddmr_navigation/install/trajectory_generators/lib:/root/dddmr_navigation/install/pose_graph_merge_editor_panel/lib:/root/dddmr_navigation/install/pose_graph_editor_panel/lib:/root/dddmr_navigation/install/perception_3d/lib:/root/dddmr_navigation/install/mpc_critics/lib:/root/dddmr_navigation/install/mcl_3dl/lib:/root/dddmr_navigation/install/mapping_panel/lib:/root/dddmr_navigation/install/map_editor_panel/lib:/root/dddmr_navigation/install/lego_loam_bor/lib:/root/dddmr_navigation/install/global_planner/lib:/root/dddmr_navigation/install/fast_lio/lib:/root/dddmr_navigation/install/dddmr_sys_core/lib:/root/dddmr_navigation/install/dddmr_rviz_default_plugins/lib:/root/dddmr_navigation/install/cloud_msgs/lib /usr/bin/cmake /root/dddmr_navigation/src/dddmr_local_planner/mpc_critics -DAMENT_CMAKE_SYMLINK_INSTALL=1 -DCMAKE_INSTALL_PREFIX=/root/dddmr_navigation/install/mpc_critics
[2.983s] DEBUG:colcon.colcon_core.event_handler.log_command:Invoking command in '/root/dddmr_navigation/build/mpc_critics': CMAKE_PREFIX_PATH=/root/dddmr_navigation/install/base_trajectory:/root/dddmr_navigation/install/dddmr_sc_pgo:/root/dddmr_navigation/install/p2p_move_base:/root/dddmr_navigation/install/recovery_behaviors:/root/dddmr_navigation/install/local_planner:/root/dddmr_navigation/install/trajectory_generators:/root/dddmr_navigation/install/pose_graph_merge_editor_panel:/root/dddmr_navigation/install/pose_graph_editor_panel:/root/dddmr_navigation/install/perception_3d:/root/dddmr_navigation/install/mpc_critics:/root/dddmr_navigation/install/mcl_3dl:/root/dddmr_navigation/install/mapping_panel:/root/dddmr_navigation/install/map_editor_panel:/root/dddmr_navigation/install/lego_loam_bor:/root/dddmr_navigation/install/global_planner:/root/dddmr_navigation/install/fast_lio:/root/dddmr_navigation/install/dddmr_trt:/root/dddmr_navigation/install/dddmr_sys_core:/root/dddmr_navigation/install/dddmr_semantic_segmentation:/root/dddmr_navigation/install/dddmr_rviz_default_plugins:/root/dddmr_navigation/install/dddmr_odom_3d:/root/dddmr_navigation/install/dddmr_fastlio_adapter:/root/dddmr_navigation/install/dddmr_beginner_guide:/root/dddmr_navigation/install/cloud_msgs:/opt/ros/humble LD_LIBRARY_PATH=/root/dddmr_navigation/install/base_trajectory/lib:/root/dddmr_navigation/install/dddmr_sc_pgo/lib:/opt/ros/humble/opt/rviz_ogre_vendor/lib:/opt/ros/humble/lib/x86_64-linux-gnu:/opt/ros/humble/lib:/root/dddmr_navigation/install/p2p_move_base/lib:/root/dddmr_navigation/install/recovery_behaviors/lib:/root/dddmr_navigation/install/local_planner/lib:/root/dddmr_navigation/install/trajectory_generators/lib:/root/dddmr_navigation/install/pose_graph_merge_editor_panel/lib:/root/dddmr_navigation/install/pose_graph_editor_panel/lib:/root/dddmr_navigation/install/perception_3d/lib:/root/dddmr_navigation/install/mpc_critics/lib:/root/dddmr_navigation/install/mcl_3dl/lib:/root/dddmr_navigation/install/mapping_panel/lib:/root/dddmr_navigation/install/map_editor_panel/lib:/root/dddmr_navigation/install/lego_loam_bor/lib:/root/dddmr_navigation/install/global_planner/lib:/root/dddmr_navigation/install/fast_lio/lib:/root/dddmr_navigation/install/dddmr_sys_core/lib:/root/dddmr_navigation/install/dddmr_rviz_default_plugins/lib:/root/dddmr_navigation/install/cloud_msgs/lib /usr/bin/cmake --build /root/dddmr_navigation/build/mpc_critics -- -j28 -l28
[3.009s] Level 1:colcon.colcon_core.environment:create_environment_scripts_only(dddmr_sc_pgo)
[3.010s] Level 1:colcon.colcon_core.environment:checking '/root/dddmr_navigation/install/dddmr_sc_pgo' for CMake module files
[3.010s] DEBUG:colcon.colcon_core.event_handler.log_command:Invoked command in '/root/dddmr_navigation/build/dddmr_sc_pgo' returned '0': CMAKE_PREFIX_PATH=${CMAKE_PREFIX_PATH}:/opt/ros/humble /usr/bin/cmake --install /root/dddmr_navigation/build/dddmr_sc_pgo
[3.010s] Level 1:colcon.colcon_core.environment:checking '/root/dddmr_navigation/install/dddmr_sc_pgo' for CMake config files
[3.011s] Level 1:colcon.colcon_core.shell:create_environment_hook('dddmr_sc_pgo', 'cmake_prefix_path')
[3.011s] INFO:colcon.colcon_core.shell:Creating environment hook '/root/dddmr_navigation/install/dddmr_sc_pgo/share/dddmr_sc_pgo/hook/cmake_prefix_path.ps1'
[3.011s] INFO:colcon.colcon_core.shell:Creating environment descriptor '/root/dddmr_navigation/install/dddmr_sc_pgo/share/dddmr_sc_pgo/hook/cmake_prefix_path.dsv'
[3.011s] INFO:colcon.colcon_core.shell:Creating environment hook '/root/dddmr_navigation/install/dddmr_sc_pgo/share/dddmr_sc_pgo/hook/cmake_prefix_path.sh'
[3.011s] Level 1:colcon.colcon_core.environment:checking '/root/dddmr_navigation/install/dddmr_sc_pgo/lib'
[3.011s] Level 1:colcon.colcon_core.shell:create_environment_hook('dddmr_sc_pgo', 'ld_library_path_lib')
[3.012s] INFO:colcon.colcon_core.shell:Creating environment hook '/root/dddmr_navigation/install/dddmr_sc_pgo/share/dddmr_sc_pgo/hook/ld_library_path_lib.ps1'
[3.012s] INFO:colcon.colcon_core.shell:Creating environment descriptor '/root/dddmr_navigation/install/dddmr_sc_pgo/share/dddmr_sc_pgo/hook/ld_library_path_lib.dsv'
[3.012s] INFO:colcon.colcon_core.shell:Creating environment hook '/root/dddmr_navigation/install/dddmr_sc_pgo/share/dddmr_sc_pgo/hook/ld_library_path_lib.sh'
[3.012s] Level 1:colcon.colcon_core.environment:checking '/root/dddmr_navigation/install/dddmr_sc_pgo/bin'
[3.012s] Level 1:colcon.colcon_core.environment:checking '/root/dddmr_navigation/install/dddmr_sc_pgo/lib/pkgconfig/dddmr_sc_pgo.pc'
[3.012s] Level 1:colcon.colcon_core.environment:checking '/root/dddmr_navigation/install/dddmr_sc_pgo/lib/python3.10/site-packages'
[3.012s] Level 1:colcon.colcon_core.environment:checking '/root/dddmr_navigation/install/dddmr_sc_pgo/bin'
[3.013s] INFO:colcon.colcon_core.shell:Creating package script '/root/dddmr_navigation/install/dddmr_sc_pgo/share/dddmr_sc_pgo/package.ps1'
[3.013s] INFO:colcon.colcon_core.shell:Creating package descriptor '/root/dddmr_navigation/install/dddmr_sc_pgo/share/dddmr_sc_pgo/package.dsv'
[3.013s] INFO:colcon.colcon_core.shell:Creating package script '/root/dddmr_navigation/install/dddmr_sc_pgo/share/dddmr_sc_pgo/package.sh'
[3.013s] INFO:colcon.colcon_core.shell:Creating package script '/root/dddmr_navigation/install/dddmr_sc_pgo/share/dddmr_sc_pgo/package.bash'
[3.013s] INFO:colcon.colcon_core.shell:Creating package script '/root/dddmr_navigation/install/dddmr_sc_pgo/share/dddmr_sc_pgo/package.zsh'
[3.014s] Level 1:colcon.colcon_core.environment:create_file_with_runtime_dependencies(/root/dddmr_navigation/install/dddmr_sc_pgo/share/colcon-core/packages/dddmr_sc_pgo)
[3.014s] Level 1:colcon.colcon_core.environment:create_environment_scripts_only(dddmr_sc_pgo)
[3.014s] Level 1:colcon.colcon_core.environment:checking '/root/dddmr_navigation/install/dddmr_sc_pgo' for CMake module files
[3.014s] Level 1:colcon.colcon_core.environment:checking '/root/dddmr_navigation/install/dddmr_sc_pgo' for CMake config files
[3.014s] Level 1:colcon.colcon_core.shell:create_environment_hook('dddmr_sc_pgo', 'cmake_prefix_path')
[3.014s] INFO:colcon.colcon_core.shell:Creating environment hook '/root/dddmr_navigation/install/dddmr_sc_pgo/share/dddmr_sc_pgo/hook/cmake_prefix_path.ps1'
[3.015s] INFO:colcon.colcon_core.shell:Creating environment descriptor '/root/dddmr_navigation/install/dddmr_sc_pgo/share/dddmr_sc_pgo/hook/cmake_prefix_path.dsv'
[3.015s] INFO:colcon.colcon_core.shell:Creating environment hook '/root/dddmr_navigation/install/dddmr_sc_pgo/share/dddmr_sc_pgo/hook/cmake_prefix_path.sh'
[3.015s] Level 1:colcon.colcon_core.environment:checking '/root/dddmr_navigation/install/dddmr_sc_pgo/lib'
[3.015s] Level 1:colcon.colcon_core.shell:create_environment_hook('dddmr_sc_pgo', 'ld_library_path_lib')
[3.015s] INFO:colcon.colcon_core.shell:Creating environment hook '/root/dddmr_navigation/install/dddmr_sc_pgo/share/dddmr_sc_pgo/hook/ld_library_path_lib.ps1'
[3.015s] INFO:colcon.colcon_core.shell:Creating environment descriptor '/root/dddmr_navigation/install/dddmr_sc_pgo/share/dddmr_sc_pgo/hook/ld_library_path_lib.dsv'
[3.016s] INFO:colcon.colcon_core.shell:Creating environment hook '/root/dddmr_navigation/install/dddmr_sc_pgo/share/dddmr_sc_pgo/hook/ld_library_path_lib.sh'
[3.016s] Level 1:colcon.colcon_core.environment:checking '/root/dddmr_navigation/install/dddmr_sc_pgo/bin'
[3.016s] Level 1:colcon.colcon_core.environment:checking '/root/dddmr_navigation/install/dddmr_sc_pgo/lib/pkgconfig/dddmr_sc_pgo.pc'
[3.016s] Level 1:colcon.colcon_core.environment:checking '/root/dddmr_navigation/install/dddmr_sc_pgo/lib/python3.10/site-packages'
[3.016s] Level 1:colcon.colcon_core.environment:checking '/root/dddmr_navigation/install/dddmr_sc_pgo/bin'
[3.016s] INFO:colcon.colcon_core.shell:Creating package script '/root/dddmr_navigation/install/dddmr_sc_pgo/share/dddmr_sc_pgo/package.ps1'
[3.017s] INFO:colcon.colcon_core.shell:Creating package descriptor '/root/dddmr_navigation/install/dddmr_sc_pgo/share/dddmr_sc_pgo/package.dsv'
[3.017s] INFO:colcon.colcon_core.shell:Creating package script '/root/dddmr_navigation/install/dddmr_sc_pgo/share/dddmr_sc_pgo/package.sh'
[3.017s] INFO:colcon.colcon_core.shell:Creating package script '/root/dddmr_navigation/install/dddmr_sc_pgo/share/dddmr_sc_pgo/package.bash'
[3.017s] INFO:colcon.colcon_core.shell:Creating package script '/root/dddmr_navigation/install/dddmr_sc_pgo/share/dddmr_sc_pgo/package.zsh'
[3.017s] Level 1:colcon.colcon_core.environment:create_file_with_runtime_dependencies(/root/dddmr_navigation/install/dddmr_sc_pgo/share/colcon-core/packages/dddmr_sc_pgo)
[3.107s] DEBUG:colcon.colcon_core.event_handler.log_command:Invoked command in '/root/dddmr_navigation/build/mcl_3dl' returned '0': CMAKE_PREFIX_PATH=/root/dddmr_navigation/install/cloud_msgs:/root/dddmr_navigation/install/dddmr_sc_pgo:/root/dddmr_navigation/install/p2p_move_base:/root/dddmr_navigation/install/recovery_behaviors:/root/dddmr_navigation/install/local_planner:/root/dddmr_navigation/install/trajectory_generators:/root/dddmr_navigation/install/pose_graph_merge_editor_panel:/root/dddmr_navigation/install/pose_graph_editor_panel:/root/dddmr_navigation/install/perception_3d:/root/dddmr_navigation/install/mpc_critics:/root/dddmr_navigation/install/mcl_3dl:/root/dddmr_navigation/install/mapping_panel:/root/dddmr_navigation/install/map_editor_panel:/root/dddmr_navigation/install/lego_loam_bor:/root/dddmr_navigation/install/global_planner:/root/dddmr_navigation/install/fast_lio:/root/dddmr_navigation/install/dddmr_trt:/root/dddmr_navigation/install/dddmr_sys_core:/root/dddmr_navigation/install/dddmr_semantic_segmentation:/root/dddmr_navigation/install/dddmr_rviz_default_plugins:/root/dddmr_navigation/install/dddmr_odom_3d:/root/dddmr_navigation/install/dddmr_fastlio_adapter:/root/dddmr_navigation/install/dddmr_beginner_guide:/root/dddmr_navigation/install/base_trajectory:/opt/ros/humble LD_LIBRARY_PATH=/root/dddmr_navigation/install/cloud_msgs/lib:/root/dddmr_navigation/install/dddmr_sc_pgo/lib:/opt/ros/humble/opt/rviz_ogre_vendor/lib:/opt/ros/humble/lib/x86_64-linux-gnu:/opt/ros/humble/lib:/root/dddmr_navigation/install/p2p_move_base/lib:/root/dddmr_navigation/install/recovery_behaviors/lib:/root/dddmr_navigation/install/local_planner/lib:/root/dddmr_navigation/install/trajectory_generators/lib:/root/dddmr_navigation/install/pose_graph_merge_editor_panel/lib:/root/dddmr_navigation/install/pose_graph_editor_panel/lib:/root/dddmr_navigation/install/perception_3d/lib:/root/dddmr_navigation/install/mpc_critics/lib:/root/dddmr_navigation/install/mcl_3dl/lib:/root/dddmr_navigation/install/mapping_panel/lib:/root/dddmr_navigation/install/map_editor_panel/lib:/root/dddmr_navigation/install/lego_loam_bor/lib:/root/dddmr_navigation/install/global_planner/lib:/root/dddmr_navigation/install/fast_lio/lib:/root/dddmr_navigation/install/dddmr_sys_core/lib:/root/dddmr_navigation/install/dddmr_rviz_default_plugins/lib:/root/dddmr_navigation/install/base_trajectory/lib /usr/bin/cmake /root/dddmr_navigation/src/dddmr_mcl_3dl -DAMENT_CMAKE_SYMLINK_INSTALL=1 -DCMAKE_INSTALL_PREFIX=/root/dddmr_navigation/install/mcl_3dl
[3.108s] DEBUG:colcon.colcon_core.event_handler.log_command:Invoking command in '/root/dddmr_navigation/build/mcl_3dl': CMAKE_PREFIX_PATH=/root/dddmr_navigation/install/cloud_msgs:/root/dddmr_navigation/install/dddmr_sc_pgo:/root/dddmr_navigation/install/p2p_move_base:/root/dddmr_navigation/install/recovery_behaviors:/root/dddmr_navigation/install/local_planner:/root/dddmr_navigation/install/trajectory_generators:/root/dddmr_navigation/install/pose_graph_merge_editor_panel:/root/dddmr_navigation/install/pose_graph_editor_panel:/root/dddmr_navigation/install/perception_3d:/root/dddmr_navigation/install/mpc_critics:/root/dddmr_navigation/install/mcl_3dl:/root/dddmr_navigation/install/mapping_panel:/root/dddmr_navigation/install/map_editor_panel:/root/dddmr_navigation/install/lego_loam_bor:/root/dddmr_navigation/install/global_planner:/root/dddmr_navigation/install/fast_lio:/root/dddmr_navigation/install/dddmr_trt:/root/dddmr_navigation/install/dddmr_sys_core:/root/dddmr_navigation/install/dddmr_semantic_segmentation:/root/dddmr_navigation/install/dddmr_rviz_default_plugins:/root/dddmr_navigation/install/dddmr_odom_3d:/root/dddmr_navigation/install/dddmr_fastlio_adapter:/root/dddmr_navigation/install/dddmr_beginner_guide:/root/dddmr_navigation/install/base_trajectory:/opt/ros/humble LD_LIBRARY_PATH=/root/dddmr_navigation/install/cloud_msgs/lib:/root/dddmr_navigation/install/dddmr_sc_pgo/lib:/opt/ros/humble/opt/rviz_ogre_vendor/lib:/opt/ros/humble/lib/x86_64-linux-gnu:/opt/ros/humble/lib:/root/dddmr_navigation/install/p2p_move_base/lib:/root/dddmr_navigation/install/recovery_behaviors/lib:/root/dddmr_navigation/install/local_planner/lib:/root/dddmr_navigation/install/trajectory_generators/lib:/root/dddmr_navigation/install/pose_graph_merge_editor_panel/lib:/root/dddmr_navigation/install/pose_graph_editor_panel/lib:/root/dddmr_navigation/install/perception_3d/lib:/root/dddmr_navigation/install/mpc_critics/lib:/root/dddmr_navigation/install/mcl_3dl/lib:/root/dddmr_navigation/install/mapping_panel/lib:/root/dddmr_navigation/install/map_editor_panel/lib:/root/dddmr_navigation/install/lego_loam_bor/lib:/root/dddmr_navigation/install/global_planner/lib:/root/dddmr_navigation/install/fast_lio/lib:/root/dddmr_navigation/install/dddmr_sys_core/lib:/root/dddmr_navigation/install/dddmr_rviz_default_plugins/lib:/root/dddmr_navigation/install/base_trajectory/lib /usr/bin/cmake --build /root/dddmr_navigation/build/mcl_3dl -- -j28 -l28
[3.182s] DEBUG:colcon.colcon_core.event_handler.log_command:Invoked command in '/root/dddmr_navigation/build/mpc_critics' returned '0': CMAKE_PREFIX_PATH=/root/dddmr_navigation/install/base_trajectory:/root/dddmr_navigation/install/dddmr_sc_pgo:/root/dddmr_navigation/install/p2p_move_base:/root/dddmr_navigation/install/recovery_behaviors:/root/dddmr_navigation/install/local_planner:/root/dddmr_navigation/install/trajectory_generators:/root/dddmr_navigation/install/pose_graph_merge_editor_panel:/root/dddmr_navigation/install/pose_graph_editor_panel:/root/dddmr_navigation/install/perception_3d:/root/dddmr_navigation/install/mpc_critics:/root/dddmr_navigation/install/mcl_3dl:/root/dddmr_navigation/install/mapping_panel:/root/dddmr_navigation/install/map_editor_panel:/root/dddmr_navigation/install/lego_loam_bor:/root/dddmr_navigation/install/global_planner:/root/dddmr_navigation/install/fast_lio:/root/dddmr_navigation/install/dddmr_trt:/root/dddmr_navigation/install/dddmr_sys_core:/root/dddmr_navigation/install/dddmr_semantic_segmentation:/root/dddmr_navigation/install/dddmr_rviz_default_plugins:/root/dddmr_navigation/install/dddmr_odom_3d:/root/dddmr_navigation/install/dddmr_fastlio_adapter:/root/dddmr_navigation/install/dddmr_beginner_guide:/root/dddmr_navigation/install/cloud_msgs:/opt/ros/humble LD_LIBRARY_PATH=/root/dddmr_navigation/install/base_trajectory/lib:/root/dddmr_navigation/install/dddmr_sc_pgo/lib:/opt/ros/humble/opt/rviz_ogre_vendor/lib:/opt/ros/humble/lib/x86_64-linux-gnu:/opt/ros/humble/lib:/root/dddmr_navigation/install/p2p_move_base/lib:/root/dddmr_navigation/install/recovery_behaviors/lib:/root/dddmr_navigation/install/local_planner/lib:/root/dddmr_navigation/install/trajectory_generators/lib:/root/dddmr_navigation/install/pose_graph_merge_editor_panel/lib:/root/dddmr_navigation/install/pose_graph_editor_panel/lib:/root/dddmr_navigation/install/perception_3d/lib:/root/dddmr_navigation/install/mpc_critics/lib:/root/dddmr_navigation/install/mcl_3dl/lib:/root/dddmr_navigation/install/mapping_panel/lib:/root/dddmr_navigation/install/map_editor_panel/lib:/root/dddmr_navigation/install/lego_loam_bor/lib:/root/dddmr_navigation/install/global_planner/lib:/root/dddmr_navigation/install/fast_lio/lib:/root/dddmr_navigation/install/dddmr_sys_core/lib:/root/dddmr_navigation/install/dddmr_rviz_default_plugins/lib:/root/dddmr_navigation/install/cloud_msgs/lib /usr/bin/cmake --build /root/dddmr_navigation/build/mpc_critics -- -j28 -l28
[3.184s] DEBUG:colcon.colcon_core.event_handler.log_command:Invoking command in '/root/dddmr_navigation/build/mpc_critics': CMAKE_PREFIX_PATH=/root/dddmr_navigation/install/base_trajectory:/root/dddmr_navigation/install/dddmr_sc_pgo:/root/dddmr_navigation/install/p2p_move_base:/root/dddmr_navigation/install/recovery_behaviors:/root/dddmr_navigation/install/local_planner:/root/dddmr_navigation/install/trajectory_generators:/root/dddmr_navigation/install/pose_graph_merge_editor_panel:/root/dddmr_navigation/install/pose_graph_editor_panel:/root/dddmr_navigation/install/perception_3d:/root/dddmr_navigation/install/mpc_critics:/root/dddmr_navigation/install/mcl_3dl:/root/dddmr_navigation/install/mapping_panel:/root/dddmr_navigation/install/map_editor_panel:/root/dddmr_navigation/install/lego_loam_bor:/root/dddmr_navigation/install/global_planner:/root/dddmr_navigation/install/fast_lio:/root/dddmr_navigation/install/dddmr_trt:/root/dddmr_navigation/install/dddmr_sys_core:/root/dddmr_navigation/install/dddmr_semantic_segmentation:/root/dddmr_navigation/install/dddmr_rviz_default_plugins:/root/dddmr_navigation/install/dddmr_odom_3d:/root/dddmr_navigation/install/dddmr_fastlio_adapter:/root/dddmr_navigation/install/dddmr_beginner_guide:/root/dddmr_navigation/install/cloud_msgs:/opt/ros/humble LD_LIBRARY_PATH=/root/dddmr_navigation/install/base_trajectory/lib:/root/dddmr_navigation/install/dddmr_sc_pgo/lib:/opt/ros/humble/opt/rviz_ogre_vendor/lib:/opt/ros/humble/lib/x86_64-linux-gnu:/opt/ros/humble/lib:/root/dddmr_navigation/install/p2p_move_base/lib:/root/dddmr_navigation/install/recovery_behaviors/lib:/root/dddmr_navigation/install/local_planner/lib:/root/dddmr_navigation/install/trajectory_generators/lib:/root/dddmr_navigation/install/pose_graph_merge_editor_panel/lib:/root/dddmr_navigation/install/pose_graph_editor_panel/lib:/root/dddmr_navigation/install/perception_3d/lib:/root/dddmr_navigation/install/mpc_critics/lib:/root/dddmr_navigation/install/mcl_3dl/lib:/root/dddmr_navigation/install/mapping_panel/lib:/root/dddmr_navigation/install/map_editor_panel/lib:/root/dddmr_navigation/install/lego_loam_bor/lib:/root/dddmr_navigation/install/global_planner/lib:/root/dddmr_navigation/install/fast_lio/lib:/root/dddmr_navigation/install/dddmr_sys_core/lib:/root/dddmr_navigation/install/dddmr_rviz_default_plugins/lib:/root/dddmr_navigation/install/cloud_msgs/lib /usr/bin/cmake --install /root/dddmr_navigation/build/mpc_critics
[3.190s] DEBUG:colcon.colcon_core.event_handler.log_command:Invoked command in '/root/dddmr_navigation/build/trajectory_generators' returned '0': CMAKE_PREFIX_PATH=/root/dddmr_navigation/install/base_trajectory:/root/dddmr_navigation/install/dddmr_sc_pgo:/root/dddmr_navigation/install/p2p_move_base:/root/dddmr_navigation/install/recovery_behaviors:/root/dddmr_navigation/install/local_planner:/root/dddmr_navigation/install/trajectory_generators:/root/dddmr_navigation/install/pose_graph_merge_editor_panel:/root/dddmr_navigation/install/pose_graph_editor_panel:/root/dddmr_navigation/install/perception_3d:/root/dddmr_navigation/install/mpc_critics:/root/dddmr_navigation/install/mcl_3dl:/root/dddmr_navigation/install/mapping_panel:/root/dddmr_navigation/install/map_editor_panel:/root/dddmr_navigation/install/lego_loam_bor:/root/dddmr_navigation/install/global_planner:/root/dddmr_navigation/install/fast_lio:/root/dddmr_navigation/install/dddmr_trt:/root/dddmr_navigation/install/dddmr_sys_core:/root/dddmr_navigation/install/dddmr_semantic_segmentation:/root/dddmr_navigation/install/dddmr_rviz_default_plugins:/root/dddmr_navigation/install/dddmr_odom_3d:/root/dddmr_navigation/install/dddmr_fastlio_adapter:/root/dddmr_navigation/install/dddmr_beginner_guide:/root/dddmr_navigation/install/cloud_msgs:/opt/ros/humble LD_LIBRARY_PATH=/root/dddmr_navigation/install/base_trajectory/lib:/root/dddmr_navigation/install/dddmr_sc_pgo/lib:/opt/ros/humble/opt/rviz_ogre_vendor/lib:/opt/ros/humble/lib/x86_64-linux-gnu:/opt/ros/humble/lib:/root/dddmr_navigation/install/p2p_move_base/lib:/root/dddmr_navigation/install/recovery_behaviors/lib:/root/dddmr_navigation/install/local_planner/lib:/root/dddmr_navigation/install/trajectory_generators/lib:/root/dddmr_navigation/install/pose_graph_merge_editor_panel/lib:/root/dddmr_navigation/install/pose_graph_editor_panel/lib:/root/dddmr_navigation/install/perception_3d/lib:/root/dddmr_navigation/install/mpc_critics/lib:/root/dddmr_navigation/install/mcl_3dl/lib:/root/dddmr_navigation/install/mapping_panel/lib:/root/dddmr_navigation/install/map_editor_panel/lib:/root/dddmr_navigation/install/lego_loam_bor/lib:/root/dddmr_navigation/install/global_planner/lib:/root/dddmr_navigation/install/fast_lio/lib:/root/dddmr_navigation/install/dddmr_sys_core/lib:/root/dddmr_navigation/install/dddmr_rviz_default_plugins/lib:/root/dddmr_navigation/install/cloud_msgs/lib /usr/bin/cmake --build /root/dddmr_navigation/build/trajectory_generators -- -j28 -l28
[3.192s] DEBUG:colcon.colcon_core.event_handler.log_command:Invoking command in '/root/dddmr_navigation/build/trajectory_generators': CMAKE_PREFIX_PATH=/root/dddmr_navigation/install/base_trajectory:/root/dddmr_navigation/install/dddmr_sc_pgo:/root/dddmr_navigation/install/p2p_move_base:/root/dddmr_navigation/install/recovery_behaviors:/root/dddmr_navigation/install/local_planner:/root/dddmr_navigation/install/trajectory_generators:/root/dddmr_navigation/install/pose_graph_merge_editor_panel:/root/dddmr_navigation/install/pose_graph_editor_panel:/root/dddmr_navigation/install/perception_3d:/root/dddmr_navigation/install/mpc_critics:/root/dddmr_navigation/install/mcl_3dl:/root/dddmr_navigation/install/mapping_panel:/root/dddmr_navigation/install/map_editor_panel:/root/dddmr_navigation/install/lego_loam_bor:/root/dddmr_navigation/install/global_planner:/root/dddmr_navigation/install/fast_lio:/root/dddmr_navigation/install/dddmr_trt:/root/dddmr_navigation/install/dddmr_sys_core:/root/dddmr_navigation/install/dddmr_semantic_segmentation:/root/dddmr_navigation/install/dddmr_rviz_default_plugins:/root/dddmr_navigation/install/dddmr_odom_3d:/root/dddmr_navigation/install/dddmr_fastlio_adapter:/root/dddmr_navigation/install/dddmr_beginner_guide:/root/dddmr_navigation/install/cloud_msgs:/opt/ros/humble LD_LIBRARY_PATH=/root/dddmr_navigation/install/base_trajectory/lib:/root/dddmr_navigation/install/dddmr_sc_pgo/lib:/opt/ros/humble/opt/rviz_ogre_vendor/lib:/opt/ros/humble/lib/x86_64-linux-gnu:/opt/ros/humble/lib:/root/dddmr_navigation/install/p2p_move_base/lib:/root/dddmr_navigation/install/recovery_behaviors/lib:/root/dddmr_navigation/install/local_planner/lib:/root/dddmr_navigation/install/trajectory_generators/lib:/root/dddmr_navigation/install/pose_graph_merge_editor_panel/lib:/root/dddmr_navigation/install/pose_graph_editor_panel/lib:/root/dddmr_navigation/install/perception_3d/lib:/root/dddmr_navigation/install/mpc_critics/lib:/root/dddmr_navigation/install/mcl_3dl/lib:/root/dddmr_navigation/install/mapping_panel/lib:/root/dddmr_navigation/install/map_editor_panel/lib:/root/dddmr_navigation/install/lego_loam_bor/lib:/root/dddmr_navigation/install/global_planner/lib:/root/dddmr_navigation/install/fast_lio/lib:/root/dddmr_navigation/install/dddmr_sys_core/lib:/root/dddmr_navigation/install/dddmr_rviz_default_plugins/lib:/root/dddmr_navigation/install/cloud_msgs/lib /usr/bin/cmake --install /root/dddmr_navigation/build/trajectory_generators
[3.199s] Level 1:colcon.colcon_core.environment:create_environment_scripts_only(mpc_critics)
[3.199s] Level 1:colcon.colcon_core.environment:checking '/root/dddmr_navigation/install/mpc_critics' for CMake module files
[3.200s] Level 1:colcon.colcon_core.environment:checking '/root/dddmr_navigation/install/mpc_critics' for CMake config files
[3.201s] DEBUG:colcon.colcon_core.event_handler.log_command:Invoked command in '/root/dddmr_navigation/build/mpc_critics' returned '0': CMAKE_PREFIX_PATH=/root/dddmr_navigation/install/base_trajectory:/root/dddmr_navigation/install/dddmr_sc_pgo:/root/dddmr_navigation/install/p2p_move_base:/root/dddmr_navigation/install/recovery_behaviors:/root/dddmr_navigation/install/local_planner:/root/dddmr_navigation/install/trajectory_generators:/root/dddmr_navigation/install/pose_graph_merge_editor_panel:/root/dddmr_navigation/install/pose_graph_editor_panel:/root/dddmr_navigation/install/perception_3d:/root/dddmr_navigation/install/mpc_critics:/root/dddmr_navigation/install/mcl_3dl:/root/dddmr_navigation/install/mapping_panel:/root/dddmr_navigation/install/map_editor_panel:/root/dddmr_navigation/install/lego_loam_bor:/root/dddmr_navigation/install/global_planner:/root/dddmr_navigation/install/fast_lio:/root/dddmr_navigation/install/dddmr_trt:/root/dddmr_navigation/install/dddmr_sys_core:/root/dddmr_navigation/install/dddmr_semantic_segmentation:/root/dddmr_navigation/install/dddmr_rviz_default_plugins:/root/dddmr_navigation/install/dddmr_odom_3d:/root/dddmr_navigation/install/dddmr_fastlio_adapter:/root/dddmr_navigation/install/dddmr_beginner_guide:/root/dddmr_navigation/install/cloud_msgs:/opt/ros/humble LD_LIBRARY_PATH=/root/dddmr_navigation/install/base_trajectory/lib:/root/dddmr_navigation/install/dddmr_sc_pgo/lib:/opt/ros/humble/opt/rviz_ogre_vendor/lib:/opt/ros/humble/lib/x86_64-linux-gnu:/opt/ros/humble/lib:/root/dddmr_navigation/install/p2p_move_base/lib:/root/dddmr_navigation/install/recovery_behaviors/lib:/root/dddmr_navigation/install/local_planner/lib:/root/dddmr_navigation/install/trajectory_generators/lib:/root/dddmr_navigation/install/pose_graph_merge_editor_panel/lib:/root/dddmr_navigation/install/pose_graph_editor_panel/lib:/root/dddmr_navigation/install/perception_3d/lib:/root/dddmr_navigation/install/mpc_critics/lib:/root/dddmr_navigation/install/mcl_3dl/lib:/root/dddmr_navigation/install/mapping_panel/lib:/root/dddmr_navigation/install/map_editor_panel/lib:/root/dddmr_navigation/install/lego_loam_bor/lib:/root/dddmr_navigation/install/global_planner/lib:/root/dddmr_navigation/install/fast_lio/lib:/root/dddmr_navigation/install/dddmr_sys_core/lib:/root/dddmr_navigation/install/dddmr_rviz_default_plugins/lib:/root/dddmr_navigation/install/cloud_msgs/lib /usr/bin/cmake --install /root/dddmr_navigation/build/mpc_critics
[3.201s] Level 1:colcon.colcon_core.shell:create_environment_hook('mpc_critics', 'cmake_prefix_path')
[3.202s] INFO:colcon.colcon_core.shell:Creating environment hook '/root/dddmr_navigation/install/mpc_critics/share/mpc_critics/hook/cmake_prefix_path.ps1'
[3.202s] INFO:colcon.colcon_core.shell:Creating environment descriptor '/root/dddmr_navigation/install/mpc_critics/share/mpc_critics/hook/cmake_prefix_path.dsv'
[3.202s] INFO:colcon.colcon_core.shell:Creating environment hook '/root/dddmr_navigation/install/mpc_critics/share/mpc_critics/hook/cmake_prefix_path.sh'
[3.203s] Level 1:colcon.colcon_core.environment:checking '/root/dddmr_navigation/install/mpc_critics/lib'
[3.203s] Level 1:colcon.colcon_core.shell:create_environment_hook('mpc_critics', 'ld_library_path_lib')
[3.203s] INFO:colcon.colcon_core.shell:Creating environment hook '/root/dddmr_navigation/install/mpc_critics/share/mpc_critics/hook/ld_library_path_lib.ps1'
[3.203s] INFO:colcon.colcon_core.shell:Creating environment descriptor '/root/dddmr_navigation/install/mpc_critics/share/mpc_critics/hook/ld_library_path_lib.dsv'
[3.203s] INFO:colcon.colcon_core.shell:Creating environment hook '/root/dddmr_navigation/install/mpc_critics/share/mpc_critics/hook/ld_library_path_lib.sh'
[3.204s] Level 1:colcon.colcon_core.environment:checking '/root/dddmr_navigation/install/mpc_critics/bin'
[3.204s] Level 1:colcon.colcon_core.environment:checking '/root/dddmr_navigation/install/mpc_critics/lib/pkgconfig/mpc_critics.pc'
[3.204s] Level 1:colcon.colcon_core.environment:checking '/root/dddmr_navigation/install/mpc_critics/lib/python3.10/site-packages'
[3.204s] Level 1:colcon.colcon_core.environment:checking '/root/dddmr_navigation/install/mpc_critics/bin'
[3.204s] INFO:colcon.colcon_core.shell:Creating package script '/root/dddmr_navigation/install/mpc_critics/share/mpc_critics/package.ps1'
[3.205s] INFO:colcon.colcon_core.shell:Creating package descriptor '/root/dddmr_navigation/install/mpc_critics/share/mpc_critics/package.dsv'
[3.205s] INFO:colcon.colcon_core.shell:Creating package script '/root/dddmr_navigation/install/mpc_critics/share/mpc_critics/package.sh'
[3.205s] INFO:colcon.colcon_core.shell:Creating package script '/root/dddmr_navigation/install/mpc_critics/share/mpc_critics/package.bash'
[3.205s] INFO:colcon.colcon_core.shell:Creating package script '/root/dddmr_navigation/install/mpc_critics/share/mpc_critics/package.zsh'
[3.206s] Level 1:colcon.colcon_core.environment:create_file_with_runtime_dependencies(/root/dddmr_navigation/install/mpc_critics/share/colcon-core/packages/mpc_critics)
[3.206s] Level 1:colcon.colcon_core.environment:create_environment_scripts_only(mpc_critics)
[3.206s] Level 1:colcon.colcon_core.environment:checking '/root/dddmr_navigation/install/mpc_critics' for CMake module files
[3.206s] Level 1:colcon.colcon_core.environment:checking '/root/dddmr_navigation/install/mpc_critics' for CMake config files
[3.207s] Level 1:colcon.colcon_core.shell:create_environment_hook('mpc_critics', 'cmake_prefix_path')
[3.207s] INFO:colcon.colcon_core.shell:Creating environment hook '/root/dddmr_navigation/install/mpc_critics/share/mpc_critics/hook/cmake_prefix_path.ps1'
[3.207s] INFO:colcon.colcon_core.shell:Creating environment descriptor '/root/dddmr_navigation/install/mpc_critics/share/mpc_critics/hook/cmake_prefix_path.dsv'
[3.207s] INFO:colcon.colcon_core.shell:Creating environment hook '/root/dddmr_navigation/install/mpc_critics/share/mpc_critics/hook/cmake_prefix_path.sh'
[3.208s] Level 1:colcon.colcon_core.environment:checking '/root/dddmr_navigation/install/mpc_critics/lib'
[3.208s] Level 1:colcon.colcon_core.shell:create_environment_hook('mpc_critics', 'ld_library_path_lib')
[3.208s] INFO:colcon.colcon_core.shell:Creating environment hook '/root/dddmr_navigation/install/mpc_critics/share/mpc_critics/hook/ld_library_path_lib.ps1'
[3.208s] INFO:colcon.colcon_core.shell:Creating environment descriptor '/root/dddmr_navigation/install/mpc_critics/share/mpc_critics/hook/ld_library_path_lib.dsv'
[3.209s] INFO:colcon.colcon_core.shell:Creating environment hook '/root/dddmr_navigation/install/mpc_critics/share/mpc_critics/hook/ld_library_path_lib.sh'
[3.209s] Level 1:colcon.colcon_core.environment:checking '/root/dddmr_navigation/install/mpc_critics/bin'
[3.209s] Level 1:colcon.colcon_core.environment:checking '/root/dddmr_navigation/install/mpc_critics/lib/pkgconfig/mpc_critics.pc'
[3.209s] Level 1:colcon.colcon_core.environment:checking '/root/dddmr_navigation/install/mpc_critics/lib/python3.10/site-packages'
[3.209s] Level 1:colcon.colcon_core.environment:checking '/root/dddmr_navigation/install/mpc_critics/bin'
[3.209s] INFO:colcon.colcon_core.shell:Creating package script '/root/dddmr_navigation/install/mpc_critics/share/mpc_critics/package.ps1'
[3.210s] INFO:colcon.colcon_core.shell:Creating package descriptor '/root/dddmr_navigation/install/mpc_critics/share/mpc_critics/package.dsv'
[3.210s] INFO:colcon.colcon_core.shell:Creating package script '/root/dddmr_navigation/install/mpc_critics/share/mpc_critics/package.sh'
[3.210s] INFO:colcon.colcon_core.shell:Creating package script '/root/dddmr_navigation/install/mpc_critics/share/mpc_critics/package.bash'
[3.210s] INFO:colcon.colcon_core.shell:Creating package script '/root/dddmr_navigation/install/mpc_critics/share/mpc_critics/package.zsh'
[3.210s] Level 1:colcon.colcon_core.environment:create_file_with_runtime_dependencies(/root/dddmr_navigation/install/mpc_critics/share/colcon-core/packages/mpc_critics)
[3.211s] Level 1:colcon.colcon_core.environment:create_environment_scripts_only(trajectory_generators)
[3.211s] Level 1:colcon.colcon_core.environment:checking '/root/dddmr_navigation/install/trajectory_generators' for CMake module files
[3.211s] DEBUG:colcon.colcon_core.event_handler.log_command:Invoked command in '/root/dddmr_navigation/build/trajectory_generators' returned '0': CMAKE_PREFIX_PATH=/root/dddmr_navigation/install/base_trajectory:/root/dddmr_navigation/install/dddmr_sc_pgo:/root/dddmr_navigation/install/p2p_move_base:/root/dddmr_navigation/install/recovery_behaviors:/root/dddmr_navigation/install/local_planner:/root/dddmr_navigation/install/trajectory_generators:/root/dddmr_navigation/install/pose_graph_merge_editor_panel:/root/dddmr_navigation/install/pose_graph_editor_panel:/root/dddmr_navigation/install/perception_3d:/root/dddmr_navigation/install/mpc_critics:/root/dddmr_navigation/install/mcl_3dl:/root/dddmr_navigation/install/mapping_panel:/root/dddmr_navigation/install/map_editor_panel:/root/dddmr_navigation/install/lego_loam_bor:/root/dddmr_navigation/install/global_planner:/root/dddmr_navigation/install/fast_lio:/root/dddmr_navigation/install/dddmr_trt:/root/dddmr_navigation/install/dddmr_sys_core:/root/dddmr_navigation/install/dddmr_semantic_segmentation:/root/dddmr_navigation/install/dddmr_rviz_default_plugins:/root/dddmr_navigation/install/dddmr_odom_3d:/root/dddmr_navigation/install/dddmr_fastlio_adapter:/root/dddmr_navigation/install/dddmr_beginner_guide:/root/dddmr_navigation/install/cloud_msgs:/opt/ros/humble LD_LIBRARY_PATH=/root/dddmr_navigation/install/base_trajectory/lib:/root/dddmr_navigation/install/dddmr_sc_pgo/lib:/opt/ros/humble/opt/rviz_ogre_vendor/lib:/opt/ros/humble/lib/x86_64-linux-gnu:/opt/ros/humble/lib:/root/dddmr_navigation/install/p2p_move_base/lib:/root/dddmr_navigation/install/recovery_behaviors/lib:/root/dddmr_navigation/install/local_planner/lib:/root/dddmr_navigation/install/trajectory_generators/lib:/root/dddmr_navigation/install/pose_graph_merge_editor_panel/lib:/root/dddmr_navigation/install/pose_graph_editor_panel/lib:/root/dddmr_navigation/install/perception_3d/lib:/root/dddmr_navigation/install/mpc_critics/lib:/root/dddmr_navigation/install/mcl_3dl/lib:/root/dddmr_navigation/install/mapping_panel/lib:/root/dddmr_navigation/install/map_editor_panel/lib:/root/dddmr_navigation/install/lego_loam_bor/lib:/root/dddmr_navigation/install/global_planner/lib:/root/dddmr_navigation/install/fast_lio/lib:/root/dddmr_navigation/install/dddmr_sys_core/lib:/root/dddmr_navigation/install/dddmr_rviz_default_plugins/lib:/root/dddmr_navigation/install/cloud_msgs/lib /usr/bin/cmake --install /root/dddmr_navigation/build/trajectory_generators
[3.212s] Level 1:colcon.colcon_core.environment:checking '/root/dddmr_navigation/install/trajectory_generators' for CMake config files
[3.212s] Level 1:colcon.colcon_core.shell:create_environment_hook('trajectory_generators', 'cmake_prefix_path')
[3.212s] INFO:colcon.colcon_core.shell:Creating environment hook '/root/dddmr_navigation/install/trajectory_generators/share/trajectory_generators/hook/cmake_prefix_path.ps1'
[3.212s] INFO:colcon.colcon_core.shell:Creating environment descriptor '/root/dddmr_navigation/install/trajectory_generators/share/trajectory_generators/hook/cmake_prefix_path.dsv'
[3.212s] INFO:colcon.colcon_core.shell:Creating environment hook '/root/dddmr_navigation/install/trajectory_generators/share/trajectory_generators/hook/cmake_prefix_path.sh'
[3.212s] Level 1:colcon.colcon_core.environment:checking '/root/dddmr_navigation/install/trajectory_generators/lib'
[3.213s] Level 1:colcon.colcon_core.shell:create_environment_hook('trajectory_generators', 'ld_library_path_lib')
[3.213s] INFO:colcon.colcon_core.shell:Creating environment hook '/root/dddmr_navigation/install/trajectory_generators/share/trajectory_generators/hook/ld_library_path_lib.ps1'
[3.213s] INFO:colcon.colcon_core.shell:Creating environment descriptor '/root/dddmr_navigation/install/trajectory_generators/share/trajectory_generators/hook/ld_library_path_lib.dsv'
[3.213s] INFO:colcon.colcon_core.shell:Creating environment hook '/root/dddmr_navigation/install/trajectory_generators/share/trajectory_generators/hook/ld_library_path_lib.sh'
[3.213s] Level 1:colcon.colcon_core.environment:checking '/root/dddmr_navigation/install/trajectory_generators/bin'
[3.213s] Level 1:colcon.colcon_core.environment:checking '/root/dddmr_navigation/install/trajectory_generators/lib/pkgconfig/trajectory_generators.pc'
[3.213s] Level 1:colcon.colcon_core.environment:checking '/root/dddmr_navigation/install/trajectory_generators/lib/python3.10/site-packages'
[3.213s] Level 1:colcon.colcon_core.environment:checking '/root/dddmr_navigation/install/trajectory_generators/bin'
[3.214s] INFO:colcon.colcon_core.shell:Creating package script '/root/dddmr_navigation/install/trajectory_generators/share/trajectory_generators/package.ps1'
[3.214s] INFO:colcon.colcon_core.shell:Creating package descriptor '/root/dddmr_navigation/install/trajectory_generators/share/trajectory_generators/package.dsv'
[3.214s] INFO:colcon.colcon_core.shell:Creating package script '/root/dddmr_navigation/install/trajectory_generators/share/trajectory_generators/package.sh'
[3.214s] INFO:colcon.colcon_core.shell:Creating package script '/root/dddmr_navigation/install/trajectory_generators/share/trajectory_generators/package.bash'
[3.214s] INFO:colcon.colcon_core.shell:Creating package script '/root/dddmr_navigation/install/trajectory_generators/share/trajectory_generators/package.zsh'
[3.215s] Level 1:colcon.colcon_core.environment:create_file_with_runtime_dependencies(/root/dddmr_navigation/install/trajectory_generators/share/colcon-core/packages/trajectory_generators)
[3.215s] Level 1:colcon.colcon_core.environment:create_environment_scripts_only(trajectory_generators)
[3.215s] Level 1:colcon.colcon_core.environment:checking '/root/dddmr_navigation/install/trajectory_generators' for CMake module files
[3.215s] Level 1:colcon.colcon_core.environment:checking '/root/dddmr_navigation/install/trajectory_generators' for CMake config files
[3.215s] Level 1:colcon.colcon_core.shell:create_environment_hook('trajectory_generators', 'cmake_prefix_path')
[3.215s] INFO:colcon.colcon_core.shell:Creating environment hook '/root/dddmr_navigation/install/trajectory_generators/share/trajectory_generators/hook/cmake_prefix_path.ps1'
[3.216s] INFO:colcon.colcon_core.shell:Creating environment descriptor '/root/dddmr_navigation/install/trajectory_generators/share/trajectory_generators/hook/cmake_prefix_path.dsv'
[3.216s] INFO:colcon.colcon_core.shell:Creating environment hook '/root/dddmr_navigation/install/trajectory_generators/share/trajectory_generators/hook/cmake_prefix_path.sh'
[3.216s] Level 1:colcon.colcon_core.environment:checking '/root/dddmr_navigation/install/trajectory_generators/lib'
[3.216s] Level 1:colcon.colcon_core.shell:create_environment_hook('trajectory_generators', 'ld_library_path_lib')
[3.216s] INFO:colcon.colcon_core.shell:Creating environment hook '/root/dddmr_navigation/install/trajectory_generators/share/trajectory_generators/hook/ld_library_path_lib.ps1'
[3.216s] INFO:colcon.colcon_core.shell:Creating environment descriptor '/root/dddmr_navigation/install/trajectory_generators/share/trajectory_generators/hook/ld_library_path_lib.dsv'
[3.216s] INFO:colcon.colcon_core.shell:Creating environment hook '/root/dddmr_navigation/install/trajectory_generators/share/trajectory_generators/hook/ld_library_path_lib.sh'
[3.217s] Level 1:colcon.colcon_core.environment:checking '/root/dddmr_navigation/install/trajectory_generators/bin'
[3.217s] Level 1:colcon.colcon_core.environment:checking '/root/dddmr_navigation/install/trajectory_generators/lib/pkgconfig/trajectory_generators.pc'
[3.217s] Level 1:colcon.colcon_core.environment:checking '/root/dddmr_navigation/install/trajectory_generators/lib/python3.10/site-packages'
[3.217s] Level 1:colcon.colcon_core.environment:checking '/root/dddmr_navigation/install/trajectory_generators/bin'
[3.217s] INFO:colcon.colcon_core.shell:Creating package script '/root/dddmr_navigation/install/trajectory_generators/share/trajectory_generators/package.ps1'
[3.217s] INFO:colcon.colcon_core.shell:Creating package descriptor '/root/dddmr_navigation/install/trajectory_generators/share/trajectory_generators/package.dsv'
[3.218s] INFO:colcon.colcon_core.shell:Creating package script '/root/dddmr_navigation/install/trajectory_generators/share/trajectory_generators/package.sh'
[3.218s] INFO:colcon.colcon_core.shell:Creating package script '/root/dddmr_navigation/install/trajectory_generators/share/trajectory_generators/package.bash'
[3.218s] INFO:colcon.colcon_core.shell:Creating package script '/root/dddmr_navigation/install/trajectory_generators/share/trajectory_generators/package.zsh'
[3.218s] Level 1:colcon.colcon_core.environment:create_file_with_runtime_dependencies(/root/dddmr_navigation/install/trajectory_generators/share/colcon-core/packages/trajectory_generators)
[3.219s] INFO:colcon.colcon_ros.task.ament_cmake.build:Building ROS package in '/root/dddmr_navigation/src/dddmr_local_planner/local_planner' with build type 'ament_cmake'
[3.219s] INFO:colcon.colcon_cmake.task.cmake.build:Building CMake package in '/root/dddmr_navigation/src/dddmr_local_planner/local_planner'
[3.219s] INFO:colcon.colcon_core.shell:Skip shell extension 'powershell' for command environment: Not usable outside of PowerShell
[3.219s] DEBUG:colcon.colcon_core.shell:Skip shell extension 'dsv' for command environment
[3.222s] INFO:colcon.colcon_ros.task.ament_cmake.build:Building ROS package in '/root/dddmr_navigation/src/dddmr_local_planner/recovery_behaviors' with build type 'ament_cmake'
[3.222s] INFO:colcon.colcon_cmake.task.cmake.build:Building CMake package in '/root/dddmr_navigation/src/dddmr_local_planner/recovery_behaviors'
[3.222s] INFO:colcon.colcon_core.shell:Skip shell extension 'powershell' for command environment: Not usable outside of PowerShell
[3.222s] DEBUG:colcon.colcon_core.shell:Skip shell extension 'dsv' for command environment
[3.239s] DEBUG:colcon.colcon_core.event_handler.log_command:Invoking command in '/root/dddmr_navigation/build/local_planner': CMAKE_PREFIX_PATH=/root/dddmr_navigation/install/trajectory_generators:/root/dddmr_navigation/install/mpc_critics:/root/dddmr_navigation/install/perception_3d:/root/dddmr_navigation/install/dddmr_sys_core:/root/dddmr_navigation/install/base_trajectory:/root/dddmr_navigation/install/dddmr_sc_pgo:/root/dddmr_navigation/install/p2p_move_base:/root/dddmr_navigation/install/recovery_behaviors:/root/dddmr_navigation/install/local_planner:/root/dddmr_navigation/install/pose_graph_merge_editor_panel:/root/dddmr_navigation/install/pose_graph_editor_panel:/root/dddmr_navigation/install/mcl_3dl:/root/dddmr_navigation/install/mapping_panel:/root/dddmr_navigation/install/map_editor_panel:/root/dddmr_navigation/install/lego_loam_bor:/root/dddmr_navigation/install/global_planner:/root/dddmr_navigation/install/fast_lio:/root/dddmr_navigation/install/dddmr_trt:/root/dddmr_navigation/install/dddmr_semantic_segmentation:/root/dddmr_navigation/install/dddmr_rviz_default_plugins:/root/dddmr_navigation/install/dddmr_odom_3d:/root/dddmr_navigation/install/dddmr_fastlio_adapter:/root/dddmr_navigation/install/dddmr_beginner_guide:/root/dddmr_navigation/install/cloud_msgs:/opt/ros/humble LD_LIBRARY_PATH=/root/dddmr_navigation/install/trajectory_generators/lib:/root/dddmr_navigation/install/mpc_critics/lib:/root/dddmr_navigation/install/perception_3d/lib:/root/dddmr_navigation/install/dddmr_sys_core/lib:/root/dddmr_navigation/install/base_trajectory/lib:/root/dddmr_navigation/install/dddmr_sc_pgo/lib:/opt/ros/humble/opt/rviz_ogre_vendor/lib:/opt/ros/humble/lib/x86_64-linux-gnu:/opt/ros/humble/lib:/root/dddmr_navigation/install/p2p_move_base/lib:/root/dddmr_navigation/install/recovery_behaviors/lib:/root/dddmr_navigation/install/local_planner/lib:/root/dddmr_navigation/install/pose_graph_merge_editor_panel/lib:/root/dddmr_navigation/install/pose_graph_editor_panel/lib:/root/dddmr_navigation/install/mcl_3dl/lib:/root/dddmr_navigation/install/mapping_panel/lib:/root/dddmr_navigation/install/map_editor_panel/lib:/root/dddmr_navigation/install/lego_loam_bor/lib:/root/dddmr_navigation/install/global_planner/lib:/root/dddmr_navigation/install/fast_lio/lib:/root/dddmr_navigation/install/dddmr_rviz_default_plugins/lib:/root/dddmr_navigation/install/cloud_msgs/lib /usr/bin/cmake /root/dddmr_navigation/src/dddmr_local_planner/local_planner -DAMENT_CMAKE_SYMLINK_INSTALL=1 -DCMAKE_INSTALL_PREFIX=/root/dddmr_navigation/install/local_planner
[3.243s] DEBUG:colcon.colcon_core.event_handler.log_command:Invoking command in '/root/dddmr_navigation/build/recovery_behaviors': CMAKE_PREFIX_PATH=/root/dddmr_navigation/install/trajectory_generators:/root/dddmr_navigation/install/mpc_critics:/root/dddmr_navigation/install/perception_3d:/root/dddmr_navigation/install/dddmr_sys_core:/root/dddmr_navigation/install/base_trajectory:/root/dddmr_navigation/install/dddmr_sc_pgo:/root/dddmr_navigation/install/p2p_move_base:/root/dddmr_navigation/install/recovery_behaviors:/root/dddmr_navigation/install/local_planner:/root/dddmr_navigation/install/pose_graph_merge_editor_panel:/root/dddmr_navigation/install/pose_graph_editor_panel:/root/dddmr_navigation/install/mcl_3dl:/root/dddmr_navigation/install/mapping_panel:/root/dddmr_navigation/install/map_editor_panel:/root/dddmr_navigation/install/lego_loam_bor:/root/dddmr_navigation/install/global_planner:/root/dddmr_navigation/install/fast_lio:/root/dddmr_navigation/install/dddmr_trt:/root/dddmr_navigation/install/dddmr_semantic_segmentation:/root/dddmr_navigation/install/dddmr_rviz_default_plugins:/root/dddmr_navigation/install/dddmr_odom_3d:/root/dddmr_navigation/install/dddmr_fastlio_adapter:/root/dddmr_navigation/install/dddmr_beginner_guide:/root/dddmr_navigation/install/cloud_msgs:/opt/ros/humble LD_LIBRARY_PATH=/root/dddmr_navigation/install/trajectory_generators/lib:/root/dddmr_navigation/install/mpc_critics/lib:/root/dddmr_navigation/install/perception_3d/lib:/root/dddmr_navigation/install/dddmr_sys_core/lib:/root/dddmr_navigation/install/base_trajectory/lib:/root/dddmr_navigation/install/dddmr_sc_pgo/lib:/opt/ros/humble/opt/rviz_ogre_vendor/lib:/opt/ros/humble/lib/x86_64-linux-gnu:/opt/ros/humble/lib:/root/dddmr_navigation/install/p2p_move_base/lib:/root/dddmr_navigation/install/recovery_behaviors/lib:/root/dddmr_navigation/install/local_planner/lib:/root/dddmr_navigation/install/pose_graph_merge_editor_panel/lib:/root/dddmr_navigation/install/pose_graph_editor_panel/lib:/root/dddmr_navigation/install/mcl_3dl/lib:/root/dddmr_navigation/install/mapping_panel/lib:/root/dddmr_navigation/install/map_editor_panel/lib:/root/dddmr_navigation/install/lego_loam_bor/lib:/root/dddmr_navigation/install/global_planner/lib:/root/dddmr_navigation/install/fast_lio/lib:/root/dddmr_navigation/install/dddmr_rviz_default_plugins/lib:/root/dddmr_navigation/install/cloud_msgs/lib /usr/bin/cmake /root/dddmr_navigation/src/dddmr_local_planner/recovery_behaviors -DAMENT_CMAKE_SYMLINK_INSTALL=1 -DCMAKE_INSTALL_PREFIX=/root/dddmr_navigation/install/recovery_behaviors
[3.243s] DEBUG:colcon.colcon_core.event_handler.log_command:Invoked command in '/root/dddmr_navigation/build/mcl_3dl' returned '0': CMAKE_PREFIX_PATH=/root/dddmr_navigation/install/cloud_msgs:/root/dddmr_navigation/install/dddmr_sc_pgo:/root/dddmr_navigation/install/p2p_move_base:/root/dddmr_navigation/install/recovery_behaviors:/root/dddmr_navigation/install/local_planner:/root/dddmr_navigation/install/trajectory_generators:/root/dddmr_navigation/install/pose_graph_merge_editor_panel:/root/dddmr_navigation/install/pose_graph_editor_panel:/root/dddmr_navigation/install/perception_3d:/root/dddmr_navigation/install/mpc_critics:/root/dddmr_navigation/install/mcl_3dl:/root/dddmr_navigation/install/mapping_panel:/root/dddmr_navigation/install/map_editor_panel:/root/dddmr_navigation/install/lego_loam_bor:/root/dddmr_navigation/install/global_planner:/root/dddmr_navigation/install/fast_lio:/root/dddmr_navigation/install/dddmr_trt:/root/dddmr_navigation/install/dddmr_sys_core:/root/dddmr_navigation/install/dddmr_semantic_segmentation:/root/dddmr_navigation/install/dddmr_rviz_default_plugins:/root/dddmr_navigation/install/dddmr_odom_3d:/root/dddmr_navigation/install/dddmr_fastlio_adapter:/root/dddmr_navigation/install/dddmr_beginner_guide:/root/dddmr_navigation/install/base_trajectory:/opt/ros/humble LD_LIBRARY_PATH=/root/dddmr_navigation/install/cloud_msgs/lib:/root/dddmr_navigation/install/dddmr_sc_pgo/lib:/opt/ros/humble/opt/rviz_ogre_vendor/lib:/opt/ros/humble/lib/x86_64-linux-gnu:/opt/ros/humble/lib:/root/dddmr_navigation/install/p2p_move_base/lib:/root/dddmr_navigation/install/recovery_behaviors/lib:/root/dddmr_navigation/install/local_planner/lib:/root/dddmr_navigation/install/trajectory_generators/lib:/root/dddmr_navigation/install/pose_graph_merge_editor_panel/lib:/root/dddmr_navigation/install/pose_graph_editor_panel/lib:/root/dddmr_navigation/install/perception_3d/lib:/root/dddmr_navigation/install/mpc_critics/lib:/root/dddmr_navigation/install/mcl_3dl/lib:/root/dddmr_navigation/install/mapping_panel/lib:/root/dddmr_navigation/install/map_editor_panel/lib:/root/dddmr_navigation/install/lego_loam_bor/lib:/root/dddmr_navigation/install/global_planner/lib:/root/dddmr_navigation/install/fast_lio/lib:/root/dddmr_navigation/install/dddmr_sys_core/lib:/root/dddmr_navigation/install/dddmr_rviz_default_plugins/lib:/root/dddmr_navigation/install/base_trajectory/lib /usr/bin/cmake --build /root/dddmr_navigation/build/mcl_3dl -- -j28 -l28
[3.244s] DEBUG:colcon.colcon_core.event_handler.log_command:Invoking command in '/root/dddmr_navigation/build/mcl_3dl': CMAKE_PREFIX_PATH=/root/dddmr_navigation/install/cloud_msgs:/root/dddmr_navigation/install/dddmr_sc_pgo:/root/dddmr_navigation/install/p2p_move_base:/root/dddmr_navigation/install/recovery_behaviors:/root/dddmr_navigation/install/local_planner:/root/dddmr_navigation/install/trajectory_generators:/root/dddmr_navigation/install/pose_graph_merge_editor_panel:/root/dddmr_navigation/install/pose_graph_editor_panel:/root/dddmr_navigation/install/perception_3d:/root/dddmr_navigation/install/mpc_critics:/root/dddmr_navigation/install/mcl_3dl:/root/dddmr_navigation/install/mapping_panel:/root/dddmr_navigation/install/map_editor_panel:/root/dddmr_navigation/install/lego_loam_bor:/root/dddmr_navigation/install/global_planner:/root/dddmr_navigation/install/fast_lio:/root/dddmr_navigation/install/dddmr_trt:/root/dddmr_navigation/install/dddmr_sys_core:/root/dddmr_navigation/install/dddmr_semantic_segmentation:/root/dddmr_navigation/install/dddmr_rviz_default_plugins:/root/dddmr_navigation/install/dddmr_odom_3d:/root/dddmr_navigation/install/dddmr_fastlio_adapter:/root/dddmr_navigation/install/dddmr_beginner_guide:/root/dddmr_navigation/install/base_trajectory:/opt/ros/humble LD_LIBRARY_PATH=/root/dddmr_navigation/install/cloud_msgs/lib:/root/dddmr_navigation/install/dddmr_sc_pgo/lib:/opt/ros/humble/opt/rviz_ogre_vendor/lib:/opt/ros/humble/lib/x86_64-linux-gnu:/opt/ros/humble/lib:/root/dddmr_navigation/install/p2p_move_base/lib:/root/dddmr_navigation/install/recovery_behaviors/lib:/root/dddmr_navigation/install/local_planner/lib:/root/dddmr_navigation/install/trajectory_generators/lib:/root/dddmr_navigation/install/pose_graph_merge_editor_panel/lib:/root/dddmr_navigation/install/pose_graph_editor_panel/lib:/root/dddmr_navigation/install/perception_3d/lib:/root/dddmr_navigation/install/mpc_critics/lib:/root/dddmr_navigation/install/mcl_3dl/lib:/root/dddmr_navigation/install/mapping_panel/lib:/root/dddmr_navigation/install/map_editor_panel/lib:/root/dddmr_navigation/install/lego_loam_bor/lib:/root/dddmr_navigation/install/global_planner/lib:/root/dddmr_navigation/install/fast_lio/lib:/root/dddmr_navigation/install/dddmr_sys_core/lib:/root/dddmr_navigation/install/dddmr_rviz_default_plugins/lib:/root/dddmr_navigation/install/base_trajectory/lib /usr/bin/cmake --install /root/dddmr_navigation/build/mcl_3dl
[3.263s] Level 1:colcon.colcon_core.environment:create_environment_scripts_only(mcl_3dl)
[3.263s] Level 1:colcon.colcon_core.environment:checking '/root/dddmr_navigation/install/mcl_3dl' for CMake module files
[3.264s] DEBUG:colcon.colcon_core.event_handler.log_command:Invoked command in '/root/dddmr_navigation/build/mcl_3dl' returned '0': CMAKE_PREFIX_PATH=/root/dddmr_navigation/install/cloud_msgs:/root/dddmr_navigation/install/dddmr_sc_pgo:/root/dddmr_navigation/install/p2p_move_base:/root/dddmr_navigation/install/recovery_behaviors:/root/dddmr_navigation/install/local_planner:/root/dddmr_navigation/install/trajectory_generators:/root/dddmr_navigation/install/pose_graph_merge_editor_panel:/root/dddmr_navigation/install/pose_graph_editor_panel:/root/dddmr_navigation/install/perception_3d:/root/dddmr_navigation/install/mpc_critics:/root/dddmr_navigation/install/mcl_3dl:/root/dddmr_navigation/install/mapping_panel:/root/dddmr_navigation/install/map_editor_panel:/root/dddmr_navigation/install/lego_loam_bor:/root/dddmr_navigation/install/global_planner:/root/dddmr_navigation/install/fast_lio:/root/dddmr_navigation/install/dddmr_trt:/root/dddmr_navigation/install/dddmr_sys_core:/root/dddmr_navigation/install/dddmr_semantic_segmentation:/root/dddmr_navigation/install/dddmr_rviz_default_plugins:/root/dddmr_navigation/install/dddmr_odom_3d:/root/dddmr_navigation/install/dddmr_fastlio_adapter:/root/dddmr_navigation/install/dddmr_beginner_guide:/root/dddmr_navigation/install/base_trajectory:/opt/ros/humble LD_LIBRARY_PATH=/root/dddmr_navigation/install/cloud_msgs/lib:/root/dddmr_navigation/install/dddmr_sc_pgo/lib:/opt/ros/humble/opt/rviz_ogre_vendor/lib:/opt/ros/humble/lib/x86_64-linux-gnu:/opt/ros/humble/lib:/root/dddmr_navigation/install/p2p_move_base/lib:/root/dddmr_navigation/install/recovery_behaviors/lib:/root/dddmr_navigation/install/local_planner/lib:/root/dddmr_navigation/install/trajectory_generators/lib:/root/dddmr_navigation/install/pose_graph_merge_editor_panel/lib:/root/dddmr_navigation/install/pose_graph_editor_panel/lib:/root/dddmr_navigation/install/perception_3d/lib:/root/dddmr_navigation/install/mpc_critics/lib:/root/dddmr_navigation/install/mcl_3dl/lib:/root/dddmr_navigation/install/mapping_panel/lib:/root/dddmr_navigation/install/map_editor_panel/lib:/root/dddmr_navigation/install/lego_loam_bor/lib:/root/dddmr_navigation/install/global_planner/lib:/root/dddmr_navigation/install/fast_lio/lib:/root/dddmr_navigation/install/dddmr_sys_core/lib:/root/dddmr_navigation/install/dddmr_rviz_default_plugins/lib:/root/dddmr_navigation/install/base_trajectory/lib /usr/bin/cmake --install /root/dddmr_navigation/build/mcl_3dl
[3.264s] Level 1:colcon.colcon_core.environment:checking '/root/dddmr_navigation/install/mcl_3dl' for CMake config files
[3.265s] Level 1:colcon.colcon_core.shell:create_environment_hook('mcl_3dl', 'cmake_prefix_path')
[3.265s] INFO:colcon.colcon_core.shell:Creating environment hook '/root/dddmr_navigation/install/mcl_3dl/share/mcl_3dl/hook/cmake_prefix_path.ps1'
[3.265s] INFO:colcon.colcon_core.shell:Creating environment descriptor '/root/dddmr_navigation/install/mcl_3dl/share/mcl_3dl/hook/cmake_prefix_path.dsv'
[3.266s] INFO:colcon.colcon_core.shell:Creating environment hook '/root/dddmr_navigation/install/mcl_3dl/share/mcl_3dl/hook/cmake_prefix_path.sh'
[3.266s] Level 1:colcon.colcon_core.environment:checking '/root/dddmr_navigation/install/mcl_3dl/lib'
[3.266s] Level 1:colcon.colcon_core.shell:create_environment_hook('mcl_3dl', 'ld_library_path_lib')
[3.266s] INFO:colcon.colcon_core.shell:Creating environment hook '/root/dddmr_navigation/install/mcl_3dl/share/mcl_3dl/hook/ld_library_path_lib.ps1'
[3.267s] INFO:colcon.colcon_core.shell:Creating environment descriptor '/root/dddmr_navigation/install/mcl_3dl/share/mcl_3dl/hook/ld_library_path_lib.dsv'
[3.267s] INFO:colcon.colcon_core.shell:Creating environment hook '/root/dddmr_navigation/install/mcl_3dl/share/mcl_3dl/hook/ld_library_path_lib.sh'
[3.267s] Level 1:colcon.colcon_core.environment:checking '/root/dddmr_navigation/install/mcl_3dl/bin'
[3.267s] Level 1:colcon.colcon_core.environment:checking '/root/dddmr_navigation/install/mcl_3dl/lib/pkgconfig/mcl_3dl.pc'
[3.267s] Level 1:colcon.colcon_core.environment:checking '/root/dddmr_navigation/install/mcl_3dl/lib/python3.10/site-packages'
[3.268s] Level 1:colcon.colcon_core.environment:checking '/root/dddmr_navigation/install/mcl_3dl/bin'
[3.268s] INFO:colcon.colcon_core.shell:Creating package script '/root/dddmr_navigation/install/mcl_3dl/share/mcl_3dl/package.ps1'
[3.269s] INFO:colcon.colcon_core.shell:Creating package descriptor '/root/dddmr_navigation/install/mcl_3dl/share/mcl_3dl/package.dsv'
[3.269s] INFO:colcon.colcon_core.shell:Creating package script '/root/dddmr_navigation/install/mcl_3dl/share/mcl_3dl/package.sh'
[3.269s] INFO:colcon.colcon_core.shell:Creating package script '/root/dddmr_navigation/install/mcl_3dl/share/mcl_3dl/package.bash'
[3.269s] INFO:colcon.colcon_core.shell:Creating package script '/root/dddmr_navigation/install/mcl_3dl/share/mcl_3dl/package.zsh'
[3.270s] Level 1:colcon.colcon_core.environment:create_file_with_runtime_dependencies(/root/dddmr_navigation/install/mcl_3dl/share/colcon-core/packages/mcl_3dl)
[3.270s] Level 1:colcon.colcon_core.environment:create_environment_scripts_only(mcl_3dl)
[3.270s] Level 1:colcon.colcon_core.environment:checking '/root/dddmr_navigation/install/mcl_3dl' for CMake module files
[3.271s] Level 1:colcon.colcon_core.environment:checking '/root/dddmr_navigation/install/mcl_3dl' for CMake config files
[3.271s] Level 1:colcon.colcon_core.shell:create_environment_hook('mcl_3dl', 'cmake_prefix_path')
[3.271s] INFO:colcon.colcon_core.shell:Creating environment hook '/root/dddmr_navigation/install/mcl_3dl/share/mcl_3dl/hook/cmake_prefix_path.ps1'
[3.271s] INFO:colcon.colcon_core.shell:Creating environment descriptor '/root/dddmr_navigation/install/mcl_3dl/share/mcl_3dl/hook/cmake_prefix_path.dsv'
[3.271s] INFO:colcon.colcon_core.shell:Creating environment hook '/root/dddmr_navigation/install/mcl_3dl/share/mcl_3dl/hook/cmake_prefix_path.sh'
[3.272s] Level 1:colcon.colcon_core.environment:checking '/root/dddmr_navigation/install/mcl_3dl/lib'
[3.272s] Level 1:colcon.colcon_core.shell:create_environment_hook('mcl_3dl', 'ld_library_path_lib')
[3.272s] INFO:colcon.colcon_core.shell:Creating environment hook '/root/dddmr_navigation/install/mcl_3dl/share/mcl_3dl/hook/ld_library_path_lib.ps1'
[3.272s] INFO:colcon.colcon_core.shell:Creating environment descriptor '/root/dddmr_navigation/install/mcl_3dl/share/mcl_3dl/hook/ld_library_path_lib.dsv'
[3.272s] INFO:colcon.colcon_core.shell:Creating environment hook '/root/dddmr_navigation/install/mcl_3dl/share/mcl_3dl/hook/ld_library_path_lib.sh'
[3.272s] Level 1:colcon.colcon_core.environment:checking '/root/dddmr_navigation/install/mcl_3dl/bin'
[3.272s] Level 1:colcon.colcon_core.environment:checking '/root/dddmr_navigation/install/mcl_3dl/lib/pkgconfig/mcl_3dl.pc'
[3.272s] Level 1:colcon.colcon_core.environment:checking '/root/dddmr_navigation/install/mcl_3dl/lib/python3.10/site-packages'
[3.272s] Level 1:colcon.colcon_core.environment:checking '/root/dddmr_navigation/install/mcl_3dl/bin'
[3.273s] INFO:colcon.colcon_core.shell:Creating package script '/root/dddmr_navigation/install/mcl_3dl/share/mcl_3dl/package.ps1'
[3.273s] INFO:colcon.colcon_core.shell:Creating package descriptor '/root/dddmr_navigation/install/mcl_3dl/share/mcl_3dl/package.dsv'
[3.273s] INFO:colcon.colcon_core.shell:Creating package script '/root/dddmr_navigation/install/mcl_3dl/share/mcl_3dl/package.sh'
[3.273s] INFO:colcon.colcon_core.shell:Creating package script '/root/dddmr_navigation/install/mcl_3dl/share/mcl_3dl/package.bash'
[3.273s] INFO:colcon.colcon_core.shell:Creating package script '/root/dddmr_navigation/install/mcl_3dl/share/mcl_3dl/package.zsh'
[3.273s] Level 1:colcon.colcon_core.environment:create_file_with_runtime_dependencies(/root/dddmr_navigation/install/mcl_3dl/share/colcon-core/packages/mcl_3dl)
[3.768s] DEBUG:colcon.colcon_core.event_handler.log_command:Invoked command in '/root/dddmr_navigation/build/global_planner' returned '0': CMAKE_PREFIX_PATH=/root/dddmr_navigation/install/perception_3d:/root/dddmr_navigation/install/dddmr_sys_core:/root/dddmr_navigation/install/dddmr_sc_pgo:/root/dddmr_navigation/install/p2p_move_base:/root/dddmr_navigation/install/recovery_behaviors:/root/dddmr_navigation/install/local_planner:/root/dddmr_navigation/install/trajectory_generators:/root/dddmr_navigation/install/pose_graph_merge_editor_panel:/root/dddmr_navigation/install/pose_graph_editor_panel:/root/dddmr_navigation/install/mpc_critics:/root/dddmr_navigation/install/mcl_3dl:/root/dddmr_navigation/install/mapping_panel:/root/dddmr_navigation/install/map_editor_panel:/root/dddmr_navigation/install/lego_loam_bor:/root/dddmr_navigation/install/global_planner:/root/dddmr_navigation/install/fast_lio:/root/dddmr_navigation/install/dddmr_trt:/root/dddmr_navigation/install/dddmr_semantic_segmentation:/root/dddmr_navigation/install/dddmr_rviz_default_plugins:/root/dddmr_navigation/install/dddmr_odom_3d:/root/dddmr_navigation/install/dddmr_fastlio_adapter:/root/dddmr_navigation/install/dddmr_beginner_guide:/root/dddmr_navigation/install/cloud_msgs:/root/dddmr_navigation/install/base_trajectory:/opt/ros/humble LD_LIBRARY_PATH=/root/dddmr_navigation/install/perception_3d/lib:/root/dddmr_navigation/install/dddmr_sys_core/lib:/root/dddmr_navigation/install/dddmr_sc_pgo/lib:/opt/ros/humble/opt/rviz_ogre_vendor/lib:/opt/ros/humble/lib/x86_64-linux-gnu:/opt/ros/humble/lib:/root/dddmr_navigation/install/p2p_move_base/lib:/root/dddmr_navigation/install/recovery_behaviors/lib:/root/dddmr_navigation/install/local_planner/lib:/root/dddmr_navigation/install/trajectory_generators/lib:/root/dddmr_navigation/install/pose_graph_merge_editor_panel/lib:/root/dddmr_navigation/install/pose_graph_editor_panel/lib:/root/dddmr_navigation/install/mpc_critics/lib:/root/dddmr_navigation/install/mcl_3dl/lib:/root/dddmr_navigation/install/mapping_panel/lib:/root/dddmr_navigation/install/map_editor_panel/lib:/root/dddmr_navigation/install/lego_loam_bor/lib:/root/dddmr_navigation/install/global_planner/lib:/root/dddmr_navigation/install/fast_lio/lib:/root/dddmr_navigation/install/dddmr_rviz_default_plugins/lib:/root/dddmr_navigation/install/cloud_msgs/lib:/root/dddmr_navigation/install/base_trajectory/lib /usr/bin/cmake /root/dddmr_navigation/src/dddmr_global_planner -DAMENT_CMAKE_SYMLINK_INSTALL=1 -DCMAKE_INSTALL_PREFIX=/root/dddmr_navigation/install/global_planner
[3.769s] DEBUG:colcon.colcon_core.event_handler.log_command:Invoking command in '/root/dddmr_navigation/build/global_planner': CMAKE_PREFIX_PATH=/root/dddmr_navigation/install/perception_3d:/root/dddmr_navigation/install/dddmr_sys_core:/root/dddmr_navigation/install/dddmr_sc_pgo:/root/dddmr_navigation/install/p2p_move_base:/root/dddmr_navigation/install/recovery_behaviors:/root/dddmr_navigation/install/local_planner:/root/dddmr_navigation/install/trajectory_generators:/root/dddmr_navigation/install/pose_graph_merge_editor_panel:/root/dddmr_navigation/install/pose_graph_editor_panel:/root/dddmr_navigation/install/mpc_critics:/root/dddmr_navigation/install/mcl_3dl:/root/dddmr_navigation/install/mapping_panel:/root/dddmr_navigation/install/map_editor_panel:/root/dddmr_navigation/install/lego_loam_bor:/root/dddmr_navigation/install/global_planner:/root/dddmr_navigation/install/fast_lio:/root/dddmr_navigation/install/dddmr_trt:/root/dddmr_navigation/install/dddmr_semantic_segmentation:/root/dddmr_navigation/install/dddmr_rviz_default_plugins:/root/dddmr_navigation/install/dddmr_odom_3d:/root/dddmr_navigation/install/dddmr_fastlio_adapter:/root/dddmr_navigation/install/dddmr_beginner_guide:/root/dddmr_navigation/install/cloud_msgs:/root/dddmr_navigation/install/base_trajectory:/opt/ros/humble LD_LIBRARY_PATH=/root/dddmr_navigation/install/perception_3d/lib:/root/dddmr_navigation/install/dddmr_sys_core/lib:/root/dddmr_navigation/install/dddmr_sc_pgo/lib:/opt/ros/humble/opt/rviz_ogre_vendor/lib:/opt/ros/humble/lib/x86_64-linux-gnu:/opt/ros/humble/lib:/root/dddmr_navigation/install/p2p_move_base/lib:/root/dddmr_navigation/install/recovery_behaviors/lib:/root/dddmr_navigation/install/local_planner/lib:/root/dddmr_navigation/install/trajectory_generators/lib:/root/dddmr_navigation/install/pose_graph_merge_editor_panel/lib:/root/dddmr_navigation/install/pose_graph_editor_panel/lib:/root/dddmr_navigation/install/mpc_critics/lib:/root/dddmr_navigation/install/mcl_3dl/lib:/root/dddmr_navigation/install/mapping_panel/lib:/root/dddmr_navigation/install/map_editor_panel/lib:/root/dddmr_navigation/install/lego_loam_bor/lib:/root/dddmr_navigation/install/global_planner/lib:/root/dddmr_navigation/install/fast_lio/lib:/root/dddmr_navigation/install/dddmr_rviz_default_plugins/lib:/root/dddmr_navigation/install/cloud_msgs/lib:/root/dddmr_navigation/install/base_trajectory/lib /usr/bin/cmake --build /root/dddmr_navigation/build/global_planner -- -j28 -l28
[3.773s] DEBUG:colcon.colcon_core.event_handler.log_command:Invoked command in '/root/dddmr_navigation/build/lego_loam_bor' returned '0': CMAKE_PREFIX_PATH=/root/dddmr_navigation/install/dddmr_trt:/root/dddmr_navigation/install/dddmr_sys_core:/root/dddmr_navigation/install/cloud_msgs:/root/dddmr_navigation/install/dddmr_sc_pgo:/root/dddmr_navigation/install/p2p_move_base:/root/dddmr_navigation/install/recovery_behaviors:/root/dddmr_navigation/install/local_planner:/root/dddmr_navigation/install/trajectory_generators:/root/dddmr_navigation/install/pose_graph_merge_editor_panel:/root/dddmr_navigation/install/pose_graph_editor_panel:/root/dddmr_navigation/install/perception_3d:/root/dddmr_navigation/install/mpc_critics:/root/dddmr_navigation/install/mcl_3dl:/root/dddmr_navigation/install/mapping_panel:/root/dddmr_navigation/install/map_editor_panel:/root/dddmr_navigation/install/lego_loam_bor:/root/dddmr_navigation/install/global_planner:/root/dddmr_navigation/install/fast_lio:/root/dddmr_navigation/install/dddmr_semantic_segmentation:/root/dddmr_navigation/install/dddmr_rviz_default_plugins:/root/dddmr_navigation/install/dddmr_odom_3d:/root/dddmr_navigation/install/dddmr_fastlio_adapter:/root/dddmr_navigation/install/dddmr_beginner_guide:/root/dddmr_navigation/install/base_trajectory:/opt/ros/humble LD_LIBRARY_PATH=/root/dddmr_navigation/install/dddmr_sys_core/lib:/root/dddmr_navigation/install/cloud_msgs/lib:/root/dddmr_navigation/install/dddmr_sc_pgo/lib:/opt/ros/humble/opt/rviz_ogre_vendor/lib:/opt/ros/humble/lib/x86_64-linux-gnu:/opt/ros/humble/lib:/root/dddmr_navigation/install/p2p_move_base/lib:/root/dddmr_navigation/install/recovery_behaviors/lib:/root/dddmr_navigation/install/local_planner/lib:/root/dddmr_navigation/install/trajectory_generators/lib:/root/dddmr_navigation/install/pose_graph_merge_editor_panel/lib:/root/dddmr_navigation/install/pose_graph_editor_panel/lib:/root/dddmr_navigation/install/perception_3d/lib:/root/dddmr_navigation/install/mpc_critics/lib:/root/dddmr_navigation/install/mcl_3dl/lib:/root/dddmr_navigation/install/mapping_panel/lib:/root/dddmr_navigation/install/map_editor_panel/lib:/root/dddmr_navigation/install/lego_loam_bor/lib:/root/dddmr_navigation/install/global_planner/lib:/root/dddmr_navigation/install/fast_lio/lib:/root/dddmr_navigation/install/dddmr_rviz_default_plugins/lib:/root/dddmr_navigation/install/base_trajectory/lib /usr/bin/cmake /root/dddmr_navigation/src/dddmr_lego_loam/lego_loam_bor -DAMENT_CMAKE_SYMLINK_INSTALL=1 -DCMAKE_INSTALL_PREFIX=/root/dddmr_navigation/install/lego_loam_bor
[3.774s] DEBUG:colcon.colcon_core.event_handler.log_command:Invoking command in '/root/dddmr_navigation/build/lego_loam_bor': CMAKE_PREFIX_PATH=/root/dddmr_navigation/install/dddmr_trt:/root/dddmr_navigation/install/dddmr_sys_core:/root/dddmr_navigation/install/cloud_msgs:/root/dddmr_navigation/install/dddmr_sc_pgo:/root/dddmr_navigation/install/p2p_move_base:/root/dddmr_navigation/install/recovery_behaviors:/root/dddmr_navigation/install/local_planner:/root/dddmr_navigation/install/trajectory_generators:/root/dddmr_navigation/install/pose_graph_merge_editor_panel:/root/dddmr_navigation/install/pose_graph_editor_panel:/root/dddmr_navigation/install/perception_3d:/root/dddmr_navigation/install/mpc_critics:/root/dddmr_navigation/install/mcl_3dl:/root/dddmr_navigation/install/mapping_panel:/root/dddmr_navigation/install/map_editor_panel:/root/dddmr_navigation/install/lego_loam_bor:/root/dddmr_navigation/install/global_planner:/root/dddmr_navigation/install/fast_lio:/root/dddmr_navigation/install/dddmr_semantic_segmentation:/root/dddmr_navigation/install/dddmr_rviz_default_plugins:/root/dddmr_navigation/install/dddmr_odom_3d:/root/dddmr_navigation/install/dddmr_fastlio_adapter:/root/dddmr_navigation/install/dddmr_beginner_guide:/root/dddmr_navigation/install/base_trajectory:/opt/ros/humble LD_LIBRARY_PATH=/root/dddmr_navigation/install/dddmr_sys_core/lib:/root/dddmr_navigation/install/cloud_msgs/lib:/root/dddmr_navigation/install/dddmr_sc_pgo/lib:/opt/ros/humble/opt/rviz_ogre_vendor/lib:/opt/ros/humble/lib/x86_64-linux-gnu:/opt/ros/humble/lib:/root/dddmr_navigation/install/p2p_move_base/lib:/root/dddmr_navigation/install/recovery_behaviors/lib:/root/dddmr_navigation/install/local_planner/lib:/root/dddmr_navigation/install/trajectory_generators/lib:/root/dddmr_navigation/install/pose_graph_merge_editor_panel/lib:/root/dddmr_navigation/install/pose_graph_editor_panel/lib:/root/dddmr_navigation/install/perception_3d/lib:/root/dddmr_navigation/install/mpc_critics/lib:/root/dddmr_navigation/install/mcl_3dl/lib:/root/dddmr_navigation/install/mapping_panel/lib:/root/dddmr_navigation/install/map_editor_panel/lib:/root/dddmr_navigation/install/lego_loam_bor/lib:/root/dddmr_navigation/install/global_planner/lib:/root/dddmr_navigation/install/fast_lio/lib:/root/dddmr_navigation/install/dddmr_rviz_default_plugins/lib:/root/dddmr_navigation/install/base_trajectory/lib /usr/bin/cmake --build /root/dddmr_navigation/build/lego_loam_bor -- -j28 -l28
[7.178s] DEBUG:colcon.colcon_core.event_handler.log_command:Invoked command in '/root/dddmr_navigation/build/recovery_behaviors' returned '0': CMAKE_PREFIX_PATH=/root/dddmr_navigation/install/trajectory_generators:/root/dddmr_navigation/install/mpc_critics:/root/dddmr_navigation/install/perception_3d:/root/dddmr_navigation/install/dddmr_sys_core:/root/dddmr_navigation/install/base_trajectory:/root/dddmr_navigation/install/dddmr_sc_pgo:/root/dddmr_navigation/install/p2p_move_base:/root/dddmr_navigation/install/recovery_behaviors:/root/dddmr_navigation/install/local_planner:/root/dddmr_navigation/install/pose_graph_merge_editor_panel:/root/dddmr_navigation/install/pose_graph_editor_panel:/root/dddmr_navigation/install/mcl_3dl:/root/dddmr_navigation/install/mapping_panel:/root/dddmr_navigation/install/map_editor_panel:/root/dddmr_navigation/install/lego_loam_bor:/root/dddmr_navigation/install/global_planner:/root/dddmr_navigation/install/fast_lio:/root/dddmr_navigation/install/dddmr_trt:/root/dddmr_navigation/install/dddmr_semantic_segmentation:/root/dddmr_navigation/install/dddmr_rviz_default_plugins:/root/dddmr_navigation/install/dddmr_odom_3d:/root/dddmr_navigation/install/dddmr_fastlio_adapter:/root/dddmr_navigation/install/dddmr_beginner_guide:/root/dddmr_navigation/install/cloud_msgs:/opt/ros/humble LD_LIBRARY_PATH=/root/dddmr_navigation/install/trajectory_generators/lib:/root/dddmr_navigation/install/mpc_critics/lib:/root/dddmr_navigation/install/perception_3d/lib:/root/dddmr_navigation/install/dddmr_sys_core/lib:/root/dddmr_navigation/install/base_trajectory/lib:/root/dddmr_navigation/install/dddmr_sc_pgo/lib:/opt/ros/humble/opt/rviz_ogre_vendor/lib:/opt/ros/humble/lib/x86_64-linux-gnu:/opt/ros/humble/lib:/root/dddmr_navigation/install/p2p_move_base/lib:/root/dddmr_navigation/install/recovery_behaviors/lib:/root/dddmr_navigation/install/local_planner/lib:/root/dddmr_navigation/install/pose_graph_merge_editor_panel/lib:/root/dddmr_navigation/install/pose_graph_editor_panel/lib:/root/dddmr_navigation/install/mcl_3dl/lib:/root/dddmr_navigation/install/mapping_panel/lib:/root/dddmr_navigation/install/map_editor_panel/lib:/root/dddmr_navigation/install/lego_loam_bor/lib:/root/dddmr_navigation/install/global_planner/lib:/root/dddmr_navigation/install/fast_lio/lib:/root/dddmr_navigation/install/dddmr_rviz_default_plugins/lib:/root/dddmr_navigation/install/cloud_msgs/lib /usr/bin/cmake /root/dddmr_navigation/src/dddmr_local_planner/recovery_behaviors -DAMENT_CMAKE_SYMLINK_INSTALL=1 -DCMAKE_INSTALL_PREFIX=/root/dddmr_navigation/install/recovery_behaviors
[7.180s] DEBUG:colcon.colcon_core.event_handler.log_command:Invoking command in '/root/dddmr_navigation/build/recovery_behaviors': CMAKE_PREFIX_PATH=/root/dddmr_navigation/install/trajectory_generators:/root/dddmr_navigation/install/mpc_critics:/root/dddmr_navigation/install/perception_3d:/root/dddmr_navigation/install/dddmr_sys_core:/root/dddmr_navigation/install/base_trajectory:/root/dddmr_navigation/install/dddmr_sc_pgo:/root/dddmr_navigation/install/p2p_move_base:/root/dddmr_navigation/install/recovery_behaviors:/root/dddmr_navigation/install/local_planner:/root/dddmr_navigation/install/pose_graph_merge_editor_panel:/root/dddmr_navigation/install/pose_graph_editor_panel:/root/dddmr_navigation/install/mcl_3dl:/root/dddmr_navigation/install/mapping_panel:/root/dddmr_navigation/install/map_editor_panel:/root/dddmr_navigation/install/lego_loam_bor:/root/dddmr_navigation/install/global_planner:/root/dddmr_navigation/install/fast_lio:/root/dddmr_navigation/install/dddmr_trt:/root/dddmr_navigation/install/dddmr_semantic_segmentation:/root/dddmr_navigation/install/dddmr_rviz_default_plugins:/root/dddmr_navigation/install/dddmr_odom_3d:/root/dddmr_navigation/install/dddmr_fastlio_adapter:/root/dddmr_navigation/install/dddmr_beginner_guide:/root/dddmr_navigation/install/cloud_msgs:/opt/ros/humble LD_LIBRARY_PATH=/root/dddmr_navigation/install/trajectory_generators/lib:/root/dddmr_navigation/install/mpc_critics/lib:/root/dddmr_navigation/install/perception_3d/lib:/root/dddmr_navigation/install/dddmr_sys_core/lib:/root/dddmr_navigation/install/base_trajectory/lib:/root/dddmr_navigation/install/dddmr_sc_pgo/lib:/opt/ros/humble/opt/rviz_ogre_vendor/lib:/opt/ros/humble/lib/x86_64-linux-gnu:/opt/ros/humble/lib:/root/dddmr_navigation/install/p2p_move_base/lib:/root/dddmr_navigation/install/recovery_behaviors/lib:/root/dddmr_navigation/install/local_planner/lib:/root/dddmr_navigation/install/pose_graph_merge_editor_panel/lib:/root/dddmr_navigation/install/pose_graph_editor_panel/lib:/root/dddmr_navigation/install/mcl_3dl/lib:/root/dddmr_navigation/install/mapping_panel/lib:/root/dddmr_navigation/install/map_editor_panel/lib:/root/dddmr_navigation/install/lego_loam_bor/lib:/root/dddmr_navigation/install/global_planner/lib:/root/dddmr_navigation/install/fast_lio/lib:/root/dddmr_navigation/install/dddmr_rviz_default_plugins/lib:/root/dddmr_navigation/install/cloud_msgs/lib /usr/bin/cmake --build /root/dddmr_navigation/build/recovery_behaviors -- -j28 -l28
[7.393s] DEBUG:colcon.colcon_core.event_handler.log_command:Invoked command in '/root/dddmr_navigation/build/local_planner' returned '0': CMAKE_PREFIX_PATH=/root/dddmr_navigation/install/trajectory_generators:/root/dddmr_navigation/install/mpc_critics:/root/dddmr_navigation/install/perception_3d:/root/dddmr_navigation/install/dddmr_sys_core:/root/dddmr_navigation/install/base_trajectory:/root/dddmr_navigation/install/dddmr_sc_pgo:/root/dddmr_navigation/install/p2p_move_base:/root/dddmr_navigation/install/recovery_behaviors:/root/dddmr_navigation/install/local_planner:/root/dddmr_navigation/install/pose_graph_merge_editor_panel:/root/dddmr_navigation/install/pose_graph_editor_panel:/root/dddmr_navigation/install/mcl_3dl:/root/dddmr_navigation/install/mapping_panel:/root/dddmr_navigation/install/map_editor_panel:/root/dddmr_navigation/install/lego_loam_bor:/root/dddmr_navigation/install/global_planner:/root/dddmr_navigation/install/fast_lio:/root/dddmr_navigation/install/dddmr_trt:/root/dddmr_navigation/install/dddmr_semantic_segmentation:/root/dddmr_navigation/install/dddmr_rviz_default_plugins:/root/dddmr_navigation/install/dddmr_odom_3d:/root/dddmr_navigation/install/dddmr_fastlio_adapter:/root/dddmr_navigation/install/dddmr_beginner_guide:/root/dddmr_navigation/install/cloud_msgs:/opt/ros/humble LD_LIBRARY_PATH=/root/dddmr_navigation/install/trajectory_generators/lib:/root/dddmr_navigation/install/mpc_critics/lib:/root/dddmr_navigation/install/perception_3d/lib:/root/dddmr_navigation/install/dddmr_sys_core/lib:/root/dddmr_navigation/install/base_trajectory/lib:/root/dddmr_navigation/install/dddmr_sc_pgo/lib:/opt/ros/humble/opt/rviz_ogre_vendor/lib:/opt/ros/humble/lib/x86_64-linux-gnu:/opt/ros/humble/lib:/root/dddmr_navigation/install/p2p_move_base/lib:/root/dddmr_navigation/install/recovery_behaviors/lib:/root/dddmr_navigation/install/local_planner/lib:/root/dddmr_navigation/install/pose_graph_merge_editor_panel/lib:/root/dddmr_navigation/install/pose_graph_editor_panel/lib:/root/dddmr_navigation/install/mcl_3dl/lib:/root/dddmr_navigation/install/mapping_panel/lib:/root/dddmr_navigation/install/map_editor_panel/lib:/root/dddmr_navigation/install/lego_loam_bor/lib:/root/dddmr_navigation/install/global_planner/lib:/root/dddmr_navigation/install/fast_lio/lib:/root/dddmr_navigation/install/dddmr_rviz_default_plugins/lib:/root/dddmr_navigation/install/cloud_msgs/lib /usr/bin/cmake /root/dddmr_navigation/src/dddmr_local_planner/local_planner -DAMENT_CMAKE_SYMLINK_INSTALL=1 -DCMAKE_INSTALL_PREFIX=/root/dddmr_navigation/install/local_planner
[7.394s] DEBUG:colcon.colcon_core.event_handler.log_command:Invoking command in '/root/dddmr_navigation/build/local_planner': CMAKE_PREFIX_PATH=/root/dddmr_navigation/install/trajectory_generators:/root/dddmr_navigation/install/mpc_critics:/root/dddmr_navigation/install/perception_3d:/root/dddmr_navigation/install/dddmr_sys_core:/root/dddmr_navigation/install/base_trajectory:/root/dddmr_navigation/install/dddmr_sc_pgo:/root/dddmr_navigation/install/p2p_move_base:/root/dddmr_navigation/install/recovery_behaviors:/root/dddmr_navigation/install/local_planner:/root/dddmr_navigation/install/pose_graph_merge_editor_panel:/root/dddmr_navigation/install/pose_graph_editor_panel:/root/dddmr_navigation/install/mcl_3dl:/root/dddmr_navigation/install/mapping_panel:/root/dddmr_navigation/install/map_editor_panel:/root/dddmr_navigation/install/lego_loam_bor:/root/dddmr_navigation/install/global_planner:/root/dddmr_navigation/install/fast_lio:/root/dddmr_navigation/install/dddmr_trt:/root/dddmr_navigation/install/dddmr_semantic_segmentation:/root/dddmr_navigation/install/dddmr_rviz_default_plugins:/root/dddmr_navigation/install/dddmr_odom_3d:/root/dddmr_navigation/install/dddmr_fastlio_adapter:/root/dddmr_navigation/install/dddmr_beginner_guide:/root/dddmr_navigation/install/cloud_msgs:/opt/ros/humble LD_LIBRARY_PATH=/root/dddmr_navigation/install/trajectory_generators/lib:/root/dddmr_navigation/install/mpc_critics/lib:/root/dddmr_navigation/install/perception_3d/lib:/root/dddmr_navigation/install/dddmr_sys_core/lib:/root/dddmr_navigation/install/base_trajectory/lib:/root/dddmr_navigation/install/dddmr_sc_pgo/lib:/opt/ros/humble/opt/rviz_ogre_vendor/lib:/opt/ros/humble/lib/x86_64-linux-gnu:/opt/ros/humble/lib:/root/dddmr_navigation/install/p2p_move_base/lib:/root/dddmr_navigation/install/recovery_behaviors/lib:/root/dddmr_navigation/install/local_planner/lib:/root/dddmr_navigation/install/pose_graph_merge_editor_panel/lib:/root/dddmr_navigation/install/pose_graph_editor_panel/lib:/root/dddmr_navigation/install/mcl_3dl/lib:/root/dddmr_navigation/install/mapping_panel/lib:/root/dddmr_navigation/install/map_editor_panel/lib:/root/dddmr_navigation/install/lego_loam_bor/lib:/root/dddmr_navigation/install/global_planner/lib:/root/dddmr_navigation/install/fast_lio/lib:/root/dddmr_navigation/install/dddmr_rviz_default_plugins/lib:/root/dddmr_navigation/install/cloud_msgs/lib /usr/bin/cmake --build /root/dddmr_navigation/build/local_planner -- -j28 -l28
[15.167s] DEBUG:colcon.colcon_parallel_executor.executor.parallel:run_until_complete was interrupted
[15.167s] DEBUG:colcon.colcon_parallel_executor.executor.parallel:run_until_complete again
[15.175s] DEBUG:colcon.colcon_core.event_handler.log_command:Invoked command in '/root/dddmr_navigation/build/recovery_behaviors' returned '-2': CMAKE_PREFIX_PATH=/root/dddmr_navigation/install/trajectory_generators:/root/dddmr_navigation/install/mpc_critics:/root/dddmr_navigation/install/perception_3d:/root/dddmr_navigation/install/dddmr_sys_core:/root/dddmr_navigation/install/base_trajectory:/root/dddmr_navigation/install/dddmr_sc_pgo:/root/dddmr_navigation/install/p2p_move_base:/root/dddmr_navigation/install/recovery_behaviors:/root/dddmr_navigation/install/local_planner:/root/dddmr_navigation/install/pose_graph_merge_editor_panel:/root/dddmr_navigation/install/pose_graph_editor_panel:/root/dddmr_navigation/install/mcl_3dl:/root/dddmr_navigation/install/mapping_panel:/root/dddmr_navigation/install/map_editor_panel:/root/dddmr_navigation/install/lego_loam_bor:/root/dddmr_navigation/install/global_planner:/root/dddmr_navigation/install/fast_lio:/root/dddmr_navigation/install/dddmr_trt:/root/dddmr_navigation/install/dddmr_semantic_segmentation:/root/dddmr_navigation/install/dddmr_rviz_default_plugins:/root/dddmr_navigation/install/dddmr_odom_3d:/root/dddmr_navigation/install/dddmr_fastlio_adapter:/root/dddmr_navigation/install/dddmr_beginner_guide:/root/dddmr_navigation/install/cloud_msgs:/opt/ros/humble LD_LIBRARY_PATH=/root/dddmr_navigation/install/trajectory_generators/lib:/root/dddmr_navigation/install/mpc_critics/lib:/root/dddmr_navigation/install/perception_3d/lib:/root/dddmr_navigation/install/dddmr_sys_core/lib:/root/dddmr_navigation/install/base_trajectory/lib:/root/dddmr_navigation/install/dddmr_sc_pgo/lib:/opt/ros/humble/opt/rviz_ogre_vendor/lib:/opt/ros/humble/lib/x86_64-linux-gnu:/opt/ros/humble/lib:/root/dddmr_navigation/install/p2p_move_base/lib:/root/dddmr_navigation/install/recovery_behaviors/lib:/root/dddmr_navigation/install/local_planner/lib:/root/dddmr_navigation/install/pose_graph_merge_editor_panel/lib:/root/dddmr_navigation/install/pose_graph_editor_panel/lib:/root/dddmr_navigation/install/mcl_3dl/lib:/root/dddmr_navigation/install/mapping_panel/lib:/root/dddmr_navigation/install/map_editor_panel/lib:/root/dddmr_navigation/install/lego_loam_bor/lib:/root/dddmr_navigation/install/global_planner/lib:/root/dddmr_navigation/install/fast_lio/lib:/root/dddmr_navigation/install/dddmr_rviz_default_plugins/lib:/root/dddmr_navigation/install/cloud_msgs/lib /usr/bin/cmake --build /root/dddmr_navigation/build/recovery_behaviors -- -j28 -l28
[15.175s] Level 1:colcon.colcon_core.environment:create_environment_scripts_only(recovery_behaviors)
[15.175s] Level 1:colcon.colcon_core.environment:checking '/root/dddmr_navigation/install/recovery_behaviors' for CMake module files
[15.178s] Level 1:colcon.colcon_core.environment:checking '/root/dddmr_navigation/install/recovery_behaviors' for CMake config files
[15.180s] Level 1:colcon.colcon_core.shell:create_environment_hook('recovery_behaviors', 'cmake_prefix_path')
[15.181s] INFO:colcon.colcon_core.shell:Creating environment hook '/root/dddmr_navigation/install/recovery_behaviors/share/recovery_behaviors/hook/cmake_prefix_path.ps1'
[15.181s] INFO:colcon.colcon_core.shell:Creating environment descriptor '/root/dddmr_navigation/install/recovery_behaviors/share/recovery_behaviors/hook/cmake_prefix_path.dsv'
[15.182s] INFO:colcon.colcon_core.shell:Creating environment hook '/root/dddmr_navigation/install/recovery_behaviors/share/recovery_behaviors/hook/cmake_prefix_path.sh'
[15.182s] Level 1:colcon.colcon_core.environment:checking '/root/dddmr_navigation/install/recovery_behaviors/lib'
[15.182s] Level 1:colcon.colcon_core.shell:create_environment_hook('recovery_behaviors', 'ld_library_path_lib')
[15.183s] INFO:colcon.colcon_core.shell:Creating environment hook '/root/dddmr_navigation/install/recovery_behaviors/share/recovery_behaviors/hook/ld_library_path_lib.ps1'
[15.183s] INFO:colcon.colcon_core.shell:Creating environment descriptor '/root/dddmr_navigation/install/recovery_behaviors/share/recovery_behaviors/hook/ld_library_path_lib.dsv'
[15.183s] INFO:colcon.colcon_core.shell:Creating environment hook '/root/dddmr_navigation/install/recovery_behaviors/share/recovery_behaviors/hook/ld_library_path_lib.sh'
[15.184s] Level 1:colcon.colcon_core.environment:checking '/root/dddmr_navigation/install/recovery_behaviors/bin'
[15.184s] Level 1:colcon.colcon_core.environment:checking '/root/dddmr_navigation/install/recovery_behaviors/lib/pkgconfig/recovery_behaviors.pc'
[15.184s] Level 1:colcon.colcon_core.environment:checking '/root/dddmr_navigation/install/recovery_behaviors/lib/python3.10/site-packages'
[15.184s] Level 1:colcon.colcon_core.environment:checking '/root/dddmr_navigation/install/recovery_behaviors/bin'
[15.184s] INFO:colcon.colcon_core.shell:Creating package script '/root/dddmr_navigation/install/recovery_behaviors/share/recovery_behaviors/package.ps1'
[15.185s] INFO:colcon.colcon_core.shell:Creating package descriptor '/root/dddmr_navigation/install/recovery_behaviors/share/recovery_behaviors/package.dsv'
[15.186s] INFO:colcon.colcon_core.shell:Creating package script '/root/dddmr_navigation/install/recovery_behaviors/share/recovery_behaviors/package.sh'
[15.187s] INFO:colcon.colcon_core.shell:Creating package script '/root/dddmr_navigation/install/recovery_behaviors/share/recovery_behaviors/package.bash'
[15.187s] INFO:colcon.colcon_core.shell:Creating package script '/root/dddmr_navigation/install/recovery_behaviors/share/recovery_behaviors/package.zsh'
[15.188s] Level 1:colcon.colcon_core.environment:create_file_with_runtime_dependencies(/root/dddmr_navigation/install/recovery_behaviors/share/colcon-core/packages/recovery_behaviors)
[15.275s] DEBUG:colcon.colcon_parallel_executor.executor.parallel:run_until_complete finished
[15.275s] DEBUG:colcon.colcon_parallel_executor.executor.parallel:closing loop
[15.275s] DEBUG:colcon.colcon_parallel_executor.executor.parallel:loop closed
[15.275s] DEBUG:colcon.colcon_core.event_reactor:joining thread
[15.284s] INFO:colcon.colcon_core.plugin_system:Skipping extension 'colcon_notification.desktop_notification.notify_send': Could not find 'notify-send'
[15.284s] INFO:colcon.colcon_core.plugin_system:Skipping extension 'colcon_notification.desktop_notification.terminal_notifier': Not used on non-Darwin systems
[15.284s] INFO:colcon.colcon_core.plugin_system:Skipping extension 'colcon_notification.desktop_notification.win32': Not used on non-Windows systems
[15.284s] INFO:colcon.colcon_notification.desktop_notification:Sending desktop notification using 'notify2'
[15.286s] DEBUG:colcon.colcon_notification.desktop_notification.notify2:Failed to initialize notify2: org.freedesktop.DBus.Error.Spawn.ExecFailed: /usr/bin/dbus-launch terminated abnormally without any error message
[15.287s] DEBUG:colcon.colcon_core.event_reactor:joined thread
[15.287s] INFO:colcon.colcon_core.shell:Creating prefix script '/root/dddmr_navigation/install/local_setup.ps1'
[15.288s] INFO:colcon.colcon_core.shell:Creating prefix util module '/root/dddmr_navigation/install/_local_setup_util_ps1.py'
[15.289s] INFO:colcon.colcon_core.shell:Creating prefix chain script '/root/dddmr_navigation/install/setup.ps1'
[15.293s] INFO:colcon.colcon_core.shell:Creating prefix script '/root/dddmr_navigation/install/local_setup.sh'
[15.293s] INFO:colcon.colcon_core.shell:Creating prefix util module '/root/dddmr_navigation/install/_local_setup_util_sh.py'
[15.293s] INFO:colcon.colcon_core.shell:Creating prefix chain script '/root/dddmr_navigation/install/setup.sh'
[15.294s] INFO:colcon.colcon_core.shell:Creating prefix script '/root/dddmr_navigation/install/local_setup.bash'
[15.295s] INFO:colcon.colcon_core.shell:Creating prefix chain script '/root/dddmr_navigation/install/setup.bash'
[15.296s] INFO:colcon.colcon_core.shell:Creating prefix script '/root/dddmr_navigation/install/local_setup.zsh'
[15.296s] INFO:colcon.colcon_core.shell:Creating prefix chain script '/root/dddmr_navigation/install/setup.zsh'
