[0.141s] DEBUG:colcon:Command line arguments: ['/usr/bin/colcon', 'build', '--symlink-install', '--cmake-args', '-DCMAKE_BUILD_TYPE=Release']
[0.141s] DEBUG:colcon:Parsed command line arguments: Namespace(log_base=None, log_level=None, verb_name='build', build_base='build', install_base='install', merge_install=False, symlink_install=True, test_result_base=None, continue_on_error=False, executor='parallel', parallel_workers=32, event_handlers=None, ignore_user_meta=False, metas=['./colcon.meta'], base_paths=['.'], packages_ignore=None, packages_ignore_regex=None, paths=None, packages_up_to=None, packages_up_to_regex=None, packages_above=None, packages_above_and_dependencies=None, packages_above_depth=None, packages_select_by_dep=None, packages_skip_by_dep=None, packages_skip_up_to=None, packages_select_build_failed=False, packages_skip_build_finished=False, packages_select_test_failures=False, packages_skip_test_passed=False, packages_select=None, packages_skip=None, packages_select_regex=None, packages_skip_regex=None, packages_start=None, packages_end=None, allow_overriding=[], cmake_args=['-DCMAKE_BUILD_TYPE=Release'], cmake_target=None, cmake_target_skip_unavailable=False, cmake_clean_cache=False, cmake_clean_first=False, cmake_force_configure=False, ament_cmake_args=None, catkin_cmake_args=None, catkin_skip_building_tests=False, verb_parser=<colcon_defaults.argument_parser.defaults.DefaultArgumentsDecorator object at 0x7bacb7dcaad0>, verb_extension=<colcon_core.verb.build.BuildVerb object at 0x7bacb7f33fa0>, main=<bound method BuildVerb.main of <colcon_core.verb.build.BuildVerb object at 0x7bacb7f33fa0>>)
[0.233s] Level 1:colcon.colcon_core.package_discovery:discover_packages(colcon_meta) check parameters
[0.233s] Level 1:colcon.colcon_core.package_discovery:discover_packages(recursive) check parameters
[0.233s] Level 1:colcon.colcon_core.package_discovery:discover_packages(ignore) check parameters
[0.233s] Level 1:colcon.colcon_core.package_discovery:discover_packages(path) check parameters
[0.233s] Level 1:colcon.colcon_core.package_discovery:discover_packages(colcon_meta) discover
[0.233s] Level 1:colcon.colcon_core.package_discovery:discover_packages(recursive) discover
[0.233s] INFO:colcon.colcon_core.package_discovery:Crawling recursively for packages in '/ws_gz'
[0.233s] Level 1:colcon.colcon_core.package_identification:_identify(.) by extensions ['ignore', 'ignore_ament_install']
[0.233s] Level 1:colcon.colcon_core.package_identification:_identify(.) by extension 'ignore'
[0.233s] Level 1:colcon.colcon_core.package_identification:_identify(.) by extension 'ignore_ament_install'
[0.233s] Level 1:colcon.colcon_core.package_identification:_identify(.) by extensions ['colcon_pkg']
[0.233s] Level 1:colcon.colcon_core.package_identification:_identify(.) by extension 'colcon_pkg'
[0.233s] Level 1:colcon.colcon_core.package_identification:_identify(.) by extensions ['colcon_meta']
[0.233s] Level 1:colcon.colcon_core.package_identification:_identify(.) by extension 'colcon_meta'
[0.233s] Level 1:colcon.colcon_core.package_identification:_identify(.) by extensions ['ros']
[0.233s] Level 1:colcon.colcon_core.package_identification:_identify(.) by extension 'ros'
[0.240s] Level 1:colcon.colcon_core.package_identification:_identify(.) by extensions ['cmake', 'python']
[0.240s] Level 1:colcon.colcon_core.package_identification:_identify(.) by extension 'cmake'
[0.240s] Level 1:colcon.colcon_core.package_identification:_identify(.) by extension 'python'
[0.240s] Level 1:colcon.colcon_core.package_identification:_identify(.) by extensions ['python_setup_py']
[0.240s] Level 1:colcon.colcon_core.package_identification:_identify(.) by extension 'python_setup_py'
[0.241s] Level 1:colcon.colcon_core.package_identification:_identify(build) by extensions ['ignore', 'ignore_ament_install']
[0.241s] Level 1:colcon.colcon_core.package_identification:_identify(build) by extension 'ignore'
[0.241s] Level 1:colcon.colcon_core.package_identification:_identify(build) ignored
[0.241s] Level 1:colcon.colcon_core.package_identification:_identify(install) by extensions ['ignore', 'ignore_ament_install']
[0.241s] Level 1:colcon.colcon_core.package_identification:_identify(install) by extension 'ignore'
[0.241s] Level 1:colcon.colcon_core.package_identification:_identify(install) ignored
[0.241s] Level 1:colcon.colcon_core.package_identification:_identify(log) by extensions ['ignore', 'ignore_ament_install']
[0.241s] Level 1:colcon.colcon_core.package_identification:_identify(log) by extension 'ignore'
[0.241s] Level 1:colcon.colcon_core.package_identification:_identify(log) ignored
[0.241s] Level 1:colcon.colcon_core.package_identification:_identify(src) by extensions ['ignore', 'ignore_ament_install']
[0.241s] Level 1:colcon.colcon_core.package_identification:_identify(src) by extension 'ignore'
[0.241s] Level 1:colcon.colcon_core.package_identification:_identify(src) by extension 'ignore_ament_install'
[0.241s] Level 1:colcon.colcon_core.package_identification:_identify(src) by extensions ['colcon_pkg']
[0.241s] Level 1:colcon.colcon_core.package_identification:_identify(src) by extension 'colcon_pkg'
[0.241s] Level 1:colcon.colcon_core.package_identification:_identify(src) by extensions ['colcon_meta']
[0.241s] Level 1:colcon.colcon_core.package_identification:_identify(src) by extension 'colcon_meta'
[0.241s] Level 1:colcon.colcon_core.package_identification:_identify(src) by extensions ['ros']
[0.241s] Level 1:colcon.colcon_core.package_identification:_identify(src) by extension 'ros'
[0.241s] Level 1:colcon.colcon_core.package_identification:_identify(src) by extensions ['cmake', 'python']
[0.241s] Level 1:colcon.colcon_core.package_identification:_identify(src) by extension 'cmake'
[0.241s] Level 1:colcon.colcon_core.package_identification:_identify(src) by extension 'python'
[0.241s] Level 1:colcon.colcon_core.package_identification:_identify(src) by extensions ['python_setup_py']
[0.241s] Level 1:colcon.colcon_core.package_identification:_identify(src) by extension 'python_setup_py'
[0.241s] Level 1:colcon.colcon_core.package_identification:_identify(src/gz_quadbot) by extensions ['ignore', 'ignore_ament_install']
[0.241s] Level 1:colcon.colcon_core.package_identification:_identify(src/gz_quadbot) by extension 'ignore'
[0.241s] Level 1:colcon.colcon_core.package_identification:_identify(src/gz_quadbot) by extension 'ignore_ament_install'
[0.241s] Level 1:colcon.colcon_core.package_identification:_identify(src/gz_quadbot) by extensions ['colcon_pkg']
[0.241s] Level 1:colcon.colcon_core.package_identification:_identify(src/gz_quadbot) by extension 'colcon_pkg'
[0.241s] Level 1:colcon.colcon_core.package_identification:_identify(src/gz_quadbot) by extensions ['colcon_meta']
[0.241s] Level 1:colcon.colcon_core.package_identification:_identify(src/gz_quadbot) by extension 'colcon_meta'
[0.241s] Level 1:colcon.colcon_core.package_identification:_identify(src/gz_quadbot) by extensions ['ros']
[0.241s] Level 1:colcon.colcon_core.package_identification:_identify(src/gz_quadbot) by extension 'ros'
[0.241s] Level 1:colcon.colcon_core.package_identification:_identify(src/gz_quadbot) by extensions ['cmake', 'python']
[0.241s] Level 1:colcon.colcon_core.package_identification:_identify(src/gz_quadbot) by extension 'cmake'
[0.241s] Level 1:colcon.colcon_core.package_identification:_identify(src/gz_quadbot) by extension 'python'
[0.241s] Level 1:colcon.colcon_core.package_identification:_identify(src/gz_quadbot) by extensions ['python_setup_py']
[0.241s] Level 1:colcon.colcon_core.package_identification:_identify(src/gz_quadbot) by extension 'python_setup_py'
[0.241s] Level 1:colcon.colcon_core.package_identification:_identify(src/gz_quadbot/champ) by extensions ['ignore', 'ignore_ament_install']
[0.241s] Level 1:colcon.colcon_core.package_identification:_identify(src/gz_quadbot/champ) by extension 'ignore'
[0.241s] Level 1:colcon.colcon_core.package_identification:_identify(src/gz_quadbot/champ) by extension 'ignore_ament_install'
[0.241s] Level 1:colcon.colcon_core.package_identification:_identify(src/gz_quadbot/champ) by extensions ['colcon_pkg']
[0.241s] Level 1:colcon.colcon_core.package_identification:_identify(src/gz_quadbot/champ) by extension 'colcon_pkg'
[0.241s] Level 1:colcon.colcon_core.package_identification:_identify(src/gz_quadbot/champ) by extensions ['colcon_meta']
[0.241s] Level 1:colcon.colcon_core.package_identification:_identify(src/gz_quadbot/champ) by extension 'colcon_meta'
[0.241s] Level 1:colcon.colcon_core.package_identification:_identify(src/gz_quadbot/champ) by extensions ['ros']
[0.241s] Level 1:colcon.colcon_core.package_identification:_identify(src/gz_quadbot/champ) by extension 'ros'
[0.241s] Level 1:colcon.colcon_core.package_identification:_identify(src/gz_quadbot/champ) by extensions ['cmake', 'python']
[0.242s] Level 1:colcon.colcon_core.package_identification:_identify(src/gz_quadbot/champ) by extension 'cmake'
[0.242s] Level 1:colcon.colcon_core.package_identification:_identify(src/gz_quadbot/champ) by extension 'python'
[0.242s] Level 1:colcon.colcon_core.package_identification:_identify(src/gz_quadbot/champ) by extensions ['python_setup_py']
[0.242s] Level 1:colcon.colcon_core.package_identification:_identify(src/gz_quadbot/champ) by extension 'python_setup_py'
[0.242s] Level 1:colcon.colcon_core.package_identification:_identify(src/gz_quadbot/champ/champ) by extensions ['ignore', 'ignore_ament_install']
[0.242s] Level 1:colcon.colcon_core.package_identification:_identify(src/gz_quadbot/champ/champ) by extension 'ignore'
[0.242s] Level 1:colcon.colcon_core.package_identification:_identify(src/gz_quadbot/champ/champ) by extension 'ignore_ament_install'
[0.242s] Level 1:colcon.colcon_core.package_identification:_identify(src/gz_quadbot/champ/champ) by extensions ['colcon_pkg']
[0.242s] Level 1:colcon.colcon_core.package_identification:_identify(src/gz_quadbot/champ/champ) by extension 'colcon_pkg'
[0.242s] Level 1:colcon.colcon_core.package_identification:_identify(src/gz_quadbot/champ/champ) by extensions ['colcon_meta']
[0.242s] Level 1:colcon.colcon_core.package_identification:_identify(src/gz_quadbot/champ/champ) by extension 'colcon_meta'
[0.242s] Level 1:colcon.colcon_core.package_identification:_identify(src/gz_quadbot/champ/champ) by extensions ['ros']
[0.242s] Level 1:colcon.colcon_core.package_identification:_identify(src/gz_quadbot/champ/champ) by extension 'ros'
[0.243s] DEBUG:colcon.colcon_core.package_identification:Package 'src/gz_quadbot/champ/champ' with type 'ros.ament_cmake' and name 'champ'
[0.243s] Level 1:colcon.colcon_core.package_identification:_identify(src/gz_quadbot/champ/champ_base) by extensions ['ignore', 'ignore_ament_install']
[0.243s] Level 1:colcon.colcon_core.package_identification:_identify(src/gz_quadbot/champ/champ_base) by extension 'ignore'
[0.243s] Level 1:colcon.colcon_core.package_identification:_identify(src/gz_quadbot/champ/champ_base) by extension 'ignore_ament_install'
[0.243s] Level 1:colcon.colcon_core.package_identification:_identify(src/gz_quadbot/champ/champ_base) by extensions ['colcon_pkg']
[0.243s] Level 1:colcon.colcon_core.package_identification:_identify(src/gz_quadbot/champ/champ_base) by extension 'colcon_pkg'
[0.243s] Level 1:colcon.colcon_core.package_identification:_identify(src/gz_quadbot/champ/champ_base) by extensions ['colcon_meta']
[0.243s] Level 1:colcon.colcon_core.package_identification:_identify(src/gz_quadbot/champ/champ_base) by extension 'colcon_meta'
[0.243s] Level 1:colcon.colcon_core.package_identification:_identify(src/gz_quadbot/champ/champ_base) by extensions ['ros']
[0.243s] Level 1:colcon.colcon_core.package_identification:_identify(src/gz_quadbot/champ/champ_base) by extension 'ros'
[0.244s] DEBUG:colcon.colcon_core.package_identification:Package 'src/gz_quadbot/champ/champ_base' with type 'ros.ament_cmake' and name 'champ_base'
[0.244s] Level 1:colcon.colcon_core.package_identification:_identify(src/gz_quadbot/champ/champ_bringup) by extensions ['ignore', 'ignore_ament_install']
[0.244s] Level 1:colcon.colcon_core.package_identification:_identify(src/gz_quadbot/champ/champ_bringup) by extension 'ignore'
[0.244s] Level 1:colcon.colcon_core.package_identification:_identify(src/gz_quadbot/champ/champ_bringup) by extension 'ignore_ament_install'
[0.244s] Level 1:colcon.colcon_core.package_identification:_identify(src/gz_quadbot/champ/champ_bringup) by extensions ['colcon_pkg']
[0.244s] Level 1:colcon.colcon_core.package_identification:_identify(src/gz_quadbot/champ/champ_bringup) by extension 'colcon_pkg'
[0.244s] Level 1:colcon.colcon_core.package_identification:_identify(src/gz_quadbot/champ/champ_bringup) by extensions ['colcon_meta']
[0.244s] Level 1:colcon.colcon_core.package_identification:_identify(src/gz_quadbot/champ/champ_bringup) by extension 'colcon_meta'
[0.244s] Level 1:colcon.colcon_core.package_identification:_identify(src/gz_quadbot/champ/champ_bringup) by extensions ['ros']
[0.244s] Level 1:colcon.colcon_core.package_identification:_identify(src/gz_quadbot/champ/champ_bringup) by extension 'ros'
[0.244s] DEBUG:colcon.colcon_core.package_identification:Package 'src/gz_quadbot/champ/champ_bringup' with type 'ros.ament_cmake' and name 'champ_bringup'
[0.244s] Level 1:colcon.colcon_core.package_identification:_identify(src/gz_quadbot/champ/champ_config) by extensions ['ignore', 'ignore_ament_install']
[0.244s] Level 1:colcon.colcon_core.package_identification:_identify(src/gz_quadbot/champ/champ_config) by extension 'ignore'
[0.244s] Level 1:colcon.colcon_core.package_identification:_identify(src/gz_quadbot/champ/champ_config) by extension 'ignore_ament_install'
[0.244s] Level 1:colcon.colcon_core.package_identification:_identify(src/gz_quadbot/champ/champ_config) by extensions ['colcon_pkg']
[0.244s] Level 1:colcon.colcon_core.package_identification:_identify(src/gz_quadbot/champ/champ_config) by extension 'colcon_pkg'
[0.244s] Level 1:colcon.colcon_core.package_identification:_identify(src/gz_quadbot/champ/champ_config) by extensions ['colcon_meta']
[0.244s] Level 1:colcon.colcon_core.package_identification:_identify(src/gz_quadbot/champ/champ_config) by extension 'colcon_meta'
[0.245s] Level 1:colcon.colcon_core.package_identification:_identify(src/gz_quadbot/champ/champ_config) by extensions ['ros']
[0.245s] Level 1:colcon.colcon_core.package_identification:_identify(src/gz_quadbot/champ/champ_config) by extension 'ros'
[0.245s] DEBUG:colcon.colcon_core.package_identification:Package 'src/gz_quadbot/champ/champ_config' with type 'ros.ament_cmake' and name 'champ_config'
[0.245s] Level 1:colcon.colcon_core.package_identification:_identify(src/gz_quadbot/champ/champ_description) by extensions ['ignore', 'ignore_ament_install']
[0.245s] Level 1:colcon.colcon_core.package_identification:_identify(src/gz_quadbot/champ/champ_description) by extension 'ignore'
[0.245s] Level 1:colcon.colcon_core.package_identification:_identify(src/gz_quadbot/champ/champ_description) by extension 'ignore_ament_install'
[0.245s] Level 1:colcon.colcon_core.package_identification:_identify(src/gz_quadbot/champ/champ_description) by extensions ['colcon_pkg']
[0.245s] Level 1:colcon.colcon_core.package_identification:_identify(src/gz_quadbot/champ/champ_description) by extension 'colcon_pkg'
[0.245s] Level 1:colcon.colcon_core.package_identification:_identify(src/gz_quadbot/champ/champ_description) by extensions ['colcon_meta']
[0.245s] Level 1:colcon.colcon_core.package_identification:_identify(src/gz_quadbot/champ/champ_description) by extension 'colcon_meta'
[0.245s] Level 1:colcon.colcon_core.package_identification:_identify(src/gz_quadbot/champ/champ_description) by extensions ['ros']
[0.245s] Level 1:colcon.colcon_core.package_identification:_identify(src/gz_quadbot/champ/champ_description) by extension 'ros'
[0.245s] DEBUG:colcon.colcon_core.package_identification:Package 'src/gz_quadbot/champ/champ_description' with type 'ros.ament_cmake' and name 'champ_description'
[0.245s] Level 1:colcon.colcon_core.package_identification:_identify(src/gz_quadbot/champ/champ_gazebo) by extensions ['ignore', 'ignore_ament_install']
[0.245s] Level 1:colcon.colcon_core.package_identification:_identify(src/gz_quadbot/champ/champ_gazebo) by extension 'ignore'
[0.245s] Level 1:colcon.colcon_core.package_identification:_identify(src/gz_quadbot/champ/champ_gazebo) by extension 'ignore_ament_install'
[0.245s] Level 1:colcon.colcon_core.package_identification:_identify(src/gz_quadbot/champ/champ_gazebo) by extensions ['colcon_pkg']
[0.245s] Level 1:colcon.colcon_core.package_identification:_identify(src/gz_quadbot/champ/champ_gazebo) by extension 'colcon_pkg'
[0.245s] Level 1:colcon.colcon_core.package_identification:_identify(src/gz_quadbot/champ/champ_gazebo) by extensions ['colcon_meta']
[0.245s] Level 1:colcon.colcon_core.package_identification:_identify(src/gz_quadbot/champ/champ_gazebo) by extension 'colcon_meta'
[0.245s] Level 1:colcon.colcon_core.package_identification:_identify(src/gz_quadbot/champ/champ_gazebo) by extensions ['ros']
[0.245s] Level 1:colcon.colcon_core.package_identification:_identify(src/gz_quadbot/champ/champ_gazebo) by extension 'ros'
[0.246s] DEBUG:colcon.colcon_core.package_identification:Package 'src/gz_quadbot/champ/champ_gazebo' with type 'ros.ament_cmake' and name 'champ_gazebo'
[0.246s] Level 1:colcon.colcon_core.package_identification:_identify(src/gz_quadbot/champ/champ_msgs) by extensions ['ignore', 'ignore_ament_install']
[0.246s] Level 1:colcon.colcon_core.package_identification:_identify(src/gz_quadbot/champ/champ_msgs) by extension 'ignore'
[0.246s] Level 1:colcon.colcon_core.package_identification:_identify(src/gz_quadbot/champ/champ_msgs) by extension 'ignore_ament_install'
[0.246s] Level 1:colcon.colcon_core.package_identification:_identify(src/gz_quadbot/champ/champ_msgs) by extensions ['colcon_pkg']
[0.246s] Level 1:colcon.colcon_core.package_identification:_identify(src/gz_quadbot/champ/champ_msgs) by extension 'colcon_pkg'
[0.246s] Level 1:colcon.colcon_core.package_identification:_identify(src/gz_quadbot/champ/champ_msgs) by extensions ['colcon_meta']
[0.246s] Level 1:colcon.colcon_core.package_identification:_identify(src/gz_quadbot/champ/champ_msgs) by extension 'colcon_meta'
[0.246s] Level 1:colcon.colcon_core.package_identification:_identify(src/gz_quadbot/champ/champ_msgs) by extensions ['ros']
[0.246s] Level 1:colcon.colcon_core.package_identification:_identify(src/gz_quadbot/champ/champ_msgs) by extension 'ros'
[0.246s] DEBUG:colcon.colcon_core.package_identification:Package 'src/gz_quadbot/champ/champ_msgs' with type 'ros.ament_cmake' and name 'champ_msgs'
[0.246s] Level 1:colcon.colcon_core.package_identification:_identify(src/gz_quadbot/champ/champ_navigation) by extensions ['ignore', 'ignore_ament_install']
[0.246s] Level 1:colcon.colcon_core.package_identification:_identify(src/gz_quadbot/champ/champ_navigation) by extension 'ignore'
[0.246s] Level 1:colcon.colcon_core.package_identification:_identify(src/gz_quadbot/champ/champ_navigation) by extension 'ignore_ament_install'
[0.246s] Level 1:colcon.colcon_core.package_identification:_identify(src/gz_quadbot/champ/champ_navigation) by extensions ['colcon_pkg']
[0.246s] Level 1:colcon.colcon_core.package_identification:_identify(src/gz_quadbot/champ/champ_navigation) by extension 'colcon_pkg'
[0.246s] Level 1:colcon.colcon_core.package_identification:_identify(src/gz_quadbot/champ/champ_navigation) by extensions ['colcon_meta']
[0.246s] Level 1:colcon.colcon_core.package_identification:_identify(src/gz_quadbot/champ/champ_navigation) by extension 'colcon_meta'
[0.246s] Level 1:colcon.colcon_core.package_identification:_identify(src/gz_quadbot/champ/champ_navigation) by extensions ['ros']
[0.246s] Level 1:colcon.colcon_core.package_identification:_identify(src/gz_quadbot/champ/champ_navigation) by extension 'ros'
[0.247s] DEBUG:colcon.colcon_core.package_identification:Package 'src/gz_quadbot/champ/champ_navigation' with type 'ros.ament_cmake' and name 'champ_navigation'
[0.247s] Level 1:colcon.colcon_core.package_identification:_identify(src/gz_quadbot/champ/docs) by extensions ['ignore', 'ignore_ament_install']
[0.247s] Level 1:colcon.colcon_core.package_identification:_identify(src/gz_quadbot/champ/docs) by extension 'ignore'
[0.247s] Level 1:colcon.colcon_core.package_identification:_identify(src/gz_quadbot/champ/docs) by extension 'ignore_ament_install'
[0.247s] Level 1:colcon.colcon_core.package_identification:_identify(src/gz_quadbot/champ/docs) by extensions ['colcon_pkg']
[0.247s] Level 1:colcon.colcon_core.package_identification:_identify(src/gz_quadbot/champ/docs) by extension 'colcon_pkg'
[0.247s] Level 1:colcon.colcon_core.package_identification:_identify(src/gz_quadbot/champ/docs) by extensions ['colcon_meta']
[0.247s] Level 1:colcon.colcon_core.package_identification:_identify(src/gz_quadbot/champ/docs) by extension 'colcon_meta'
[0.247s] Level 1:colcon.colcon_core.package_identification:_identify(src/gz_quadbot/champ/docs) by extensions ['ros']
[0.247s] Level 1:colcon.colcon_core.package_identification:_identify(src/gz_quadbot/champ/docs) by extension 'ros'
[0.247s] Level 1:colcon.colcon_core.package_identification:_identify(src/gz_quadbot/champ/docs) by extensions ['cmake', 'python']
[0.247s] Level 1:colcon.colcon_core.package_identification:_identify(src/gz_quadbot/champ/docs) by extension 'cmake'
[0.247s] Level 1:colcon.colcon_core.package_identification:_identify(src/gz_quadbot/champ/docs) by extension 'python'
[0.247s] Level 1:colcon.colcon_core.package_identification:_identify(src/gz_quadbot/champ/docs) by extensions ['python_setup_py']
[0.247s] Level 1:colcon.colcon_core.package_identification:_identify(src/gz_quadbot/champ/docs) by extension 'python_setup_py'
[0.247s] Level 1:colcon.colcon_core.package_identification:_identify(src/gz_quadbot/champ/docs/images) by extensions ['ignore', 'ignore_ament_install']
[0.247s] Level 1:colcon.colcon_core.package_identification:_identify(src/gz_quadbot/champ/docs/images) by extension 'ignore'
[0.247s] Level 1:colcon.colcon_core.package_identification:_identify(src/gz_quadbot/champ/docs/images) by extension 'ignore_ament_install'
[0.247s] Level 1:colcon.colcon_core.package_identification:_identify(src/gz_quadbot/champ/docs/images) by extensions ['colcon_pkg']
[0.247s] Level 1:colcon.colcon_core.package_identification:_identify(src/gz_quadbot/champ/docs/images) by extension 'colcon_pkg'
[0.247s] Level 1:colcon.colcon_core.package_identification:_identify(src/gz_quadbot/champ/docs/images) by extensions ['colcon_meta']
[0.247s] Level 1:colcon.colcon_core.package_identification:_identify(src/gz_quadbot/champ/docs/images) by extension 'colcon_meta'
[0.247s] Level 1:colcon.colcon_core.package_identification:_identify(src/gz_quadbot/champ/docs/images) by extensions ['ros']
[0.247s] Level 1:colcon.colcon_core.package_identification:_identify(src/gz_quadbot/champ/docs/images) by extension 'ros'
[0.247s] Level 1:colcon.colcon_core.package_identification:_identify(src/gz_quadbot/champ/docs/images) by extensions ['cmake', 'python']
[0.247s] Level 1:colcon.colcon_core.package_identification:_identify(src/gz_quadbot/champ/docs/images) by extension 'cmake'
[0.247s] Level 1:colcon.colcon_core.package_identification:_identify(src/gz_quadbot/champ/docs/images) by extension 'python'
[0.247s] Level 1:colcon.colcon_core.package_identification:_identify(src/gz_quadbot/champ/docs/images) by extensions ['python_setup_py']
[0.247s] Level 1:colcon.colcon_core.package_identification:_identify(src/gz_quadbot/champ/docs/images) by extension 'python_setup_py'
[0.247s] Level 1:colcon.colcon_core.package_identification:_identify(src/gz_quadbot/robots) by extensions ['ignore', 'ignore_ament_install']
[0.247s] Level 1:colcon.colcon_core.package_identification:_identify(src/gz_quadbot/robots) by extension 'ignore'
[0.247s] Level 1:colcon.colcon_core.package_identification:_identify(src/gz_quadbot/robots) by extension 'ignore_ament_install'
[0.247s] Level 1:colcon.colcon_core.package_identification:_identify(src/gz_quadbot/robots) by extensions ['colcon_pkg']
[0.247s] Level 1:colcon.colcon_core.package_identification:_identify(src/gz_quadbot/robots) by extension 'colcon_pkg'
[0.247s] Level 1:colcon.colcon_core.package_identification:_identify(src/gz_quadbot/robots) by extensions ['colcon_meta']
[0.247s] Level 1:colcon.colcon_core.package_identification:_identify(src/gz_quadbot/robots) by extension 'colcon_meta'
[0.247s] Level 1:colcon.colcon_core.package_identification:_identify(src/gz_quadbot/robots) by extensions ['ros']
[0.247s] Level 1:colcon.colcon_core.package_identification:_identify(src/gz_quadbot/robots) by extension 'ros'
[0.247s] Level 1:colcon.colcon_core.package_identification:_identify(src/gz_quadbot/robots) by extensions ['cmake', 'python']
[0.247s] Level 1:colcon.colcon_core.package_identification:_identify(src/gz_quadbot/robots) by extension 'cmake'
[0.247s] Level 1:colcon.colcon_core.package_identification:_identify(src/gz_quadbot/robots) by extension 'python'
[0.247s] Level 1:colcon.colcon_core.package_identification:_identify(src/gz_quadbot/robots) by extensions ['python_setup_py']
[0.247s] Level 1:colcon.colcon_core.package_identification:_identify(src/gz_quadbot/robots) by extension 'python_setup_py'
[0.247s] Level 1:colcon.colcon_core.package_identification:_identify(src/gz_quadbot/robots/configs) by extensions ['ignore', 'ignore_ament_install']
[0.247s] Level 1:colcon.colcon_core.package_identification:_identify(src/gz_quadbot/robots/configs) by extension 'ignore'
[0.247s] Level 1:colcon.colcon_core.package_identification:_identify(src/gz_quadbot/robots/configs) by extension 'ignore_ament_install'
[0.247s] Level 1:colcon.colcon_core.package_identification:_identify(src/gz_quadbot/robots/configs) by extensions ['colcon_pkg']
[0.247s] Level 1:colcon.colcon_core.package_identification:_identify(src/gz_quadbot/robots/configs) by extension 'colcon_pkg'
[0.247s] Level 1:colcon.colcon_core.package_identification:_identify(src/gz_quadbot/robots/configs) by extensions ['colcon_meta']
[0.248s] Level 1:colcon.colcon_core.package_identification:_identify(src/gz_quadbot/robots/configs) by extension 'colcon_meta'
[0.248s] Level 1:colcon.colcon_core.package_identification:_identify(src/gz_quadbot/robots/configs) by extensions ['ros']
[0.248s] Level 1:colcon.colcon_core.package_identification:_identify(src/gz_quadbot/robots/configs) by extension 'ros'
[0.248s] Level 1:colcon.colcon_core.package_identification:_identify(src/gz_quadbot/robots/configs) by extensions ['cmake', 'python']
[0.248s] Level 1:colcon.colcon_core.package_identification:_identify(src/gz_quadbot/robots/configs) by extension 'cmake'
[0.248s] Level 1:colcon.colcon_core.package_identification:_identify(src/gz_quadbot/robots/configs) by extension 'python'
[0.248s] Level 1:colcon.colcon_core.package_identification:_identify(src/gz_quadbot/robots/configs) by extensions ['python_setup_py']
[0.248s] Level 1:colcon.colcon_core.package_identification:_identify(src/gz_quadbot/robots/configs) by extension 'python_setup_py'
[0.248s] Level 1:colcon.colcon_core.package_identification:_identify(src/gz_quadbot/robots/configs/go2_config) by extensions ['ignore', 'ignore_ament_install']
[0.248s] Level 1:colcon.colcon_core.package_identification:_identify(src/gz_quadbot/robots/configs/go2_config) by extension 'ignore'
[0.248s] Level 1:colcon.colcon_core.package_identification:_identify(src/gz_quadbot/robots/configs/go2_config) by extension 'ignore_ament_install'
[0.248s] Level 1:colcon.colcon_core.package_identification:_identify(src/gz_quadbot/robots/configs/go2_config) by extensions ['colcon_pkg']
[0.248s] Level 1:colcon.colcon_core.package_identification:_identify(src/gz_quadbot/robots/configs/go2_config) by extension 'colcon_pkg'
[0.248s] Level 1:colcon.colcon_core.package_identification:_identify(src/gz_quadbot/robots/configs/go2_config) by extensions ['colcon_meta']
[0.248s] Level 1:colcon.colcon_core.package_identification:_identify(src/gz_quadbot/robots/configs/go2_config) by extension 'colcon_meta'
[0.248s] Level 1:colcon.colcon_core.package_identification:_identify(src/gz_quadbot/robots/configs/go2_config) by extensions ['ros']
[0.248s] Level 1:colcon.colcon_core.package_identification:_identify(src/gz_quadbot/robots/configs/go2_config) by extension 'ros'
[0.248s] DEBUG:colcon.colcon_core.package_identification:Package 'src/gz_quadbot/robots/configs/go2_config' with type 'ros.ament_cmake' and name 'go2_config'
[0.248s] Level 1:colcon.colcon_core.package_identification:_identify(src/gz_quadbot/robots/descriptions) by extensions ['ignore', 'ignore_ament_install']
[0.248s] Level 1:colcon.colcon_core.package_identification:_identify(src/gz_quadbot/robots/descriptions) by extension 'ignore'
[0.248s] Level 1:colcon.colcon_core.package_identification:_identify(src/gz_quadbot/robots/descriptions) by extension 'ignore_ament_install'
[0.248s] Level 1:colcon.colcon_core.package_identification:_identify(src/gz_quadbot/robots/descriptions) by extensions ['colcon_pkg']
[0.248s] Level 1:colcon.colcon_core.package_identification:_identify(src/gz_quadbot/robots/descriptions) by extension 'colcon_pkg'
[0.248s] Level 1:colcon.colcon_core.package_identification:_identify(src/gz_quadbot/robots/descriptions) by extensions ['colcon_meta']
[0.248s] Level 1:colcon.colcon_core.package_identification:_identify(src/gz_quadbot/robots/descriptions) by extension 'colcon_meta'
[0.248s] Level 1:colcon.colcon_core.package_identification:_identify(src/gz_quadbot/robots/descriptions) by extensions ['ros']
[0.248s] Level 1:colcon.colcon_core.package_identification:_identify(src/gz_quadbot/robots/descriptions) by extension 'ros'
[0.248s] Level 1:colcon.colcon_core.package_identification:_identify(src/gz_quadbot/robots/descriptions) by extensions ['cmake', 'python']
[0.248s] Level 1:colcon.colcon_core.package_identification:_identify(src/gz_quadbot/robots/descriptions) by extension 'cmake'
[0.248s] Level 1:colcon.colcon_core.package_identification:_identify(src/gz_quadbot/robots/descriptions) by extension 'python'
[0.248s] Level 1:colcon.colcon_core.package_identification:_identify(src/gz_quadbot/robots/descriptions) by extensions ['python_setup_py']
[0.248s] Level 1:colcon.colcon_core.package_identification:_identify(src/gz_quadbot/robots/descriptions) by extension 'python_setup_py'
[0.248s] Level 1:colcon.colcon_core.package_identification:_identify(src/gz_quadbot/robots/descriptions/go2_description) by extensions ['ignore', 'ignore_ament_install']
[0.248s] Level 1:colcon.colcon_core.package_identification:_identify(src/gz_quadbot/robots/descriptions/go2_description) by extension 'ignore'
[0.248s] Level 1:colcon.colcon_core.package_identification:_identify(src/gz_quadbot/robots/descriptions/go2_description) by extension 'ignore_ament_install'
[0.248s] Level 1:colcon.colcon_core.package_identification:_identify(src/gz_quadbot/robots/descriptions/go2_description) by extensions ['colcon_pkg']
[0.248s] Level 1:colcon.colcon_core.package_identification:_identify(src/gz_quadbot/robots/descriptions/go2_description) by extension 'colcon_pkg'
[0.248s] Level 1:colcon.colcon_core.package_identification:_identify(src/gz_quadbot/robots/descriptions/go2_description) by extensions ['colcon_meta']
[0.248s] Level 1:colcon.colcon_core.package_identification:_identify(src/gz_quadbot/robots/descriptions/go2_description) by extension 'colcon_meta'
[0.248s] Level 1:colcon.colcon_core.package_identification:_identify(src/gz_quadbot/robots/descriptions/go2_description) by extensions ['ros']
[0.248s] Level 1:colcon.colcon_core.package_identification:_identify(src/gz_quadbot/robots/descriptions/go2_description) by extension 'ros'
[0.249s] DEBUG:colcon.colcon_core.package_identification:Package 'src/gz_quadbot/robots/descriptions/go2_description' with type 'ros.ament_cmake' and name 'go2_description'
[0.249s] Level 1:colcon.colcon_core.package_identification:_identify(src/livox_laser_simulation_RO2) by extensions ['ignore', 'ignore_ament_install']
[0.249s] Level 1:colcon.colcon_core.package_identification:_identify(src/livox_laser_simulation_RO2) by extension 'ignore'
[0.249s] Level 1:colcon.colcon_core.package_identification:_identify(src/livox_laser_simulation_RO2) by extension 'ignore_ament_install'
[0.249s] Level 1:colcon.colcon_core.package_identification:_identify(src/livox_laser_simulation_RO2) by extensions ['colcon_pkg']
[0.249s] Level 1:colcon.colcon_core.package_identification:_identify(src/livox_laser_simulation_RO2) by extension 'colcon_pkg'
[0.249s] Level 1:colcon.colcon_core.package_identification:_identify(src/livox_laser_simulation_RO2) by extensions ['colcon_meta']
[0.249s] Level 1:colcon.colcon_core.package_identification:_identify(src/livox_laser_simulation_RO2) by extension 'colcon_meta'
[0.249s] Level 1:colcon.colcon_core.package_identification:_identify(src/livox_laser_simulation_RO2) by extensions ['ros']
[0.249s] Level 1:colcon.colcon_core.package_identification:_identify(src/livox_laser_simulation_RO2) by extension 'ros'
[0.249s] DEBUG:colcon.colcon_core.package_identification:Package 'src/livox_laser_simulation_RO2' with type 'ros.ament_cmake' and name 'ros2_livox_simulation'
[0.249s] Level 1:colcon.colcon_core.package_discovery:discover_packages(recursive) using defaults
[0.249s] Level 1:colcon.colcon_core.package_discovery:discover_packages(ignore) discover
[0.249s] Level 1:colcon.colcon_core.package_discovery:discover_packages(ignore) using defaults
[0.249s] Level 1:colcon.colcon_core.package_discovery:discover_packages(path) discover
[0.249s] Level 1:colcon.colcon_core.package_discovery:discover_packages(path) using defaults
[0.263s] Level 1:colcon.colcon_core.package_discovery:discover_packages(prefix_path) check parameters
[0.263s] Level 1:colcon.colcon_core.package_discovery:discover_packages(prefix_path) discover
[0.265s] DEBUG:colcon.colcon_installed_package_information.package_discovery:Found 331 installed packages in /opt/ros/humble
[0.270s] Level 1:colcon.colcon_core.package_discovery:discover_packages(prefix_path) using defaults
[0.287s] Level 5:colcon.colcon_core.verb:set package 'champ' build argument 'cmake_args' from command line to '['-DCMAKE_BUILD_TYPE=Release']'
[0.287s] Level 5:colcon.colcon_core.verb:set package 'champ' build argument 'cmake_target' from command line to 'None'
[0.287s] Level 5:colcon.colcon_core.verb:set package 'champ' build argument 'cmake_target_skip_unavailable' from command line to 'False'
[0.287s] Level 5:colcon.colcon_core.verb:set package 'champ' build argument 'cmake_clean_cache' from command line to 'False'
[0.287s] Level 5:colcon.colcon_core.verb:set package 'champ' build argument 'cmake_clean_first' from command line to 'False'
[0.287s] Level 5:colcon.colcon_core.verb:set package 'champ' build argument 'cmake_force_configure' from command line to 'False'
[0.287s] Level 5:colcon.colcon_core.verb:set package 'champ' build argument 'ament_cmake_args' from command line to 'None'
[0.287s] Level 5:colcon.colcon_core.verb:set package 'champ' build argument 'catkin_cmake_args' from command line to 'None'
[0.287s] Level 5:colcon.colcon_core.verb:set package 'champ' build argument 'catkin_skip_building_tests' from command line to 'False'
[0.287s] DEBUG:colcon.colcon_core.verb:Building package 'champ' with the following arguments: {'ament_cmake_args': None, 'build_base': '/ws_gz/build/champ', 'catkin_cmake_args': None, 'catkin_skip_building_tests': False, 'cmake_args': ['-DCMAKE_BUILD_TYPE=Release'], 'cmake_clean_cache': False, 'cmake_clean_first': False, 'cmake_force_configure': False, 'cmake_target': None, 'cmake_target_skip_unavailable': False, 'install_base': '/ws_gz/install/champ', 'merge_install': False, 'path': '/ws_gz/src/gz_quadbot/champ/champ', 'symlink_install': True, 'test_result_base': None}
[0.287s] Level 5:colcon.colcon_core.verb:set package 'champ_config' build argument 'cmake_args' from command line to '['-DCMAKE_BUILD_TYPE=Release']'
[0.287s] Level 5:colcon.colcon_core.verb:set package 'champ_config' build argument 'cmake_target' from command line to 'None'
[0.287s] Level 5:colcon.colcon_core.verb:set package 'champ_config' build argument 'cmake_target_skip_unavailable' from command line to 'False'
[0.287s] Level 5:colcon.colcon_core.verb:set package 'champ_config' build argument 'cmake_clean_cache' from command line to 'False'
[0.287s] Level 5:colcon.colcon_core.verb:set package 'champ_config' build argument 'cmake_clean_first' from command line to 'False'
[0.287s] Level 5:colcon.colcon_core.verb:set package 'champ_config' build argument 'cmake_force_configure' from command line to 'False'
[0.287s] Level 5:colcon.colcon_core.verb:set package 'champ_config' build argument 'ament_cmake_args' from command line to 'None'
[0.287s] Level 5:colcon.colcon_core.verb:set package 'champ_config' build argument 'catkin_cmake_args' from command line to 'None'
[0.287s] Level 5:colcon.colcon_core.verb:set package 'champ_config' build argument 'catkin_skip_building_tests' from command line to 'False'
[0.287s] DEBUG:colcon.colcon_core.verb:Building package 'champ_config' with the following arguments: {'ament_cmake_args': None, 'build_base': '/ws_gz/build/champ_config', 'catkin_cmake_args': None, 'catkin_skip_building_tests': False, 'cmake_args': ['-DCMAKE_BUILD_TYPE=Release'], 'cmake_clean_cache': False, 'cmake_clean_first': False, 'cmake_force_configure': False, 'cmake_target': None, 'cmake_target_skip_unavailable': False, 'install_base': '/ws_gz/install/champ_config', 'merge_install': False, 'path': '/ws_gz/src/gz_quadbot/champ/champ_config', 'symlink_install': True, 'test_result_base': None}
[0.287s] Level 5:colcon.colcon_core.verb:set package 'champ_description' build argument 'cmake_args' from command line to '['-DCMAKE_BUILD_TYPE=Release']'
[0.287s] Level 5:colcon.colcon_core.verb:set package 'champ_description' build argument 'cmake_target' from command line to 'None'
[0.287s] Level 5:colcon.colcon_core.verb:set package 'champ_description' build argument 'cmake_target_skip_unavailable' from command line to 'False'
[0.287s] Level 5:colcon.colcon_core.verb:set package 'champ_description' build argument 'cmake_clean_cache' from command line to 'False'
[0.287s] Level 5:colcon.colcon_core.verb:set package 'champ_description' build argument 'cmake_clean_first' from command line to 'False'
[0.287s] Level 5:colcon.colcon_core.verb:set package 'champ_description' build argument 'cmake_force_configure' from command line to 'False'
[0.287s] Level 5:colcon.colcon_core.verb:set package 'champ_description' build argument 'ament_cmake_args' from command line to 'None'
[0.287s] Level 5:colcon.colcon_core.verb:set package 'champ_description' build argument 'catkin_cmake_args' from command line to 'None'
[0.287s] Level 5:colcon.colcon_core.verb:set package 'champ_description' build argument 'catkin_skip_building_tests' from command line to 'False'
[0.287s] DEBUG:colcon.colcon_core.verb:Building package 'champ_description' with the following arguments: {'ament_cmake_args': None, 'build_base': '/ws_gz/build/champ_description', 'catkin_cmake_args': None, 'catkin_skip_building_tests': False, 'cmake_args': ['-DCMAKE_BUILD_TYPE=Release'], 'cmake_clean_cache': False, 'cmake_clean_first': False, 'cmake_force_configure': False, 'cmake_target': None, 'cmake_target_skip_unavailable': False, 'install_base': '/ws_gz/install/champ_description', 'merge_install': False, 'path': '/ws_gz/src/gz_quadbot/champ/champ_description', 'symlink_install': True, 'test_result_base': None}
[0.288s] Level 5:colcon.colcon_core.verb:set package 'champ_msgs' build argument 'cmake_args' from command line to '['-DCMAKE_BUILD_TYPE=Release']'
[0.288s] Level 5:colcon.colcon_core.verb:set package 'champ_msgs' build argument 'cmake_target' from command line to 'None'
[0.288s] Level 5:colcon.colcon_core.verb:set package 'champ_msgs' build argument 'cmake_target_skip_unavailable' from command line to 'False'
[0.288s] Level 5:colcon.colcon_core.verb:set package 'champ_msgs' build argument 'cmake_clean_cache' from command line to 'False'
[0.288s] Level 5:colcon.colcon_core.verb:set package 'champ_msgs' build argument 'cmake_clean_first' from command line to 'False'
[0.288s] Level 5:colcon.colcon_core.verb:set package 'champ_msgs' build argument 'cmake_force_configure' from command line to 'False'
[0.288s] Level 5:colcon.colcon_core.verb:set package 'champ_msgs' build argument 'ament_cmake_args' from command line to 'None'
[0.288s] Level 5:colcon.colcon_core.verb:set package 'champ_msgs' build argument 'catkin_cmake_args' from command line to 'None'
[0.288s] Level 5:colcon.colcon_core.verb:set package 'champ_msgs' build argument 'catkin_skip_building_tests' from command line to 'False'
[0.288s] DEBUG:colcon.colcon_core.verb:Building package 'champ_msgs' with the following arguments: {'ament_cmake_args': None, 'build_base': '/ws_gz/build/champ_msgs', 'catkin_cmake_args': None, 'catkin_skip_building_tests': False, 'cmake_args': ['-DCMAKE_BUILD_TYPE=Release'], 'cmake_clean_cache': False, 'cmake_clean_first': False, 'cmake_force_configure': False, 'cmake_target': None, 'cmake_target_skip_unavailable': False, 'install_base': '/ws_gz/install/champ_msgs', 'merge_install': False, 'path': '/ws_gz/src/gz_quadbot/champ/champ_msgs', 'symlink_install': True, 'test_result_base': None}
[0.288s] Level 5:colcon.colcon_core.verb:set package 'champ_navigation' build argument 'cmake_args' from command line to '['-DCMAKE_BUILD_TYPE=Release']'
[0.288s] Level 5:colcon.colcon_core.verb:set package 'champ_navigation' build argument 'cmake_target' from command line to 'None'
[0.288s] Level 5:colcon.colcon_core.verb:set package 'champ_navigation' build argument 'cmake_target_skip_unavailable' from command line to 'False'
[0.288s] Level 5:colcon.colcon_core.verb:set package 'champ_navigation' build argument 'cmake_clean_cache' from command line to 'False'
[0.288s] Level 5:colcon.colcon_core.verb:set package 'champ_navigation' build argument 'cmake_clean_first' from command line to 'False'
[0.288s] Level 5:colcon.colcon_core.verb:set package 'champ_navigation' build argument 'cmake_force_configure' from command line to 'False'
[0.288s] Level 5:colcon.colcon_core.verb:set package 'champ_navigation' build argument 'ament_cmake_args' from command line to 'None'
[0.288s] Level 5:colcon.colcon_core.verb:set package 'champ_navigation' build argument 'catkin_cmake_args' from command line to 'None'
[0.288s] Level 5:colcon.colcon_core.verb:set package 'champ_navigation' build argument 'catkin_skip_building_tests' from command line to 'False'
[0.288s] DEBUG:colcon.colcon_core.verb:Building package 'champ_navigation' with the following arguments: {'ament_cmake_args': None, 'build_base': '/ws_gz/build/champ_navigation', 'catkin_cmake_args': None, 'catkin_skip_building_tests': False, 'cmake_args': ['-DCMAKE_BUILD_TYPE=Release'], 'cmake_clean_cache': False, 'cmake_clean_first': False, 'cmake_force_configure': False, 'cmake_target': None, 'cmake_target_skip_unavailable': False, 'install_base': '/ws_gz/install/champ_navigation', 'merge_install': False, 'path': '/ws_gz/src/gz_quadbot/champ/champ_navigation', 'symlink_install': True, 'test_result_base': None}
[0.288s] Level 5:colcon.colcon_core.verb:set package 'go2_config' build argument 'cmake_args' from command line to '['-DCMAKE_BUILD_TYPE=Release']'
[0.288s] Level 5:colcon.colcon_core.verb:set package 'go2_config' build argument 'cmake_target' from command line to 'None'
[0.288s] Level 5:colcon.colcon_core.verb:set package 'go2_config' build argument 'cmake_target_skip_unavailable' from command line to 'False'
[0.288s] Level 5:colcon.colcon_core.verb:set package 'go2_config' build argument 'cmake_clean_cache' from command line to 'False'
[0.288s] Level 5:colcon.colcon_core.verb:set package 'go2_config' build argument 'cmake_clean_first' from command line to 'False'
[0.288s] Level 5:colcon.colcon_core.verb:set package 'go2_config' build argument 'cmake_force_configure' from command line to 'False'
[0.288s] Level 5:colcon.colcon_core.verb:set package 'go2_config' build argument 'ament_cmake_args' from command line to 'None'
[0.288s] Level 5:colcon.colcon_core.verb:set package 'go2_config' build argument 'catkin_cmake_args' from command line to 'None'
[0.288s] Level 5:colcon.colcon_core.verb:set package 'go2_config' build argument 'catkin_skip_building_tests' from command line to 'False'
[0.288s] DEBUG:colcon.colcon_core.verb:Building package 'go2_config' with the following arguments: {'ament_cmake_args': None, 'build_base': '/ws_gz/build/go2_config', 'catkin_cmake_args': None, 'catkin_skip_building_tests': False, 'cmake_args': ['-DCMAKE_BUILD_TYPE=Release'], 'cmake_clean_cache': False, 'cmake_clean_first': False, 'cmake_force_configure': False, 'cmake_target': None, 'cmake_target_skip_unavailable': False, 'install_base': '/ws_gz/install/go2_config', 'merge_install': False, 'path': '/ws_gz/src/gz_quadbot/robots/configs/go2_config', 'symlink_install': True, 'test_result_base': None}
[0.288s] Level 5:colcon.colcon_core.verb:set package 'go2_description' build argument 'cmake_args' from command line to '['-DCMAKE_BUILD_TYPE=Release']'
[0.288s] Level 5:colcon.colcon_core.verb:set package 'go2_description' build argument 'cmake_target' from command line to 'None'
[0.288s] Level 5:colcon.colcon_core.verb:set package 'go2_description' build argument 'cmake_target_skip_unavailable' from command line to 'False'
[0.288s] Level 5:colcon.colcon_core.verb:set package 'go2_description' build argument 'cmake_clean_cache' from command line to 'False'
[0.288s] Level 5:colcon.colcon_core.verb:set package 'go2_description' build argument 'cmake_clean_first' from command line to 'False'
[0.288s] Level 5:colcon.colcon_core.verb:set package 'go2_description' build argument 'cmake_force_configure' from command line to 'False'
[0.288s] Level 5:colcon.colcon_core.verb:set package 'go2_description' build argument 'ament_cmake_args' from command line to 'None'
[0.288s] Level 5:colcon.colcon_core.verb:set package 'go2_description' build argument 'catkin_cmake_args' from command line to 'None'
[0.288s] Level 5:colcon.colcon_core.verb:set package 'go2_description' build argument 'catkin_skip_building_tests' from command line to 'False'
[0.288s] DEBUG:colcon.colcon_core.verb:Building package 'go2_description' with the following arguments: {'ament_cmake_args': None, 'build_base': '/ws_gz/build/go2_description', 'catkin_cmake_args': None, 'catkin_skip_building_tests': False, 'cmake_args': ['-DCMAKE_BUILD_TYPE=Release'], 'cmake_clean_cache': False, 'cmake_clean_first': False, 'cmake_force_configure': False, 'cmake_target': None, 'cmake_target_skip_unavailable': False, 'install_base': '/ws_gz/install/go2_description', 'merge_install': False, 'path': '/ws_gz/src/gz_quadbot/robots/descriptions/go2_description', 'symlink_install': True, 'test_result_base': None}
[0.288s] Level 5:colcon.colcon_core.verb:set package 'ros2_livox_simulation' build argument 'cmake_args' from command line to '['-DCMAKE_BUILD_TYPE=Release']'
[0.288s] Level 5:colcon.colcon_core.verb:set package 'ros2_livox_simulation' build argument 'cmake_target' from command line to 'None'
[0.288s] Level 5:colcon.colcon_core.verb:set package 'ros2_livox_simulation' build argument 'cmake_target_skip_unavailable' from command line to 'False'
[0.288s] Level 5:colcon.colcon_core.verb:set package 'ros2_livox_simulation' build argument 'cmake_clean_cache' from command line to 'False'
[0.288s] Level 5:colcon.colcon_core.verb:set package 'ros2_livox_simulation' build argument 'cmake_clean_first' from command line to 'False'
[0.288s] Level 5:colcon.colcon_core.verb:set package 'ros2_livox_simulation' build argument 'cmake_force_configure' from command line to 'False'
[0.288s] Level 5:colcon.colcon_core.verb:set package 'ros2_livox_simulation' build argument 'ament_cmake_args' from command line to 'None'
[0.288s] Level 5:colcon.colcon_core.verb:set package 'ros2_livox_simulation' build argument 'catkin_cmake_args' from command line to 'None'
[0.288s] Level 5:colcon.colcon_core.verb:set package 'ros2_livox_simulation' build argument 'catkin_skip_building_tests' from command line to 'False'
[0.288s] DEBUG:colcon.colcon_core.verb:Building package 'ros2_livox_simulation' with the following arguments: {'ament_cmake_args': None, 'build_base': '/ws_gz/build/ros2_livox_simulation', 'catkin_cmake_args': None, 'catkin_skip_building_tests': False, 'cmake_args': ['-DCMAKE_BUILD_TYPE=Release'], 'cmake_clean_cache': False, 'cmake_clean_first': False, 'cmake_force_configure': False, 'cmake_target': None, 'cmake_target_skip_unavailable': False, 'install_base': '/ws_gz/install/ros2_livox_simulation', 'merge_install': False, 'path': '/ws_gz/src/livox_laser_simulation_RO2', 'symlink_install': True, 'test_result_base': None}
[0.289s] Level 5:colcon.colcon_core.verb:set package 'champ_base' build argument 'cmake_args' from command line to '['-DCMAKE_BUILD_TYPE=Release']'
[0.289s] Level 5:colcon.colcon_core.verb:set package 'champ_base' build argument 'cmake_target' from command line to 'None'
[0.289s] Level 5:colcon.colcon_core.verb:set package 'champ_base' build argument 'cmake_target_skip_unavailable' from command line to 'False'
[0.289s] Level 5:colcon.colcon_core.verb:set package 'champ_base' build argument 'cmake_clean_cache' from command line to 'False'
[0.289s] Level 5:colcon.colcon_core.verb:set package 'champ_base' build argument 'cmake_clean_first' from command line to 'False'
[0.289s] Level 5:colcon.colcon_core.verb:set package 'champ_base' build argument 'cmake_force_configure' from command line to 'False'
[0.289s] Level 5:colcon.colcon_core.verb:set package 'champ_base' build argument 'ament_cmake_args' from command line to 'None'
[0.289s] Level 5:colcon.colcon_core.verb:set package 'champ_base' build argument 'catkin_cmake_args' from command line to 'None'
[0.289s] Level 5:colcon.colcon_core.verb:set package 'champ_base' build argument 'catkin_skip_building_tests' from command line to 'False'
[0.289s] DEBUG:colcon.colcon_core.verb:Building package 'champ_base' with the following arguments: {'ament_cmake_args': None, 'build_base': '/ws_gz/build/champ_base', 'catkin_cmake_args': None, 'catkin_skip_building_tests': False, 'cmake_args': ['-DCMAKE_BUILD_TYPE=Release'], 'cmake_clean_cache': False, 'cmake_clean_first': False, 'cmake_force_configure': False, 'cmake_target': None, 'cmake_target_skip_unavailable': False, 'install_base': '/ws_gz/install/champ_base', 'merge_install': False, 'path': '/ws_gz/src/gz_quadbot/champ/champ_base', 'symlink_install': True, 'test_result_base': None}
[0.289s] Level 5:colcon.colcon_core.verb:set package 'champ_gazebo' build argument 'cmake_args' from command line to '['-DCMAKE_BUILD_TYPE=Release']'
[0.289s] Level 5:colcon.colcon_core.verb:set package 'champ_gazebo' build argument 'cmake_target' from command line to 'None'
[0.289s] Level 5:colcon.colcon_core.verb:set package 'champ_gazebo' build argument 'cmake_target_skip_unavailable' from command line to 'False'
[0.289s] Level 5:colcon.colcon_core.verb:set package 'champ_gazebo' build argument 'cmake_clean_cache' from command line to 'False'
[0.289s] Level 5:colcon.colcon_core.verb:set package 'champ_gazebo' build argument 'cmake_clean_first' from command line to 'False'
[0.289s] Level 5:colcon.colcon_core.verb:set package 'champ_gazebo' build argument 'cmake_force_configure' from command line to 'False'
[0.289s] Level 5:colcon.colcon_core.verb:set package 'champ_gazebo' build argument 'ament_cmake_args' from command line to 'None'
[0.289s] Level 5:colcon.colcon_core.verb:set package 'champ_gazebo' build argument 'catkin_cmake_args' from command line to 'None'
[0.289s] Level 5:colcon.colcon_core.verb:set package 'champ_gazebo' build argument 'catkin_skip_building_tests' from command line to 'False'
[0.289s] DEBUG:colcon.colcon_core.verb:Building package 'champ_gazebo' with the following arguments: {'ament_cmake_args': None, 'build_base': '/ws_gz/build/champ_gazebo', 'catkin_cmake_args': None, 'catkin_skip_building_tests': False, 'cmake_args': ['-DCMAKE_BUILD_TYPE=Release'], 'cmake_clean_cache': False, 'cmake_clean_first': False, 'cmake_force_configure': False, 'cmake_target': None, 'cmake_target_skip_unavailable': False, 'install_base': '/ws_gz/install/champ_gazebo', 'merge_install': False, 'path': '/ws_gz/src/gz_quadbot/champ/champ_gazebo', 'symlink_install': True, 'test_result_base': None}
[0.289s] Level 5:colcon.colcon_core.verb:set package 'champ_bringup' build argument 'cmake_args' from command line to '['-DCMAKE_BUILD_TYPE=Release']'
[0.289s] Level 5:colcon.colcon_core.verb:set package 'champ_bringup' build argument 'cmake_target' from command line to 'None'
[0.289s] Level 5:colcon.colcon_core.verb:set package 'champ_bringup' build argument 'cmake_target_skip_unavailable' from command line to 'False'
[0.289s] Level 5:colcon.colcon_core.verb:set package 'champ_bringup' build argument 'cmake_clean_cache' from command line to 'False'
[0.289s] Level 5:colcon.colcon_core.verb:set package 'champ_bringup' build argument 'cmake_clean_first' from command line to 'False'
[0.289s] Level 5:colcon.colcon_core.verb:set package 'champ_bringup' build argument 'cmake_force_configure' from command line to 'False'
[0.289s] Level 5:colcon.colcon_core.verb:set package 'champ_bringup' build argument 'ament_cmake_args' from command line to 'None'
[0.289s] Level 5:colcon.colcon_core.verb:set package 'champ_bringup' build argument 'catkin_cmake_args' from command line to 'None'
[0.289s] Level 5:colcon.colcon_core.verb:set package 'champ_bringup' build argument 'catkin_skip_building_tests' from command line to 'False'
[0.289s] DEBUG:colcon.colcon_core.verb:Building package 'champ_bringup' with the following arguments: {'ament_cmake_args': None, 'build_base': '/ws_gz/build/champ_bringup', 'catkin_cmake_args': None, 'catkin_skip_building_tests': False, 'cmake_args': ['-DCMAKE_BUILD_TYPE=Release'], 'cmake_clean_cache': False, 'cmake_clean_first': False, 'cmake_force_configure': False, 'cmake_target': None, 'cmake_target_skip_unavailable': False, 'install_base': '/ws_gz/install/champ_bringup', 'merge_install': False, 'path': '/ws_gz/src/gz_quadbot/champ/champ_bringup', 'symlink_install': True, 'test_result_base': None}
[0.289s] INFO:colcon.colcon_core.executor:Executing jobs using 'parallel' executor
[0.290s] DEBUG:colcon.colcon_parallel_executor.executor.parallel:run_until_complete
[0.290s] INFO:colcon.colcon_ros.task.ament_cmake.build:Building ROS package in '/ws_gz/src/gz_quadbot/champ/champ' with build type 'ament_cmake'
[0.290s] INFO:colcon.colcon_cmake.task.cmake.build:Building CMake package in '/ws_gz/src/gz_quadbot/champ/champ'
[0.292s] INFO:colcon.colcon_core.plugin_system:Skipping extension 'colcon_core.shell.bat': Not used on non-Windows systems
[0.292s] INFO:colcon.colcon_core.shell:Skip shell extension 'powershell' for command environment: Not usable outside of PowerShell
[0.292s] DEBUG:colcon.colcon_core.shell:Skip shell extension 'dsv' for command environment
[0.294s] INFO:colcon.colcon_ros.task.ament_cmake.build:Building ROS package in '/ws_gz/src/gz_quadbot/champ/champ_msgs' with build type 'ament_cmake'
[0.294s] INFO:colcon.colcon_cmake.task.cmake.build:Building CMake package in '/ws_gz/src/gz_quadbot/champ/champ_msgs'
[0.294s] INFO:colcon.colcon_core.shell:Skip shell extension 'powershell' for command environment: Not usable outside of PowerShell
[0.294s] DEBUG:colcon.colcon_core.shell:Skip shell extension 'dsv' for command environment
[0.295s] INFO:colcon.colcon_ros.task.ament_cmake.build:Building ROS package in '/ws_gz/src/gz_quadbot/champ/champ_description' with build type 'ament_cmake'
[0.295s] INFO:colcon.colcon_cmake.task.cmake.build:Building CMake package in '/ws_gz/src/gz_quadbot/champ/champ_description'
[0.295s] INFO:colcon.colcon_core.shell:Skip shell extension 'powershell' for command environment: Not usable outside of PowerShell
[0.295s] DEBUG:colcon.colcon_core.shell:Skip shell extension 'dsv' for command environment
[0.296s] INFO:colcon.colcon_ros.task.ament_cmake.build:Building ROS package in '/ws_gz/src/gz_quadbot/champ/champ_config' with build type 'ament_cmake'
[0.296s] INFO:colcon.colcon_cmake.task.cmake.build:Building CMake package in '/ws_gz/src/gz_quadbot/champ/champ_config'
[0.296s] INFO:colcon.colcon_core.shell:Skip shell extension 'powershell' for command environment: Not usable outside of PowerShell
[0.296s] DEBUG:colcon.colcon_core.shell:Skip shell extension 'dsv' for command environment
[0.298s] INFO:colcon.colcon_ros.task.ament_cmake.build:Building ROS package in '/ws_gz/src/gz_quadbot/champ/champ_navigation' with build type 'ament_cmake'
[0.298s] INFO:colcon.colcon_cmake.task.cmake.build:Building CMake package in '/ws_gz/src/gz_quadbot/champ/champ_navigation'
[0.298s] INFO:colcon.colcon_core.shell:Skip shell extension 'powershell' for command environment: Not usable outside of PowerShell
[0.298s] DEBUG:colcon.colcon_core.shell:Skip shell extension 'dsv' for command environment
[0.299s] INFO:colcon.colcon_ros.task.ament_cmake.build:Building ROS package in '/ws_gz/src/gz_quadbot/robots/configs/go2_config' with build type 'ament_cmake'
[0.299s] INFO:colcon.colcon_cmake.task.cmake.build:Building CMake package in '/ws_gz/src/gz_quadbot/robots/configs/go2_config'
[0.299s] INFO:colcon.colcon_core.shell:Skip shell extension 'powershell' for command environment: Not usable outside of PowerShell
[0.299s] DEBUG:colcon.colcon_core.shell:Skip shell extension 'dsv' for command environment
[0.300s] INFO:colcon.colcon_ros.task.ament_cmake.build:Building ROS package in '/ws_gz/src/gz_quadbot/robots/descriptions/go2_description' with build type 'ament_cmake'
[0.300s] INFO:colcon.colcon_cmake.task.cmake.build:Building CMake package in '/ws_gz/src/gz_quadbot/robots/descriptions/go2_description'
[0.300s] INFO:colcon.colcon_core.shell:Skip shell extension 'powershell' for command environment: Not usable outside of PowerShell
[0.300s] DEBUG:colcon.colcon_core.shell:Skip shell extension 'dsv' for command environment
[0.302s] INFO:colcon.colcon_ros.task.ament_cmake.build:Building ROS package in '/ws_gz/src/livox_laser_simulation_RO2' with build type 'ament_cmake'
[0.302s] INFO:colcon.colcon_cmake.task.cmake.build:Building CMake package in '/ws_gz/src/livox_laser_simulation_RO2'
[0.302s] INFO:colcon.colcon_core.shell:Skip shell extension 'powershell' for command environment: Not usable outside of PowerShell
[0.302s] DEBUG:colcon.colcon_core.shell:Skip shell extension 'dsv' for command environment
[0.305s] DEBUG:colcon.colcon_core.event_handler.log_command:Invoking command in '/ws_gz/build/champ': CMAKE_PREFIX_PATH=/opt/ros/humble /usr/bin/cmake /ws_gz/src/gz_quadbot/champ/champ -DCMAKE_BUILD_TYPE=Release -DAMENT_CMAKE_SYMLINK_INSTALL=1 -DCMAKE_INSTALL_PREFIX=/ws_gz/install/champ
[0.307s] DEBUG:colcon.colcon_core.event_handler.log_command:Invoking command in '/ws_gz/build/champ_msgs': CMAKE_PREFIX_PATH=/opt/ros/humble /usr/bin/cmake /ws_gz/src/gz_quadbot/champ/champ_msgs -DCMAKE_BUILD_TYPE=Release -DAMENT_CMAKE_SYMLINK_INSTALL=1 -DCMAKE_INSTALL_PREFIX=/ws_gz/install/champ_msgs
[0.308s] DEBUG:colcon.colcon_core.event_handler.log_command:Invoking command in '/ws_gz/build/champ_description': CMAKE_PREFIX_PATH=/opt/ros/humble /usr/bin/cmake /ws_gz/src/gz_quadbot/champ/champ_description -DCMAKE_BUILD_TYPE=Release -DAMENT_CMAKE_SYMLINK_INSTALL=1 -DCMAKE_INSTALL_PREFIX=/ws_gz/install/champ_description
[0.309s] DEBUG:colcon.colcon_core.event_handler.log_command:Invoking command in '/ws_gz/build/champ_config': CMAKE_PREFIX_PATH=/opt/ros/humble /usr/bin/cmake /ws_gz/src/gz_quadbot/champ/champ_config -DCMAKE_BUILD_TYPE=Release -DAMENT_CMAKE_SYMLINK_INSTALL=1 -DCMAKE_INSTALL_PREFIX=/ws_gz/install/champ_config
[0.310s] DEBUG:colcon.colcon_core.event_handler.log_command:Invoking command in '/ws_gz/build/champ_navigation': CMAKE_PREFIX_PATH=/opt/ros/humble /usr/bin/cmake /ws_gz/src/gz_quadbot/champ/champ_navigation -DCMAKE_BUILD_TYPE=Release -DAMENT_CMAKE_SYMLINK_INSTALL=1 -DCMAKE_INSTALL_PREFIX=/ws_gz/install/champ_navigation
[0.311s] DEBUG:colcon.colcon_core.event_handler.log_command:Invoking command in '/ws_gz/build/go2_config': CMAKE_PREFIX_PATH=/opt/ros/humble /usr/bin/cmake /ws_gz/src/gz_quadbot/robots/configs/go2_config -DCMAKE_BUILD_TYPE=Release -DAMENT_CMAKE_SYMLINK_INSTALL=1 -DCMAKE_INSTALL_PREFIX=/ws_gz/install/go2_config
[0.313s] DEBUG:colcon.colcon_core.event_handler.log_command:Invoking command in '/ws_gz/build/go2_description': CMAKE_PREFIX_PATH=/opt/ros/humble /usr/bin/cmake /ws_gz/src/gz_quadbot/robots/descriptions/go2_description -DCMAKE_BUILD_TYPE=Release -DAMENT_CMAKE_SYMLINK_INSTALL=1 -DCMAKE_INSTALL_PREFIX=/ws_gz/install/go2_description
[0.315s] DEBUG:colcon.colcon_core.event_handler.log_command:Invoking command in '/ws_gz/build/ros2_livox_simulation': CMAKE_PREFIX_PATH=/opt/ros/humble /usr/bin/cmake /ws_gz/src/livox_laser_simulation_RO2 -DCMAKE_BUILD_TYPE=Release -DAMENT_CMAKE_SYMLINK_INSTALL=1 -DCMAKE_INSTALL_PREFIX=/ws_gz/install/ros2_livox_simulation
[0.446s] DEBUG:colcon.colcon_core.event_handler.log_command:Invoked command in '/ws_gz/build/champ_description' returned '0': CMAKE_PREFIX_PATH=/opt/ros/humble /usr/bin/cmake /ws_gz/src/gz_quadbot/champ/champ_description -DCMAKE_BUILD_TYPE=Release -DAMENT_CMAKE_SYMLINK_INSTALL=1 -DCMAKE_INSTALL_PREFIX=/ws_gz/install/champ_description
[0.447s] DEBUG:colcon.colcon_core.event_handler.log_command:Invoking command in '/ws_gz/build/champ_description': CMAKE_PREFIX_PATH=/opt/ros/humble /usr/bin/cmake --build /ws_gz/build/champ_description -- -j32 -l32
[0.458s] DEBUG:colcon.colcon_core.event_handler.log_command:Invoked command in '/ws_gz/build/champ_navigation' returned '0': CMAKE_PREFIX_PATH=/opt/ros/humble /usr/bin/cmake /ws_gz/src/gz_quadbot/champ/champ_navigation -DCMAKE_BUILD_TYPE=Release -DAMENT_CMAKE_SYMLINK_INSTALL=1 -DCMAKE_INSTALL_PREFIX=/ws_gz/install/champ_navigation
[0.458s] DEBUG:colcon.colcon_core.event_handler.log_command:Invoking command in '/ws_gz/build/champ_navigation': CMAKE_PREFIX_PATH=/opt/ros/humble /usr/bin/cmake --build /ws_gz/build/champ_navigation -- -j32 -l32
[0.466s] DEBUG:colcon.colcon_core.event_handler.log_command:Invoked command in '/ws_gz/build/champ_config' returned '0': CMAKE_PREFIX_PATH=/opt/ros/humble /usr/bin/cmake /ws_gz/src/gz_quadbot/champ/champ_config -DCMAKE_BUILD_TYPE=Release -DAMENT_CMAKE_SYMLINK_INSTALL=1 -DCMAKE_INSTALL_PREFIX=/ws_gz/install/champ_config
[0.466s] DEBUG:colcon.colcon_core.event_handler.log_command:Invoking command in '/ws_gz/build/champ_config': CMAKE_PREFIX_PATH=/opt/ros/humble /usr/bin/cmake --build /ws_gz/build/champ_config -- -j32 -l32
[0.471s] DEBUG:colcon.colcon_core.event_handler.log_command:Invoked command in '/ws_gz/build/go2_description' returned '0': CMAKE_PREFIX_PATH=/opt/ros/humble /usr/bin/cmake /ws_gz/src/gz_quadbot/robots/descriptions/go2_description -DCMAKE_BUILD_TYPE=Release -DAMENT_CMAKE_SYMLINK_INSTALL=1 -DCMAKE_INSTALL_PREFIX=/ws_gz/install/go2_description
[0.471s] DEBUG:colcon.colcon_core.event_handler.log_command:Invoking command in '/ws_gz/build/go2_description': CMAKE_PREFIX_PATH=/opt/ros/humble /usr/bin/cmake --build /ws_gz/build/go2_description -- -j32 -l32
[0.472s] DEBUG:colcon.colcon_core.event_handler.log_command:Invoked command in '/ws_gz/build/champ_description' returned '0': CMAKE_PREFIX_PATH=/opt/ros/humble /usr/bin/cmake --build /ws_gz/build/champ_description -- -j32 -l32
[0.479s] DEBUG:colcon.colcon_core.event_handler.log_command:Invoking command in '/ws_gz/build/champ_description': CMAKE_PREFIX_PATH=/opt/ros/humble /usr/bin/cmake --install /ws_gz/build/champ_description
[0.483s] DEBUG:colcon.colcon_core.event_handler.log_command:Invoked command in '/ws_gz/build/champ_navigation' returned '0': CMAKE_PREFIX_PATH=/opt/ros/humble /usr/bin/cmake --build /ws_gz/build/champ_navigation -- -j32 -l32
[0.484s] DEBUG:colcon.colcon_core.event_handler.log_command:Invoking command in '/ws_gz/build/champ_navigation': CMAKE_PREFIX_PATH=/opt/ros/humble /usr/bin/cmake --install /ws_gz/build/champ_navigation
[0.487s] DEBUG:colcon.colcon_core.event_handler.log_command:Invoked command in '/ws_gz/build/go2_config' returned '0': CMAKE_PREFIX_PATH=/opt/ros/humble /usr/bin/cmake /ws_gz/src/gz_quadbot/robots/configs/go2_config -DCMAKE_BUILD_TYPE=Release -DAMENT_CMAKE_SYMLINK_INSTALL=1 -DCMAKE_INSTALL_PREFIX=/ws_gz/install/go2_config
[0.488s] DEBUG:colcon.colcon_core.event_handler.log_command:Invoking command in '/ws_gz/build/go2_config': CMAKE_PREFIX_PATH=/opt/ros/humble /usr/bin/cmake --build /ws_gz/build/go2_config -- -j32 -l32
[0.490s] DEBUG:colcon.colcon_core.event_handler.log_command:Invoked command in '/ws_gz/build/champ_config' returned '0': CMAKE_PREFIX_PATH=/opt/ros/humble /usr/bin/cmake --build /ws_gz/build/champ_config -- -j32 -l32
[0.491s] DEBUG:colcon.colcon_core.event_handler.log_command:Invoking command in '/ws_gz/build/champ_config': CMAKE_PREFIX_PATH=/opt/ros/humble /usr/bin/cmake --install /ws_gz/build/champ_config
[0.495s] DEBUG:colcon.colcon_core.event_handler.log_command:Invoked command in '/ws_gz/build/go2_description' returned '0': CMAKE_PREFIX_PATH=/opt/ros/humble /usr/bin/cmake --build /ws_gz/build/go2_description -- -j32 -l32
[0.496s] DEBUG:colcon.colcon_core.event_handler.log_command:Invoking command in '/ws_gz/build/go2_description': CMAKE_PREFIX_PATH=/opt/ros/humble /usr/bin/cmake --install /ws_gz/build/go2_description
[0.496s] Level 1:colcon.colcon_core.environment:create_environment_scripts_only(champ_description)
[0.496s] DEBUG:colcon.colcon_core.event_handler.log_command:Invoked command in '/ws_gz/build/champ_description' returned '0': CMAKE_PREFIX_PATH=/opt/ros/humble /usr/bin/cmake --install /ws_gz/build/champ_description
[0.500s] Level 1:colcon.colcon_core.environment:checking '/ws_gz/install/champ_description' for CMake module files
[0.500s] Level 1:colcon.colcon_core.environment:checking '/ws_gz/install/champ_description' for CMake config files
[0.500s] Level 1:colcon.colcon_core.shell:create_environment_hook('champ_description', 'cmake_prefix_path')
[0.501s] INFO:colcon.colcon_core.shell:Creating environment hook '/ws_gz/install/champ_description/share/champ_description/hook/cmake_prefix_path.ps1'
[0.501s] INFO:colcon.colcon_core.shell:Creating environment descriptor '/ws_gz/install/champ_description/share/champ_description/hook/cmake_prefix_path.dsv'
[0.502s] INFO:colcon.colcon_core.shell:Creating environment hook '/ws_gz/install/champ_description/share/champ_description/hook/cmake_prefix_path.sh'
[0.502s] Level 1:colcon.colcon_core.environment:checking '/ws_gz/install/champ_description/bin'
[0.502s] Level 1:colcon.colcon_core.environment:checking '/ws_gz/install/champ_description/lib/pkgconfig/champ_description.pc'
[0.503s] Level 1:colcon.colcon_core.environment:checking '/ws_gz/install/champ_description/lib/python3.10/site-packages'
[0.503s] Level 1:colcon.colcon_core.environment:checking '/ws_gz/install/champ_description/bin'
[0.503s] INFO:colcon.colcon_core.shell:Creating package script '/ws_gz/install/champ_description/share/champ_description/package.ps1'
[0.504s] INFO:colcon.colcon_core.shell:Creating package descriptor '/ws_gz/install/champ_description/share/champ_description/package.dsv'
[0.504s] INFO:colcon.colcon_core.shell:Creating package script '/ws_gz/install/champ_description/share/champ_description/package.sh'
[0.505s] INFO:colcon.colcon_core.shell:Creating package script '/ws_gz/install/champ_description/share/champ_description/package.bash'
[0.506s] INFO:colcon.colcon_core.shell:Creating package script '/ws_gz/install/champ_description/share/champ_description/package.zsh'
[0.507s] Level 1:colcon.colcon_core.environment:create_file_with_runtime_dependencies(/ws_gz/install/champ_description/share/colcon-core/packages/champ_description)
[0.508s] Level 1:colcon.colcon_core.environment:create_environment_scripts_only(champ_description)
[0.508s] Level 1:colcon.colcon_core.environment:checking '/ws_gz/install/champ_description' for CMake module files
[0.509s] Level 1:colcon.colcon_core.environment:checking '/ws_gz/install/champ_description' for CMake config files
[0.509s] Level 1:colcon.colcon_core.shell:create_environment_hook('champ_description', 'cmake_prefix_path')
[0.509s] INFO:colcon.colcon_core.shell:Creating environment hook '/ws_gz/install/champ_description/share/champ_description/hook/cmake_prefix_path.ps1'
[0.510s] INFO:colcon.colcon_core.shell:Creating environment descriptor '/ws_gz/install/champ_description/share/champ_description/hook/cmake_prefix_path.dsv'
[0.510s] INFO:colcon.colcon_core.shell:Creating environment hook '/ws_gz/install/champ_description/share/champ_description/hook/cmake_prefix_path.sh'
[0.510s] Level 1:colcon.colcon_core.environment:checking '/ws_gz/install/champ_description/bin'
[0.510s] Level 1:colcon.colcon_core.environment:checking '/ws_gz/install/champ_description/lib/pkgconfig/champ_description.pc'
[0.510s] Level 1:colcon.colcon_core.environment:checking '/ws_gz/install/champ_description/lib/python3.10/site-packages'
[0.511s] Level 1:colcon.colcon_core.environment:checking '/ws_gz/install/champ_description/bin'
[0.511s] INFO:colcon.colcon_core.shell:Creating package script '/ws_gz/install/champ_description/share/champ_description/package.ps1'
[0.511s] INFO:colcon.colcon_core.shell:Creating package descriptor '/ws_gz/install/champ_description/share/champ_description/package.dsv'
[0.512s] INFO:colcon.colcon_core.shell:Creating package script '/ws_gz/install/champ_description/share/champ_description/package.sh'
[0.512s] INFO:colcon.colcon_core.shell:Creating package script '/ws_gz/install/champ_description/share/champ_description/package.bash'
[0.512s] INFO:colcon.colcon_core.shell:Creating package script '/ws_gz/install/champ_description/share/champ_description/package.zsh'
[0.513s] Level 1:colcon.colcon_core.environment:create_file_with_runtime_dependencies(/ws_gz/install/champ_description/share/colcon-core/packages/champ_description)
[0.514s] Level 1:colcon.colcon_core.environment:create_environment_scripts_only(champ_navigation)
[0.514s] Level 1:colcon.colcon_core.environment:checking '/ws_gz/install/champ_navigation' for CMake module files
[0.514s] DEBUG:colcon.colcon_core.event_handler.log_command:Invoked command in '/ws_gz/build/champ_navigation' returned '0': CMAKE_PREFIX_PATH=/opt/ros/humble /usr/bin/cmake --install /ws_gz/build/champ_navigation
[0.514s] Level 1:colcon.colcon_core.environment:checking '/ws_gz/install/champ_navigation' for CMake config files
[0.515s] Level 1:colcon.colcon_core.shell:create_environment_hook('champ_navigation', 'cmake_prefix_path')
[0.515s] INFO:colcon.colcon_core.shell:Creating environment hook '/ws_gz/install/champ_navigation/share/champ_navigation/hook/cmake_prefix_path.ps1'
[0.515s] INFO:colcon.colcon_core.shell:Creating environment descriptor '/ws_gz/install/champ_navigation/share/champ_navigation/hook/cmake_prefix_path.dsv'
[0.515s] INFO:colcon.colcon_core.shell:Creating environment hook '/ws_gz/install/champ_navigation/share/champ_navigation/hook/cmake_prefix_path.sh'
[0.516s] Level 1:colcon.colcon_core.environment:checking '/ws_gz/install/champ_navigation/bin'
[0.516s] Level 1:colcon.colcon_core.environment:checking '/ws_gz/install/champ_navigation/lib/pkgconfig/champ_navigation.pc'
[0.516s] Level 1:colcon.colcon_core.environment:checking '/ws_gz/install/champ_navigation/lib/python3.10/site-packages'
[0.516s] Level 1:colcon.colcon_core.environment:checking '/ws_gz/install/champ_navigation/bin'
[0.516s] INFO:colcon.colcon_core.shell:Creating package script '/ws_gz/install/champ_navigation/share/champ_navigation/package.ps1'
[0.517s] INFO:colcon.colcon_core.shell:Creating package descriptor '/ws_gz/install/champ_navigation/share/champ_navigation/package.dsv'
[0.517s] INFO:colcon.colcon_core.shell:Creating package script '/ws_gz/install/champ_navigation/share/champ_navigation/package.sh'
[0.517s] INFO:colcon.colcon_core.shell:Creating package script '/ws_gz/install/champ_navigation/share/champ_navigation/package.bash'
[0.518s] INFO:colcon.colcon_core.shell:Creating package script '/ws_gz/install/champ_navigation/share/champ_navigation/package.zsh'
[0.518s] Level 1:colcon.colcon_core.environment:create_file_with_runtime_dependencies(/ws_gz/install/champ_navigation/share/colcon-core/packages/champ_navigation)
[0.518s] Level 1:colcon.colcon_core.environment:create_environment_scripts_only(champ_navigation)
[0.518s] Level 1:colcon.colcon_core.environment:checking '/ws_gz/install/champ_navigation' for CMake module files
[0.519s] Level 1:colcon.colcon_core.environment:checking '/ws_gz/install/champ_navigation' for CMake config files
[0.519s] Level 1:colcon.colcon_core.shell:create_environment_hook('champ_navigation', 'cmake_prefix_path')
[0.519s] INFO:colcon.colcon_core.shell:Creating environment hook '/ws_gz/install/champ_navigation/share/champ_navigation/hook/cmake_prefix_path.ps1'
[0.520s] INFO:colcon.colcon_core.shell:Creating environment descriptor '/ws_gz/install/champ_navigation/share/champ_navigation/hook/cmake_prefix_path.dsv'
[0.520s] INFO:colcon.colcon_core.shell:Creating environment hook '/ws_gz/install/champ_navigation/share/champ_navigation/hook/cmake_prefix_path.sh'
[0.520s] Level 1:colcon.colcon_core.environment:checking '/ws_gz/install/champ_navigation/bin'
[0.520s] Level 1:colcon.colcon_core.environment:checking '/ws_gz/install/champ_navigation/lib/pkgconfig/champ_navigation.pc'
[0.520s] Level 1:colcon.colcon_core.environment:checking '/ws_gz/install/champ_navigation/lib/python3.10/site-packages'
[0.521s] Level 1:colcon.colcon_core.environment:checking '/ws_gz/install/champ_navigation/bin'
[0.521s] INFO:colcon.colcon_core.shell:Creating package script '/ws_gz/install/champ_navigation/share/champ_navigation/package.ps1'
[0.521s] INFO:colcon.colcon_core.shell:Creating package descriptor '/ws_gz/install/champ_navigation/share/champ_navigation/package.dsv'
[0.522s] INFO:colcon.colcon_core.shell:Creating package script '/ws_gz/install/champ_navigation/share/champ_navigation/package.sh'
[0.522s] INFO:colcon.colcon_core.shell:Creating package script '/ws_gz/install/champ_navigation/share/champ_navigation/package.bash'
[0.522s] INFO:colcon.colcon_core.shell:Creating package script '/ws_gz/install/champ_navigation/share/champ_navigation/package.zsh'
[0.523s] Level 1:colcon.colcon_core.environment:create_file_with_runtime_dependencies(/ws_gz/install/champ_navigation/share/colcon-core/packages/champ_navigation)
[0.523s] Level 1:colcon.colcon_core.environment:create_environment_scripts_only(champ_config)
[0.523s] Level 1:colcon.colcon_core.environment:checking '/ws_gz/install/champ_config' for CMake module files
[0.523s] DEBUG:colcon.colcon_core.event_handler.log_command:Invoked command in '/ws_gz/build/champ_config' returned '0': CMAKE_PREFIX_PATH=/opt/ros/humble /usr/bin/cmake --install /ws_gz/build/champ_config
[0.524s] Level 1:colcon.colcon_core.environment:checking '/ws_gz/install/champ_config' for CMake config files
[0.524s] Level 1:colcon.colcon_core.shell:create_environment_hook('champ_config', 'cmake_prefix_path')
[0.524s] INFO:colcon.colcon_core.shell:Creating environment hook '/ws_gz/install/champ_config/share/champ_config/hook/cmake_prefix_path.ps1'
[0.524s] INFO:colcon.colcon_core.shell:Creating environment descriptor '/ws_gz/install/champ_config/share/champ_config/hook/cmake_prefix_path.dsv'
[0.525s] INFO:colcon.colcon_core.shell:Creating environment hook '/ws_gz/install/champ_config/share/champ_config/hook/cmake_prefix_path.sh'
[0.525s] Level 1:colcon.colcon_core.environment:checking '/ws_gz/install/champ_config/bin'
[0.525s] Level 1:colcon.colcon_core.environment:checking '/ws_gz/install/champ_config/lib/pkgconfig/champ_config.pc'
[0.525s] Level 1:colcon.colcon_core.environment:checking '/ws_gz/install/champ_config/lib/python3.10/site-packages'
[0.525s] Level 1:colcon.colcon_core.environment:checking '/ws_gz/install/champ_config/bin'
[0.526s] INFO:colcon.colcon_core.shell:Creating package script '/ws_gz/install/champ_config/share/champ_config/package.ps1'
[0.526s] INFO:colcon.colcon_core.shell:Creating package descriptor '/ws_gz/install/champ_config/share/champ_config/package.dsv'
[0.526s] INFO:colcon.colcon_core.shell:Creating package script '/ws_gz/install/champ_config/share/champ_config/package.sh'
[0.527s] INFO:colcon.colcon_core.shell:Creating package script '/ws_gz/install/champ_config/share/champ_config/package.bash'
[0.527s] INFO:colcon.colcon_core.shell:Creating package script '/ws_gz/install/champ_config/share/champ_config/package.zsh'
[0.527s] Level 1:colcon.colcon_core.environment:create_file_with_runtime_dependencies(/ws_gz/install/champ_config/share/colcon-core/packages/champ_config)
[0.527s] Level 1:colcon.colcon_core.environment:create_environment_scripts_only(champ_config)
[0.528s] Level 1:colcon.colcon_core.environment:checking '/ws_gz/install/champ_config' for CMake module files
[0.528s] Level 1:colcon.colcon_core.environment:checking '/ws_gz/install/champ_config' for CMake config files
[0.528s] Level 1:colcon.colcon_core.shell:create_environment_hook('champ_config', 'cmake_prefix_path')
[0.528s] INFO:colcon.colcon_core.shell:Creating environment hook '/ws_gz/install/champ_config/share/champ_config/hook/cmake_prefix_path.ps1'
[0.529s] INFO:colcon.colcon_core.shell:Creating environment descriptor '/ws_gz/install/champ_config/share/champ_config/hook/cmake_prefix_path.dsv'
[0.529s] INFO:colcon.colcon_core.shell:Creating environment hook '/ws_gz/install/champ_config/share/champ_config/hook/cmake_prefix_path.sh'
[0.529s] Level 1:colcon.colcon_core.environment:checking '/ws_gz/install/champ_config/bin'
[0.530s] Level 1:colcon.colcon_core.environment:checking '/ws_gz/install/champ_config/lib/pkgconfig/champ_config.pc'
[0.530s] Level 1:colcon.colcon_core.environment:checking '/ws_gz/install/champ_config/lib/python3.10/site-packages'
[0.530s] Level 1:colcon.colcon_core.environment:checking '/ws_gz/install/champ_config/bin'
[0.530s] INFO:colcon.colcon_core.shell:Creating package script '/ws_gz/install/champ_config/share/champ_config/package.ps1'
[0.531s] INFO:colcon.colcon_core.shell:Creating package descriptor '/ws_gz/install/champ_config/share/champ_config/package.dsv'
[0.531s] INFO:colcon.colcon_core.shell:Creating package script '/ws_gz/install/champ_config/share/champ_config/package.sh'
[0.531s] INFO:colcon.colcon_core.shell:Creating package script '/ws_gz/install/champ_config/share/champ_config/package.bash'
[0.532s] INFO:colcon.colcon_core.shell:Creating package script '/ws_gz/install/champ_config/share/champ_config/package.zsh'
[0.532s] Level 1:colcon.colcon_core.environment:create_file_with_runtime_dependencies(/ws_gz/install/champ_config/share/colcon-core/packages/champ_config)
[0.532s] Level 1:colcon.colcon_core.environment:create_environment_scripts_only(go2_description)
[0.532s] Level 1:colcon.colcon_core.environment:checking '/ws_gz/install/go2_description' for CMake module files
[0.533s] DEBUG:colcon.colcon_core.event_handler.log_command:Invoked command in '/ws_gz/build/go2_description' returned '0': CMAKE_PREFIX_PATH=/opt/ros/humble /usr/bin/cmake --install /ws_gz/build/go2_description
[0.533s] Level 1:colcon.colcon_core.environment:checking '/ws_gz/install/go2_description' for CMake config files
[0.533s] Level 1:colcon.colcon_core.shell:create_environment_hook('go2_description', 'cmake_prefix_path')
[0.533s] INFO:colcon.colcon_core.shell:Creating environment hook '/ws_gz/install/go2_description/share/go2_description/hook/cmake_prefix_path.ps1'
[0.534s] INFO:colcon.colcon_core.shell:Creating environment descriptor '/ws_gz/install/go2_description/share/go2_description/hook/cmake_prefix_path.dsv'
[0.534s] INFO:colcon.colcon_core.shell:Creating environment hook '/ws_gz/install/go2_description/share/go2_description/hook/cmake_prefix_path.sh'
[0.534s] Level 1:colcon.colcon_core.environment:checking '/ws_gz/install/go2_description/bin'
[0.534s] Level 1:colcon.colcon_core.environment:checking '/ws_gz/install/go2_description/lib/pkgconfig/go2_description.pc'
[0.535s] Level 1:colcon.colcon_core.environment:checking '/ws_gz/install/go2_description/lib/python3.10/site-packages'
[0.535s] Level 1:colcon.colcon_core.environment:checking '/ws_gz/install/go2_description/bin'
[0.535s] INFO:colcon.colcon_core.shell:Creating package script '/ws_gz/install/go2_description/share/go2_description/package.ps1'
[0.535s] INFO:colcon.colcon_core.shell:Creating package descriptor '/ws_gz/install/go2_description/share/go2_description/package.dsv'
[0.536s] INFO:colcon.colcon_core.shell:Creating package script '/ws_gz/install/go2_description/share/go2_description/package.sh'
[0.536s] INFO:colcon.colcon_core.shell:Creating package script '/ws_gz/install/go2_description/share/go2_description/package.bash'
[0.536s] INFO:colcon.colcon_core.shell:Creating package script '/ws_gz/install/go2_description/share/go2_description/package.zsh'
[0.536s] Level 1:colcon.colcon_core.environment:create_file_with_runtime_dependencies(/ws_gz/install/go2_description/share/colcon-core/packages/go2_description)
[0.537s] Level 1:colcon.colcon_core.environment:create_environment_scripts_only(go2_description)
[0.537s] Level 1:colcon.colcon_core.environment:checking '/ws_gz/install/go2_description' for CMake module files
[0.537s] Level 1:colcon.colcon_core.environment:checking '/ws_gz/install/go2_description' for CMake config files
[0.538s] Level 1:colcon.colcon_core.shell:create_environment_hook('go2_description', 'cmake_prefix_path')
[0.538s] INFO:colcon.colcon_core.shell:Creating environment hook '/ws_gz/install/go2_description/share/go2_description/hook/cmake_prefix_path.ps1'
[0.538s] INFO:colcon.colcon_core.shell:Creating environment descriptor '/ws_gz/install/go2_description/share/go2_description/hook/cmake_prefix_path.dsv'
[0.538s] INFO:colcon.colcon_core.shell:Creating environment hook '/ws_gz/install/go2_description/share/go2_description/hook/cmake_prefix_path.sh'
[0.539s] Level 1:colcon.colcon_core.environment:checking '/ws_gz/install/go2_description/bin'
[0.539s] Level 1:colcon.colcon_core.environment:checking '/ws_gz/install/go2_description/lib/pkgconfig/go2_description.pc'
[0.539s] Level 1:colcon.colcon_core.environment:checking '/ws_gz/install/go2_description/lib/python3.10/site-packages'
[0.539s] Level 1:colcon.colcon_core.environment:checking '/ws_gz/install/go2_description/bin'
[0.539s] INFO:colcon.colcon_core.shell:Creating package script '/ws_gz/install/go2_description/share/go2_description/package.ps1'
[0.540s] INFO:colcon.colcon_core.shell:Creating package descriptor '/ws_gz/install/go2_description/share/go2_description/package.dsv'
[0.540s] INFO:colcon.colcon_core.shell:Creating package script '/ws_gz/install/go2_description/share/go2_description/package.sh'
[0.540s] INFO:colcon.colcon_core.shell:Creating package script '/ws_gz/install/go2_description/share/go2_description/package.bash'
[0.541s] INFO:colcon.colcon_core.shell:Creating package script '/ws_gz/install/go2_description/share/go2_description/package.zsh'
[0.541s] Level 1:colcon.colcon_core.environment:create_file_with_runtime_dependencies(/ws_gz/install/go2_description/share/colcon-core/packages/go2_description)
[0.644s] DEBUG:colcon.colcon_core.event_handler.log_command:Invoked command in '/ws_gz/build/go2_config' returned '0': CMAKE_PREFIX_PATH=/opt/ros/humble /usr/bin/cmake --build /ws_gz/build/go2_config -- -j32 -l32
[0.645s] DEBUG:colcon.colcon_core.event_handler.log_command:Invoking command in '/ws_gz/build/go2_config': CMAKE_PREFIX_PATH=/opt/ros/humble /usr/bin/cmake --install /ws_gz/build/go2_config
[0.652s] DEBUG:colcon.colcon_core.event_handler.log_command:Invoked command in '/ws_gz/build/champ' returned '0': CMAKE_PREFIX_PATH=/opt/ros/humble /usr/bin/cmake /ws_gz/src/gz_quadbot/champ/champ -DCMAKE_BUILD_TYPE=Release -DAMENT_CMAKE_SYMLINK_INSTALL=1 -DCMAKE_INSTALL_PREFIX=/ws_gz/install/champ
[0.653s] DEBUG:colcon.colcon_core.event_handler.log_command:Invoking command in '/ws_gz/build/champ': CMAKE_PREFIX_PATH=/opt/ros/humble /usr/bin/cmake --build /ws_gz/build/champ -- -j32 -l32
[0.676s] DEBUG:colcon.colcon_core.event_handler.log_command:Invoked command in '/ws_gz/build/champ' returned '0': CMAKE_PREFIX_PATH=/opt/ros/humble /usr/bin/cmake --build /ws_gz/build/champ -- -j32 -l32
[0.677s] DEBUG:colcon.colcon_core.event_handler.log_command:Invoking command in '/ws_gz/build/champ': CMAKE_PREFIX_PATH=/opt/ros/humble /usr/bin/cmake --install /ws_gz/build/champ
[0.684s] Level 1:colcon.colcon_core.environment:create_environment_scripts_only(go2_config)
[0.684s] Level 1:colcon.colcon_core.environment:checking '/ws_gz/install/go2_config' for CMake module files
[0.685s] DEBUG:colcon.colcon_core.event_handler.log_command:Invoked command in '/ws_gz/build/go2_config' returned '0': CMAKE_PREFIX_PATH=/opt/ros/humble /usr/bin/cmake --install /ws_gz/build/go2_config
[0.686s] Level 1:colcon.colcon_core.environment:checking '/ws_gz/install/go2_config' for CMake config files
[0.686s] Level 1:colcon.colcon_core.shell:create_environment_hook('go2_config', 'cmake_prefix_path')
[0.686s] INFO:colcon.colcon_core.shell:Creating environment hook '/ws_gz/install/go2_config/share/go2_config/hook/cmake_prefix_path.ps1'
[0.687s] INFO:colcon.colcon_core.shell:Creating environment descriptor '/ws_gz/install/go2_config/share/go2_config/hook/cmake_prefix_path.dsv'
[0.687s] INFO:colcon.colcon_core.shell:Creating environment hook '/ws_gz/install/go2_config/share/go2_config/hook/cmake_prefix_path.sh'
[0.687s] Level 1:colcon.colcon_core.environment:checking '/ws_gz/install/go2_config/lib'
[0.687s] Level 1:colcon.colcon_core.environment:checking '/ws_gz/install/go2_config/bin'
[0.688s] Level 1:colcon.colcon_core.environment:checking '/ws_gz/install/go2_config/lib/pkgconfig/go2_config.pc'
[0.688s] Level 1:colcon.colcon_core.environment:checking '/ws_gz/install/go2_config/lib/python3.10/site-packages'
[0.688s] Level 1:colcon.colcon_core.environment:checking '/ws_gz/install/go2_config/bin'
[0.688s] INFO:colcon.colcon_core.shell:Creating package script '/ws_gz/install/go2_config/share/go2_config/package.ps1'
[0.689s] INFO:colcon.colcon_core.shell:Creating package descriptor '/ws_gz/install/go2_config/share/go2_config/package.dsv'
[0.689s] INFO:colcon.colcon_core.shell:Creating package script '/ws_gz/install/go2_config/share/go2_config/package.sh'
[0.689s] INFO:colcon.colcon_core.shell:Creating package script '/ws_gz/install/go2_config/share/go2_config/package.bash'
[0.689s] INFO:colcon.colcon_core.shell:Creating package script '/ws_gz/install/go2_config/share/go2_config/package.zsh'
[0.690s] Level 1:colcon.colcon_core.environment:create_file_with_runtime_dependencies(/ws_gz/install/go2_config/share/colcon-core/packages/go2_config)
[0.690s] Level 1:colcon.colcon_core.environment:create_environment_scripts_only(go2_config)
[0.690s] Level 1:colcon.colcon_core.environment:checking '/ws_gz/install/go2_config' for CMake module files
[0.691s] Level 1:colcon.colcon_core.environment:checking '/ws_gz/install/go2_config' for CMake config files
[0.691s] Level 1:colcon.colcon_core.shell:create_environment_hook('go2_config', 'cmake_prefix_path')
[0.691s] INFO:colcon.colcon_core.shell:Creating environment hook '/ws_gz/install/go2_config/share/go2_config/hook/cmake_prefix_path.ps1'
[0.692s] INFO:colcon.colcon_core.shell:Creating environment descriptor '/ws_gz/install/go2_config/share/go2_config/hook/cmake_prefix_path.dsv'
[0.692s] INFO:colcon.colcon_core.shell:Creating environment hook '/ws_gz/install/go2_config/share/go2_config/hook/cmake_prefix_path.sh'
[0.692s] Level 1:colcon.colcon_core.environment:checking '/ws_gz/install/go2_config/lib'
[0.692s] Level 1:colcon.colcon_core.environment:checking '/ws_gz/install/go2_config/bin'
[0.692s] Level 1:colcon.colcon_core.environment:checking '/ws_gz/install/go2_config/lib/pkgconfig/go2_config.pc'
[0.693s] Level 1:colcon.colcon_core.environment:checking '/ws_gz/install/go2_config/lib/python3.10/site-packages'
[0.693s] Level 1:colcon.colcon_core.environment:checking '/ws_gz/install/go2_config/bin'
[0.693s] INFO:colcon.colcon_core.shell:Creating package script '/ws_gz/install/go2_config/share/go2_config/package.ps1'
[0.693s] INFO:colcon.colcon_core.shell:Creating package descriptor '/ws_gz/install/go2_config/share/go2_config/package.dsv'
[0.694s] INFO:colcon.colcon_core.shell:Creating package script '/ws_gz/install/go2_config/share/go2_config/package.sh'
[0.694s] INFO:colcon.colcon_core.shell:Creating package script '/ws_gz/install/go2_config/share/go2_config/package.bash'
[0.694s] INFO:colcon.colcon_core.shell:Creating package script '/ws_gz/install/go2_config/share/go2_config/package.zsh'
[0.695s] Level 1:colcon.colcon_core.environment:create_file_with_runtime_dependencies(/ws_gz/install/go2_config/share/colcon-core/packages/go2_config)
[0.695s] Level 1:colcon.colcon_core.environment:create_environment_scripts_only(champ)
[0.695s] Level 1:colcon.colcon_core.environment:checking '/ws_gz/install/champ' for CMake module files
[0.696s] DEBUG:colcon.colcon_core.event_handler.log_command:Invoked command in '/ws_gz/build/champ' returned '0': CMAKE_PREFIX_PATH=/opt/ros/humble /usr/bin/cmake --install /ws_gz/build/champ
[0.696s] Level 1:colcon.colcon_core.environment:checking '/ws_gz/install/champ' for CMake config files
[0.697s] Level 1:colcon.colcon_core.shell:create_environment_hook('champ', 'cmake_prefix_path')
[0.697s] INFO:colcon.colcon_core.shell:Creating environment hook '/ws_gz/install/champ/share/champ/hook/cmake_prefix_path.ps1'
[0.697s] INFO:colcon.colcon_core.shell:Creating environment descriptor '/ws_gz/install/champ/share/champ/hook/cmake_prefix_path.dsv'
[0.697s] INFO:colcon.colcon_core.shell:Creating environment hook '/ws_gz/install/champ/share/champ/hook/cmake_prefix_path.sh'
[0.698s] Level 1:colcon.colcon_core.environment:checking '/ws_gz/install/champ/bin'
[0.698s] Level 1:colcon.colcon_core.environment:checking '/ws_gz/install/champ/lib/pkgconfig/champ.pc'
[0.698s] Level 1:colcon.colcon_core.environment:checking '/ws_gz/install/champ/lib/python3.10/site-packages'
[0.698s] Level 1:colcon.colcon_core.environment:checking '/ws_gz/install/champ/bin'
[0.698s] INFO:colcon.colcon_core.shell:Creating package script '/ws_gz/install/champ/share/champ/package.ps1'
[0.699s] INFO:colcon.colcon_core.shell:Creating package descriptor '/ws_gz/install/champ/share/champ/package.dsv'
[0.699s] INFO:colcon.colcon_core.shell:Creating package script '/ws_gz/install/champ/share/champ/package.sh'
[0.699s] INFO:colcon.colcon_core.shell:Creating package script '/ws_gz/install/champ/share/champ/package.bash'
[0.700s] INFO:colcon.colcon_core.shell:Creating package script '/ws_gz/install/champ/share/champ/package.zsh'
[0.700s] Level 1:colcon.colcon_core.environment:create_file_with_runtime_dependencies(/ws_gz/install/champ/share/colcon-core/packages/champ)
[0.700s] Level 1:colcon.colcon_core.environment:create_environment_scripts_only(champ)
[0.700s] Level 1:colcon.colcon_core.environment:checking '/ws_gz/install/champ' for CMake module files
[0.700s] Level 1:colcon.colcon_core.environment:checking '/ws_gz/install/champ' for CMake config files
[0.701s] Level 1:colcon.colcon_core.shell:create_environment_hook('champ', 'cmake_prefix_path')
[0.701s] INFO:colcon.colcon_core.shell:Creating environment hook '/ws_gz/install/champ/share/champ/hook/cmake_prefix_path.ps1'
[0.701s] INFO:colcon.colcon_core.shell:Creating environment descriptor '/ws_gz/install/champ/share/champ/hook/cmake_prefix_path.dsv'
[0.701s] INFO:colcon.colcon_core.shell:Creating environment hook '/ws_gz/install/champ/share/champ/hook/cmake_prefix_path.sh'
[0.701s] Level 1:colcon.colcon_core.environment:checking '/ws_gz/install/champ/bin'
[0.701s] Level 1:colcon.colcon_core.environment:checking '/ws_gz/install/champ/lib/pkgconfig/champ.pc'
[0.701s] Level 1:colcon.colcon_core.environment:checking '/ws_gz/install/champ/lib/python3.10/site-packages'
[0.702s] Level 1:colcon.colcon_core.environment:checking '/ws_gz/install/champ/bin'
[0.702s] INFO:colcon.colcon_core.shell:Creating package script '/ws_gz/install/champ/share/champ/package.ps1'
[0.702s] INFO:colcon.colcon_core.shell:Creating package descriptor '/ws_gz/install/champ/share/champ/package.dsv'
[0.702s] INFO:colcon.colcon_core.shell:Creating package script '/ws_gz/install/champ/share/champ/package.sh'
[0.702s] INFO:colcon.colcon_core.shell:Creating package script '/ws_gz/install/champ/share/champ/package.bash'
[0.702s] INFO:colcon.colcon_core.shell:Creating package script '/ws_gz/install/champ/share/champ/package.zsh'
[0.703s] Level 1:colcon.colcon_core.environment:create_file_with_runtime_dependencies(/ws_gz/install/champ/share/colcon-core/packages/champ)
[1.179s] DEBUG:colcon.colcon_core.event_handler.log_command:Invoked command in '/ws_gz/build/champ_msgs' returned '0': CMAKE_PREFIX_PATH=/opt/ros/humble /usr/bin/cmake /ws_gz/src/gz_quadbot/champ/champ_msgs -DCMAKE_BUILD_TYPE=Release -DAMENT_CMAKE_SYMLINK_INSTALL=1 -DCMAKE_INSTALL_PREFIX=/ws_gz/install/champ_msgs
[1.180s] DEBUG:colcon.colcon_core.event_handler.log_command:Invoking command in '/ws_gz/build/champ_msgs': CMAKE_PREFIX_PATH=/opt/ros/humble /usr/bin/cmake --build /ws_gz/build/champ_msgs -- -j32 -l32
[1.339s] DEBUG:colcon.colcon_core.event_handler.log_command:Invoked command in '/ws_gz/build/champ_msgs' returned '0': CMAKE_PREFIX_PATH=/opt/ros/humble /usr/bin/cmake --build /ws_gz/build/champ_msgs -- -j32 -l32
[1.341s] DEBUG:colcon.colcon_core.event_handler.log_command:Invoking command in '/ws_gz/build/champ_msgs': CMAKE_PREFIX_PATH=/opt/ros/humble /usr/bin/cmake --install /ws_gz/build/champ_msgs
[1.393s] Level 1:colcon.colcon_core.environment:create_environment_scripts_only(champ_msgs)
[1.394s] Level 1:colcon.colcon_core.environment:checking '/ws_gz/install/champ_msgs' for CMake module files
[1.394s] DEBUG:colcon.colcon_core.event_handler.log_command:Invoked command in '/ws_gz/build/champ_msgs' returned '0': CMAKE_PREFIX_PATH=/opt/ros/humble /usr/bin/cmake --install /ws_gz/build/champ_msgs
[1.394s] Level 1:colcon.colcon_core.environment:checking '/ws_gz/install/champ_msgs' for CMake config files
[1.395s] Level 1:colcon.colcon_core.shell:create_environment_hook('champ_msgs', 'cmake_prefix_path')
[1.395s] INFO:colcon.colcon_core.shell:Creating environment hook '/ws_gz/install/champ_msgs/share/champ_msgs/hook/cmake_prefix_path.ps1'
[1.395s] INFO:colcon.colcon_core.shell:Creating environment descriptor '/ws_gz/install/champ_msgs/share/champ_msgs/hook/cmake_prefix_path.dsv'
[1.395s] INFO:colcon.colcon_core.shell:Creating environment hook '/ws_gz/install/champ_msgs/share/champ_msgs/hook/cmake_prefix_path.sh'
[1.395s] Level 1:colcon.colcon_core.environment:checking '/ws_gz/install/champ_msgs/lib'
[1.395s] Level 1:colcon.colcon_core.shell:create_environment_hook('champ_msgs', 'ld_library_path_lib')
[1.396s] INFO:colcon.colcon_core.shell:Creating environment hook '/ws_gz/install/champ_msgs/share/champ_msgs/hook/ld_library_path_lib.ps1'
[1.396s] INFO:colcon.colcon_core.shell:Creating environment descriptor '/ws_gz/install/champ_msgs/share/champ_msgs/hook/ld_library_path_lib.dsv'
[1.396s] INFO:colcon.colcon_core.shell:Creating environment hook '/ws_gz/install/champ_msgs/share/champ_msgs/hook/ld_library_path_lib.sh'
[1.396s] Level 1:colcon.colcon_core.environment:checking '/ws_gz/install/champ_msgs/bin'
[1.396s] Level 1:colcon.colcon_core.environment:checking '/ws_gz/install/champ_msgs/lib/pkgconfig/champ_msgs.pc'
[1.396s] Level 1:colcon.colcon_core.environment:checking '/ws_gz/install/champ_msgs/lib/python3.10/site-packages'
[1.396s] Level 1:colcon.colcon_core.environment:checking '/ws_gz/install/champ_msgs/bin'
[1.396s] INFO:colcon.colcon_core.shell:Creating package script '/ws_gz/install/champ_msgs/share/champ_msgs/package.ps1'
[1.397s] INFO:colcon.colcon_core.shell:Creating package descriptor '/ws_gz/install/champ_msgs/share/champ_msgs/package.dsv'
[1.397s] INFO:colcon.colcon_core.shell:Creating package script '/ws_gz/install/champ_msgs/share/champ_msgs/package.sh'
[1.397s] INFO:colcon.colcon_core.shell:Creating package script '/ws_gz/install/champ_msgs/share/champ_msgs/package.bash'
[1.397s] INFO:colcon.colcon_core.shell:Creating package script '/ws_gz/install/champ_msgs/share/champ_msgs/package.zsh'
[1.397s] Level 1:colcon.colcon_core.environment:create_file_with_runtime_dependencies(/ws_gz/install/champ_msgs/share/colcon-core/packages/champ_msgs)
[1.397s] Level 1:colcon.colcon_core.environment:create_environment_scripts_only(champ_msgs)
[1.398s] Level 1:colcon.colcon_core.environment:checking '/ws_gz/install/champ_msgs' for CMake module files
[1.398s] Level 1:colcon.colcon_core.environment:checking '/ws_gz/install/champ_msgs' for CMake config files
[1.398s] Level 1:colcon.colcon_core.shell:create_environment_hook('champ_msgs', 'cmake_prefix_path')
[1.398s] INFO:colcon.colcon_core.shell:Creating environment hook '/ws_gz/install/champ_msgs/share/champ_msgs/hook/cmake_prefix_path.ps1'
[1.399s] INFO:colcon.colcon_core.shell:Creating environment descriptor '/ws_gz/install/champ_msgs/share/champ_msgs/hook/cmake_prefix_path.dsv'
[1.399s] INFO:colcon.colcon_core.shell:Creating environment hook '/ws_gz/install/champ_msgs/share/champ_msgs/hook/cmake_prefix_path.sh'
[1.399s] Level 1:colcon.colcon_core.environment:checking '/ws_gz/install/champ_msgs/lib'
[1.399s] Level 1:colcon.colcon_core.shell:create_environment_hook('champ_msgs', 'ld_library_path_lib')
[1.399s] INFO:colcon.colcon_core.shell:Creating environment hook '/ws_gz/install/champ_msgs/share/champ_msgs/hook/ld_library_path_lib.ps1'
[1.399s] INFO:colcon.colcon_core.shell:Creating environment descriptor '/ws_gz/install/champ_msgs/share/champ_msgs/hook/ld_library_path_lib.dsv'
[1.399s] INFO:colcon.colcon_core.shell:Creating environment hook '/ws_gz/install/champ_msgs/share/champ_msgs/hook/ld_library_path_lib.sh'
[1.400s] Level 1:colcon.colcon_core.environment:checking '/ws_gz/install/champ_msgs/bin'
[1.400s] Level 1:colcon.colcon_core.environment:checking '/ws_gz/install/champ_msgs/lib/pkgconfig/champ_msgs.pc'
[1.400s] Level 1:colcon.colcon_core.environment:checking '/ws_gz/install/champ_msgs/lib/python3.10/site-packages'
[1.400s] Level 1:colcon.colcon_core.environment:checking '/ws_gz/install/champ_msgs/bin'
[1.400s] INFO:colcon.colcon_core.shell:Creating package script '/ws_gz/install/champ_msgs/share/champ_msgs/package.ps1'
[1.401s] INFO:colcon.colcon_core.shell:Creating package descriptor '/ws_gz/install/champ_msgs/share/champ_msgs/package.dsv'
[1.401s] INFO:colcon.colcon_core.shell:Creating package script '/ws_gz/install/champ_msgs/share/champ_msgs/package.sh'
[1.401s] INFO:colcon.colcon_core.shell:Creating package script '/ws_gz/install/champ_msgs/share/champ_msgs/package.bash'
[1.402s] INFO:colcon.colcon_core.shell:Creating package script '/ws_gz/install/champ_msgs/share/champ_msgs/package.zsh'
[1.402s] Level 1:colcon.colcon_core.environment:create_file_with_runtime_dependencies(/ws_gz/install/champ_msgs/share/colcon-core/packages/champ_msgs)
[1.402s] INFO:colcon.colcon_ros.task.ament_cmake.build:Building ROS package in '/ws_gz/src/gz_quadbot/champ/champ_base' with build type 'ament_cmake'
[1.402s] INFO:colcon.colcon_cmake.task.cmake.build:Building CMake package in '/ws_gz/src/gz_quadbot/champ/champ_base'
[1.402s] INFO:colcon.colcon_core.shell:Skip shell extension 'powershell' for command environment: Not usable outside of PowerShell
[1.403s] DEBUG:colcon.colcon_core.shell:Skip shell extension 'dsv' for command environment
[1.405s] INFO:colcon.colcon_ros.task.ament_cmake.build:Building ROS package in '/ws_gz/src/gz_quadbot/champ/champ_gazebo' with build type 'ament_cmake'
[1.405s] INFO:colcon.colcon_cmake.task.cmake.build:Building CMake package in '/ws_gz/src/gz_quadbot/champ/champ_gazebo'
[1.405s] INFO:colcon.colcon_core.shell:Skip shell extension 'powershell' for command environment: Not usable outside of PowerShell
[1.405s] DEBUG:colcon.colcon_core.shell:Skip shell extension 'dsv' for command environment
[1.410s] DEBUG:colcon.colcon_core.event_handler.log_command:Invoking command in '/ws_gz/build/champ_base': AMENT_PREFIX_PATH=/ws_gz/install/champ_msgs:/ws_gz/install/champ:${AMENT_PREFIX_PATH} CMAKE_PREFIX_PATH=/ws_gz/install/champ_msgs:/ws_gz/install/champ:/opt/ros/humble LD_LIBRARY_PATH=/ws_gz/install/champ_msgs/lib:${LD_LIBRARY_PATH} PYTHONPATH=/ws_gz/install/champ_msgs/local/lib/python3.10/dist-packages:${PYTHONPATH} /usr/bin/cmake --build /ws_gz/build/champ_base -- -j32 -l32
[1.412s] DEBUG:colcon.colcon_core.event_handler.log_command:Invoking command in '/ws_gz/build/champ_gazebo': AMENT_PREFIX_PATH=/ws_gz/install/champ_msgs:/ws_gz/install/champ:${AMENT_PREFIX_PATH} CMAKE_PREFIX_PATH=/ws_gz/install/champ_msgs:/ws_gz/install/champ:/opt/ros/humble LD_LIBRARY_PATH=/ws_gz/install/champ_msgs/lib:${LD_LIBRARY_PATH} PYTHONPATH=/ws_gz/install/champ_msgs/local/lib/python3.10/dist-packages:${PYTHONPATH} /usr/bin/cmake --build /ws_gz/build/champ_gazebo -- -j32 -l32
[1.494s] DEBUG:colcon.colcon_core.event_handler.log_command:Invoked command in '/ws_gz/build/champ_base' returned '0': AMENT_PREFIX_PATH=/ws_gz/install/champ_msgs:/ws_gz/install/champ:${AMENT_PREFIX_PATH} CMAKE_PREFIX_PATH=/ws_gz/install/champ_msgs:/ws_gz/install/champ:/opt/ros/humble LD_LIBRARY_PATH=/ws_gz/install/champ_msgs/lib:${LD_LIBRARY_PATH} PYTHONPATH=/ws_gz/install/champ_msgs/local/lib/python3.10/dist-packages:${PYTHONPATH} /usr/bin/cmake --build /ws_gz/build/champ_base -- -j32 -l32
[1.495s] DEBUG:colcon.colcon_core.event_handler.log_command:Invoking command in '/ws_gz/build/champ_base': AMENT_PREFIX_PATH=/ws_gz/install/champ_msgs:/ws_gz/install/champ:${AMENT_PREFIX_PATH} CMAKE_PREFIX_PATH=/ws_gz/install/champ_msgs:/ws_gz/install/champ:/opt/ros/humble LD_LIBRARY_PATH=/ws_gz/install/champ_msgs/lib:${LD_LIBRARY_PATH} PYTHONPATH=/ws_gz/install/champ_msgs/local/lib/python3.10/dist-packages:${PYTHONPATH} /usr/bin/cmake --install /ws_gz/build/champ_base
[1.511s] Level 1:colcon.colcon_core.environment:create_environment_scripts_only(champ_base)
[1.511s] Level 1:colcon.colcon_core.environment:checking '/ws_gz/install/champ_base' for CMake module files
[1.511s] DEBUG:colcon.colcon_core.event_handler.log_command:Invoked command in '/ws_gz/build/champ_base' returned '0': AMENT_PREFIX_PATH=/ws_gz/install/champ_msgs:/ws_gz/install/champ:${AMENT_PREFIX_PATH} CMAKE_PREFIX_PATH=/ws_gz/install/champ_msgs:/ws_gz/install/champ:/opt/ros/humble LD_LIBRARY_PATH=/ws_gz/install/champ_msgs/lib:${LD_LIBRARY_PATH} PYTHONPATH=/ws_gz/install/champ_msgs/local/lib/python3.10/dist-packages:${PYTHONPATH} /usr/bin/cmake --install /ws_gz/build/champ_base
[1.511s] Level 1:colcon.colcon_core.environment:checking '/ws_gz/install/champ_base' for CMake config files
[1.511s] Level 1:colcon.colcon_core.shell:create_environment_hook('champ_base', 'cmake_prefix_path')
[1.512s] INFO:colcon.colcon_core.shell:Creating environment hook '/ws_gz/install/champ_base/share/champ_base/hook/cmake_prefix_path.ps1'
[1.512s] INFO:colcon.colcon_core.shell:Creating environment descriptor '/ws_gz/install/champ_base/share/champ_base/hook/cmake_prefix_path.dsv'
[1.512s] INFO:colcon.colcon_core.shell:Creating environment hook '/ws_gz/install/champ_base/share/champ_base/hook/cmake_prefix_path.sh'
[1.512s] Level 1:colcon.colcon_core.environment:checking '/ws_gz/install/champ_base/lib'
[1.512s] Level 1:colcon.colcon_core.shell:create_environment_hook('champ_base', 'ld_library_path_lib')
[1.513s] INFO:colcon.colcon_core.shell:Creating environment hook '/ws_gz/install/champ_base/share/champ_base/hook/ld_library_path_lib.ps1'
[1.513s] INFO:colcon.colcon_core.shell:Creating environment descriptor '/ws_gz/install/champ_base/share/champ_base/hook/ld_library_path_lib.dsv'
[1.513s] INFO:colcon.colcon_core.shell:Creating environment hook '/ws_gz/install/champ_base/share/champ_base/hook/ld_library_path_lib.sh'
[1.513s] Level 1:colcon.colcon_core.environment:checking '/ws_gz/install/champ_base/bin'
[1.513s] Level 1:colcon.colcon_core.shell:create_environment_hook('champ_base', 'path')
[1.514s] INFO:colcon.colcon_core.shell:Creating environment hook '/ws_gz/install/champ_base/share/champ_base/hook/path.ps1'
[1.514s] INFO:colcon.colcon_core.shell:Creating environment descriptor '/ws_gz/install/champ_base/share/champ_base/hook/path.dsv'
[1.514s] INFO:colcon.colcon_core.shell:Creating environment hook '/ws_gz/install/champ_base/share/champ_base/hook/path.sh'
[1.514s] Level 1:colcon.colcon_core.environment:checking '/ws_gz/install/champ_base/lib/pkgconfig/champ_base.pc'
[1.515s] Level 1:colcon.colcon_core.environment:checking '/ws_gz/install/champ_base/lib/python3.10/site-packages'
[1.515s] Level 1:colcon.colcon_core.environment:checking '/ws_gz/install/champ_base/bin'
[1.515s] Level 1:colcon.colcon_core.shell:create_environment_hook('champ_base', 'pythonscriptspath')
[1.515s] INFO:colcon.colcon_core.shell:Creating environment hook '/ws_gz/install/champ_base/share/champ_base/hook/pythonscriptspath.ps1'
[1.515s] INFO:colcon.colcon_core.shell:Creating environment descriptor '/ws_gz/install/champ_base/share/champ_base/hook/pythonscriptspath.dsv'
[1.516s] INFO:colcon.colcon_core.shell:Creating environment hook '/ws_gz/install/champ_base/share/champ_base/hook/pythonscriptspath.sh'
[1.516s] INFO:colcon.colcon_core.shell:Creating package script '/ws_gz/install/champ_base/share/champ_base/package.ps1'
[1.517s] INFO:colcon.colcon_core.shell:Creating package descriptor '/ws_gz/install/champ_base/share/champ_base/package.dsv'
[1.517s] INFO:colcon.colcon_core.shell:Creating package script '/ws_gz/install/champ_base/share/champ_base/package.sh'
[1.517s] INFO:colcon.colcon_core.shell:Creating package script '/ws_gz/install/champ_base/share/champ_base/package.bash'
[1.518s] INFO:colcon.colcon_core.shell:Creating package script '/ws_gz/install/champ_base/share/champ_base/package.zsh'
[1.518s] Level 1:colcon.colcon_core.environment:create_file_with_runtime_dependencies(/ws_gz/install/champ_base/share/colcon-core/packages/champ_base)
[1.518s] Level 1:colcon.colcon_core.environment:create_environment_scripts_only(champ_base)
[1.519s] Level 1:colcon.colcon_core.environment:checking '/ws_gz/install/champ_base' for CMake module files
[1.519s] Level 1:colcon.colcon_core.environment:checking '/ws_gz/install/champ_base' for CMake config files
[1.519s] Level 1:colcon.colcon_core.shell:create_environment_hook('champ_base', 'cmake_prefix_path')
[1.520s] INFO:colcon.colcon_core.shell:Creating environment hook '/ws_gz/install/champ_base/share/champ_base/hook/cmake_prefix_path.ps1'
[1.520s] INFO:colcon.colcon_core.shell:Creating environment descriptor '/ws_gz/install/champ_base/share/champ_base/hook/cmake_prefix_path.dsv'
[1.520s] INFO:colcon.colcon_core.shell:Creating environment hook '/ws_gz/install/champ_base/share/champ_base/hook/cmake_prefix_path.sh'
[1.521s] Level 1:colcon.colcon_core.environment:checking '/ws_gz/install/champ_base/lib'
[1.521s] Level 1:colcon.colcon_core.shell:create_environment_hook('champ_base', 'ld_library_path_lib')
[1.521s] INFO:colcon.colcon_core.shell:Creating environment hook '/ws_gz/install/champ_base/share/champ_base/hook/ld_library_path_lib.ps1'
[1.521s] INFO:colcon.colcon_core.shell:Creating environment descriptor '/ws_gz/install/champ_base/share/champ_base/hook/ld_library_path_lib.dsv'
[1.521s] INFO:colcon.colcon_core.shell:Creating environment hook '/ws_gz/install/champ_base/share/champ_base/hook/ld_library_path_lib.sh'
[1.521s] Level 1:colcon.colcon_core.environment:checking '/ws_gz/install/champ_base/bin'
[1.521s] Level 1:colcon.colcon_core.shell:create_environment_hook('champ_base', 'path')
[1.521s] INFO:colcon.colcon_core.shell:Creating environment hook '/ws_gz/install/champ_base/share/champ_base/hook/path.ps1'
[1.521s] INFO:colcon.colcon_core.shell:Creating environment descriptor '/ws_gz/install/champ_base/share/champ_base/hook/path.dsv'
[1.521s] INFO:colcon.colcon_core.shell:Creating environment hook '/ws_gz/install/champ_base/share/champ_base/hook/path.sh'
[1.522s] Level 1:colcon.colcon_core.environment:checking '/ws_gz/install/champ_base/lib/pkgconfig/champ_base.pc'
[1.522s] Level 1:colcon.colcon_core.environment:checking '/ws_gz/install/champ_base/lib/python3.10/site-packages'
[1.522s] Level 1:colcon.colcon_core.environment:checking '/ws_gz/install/champ_base/bin'
[1.522s] Level 1:colcon.colcon_core.shell:create_environment_hook('champ_base', 'pythonscriptspath')
[1.522s] INFO:colcon.colcon_core.shell:Creating environment hook '/ws_gz/install/champ_base/share/champ_base/hook/pythonscriptspath.ps1'
[1.522s] INFO:colcon.colcon_core.shell:Creating environment descriptor '/ws_gz/install/champ_base/share/champ_base/hook/pythonscriptspath.dsv'
[1.522s] INFO:colcon.colcon_core.shell:Creating environment hook '/ws_gz/install/champ_base/share/champ_base/hook/pythonscriptspath.sh'
[1.522s] INFO:colcon.colcon_core.shell:Creating package script '/ws_gz/install/champ_base/share/champ_base/package.ps1'
[1.523s] INFO:colcon.colcon_core.shell:Creating package descriptor '/ws_gz/install/champ_base/share/champ_base/package.dsv'
[1.523s] INFO:colcon.colcon_core.shell:Creating package script '/ws_gz/install/champ_base/share/champ_base/package.sh'
[1.523s] INFO:colcon.colcon_core.shell:Creating package script '/ws_gz/install/champ_base/share/champ_base/package.bash'
[1.523s] INFO:colcon.colcon_core.shell:Creating package script '/ws_gz/install/champ_base/share/champ_base/package.zsh'
[1.524s] Level 1:colcon.colcon_core.environment:create_file_with_runtime_dependencies(/ws_gz/install/champ_base/share/colcon-core/packages/champ_base)
[1.524s] INFO:colcon.colcon_ros.task.ament_cmake.build:Building ROS package in '/ws_gz/src/gz_quadbot/champ/champ_bringup' with build type 'ament_cmake'
[1.524s] INFO:colcon.colcon_cmake.task.cmake.build:Building CMake package in '/ws_gz/src/gz_quadbot/champ/champ_bringup'
[1.524s] INFO:colcon.colcon_core.shell:Skip shell extension 'powershell' for command environment: Not usable outside of PowerShell
[1.524s] DEBUG:colcon.colcon_core.shell:Skip shell extension 'dsv' for command environment
[1.526s] DEBUG:colcon.colcon_core.event_handler.log_command:Invoked command in '/ws_gz/build/champ_gazebo' returned '0': AMENT_PREFIX_PATH=/ws_gz/install/champ_msgs:/ws_gz/install/champ:${AMENT_PREFIX_PATH} CMAKE_PREFIX_PATH=/ws_gz/install/champ_msgs:/ws_gz/install/champ:/opt/ros/humble LD_LIBRARY_PATH=/ws_gz/install/champ_msgs/lib:${LD_LIBRARY_PATH} PYTHONPATH=/ws_gz/install/champ_msgs/local/lib/python3.10/dist-packages:${PYTHONPATH} /usr/bin/cmake --build /ws_gz/build/champ_gazebo -- -j32 -l32
[1.527s] DEBUG:colcon.colcon_core.event_handler.log_command:Invoking command in '/ws_gz/build/champ_gazebo': AMENT_PREFIX_PATH=/ws_gz/install/champ_msgs:/ws_gz/install/champ:${AMENT_PREFIX_PATH} CMAKE_PREFIX_PATH=/ws_gz/install/champ_msgs:/ws_gz/install/champ:/opt/ros/humble LD_LIBRARY_PATH=/ws_gz/install/champ_msgs/lib:${LD_LIBRARY_PATH} PYTHONPATH=/ws_gz/install/champ_msgs/local/lib/python3.10/dist-packages:${PYTHONPATH} /usr/bin/cmake --install /ws_gz/build/champ_gazebo
[1.532s] DEBUG:colcon.colcon_core.event_handler.log_command:Invoking command in '/ws_gz/build/champ_bringup': AMENT_PREFIX_PATH=/ws_gz/install/champ_base:/ws_gz/install/champ_msgs:/ws_gz/install/champ_description:/ws_gz/install/champ:${AMENT_PREFIX_PATH} CMAKE_PREFIX_PATH=/ws_gz/install/champ_base:/ws_gz/install/champ_msgs:/ws_gz/install/champ_description:/ws_gz/install/champ:/opt/ros/humble LD_LIBRARY_PATH=/ws_gz/install/champ_base/lib:/ws_gz/install/champ_msgs/lib:${LD_LIBRARY_PATH} PATH=/ws_gz/install/champ_base/bin:${PATH} PYTHONPATH=/ws_gz/install/champ_msgs/local/lib/python3.10/dist-packages:${PYTHONPATH} /usr/bin/cmake --build /ws_gz/build/champ_bringup -- -j32 -l32
[1.542s] Level 1:colcon.colcon_core.environment:create_environment_scripts_only(champ_gazebo)
[1.543s] Level 1:colcon.colcon_core.environment:checking '/ws_gz/install/champ_gazebo' for CMake module files
[1.543s] DEBUG:colcon.colcon_core.event_handler.log_command:Invoked command in '/ws_gz/build/champ_gazebo' returned '0': AMENT_PREFIX_PATH=/ws_gz/install/champ_msgs:/ws_gz/install/champ:${AMENT_PREFIX_PATH} CMAKE_PREFIX_PATH=/ws_gz/install/champ_msgs:/ws_gz/install/champ:/opt/ros/humble LD_LIBRARY_PATH=/ws_gz/install/champ_msgs/lib:${LD_LIBRARY_PATH} PYTHONPATH=/ws_gz/install/champ_msgs/local/lib/python3.10/dist-packages:${PYTHONPATH} /usr/bin/cmake --install /ws_gz/build/champ_gazebo
[1.543s] Level 1:colcon.colcon_core.environment:checking '/ws_gz/install/champ_gazebo' for CMake config files
[1.543s] Level 1:colcon.colcon_core.shell:create_environment_hook('champ_gazebo', 'cmake_prefix_path')
[1.543s] INFO:colcon.colcon_core.shell:Creating environment hook '/ws_gz/install/champ_gazebo/share/champ_gazebo/hook/cmake_prefix_path.ps1'
[1.544s] INFO:colcon.colcon_core.shell:Creating environment descriptor '/ws_gz/install/champ_gazebo/share/champ_gazebo/hook/cmake_prefix_path.dsv'
[1.544s] INFO:colcon.colcon_core.shell:Creating environment hook '/ws_gz/install/champ_gazebo/share/champ_gazebo/hook/cmake_prefix_path.sh'
[1.545s] Level 1:colcon.colcon_core.environment:checking '/ws_gz/install/champ_gazebo/lib'
[1.545s] Level 1:colcon.colcon_core.environment:checking '/ws_gz/install/champ_gazebo/bin'
[1.545s] Level 1:colcon.colcon_core.shell:create_environment_hook('champ_gazebo', 'path')
[1.545s] INFO:colcon.colcon_core.shell:Creating environment hook '/ws_gz/install/champ_gazebo/share/champ_gazebo/hook/path.ps1'
[1.545s] INFO:colcon.colcon_core.shell:Creating environment descriptor '/ws_gz/install/champ_gazebo/share/champ_gazebo/hook/path.dsv'
[1.545s] INFO:colcon.colcon_core.shell:Creating environment hook '/ws_gz/install/champ_gazebo/share/champ_gazebo/hook/path.sh'
[1.546s] Level 1:colcon.colcon_core.environment:checking '/ws_gz/install/champ_gazebo/lib/pkgconfig/champ_gazebo.pc'
[1.546s] Level 1:colcon.colcon_core.environment:checking '/ws_gz/install/champ_gazebo/lib/python3.10/site-packages'
[1.546s] Level 1:colcon.colcon_core.environment:checking '/ws_gz/install/champ_gazebo/bin'
[1.546s] Level 1:colcon.colcon_core.shell:create_environment_hook('champ_gazebo', 'pythonscriptspath')
[1.546s] INFO:colcon.colcon_core.shell:Creating environment hook '/ws_gz/install/champ_gazebo/share/champ_gazebo/hook/pythonscriptspath.ps1'
[1.546s] INFO:colcon.colcon_core.shell:Creating environment descriptor '/ws_gz/install/champ_gazebo/share/champ_gazebo/hook/pythonscriptspath.dsv'
[1.547s] INFO:colcon.colcon_core.shell:Creating environment hook '/ws_gz/install/champ_gazebo/share/champ_gazebo/hook/pythonscriptspath.sh'
[1.547s] INFO:colcon.colcon_core.shell:Creating package script '/ws_gz/install/champ_gazebo/share/champ_gazebo/package.ps1'
[1.548s] INFO:colcon.colcon_core.shell:Creating package descriptor '/ws_gz/install/champ_gazebo/share/champ_gazebo/package.dsv'
[1.548s] INFO:colcon.colcon_core.shell:Creating package script '/ws_gz/install/champ_gazebo/share/champ_gazebo/package.sh'
[1.548s] INFO:colcon.colcon_core.shell:Creating package script '/ws_gz/install/champ_gazebo/share/champ_gazebo/package.bash'
[1.549s] INFO:colcon.colcon_core.shell:Creating package script '/ws_gz/install/champ_gazebo/share/champ_gazebo/package.zsh'
[1.549s] Level 1:colcon.colcon_core.environment:create_file_with_runtime_dependencies(/ws_gz/install/champ_gazebo/share/colcon-core/packages/champ_gazebo)
[1.549s] Level 1:colcon.colcon_core.environment:create_environment_scripts_only(champ_gazebo)
[1.549s] Level 1:colcon.colcon_core.environment:checking '/ws_gz/install/champ_gazebo' for CMake module files
[1.550s] Level 1:colcon.colcon_core.environment:checking '/ws_gz/install/champ_gazebo' for CMake config files
[1.550s] Level 1:colcon.colcon_core.shell:create_environment_hook('champ_gazebo', 'cmake_prefix_path')
[1.550s] INFO:colcon.colcon_core.shell:Creating environment hook '/ws_gz/install/champ_gazebo/share/champ_gazebo/hook/cmake_prefix_path.ps1'
[1.550s] INFO:colcon.colcon_core.shell:Creating environment descriptor '/ws_gz/install/champ_gazebo/share/champ_gazebo/hook/cmake_prefix_path.dsv'
[1.551s] INFO:colcon.colcon_core.shell:Creating environment hook '/ws_gz/install/champ_gazebo/share/champ_gazebo/hook/cmake_prefix_path.sh'
[1.551s] Level 1:colcon.colcon_core.environment:checking '/ws_gz/install/champ_gazebo/lib'
[1.551s] Level 1:colcon.colcon_core.environment:checking '/ws_gz/install/champ_gazebo/bin'
[1.551s] Level 1:colcon.colcon_core.shell:create_environment_hook('champ_gazebo', 'path')
[1.551s] INFO:colcon.colcon_core.shell:Creating environment hook '/ws_gz/install/champ_gazebo/share/champ_gazebo/hook/path.ps1'
[1.552s] INFO:colcon.colcon_core.shell:Creating environment descriptor '/ws_gz/install/champ_gazebo/share/champ_gazebo/hook/path.dsv'
[1.552s] INFO:colcon.colcon_core.shell:Creating environment hook '/ws_gz/install/champ_gazebo/share/champ_gazebo/hook/path.sh'
[1.552s] Level 1:colcon.colcon_core.environment:checking '/ws_gz/install/champ_gazebo/lib/pkgconfig/champ_gazebo.pc'
[1.552s] Level 1:colcon.colcon_core.environment:checking '/ws_gz/install/champ_gazebo/lib/python3.10/site-packages'
[1.552s] Level 1:colcon.colcon_core.environment:checking '/ws_gz/install/champ_gazebo/bin'
[1.553s] Level 1:colcon.colcon_core.shell:create_environment_hook('champ_gazebo', 'pythonscriptspath')
[1.553s] INFO:colcon.colcon_core.shell:Creating environment hook '/ws_gz/install/champ_gazebo/share/champ_gazebo/hook/pythonscriptspath.ps1'
[1.553s] INFO:colcon.colcon_core.shell:Creating environment descriptor '/ws_gz/install/champ_gazebo/share/champ_gazebo/hook/pythonscriptspath.dsv'
[1.553s] INFO:colcon.colcon_core.shell:Creating environment hook '/ws_gz/install/champ_gazebo/share/champ_gazebo/hook/pythonscriptspath.sh'
[1.554s] INFO:colcon.colcon_core.shell:Creating package script '/ws_gz/install/champ_gazebo/share/champ_gazebo/package.ps1'
[1.554s] INFO:colcon.colcon_core.shell:Creating package descriptor '/ws_gz/install/champ_gazebo/share/champ_gazebo/package.dsv'
[1.555s] INFO:colcon.colcon_core.shell:Creating package script '/ws_gz/install/champ_gazebo/share/champ_gazebo/package.sh'
[1.555s] INFO:colcon.colcon_core.shell:Creating package script '/ws_gz/install/champ_gazebo/share/champ_gazebo/package.bash'
[1.555s] INFO:colcon.colcon_core.shell:Creating package script '/ws_gz/install/champ_gazebo/share/champ_gazebo/package.zsh'
[1.555s] Level 1:colcon.colcon_core.environment:create_file_with_runtime_dependencies(/ws_gz/install/champ_gazebo/share/colcon-core/packages/champ_gazebo)
[1.688s] DEBUG:colcon.colcon_core.event_handler.log_command:Invoked command in '/ws_gz/build/champ_bringup' returned '0': AMENT_PREFIX_PATH=/ws_gz/install/champ_base:/ws_gz/install/champ_msgs:/ws_gz/install/champ_description:/ws_gz/install/champ:${AMENT_PREFIX_PATH} CMAKE_PREFIX_PATH=/ws_gz/install/champ_base:/ws_gz/install/champ_msgs:/ws_gz/install/champ_description:/ws_gz/install/champ:/opt/ros/humble LD_LIBRARY_PATH=/ws_gz/install/champ_base/lib:/ws_gz/install/champ_msgs/lib:${LD_LIBRARY_PATH} PATH=/ws_gz/install/champ_base/bin:${PATH} PYTHONPATH=/ws_gz/install/champ_msgs/local/lib/python3.10/dist-packages:${PYTHONPATH} /usr/bin/cmake --build /ws_gz/build/champ_bringup -- -j32 -l32
[1.689s] DEBUG:colcon.colcon_core.event_handler.log_command:Invoking command in '/ws_gz/build/champ_bringup': AMENT_PREFIX_PATH=/ws_gz/install/champ_base:/ws_gz/install/champ_msgs:/ws_gz/install/champ_description:/ws_gz/install/champ:${AMENT_PREFIX_PATH} CMAKE_PREFIX_PATH=/ws_gz/install/champ_base:/ws_gz/install/champ_msgs:/ws_gz/install/champ_description:/ws_gz/install/champ:/opt/ros/humble LD_LIBRARY_PATH=/ws_gz/install/champ_base/lib:/ws_gz/install/champ_msgs/lib:${LD_LIBRARY_PATH} PATH=/ws_gz/install/champ_base/bin:${PATH} PYTHONPATH=/ws_gz/install/champ_msgs/local/lib/python3.10/dist-packages:${PYTHONPATH} /usr/bin/cmake --install /ws_gz/build/champ_bringup
[1.723s] Level 1:colcon.colcon_core.environment:create_environment_scripts_only(champ_bringup)
[1.724s] Level 1:colcon.colcon_core.environment:checking '/ws_gz/install/champ_bringup' for CMake module files
[1.724s] DEBUG:colcon.colcon_core.event_handler.log_command:Invoked command in '/ws_gz/build/champ_bringup' returned '0': AMENT_PREFIX_PATH=/ws_gz/install/champ_base:/ws_gz/install/champ_msgs:/ws_gz/install/champ_description:/ws_gz/install/champ:${AMENT_PREFIX_PATH} CMAKE_PREFIX_PATH=/ws_gz/install/champ_base:/ws_gz/install/champ_msgs:/ws_gz/install/champ_description:/ws_gz/install/champ:/opt/ros/humble LD_LIBRARY_PATH=/ws_gz/install/champ_base/lib:/ws_gz/install/champ_msgs/lib:${LD_LIBRARY_PATH} PATH=/ws_gz/install/champ_base/bin:${PATH} PYTHONPATH=/ws_gz/install/champ_msgs/local/lib/python3.10/dist-packages:${PYTHONPATH} /usr/bin/cmake --install /ws_gz/build/champ_bringup
[1.724s] Level 1:colcon.colcon_core.environment:checking '/ws_gz/install/champ_bringup' for CMake config files
[1.724s] Level 1:colcon.colcon_core.shell:create_environment_hook('champ_bringup', 'cmake_prefix_path')
[1.725s] INFO:colcon.colcon_core.shell:Creating environment hook '/ws_gz/install/champ_bringup/share/champ_bringup/hook/cmake_prefix_path.ps1'
[1.725s] INFO:colcon.colcon_core.shell:Creating environment descriptor '/ws_gz/install/champ_bringup/share/champ_bringup/hook/cmake_prefix_path.dsv'
[1.725s] INFO:colcon.colcon_core.shell:Creating environment hook '/ws_gz/install/champ_bringup/share/champ_bringup/hook/cmake_prefix_path.sh'
[1.726s] Level 1:colcon.colcon_core.environment:checking '/ws_gz/install/champ_bringup/lib'
[1.726s] Level 1:colcon.colcon_core.environment:checking '/ws_gz/install/champ_bringup/bin'
[1.726s] Level 1:colcon.colcon_core.environment:checking '/ws_gz/install/champ_bringup/lib/pkgconfig/champ_bringup.pc'
[1.726s] Level 1:colcon.colcon_core.environment:checking '/ws_gz/install/champ_bringup/lib/python3.10/site-packages'
[1.726s] Level 1:colcon.colcon_core.environment:checking '/ws_gz/install/champ_bringup/bin'
[1.726s] INFO:colcon.colcon_core.shell:Creating package script '/ws_gz/install/champ_bringup/share/champ_bringup/package.ps1'
[1.727s] INFO:colcon.colcon_core.shell:Creating package descriptor '/ws_gz/install/champ_bringup/share/champ_bringup/package.dsv'
[1.727s] INFO:colcon.colcon_core.shell:Creating package script '/ws_gz/install/champ_bringup/share/champ_bringup/package.sh'
[1.727s] INFO:colcon.colcon_core.shell:Creating package script '/ws_gz/install/champ_bringup/share/champ_bringup/package.bash'
[1.728s] INFO:colcon.colcon_core.shell:Creating package script '/ws_gz/install/champ_bringup/share/champ_bringup/package.zsh'
[1.728s] Level 1:colcon.colcon_core.environment:create_file_with_runtime_dependencies(/ws_gz/install/champ_bringup/share/colcon-core/packages/champ_bringup)
[1.728s] Level 1:colcon.colcon_core.environment:create_environment_scripts_only(champ_bringup)
[1.728s] Level 1:colcon.colcon_core.environment:checking '/ws_gz/install/champ_bringup' for CMake module files
[1.729s] Level 1:colcon.colcon_core.environment:checking '/ws_gz/install/champ_bringup' for CMake config files
[1.729s] Level 1:colcon.colcon_core.shell:create_environment_hook('champ_bringup', 'cmake_prefix_path')
[1.729s] INFO:colcon.colcon_core.shell:Creating environment hook '/ws_gz/install/champ_bringup/share/champ_bringup/hook/cmake_prefix_path.ps1'
[1.729s] INFO:colcon.colcon_core.shell:Creating environment descriptor '/ws_gz/install/champ_bringup/share/champ_bringup/hook/cmake_prefix_path.dsv'
[1.729s] INFO:colcon.colcon_core.shell:Creating environment hook '/ws_gz/install/champ_bringup/share/champ_bringup/hook/cmake_prefix_path.sh'
[1.730s] Level 1:colcon.colcon_core.environment:checking '/ws_gz/install/champ_bringup/lib'
[1.730s] Level 1:colcon.colcon_core.environment:checking '/ws_gz/install/champ_bringup/bin'
[1.730s] Level 1:colcon.colcon_core.environment:checking '/ws_gz/install/champ_bringup/lib/pkgconfig/champ_bringup.pc'
[1.730s] Level 1:colcon.colcon_core.environment:checking '/ws_gz/install/champ_bringup/lib/python3.10/site-packages'
[1.730s] Level 1:colcon.colcon_core.environment:checking '/ws_gz/install/champ_bringup/bin'
[1.731s] INFO:colcon.colcon_core.shell:Creating package script '/ws_gz/install/champ_bringup/share/champ_bringup/package.ps1'
[1.731s] INFO:colcon.colcon_core.shell:Creating package descriptor '/ws_gz/install/champ_bringup/share/champ_bringup/package.dsv'
[1.731s] INFO:colcon.colcon_core.shell:Creating package script '/ws_gz/install/champ_bringup/share/champ_bringup/package.sh'
[1.731s] INFO:colcon.colcon_core.shell:Creating package script '/ws_gz/install/champ_bringup/share/champ_bringup/package.bash'
[1.732s] INFO:colcon.colcon_core.shell:Creating package script '/ws_gz/install/champ_bringup/share/champ_bringup/package.zsh'
[1.732s] Level 1:colcon.colcon_core.environment:create_file_with_runtime_dependencies(/ws_gz/install/champ_bringup/share/colcon-core/packages/champ_bringup)
[1.745s] DEBUG:colcon.colcon_core.event_handler.log_command:Invoked command in '/ws_gz/build/ros2_livox_simulation' returned '1': CMAKE_PREFIX_PATH=/opt/ros/humble /usr/bin/cmake /ws_gz/src/livox_laser_simulation_RO2 -DCMAKE_BUILD_TYPE=Release -DAMENT_CMAKE_SYMLINK_INSTALL=1 -DCMAKE_INSTALL_PREFIX=/ws_gz/install/ros2_livox_simulation
[1.754s] Level 1:colcon.colcon_core.environment:create_environment_scripts_only(ros2_livox_simulation)
[1.754s] Level 1:colcon.colcon_core.environment:checking '/ws_gz/install/ros2_livox_simulation' for CMake module files
[1.755s] Level 1:colcon.colcon_core.environment:checking '/ws_gz/install/ros2_livox_simulation' for CMake config files
[1.755s] Level 1:colcon.colcon_core.environment:checking '/ws_gz/install/ros2_livox_simulation/bin'
[1.755s] Level 1:colcon.colcon_core.environment:checking '/ws_gz/install/ros2_livox_simulation/lib/pkgconfig/ros2_livox_simulation.pc'
[1.755s] Level 1:colcon.colcon_core.environment:checking '/ws_gz/install/ros2_livox_simulation/lib/python3.10/site-packages'
[1.755s] Level 1:colcon.colcon_core.environment:checking '/ws_gz/install/ros2_livox_simulation/bin'
[1.755s] INFO:colcon.colcon_core.shell:Creating package script '/ws_gz/install/ros2_livox_simulation/share/ros2_livox_simulation/package.ps1'
[1.756s] INFO:colcon.colcon_core.shell:Creating package descriptor '/ws_gz/install/ros2_livox_simulation/share/ros2_livox_simulation/package.dsv'
[1.756s] INFO:colcon.colcon_core.shell:Creating package script '/ws_gz/install/ros2_livox_simulation/share/ros2_livox_simulation/package.sh'
[1.756s] INFO:colcon.colcon_core.shell:Creating package script '/ws_gz/install/ros2_livox_simulation/share/ros2_livox_simulation/package.bash'
[1.757s] INFO:colcon.colcon_core.shell:Creating package script '/ws_gz/install/ros2_livox_simulation/share/ros2_livox_simulation/package.zsh'
[1.757s] Level 1:colcon.colcon_core.environment:create_file_with_runtime_dependencies(/ws_gz/install/ros2_livox_simulation/share/colcon-core/packages/ros2_livox_simulation)
[1.767s] DEBUG:colcon.colcon_parallel_executor.executor.parallel:closing loop
[1.767s] DEBUG:colcon.colcon_parallel_executor.executor.parallel:loop closed
[1.767s] DEBUG:colcon.colcon_parallel_executor.executor.parallel:run_until_complete finished with '1'
[1.767s] DEBUG:colcon.colcon_core.event_reactor:joining thread
[1.775s] INFO:colcon.colcon_core.plugin_system:Skipping extension 'colcon_notification.desktop_notification.notify_send': Could not find 'notify-send'
[1.775s] INFO:colcon.colcon_core.plugin_system:Skipping extension 'colcon_notification.desktop_notification.terminal_notifier': Not used on non-Darwin systems
[1.775s] INFO:colcon.colcon_core.plugin_system:Skipping extension 'colcon_notification.desktop_notification.win32': Not used on non-Windows systems
[1.775s] INFO:colcon.colcon_notification.desktop_notification:Sending desktop notification using 'notify2'
[1.780s] DEBUG:colcon.colcon_notification.desktop_notification.notify2:Failed to initialize notify2: org.freedesktop.DBus.Error.Spawn.ExecFailed: /usr/bin/dbus-launch terminated abnormally without any error message
[1.780s] DEBUG:colcon.colcon_core.event_reactor:joined thread
[1.781s] INFO:colcon.colcon_core.shell:Creating prefix script '/ws_gz/install/local_setup.ps1'
[1.782s] INFO:colcon.colcon_core.shell:Creating prefix util module '/ws_gz/install/_local_setup_util_ps1.py'
[1.783s] INFO:colcon.colcon_core.shell:Creating prefix chain script '/ws_gz/install/setup.ps1'
[1.784s] INFO:colcon.colcon_core.shell:Creating prefix script '/ws_gz/install/local_setup.sh'
[1.784s] INFO:colcon.colcon_core.shell:Creating prefix util module '/ws_gz/install/_local_setup_util_sh.py'
[1.785s] INFO:colcon.colcon_core.shell:Creating prefix chain script '/ws_gz/install/setup.sh'
[1.785s] INFO:colcon.colcon_core.shell:Creating prefix script '/ws_gz/install/local_setup.bash'
[1.786s] INFO:colcon.colcon_core.shell:Creating prefix chain script '/ws_gz/install/setup.bash'
[1.787s] INFO:colcon.colcon_core.shell:Creating prefix script '/ws_gz/install/local_setup.zsh'
[1.787s] INFO:colcon.colcon_core.shell:Creating prefix chain script '/ws_gz/install/setup.zsh'
