[0.054s] DEBUG:colcon:Command line arguments: ['/usr/bin/colcon', 'build', '--symlink-install']
[0.054s] DEBUG:colcon:Parsed command line arguments: Namespace(log_base=None, log_level=None, verb_name='build', build_base='build', install_base='install', merge_install=False, symlink_install=True, test_result_base=None, continue_on_error=False, executor='parallel', parallel_workers=28, event_handlers=None, ignore_user_meta=False, metas=['./colcon.meta'], base_paths=['.'], packages_ignore=None, packages_ignore_regex=None, paths=None, packages_up_to=None, packages_up_to_regex=None, packages_above=None, packages_above_and_dependencies=None, packages_above_depth=None, packages_select_by_dep=None, packages_skip_by_dep=None, packages_skip_up_to=None, packages_select_build_failed=False, packages_skip_build_finished=False, packages_select_test_failures=False, packages_skip_test_passed=False, packages_select=None, packages_skip=None, packages_select_regex=None, packages_skip_regex=None, packages_start=None, packages_end=None, allow_overriding=[], cmake_args=None, cmake_target=None, cmake_target_skip_unavailable=False, cmake_clean_cache=False, cmake_clean_first=False, cmake_force_configure=False, ament_cmake_args=None, catkin_cmake_args=None, catkin_skip_building_tests=False, verb_parser=<colcon_defaults.argument_parser.defaults.DefaultArgumentsDecorator object at 0x7d2033bc64d0>, verb_extension=<colcon_core.verb.build.BuildVerb object at 0x7d2033bc5ed0>, main=<bound method BuildVerb.main of <colcon_core.verb.build.BuildVerb object at 0x7d2033bc5ed0>>)
[0.138s] Level 1:colcon.colcon_core.package_discovery:discover_packages(colcon_meta) check parameters
[0.138s] Level 1:colcon.colcon_core.package_discovery:discover_packages(recursive) check parameters
[0.138s] Level 1:colcon.colcon_core.package_discovery:discover_packages(ignore) check parameters
[0.138s] Level 1:colcon.colcon_core.package_discovery:discover_packages(path) check parameters
[0.138s] Level 1:colcon.colcon_core.package_discovery:discover_packages(colcon_meta) discover
[0.138s] Level 1:colcon.colcon_core.package_discovery:discover_packages(recursive) discover
[0.138s] INFO:colcon.colcon_core.package_discovery:Crawling recursively for packages in '/root/dddmr_navigation'
[0.138s] Level 1:colcon.colcon_core.package_identification:_identify(.) by extensions ['ignore', 'ignore_ament_install']
[0.138s] Level 1:colcon.colcon_core.package_identification:_identify(.) by extension 'ignore'
[0.139s] Level 1:colcon.colcon_core.package_identification:_identify(.) by extension 'ignore_ament_install'
[0.139s] Level 1:colcon.colcon_core.package_identification:_identify(.) by extensions ['colcon_pkg']
[0.139s] Level 1:colcon.colcon_core.package_identification:_identify(.) by extension 'colcon_pkg'
[0.139s] Level 1:colcon.colcon_core.package_identification:_identify(.) by extensions ['colcon_meta']
[0.139s] Level 1:colcon.colcon_core.package_identification:_identify(.) by extension 'colcon_meta'
[0.139s] Level 1:colcon.colcon_core.package_identification:_identify(.) by extensions ['ros']
[0.139s] Level 1:colcon.colcon_core.package_identification:_identify(.) by extension 'ros'
[0.145s] Level 1:colcon.colcon_core.package_identification:_identify(.) by extensions ['cmake', 'python']
[0.145s] Level 1:colcon.colcon_core.package_identification:_identify(.) by extension 'cmake'
[0.145s] Level 1:colcon.colcon_core.package_identification:_identify(.) by extension 'python'
[0.145s] Level 1:colcon.colcon_core.package_identification:_identify(.) by extensions ['python_setup_py']
[0.145s] Level 1:colcon.colcon_core.package_identification:_identify(.) by extension 'python_setup_py'
[0.145s] Level 1:colcon.colcon_core.package_identification:_identify(build) by extensions ['ignore', 'ignore_ament_install']
[0.145s] Level 1:colcon.colcon_core.package_identification:_identify(build) by extension 'ignore'
[0.145s] Level 1:colcon.colcon_core.package_identification:_identify(build) ignored
[0.145s] Level 1:colcon.colcon_core.package_identification:_identify(install) by extensions ['ignore', 'ignore_ament_install']
[0.145s] Level 1:colcon.colcon_core.package_identification:_identify(install) by extension 'ignore'
[0.145s] Level 1:colcon.colcon_core.package_identification:_identify(install) ignored
[0.146s] Level 1:colcon.colcon_core.package_identification:_identify(log) by extensions ['ignore', 'ignore_ament_install']
[0.146s] Level 1:colcon.colcon_core.package_identification:_identify(log) by extension 'ignore'
[0.146s] Level 1:colcon.colcon_core.package_identification:_identify(log) ignored
[0.146s] Level 1:colcon.colcon_core.package_identification:_identify(src) by extensions ['ignore', 'ignore_ament_install']
[0.146s] Level 1:colcon.colcon_core.package_identification:_identify(src) by extension 'ignore'
[0.146s] Level 1:colcon.colcon_core.package_identification:_identify(src) by extension 'ignore_ament_install'
[0.146s] Level 1:colcon.colcon_core.package_identification:_identify(src) by extensions ['colcon_pkg']
[0.146s] Level 1:colcon.colcon_core.package_identification:_identify(src) by extension 'colcon_pkg'
[0.146s] Level 1:colcon.colcon_core.package_identification:_identify(src) by extensions ['colcon_meta']
[0.146s] Level 1:colcon.colcon_core.package_identification:_identify(src) by extension 'colcon_meta'
[0.146s] Level 1:colcon.colcon_core.package_identification:_identify(src) by extensions ['ros']
[0.146s] Level 1:colcon.colcon_core.package_identification:_identify(src) by extension 'ros'
[0.146s] Level 1:colcon.colcon_core.package_identification:_identify(src) by extensions ['cmake', 'python']
[0.146s] Level 1:colcon.colcon_core.package_identification:_identify(src) by extension 'cmake'
[0.146s] Level 1:colcon.colcon_core.package_identification:_identify(src) by extension 'python'
[0.146s] Level 1:colcon.colcon_core.package_identification:_identify(src) by extensions ['python_setup_py']
[0.146s] Level 1:colcon.colcon_core.package_identification:_identify(src) by extension 'python_setup_py'
[0.146s] Level 1:colcon.colcon_core.package_identification:_identify(src/FAST_LIO) by extensions ['ignore', 'ignore_ament_install']
[0.146s] Level 1:colcon.colcon_core.package_identification:_identify(src/FAST_LIO) by extension 'ignore'
[0.146s] Level 1:colcon.colcon_core.package_identification:_identify(src/FAST_LIO) by extension 'ignore_ament_install'
[0.146s] Level 1:colcon.colcon_core.package_identification:_identify(src/FAST_LIO) by extensions ['colcon_pkg']
[0.146s] Level 1:colcon.colcon_core.package_identification:_identify(src/FAST_LIO) by extension 'colcon_pkg'
[0.146s] Level 1:colcon.colcon_core.package_identification:_identify(src/FAST_LIO) by extensions ['colcon_meta']
[0.146s] Level 1:colcon.colcon_core.package_identification:_identify(src/FAST_LIO) by extension 'colcon_meta'
[0.146s] Level 1:colcon.colcon_core.package_identification:_identify(src/FAST_LIO) by extensions ['ros']
[0.146s] Level 1:colcon.colcon_core.package_identification:_identify(src/FAST_LIO) by extension 'ros'
[0.148s] DEBUG:colcon.colcon_core.package_identification:Package 'src/FAST_LIO' with type 'ros.ament_cmake' and name 'fast_lio'
[0.148s] Level 1:colcon.colcon_core.package_identification:_identify(src/dddmr_beginner_guide) by extensions ['ignore', 'ignore_ament_install']
[0.148s] Level 1:colcon.colcon_core.package_identification:_identify(src/dddmr_beginner_guide) by extension 'ignore'
[0.149s] Level 1:colcon.colcon_core.package_identification:_identify(src/dddmr_beginner_guide) by extension 'ignore_ament_install'
[0.149s] Level 1:colcon.colcon_core.package_identification:_identify(src/dddmr_beginner_guide) by extensions ['colcon_pkg']
[0.149s] Level 1:colcon.colcon_core.package_identification:_identify(src/dddmr_beginner_guide) by extension 'colcon_pkg'
[0.149s] Level 1:colcon.colcon_core.package_identification:_identify(src/dddmr_beginner_guide) by extensions ['colcon_meta']
[0.149s] Level 1:colcon.colcon_core.package_identification:_identify(src/dddmr_beginner_guide) by extension 'colcon_meta'
[0.149s] Level 1:colcon.colcon_core.package_identification:_identify(src/dddmr_beginner_guide) by extensions ['ros']
[0.149s] Level 1:colcon.colcon_core.package_identification:_identify(src/dddmr_beginner_guide) by extension 'ros'
[0.149s] DEBUG:colcon.colcon_core.package_identification:Package 'src/dddmr_beginner_guide' with type 'ros.ament_cmake' and name 'dddmr_beginner_guide'
[0.149s] Level 1:colcon.colcon_core.package_identification:_identify(src/dddmr_fastlio_adapter) by extensions ['ignore', 'ignore_ament_install']
[0.149s] Level 1:colcon.colcon_core.package_identification:_identify(src/dddmr_fastlio_adapter) by extension 'ignore'
[0.150s] Level 1:colcon.colcon_core.package_identification:_identify(src/dddmr_fastlio_adapter) by extension 'ignore_ament_install'
[0.150s] Level 1:colcon.colcon_core.package_identification:_identify(src/dddmr_fastlio_adapter) by extensions ['colcon_pkg']
[0.150s] Level 1:colcon.colcon_core.package_identification:_identify(src/dddmr_fastlio_adapter) by extension 'colcon_pkg'
[0.150s] Level 1:colcon.colcon_core.package_identification:_identify(src/dddmr_fastlio_adapter) by extensions ['colcon_meta']
[0.150s] Level 1:colcon.colcon_core.package_identification:_identify(src/dddmr_fastlio_adapter) by extension 'colcon_meta'
[0.150s] Level 1:colcon.colcon_core.package_identification:_identify(src/dddmr_fastlio_adapter) by extensions ['ros']
[0.150s] Level 1:colcon.colcon_core.package_identification:_identify(src/dddmr_fastlio_adapter) by extension 'ros'
[0.150s] DEBUG:colcon.colcon_core.package_identification:Package 'src/dddmr_fastlio_adapter' with type 'ros.ament_cmake' and name 'dddmr_fastlio_adapter'
[0.150s] Level 1:colcon.colcon_core.package_identification:_identify(src/dddmr_global_planner) by extensions ['ignore', 'ignore_ament_install']
[0.150s] Level 1:colcon.colcon_core.package_identification:_identify(src/dddmr_global_planner) by extension 'ignore'
[0.150s] Level 1:colcon.colcon_core.package_identification:_identify(src/dddmr_global_planner) by extension 'ignore_ament_install'
[0.151s] Level 1:colcon.colcon_core.package_identification:_identify(src/dddmr_global_planner) by extensions ['colcon_pkg']
[0.151s] Level 1:colcon.colcon_core.package_identification:_identify(src/dddmr_global_planner) by extension 'colcon_pkg'
[0.151s] Level 1:colcon.colcon_core.package_identification:_identify(src/dddmr_global_planner) by extensions ['colcon_meta']
[0.151s] Level 1:colcon.colcon_core.package_identification:_identify(src/dddmr_global_planner) by extension 'colcon_meta'
[0.151s] Level 1:colcon.colcon_core.package_identification:_identify(src/dddmr_global_planner) by extensions ['ros']
[0.151s] Level 1:colcon.colcon_core.package_identification:_identify(src/dddmr_global_planner) by extension 'ros'
[0.151s] DEBUG:colcon.colcon_core.package_identification:Package 'src/dddmr_global_planner' with type 'ros.ament_cmake' and name 'global_planner'
[0.151s] Level 1:colcon.colcon_core.package_identification:_identify(src/dddmr_lego_loam) by extensions ['ignore', 'ignore_ament_install']
[0.151s] Level 1:colcon.colcon_core.package_identification:_identify(src/dddmr_lego_loam) by extension 'ignore'
[0.151s] Level 1:colcon.colcon_core.package_identification:_identify(src/dddmr_lego_loam) by extension 'ignore_ament_install'
[0.151s] Level 1:colcon.colcon_core.package_identification:_identify(src/dddmr_lego_loam) by extensions ['colcon_pkg']
[0.151s] Level 1:colcon.colcon_core.package_identification:_identify(src/dddmr_lego_loam) by extension 'colcon_pkg'
[0.152s] Level 1:colcon.colcon_core.package_identification:_identify(src/dddmr_lego_loam) by extensions ['colcon_meta']
[0.152s] Level 1:colcon.colcon_core.package_identification:_identify(src/dddmr_lego_loam) by extension 'colcon_meta'
[0.152s] Level 1:colcon.colcon_core.package_identification:_identify(src/dddmr_lego_loam) by extensions ['ros']
[0.152s] Level 1:colcon.colcon_core.package_identification:_identify(src/dddmr_lego_loam) by extension 'ros'
[0.152s] Level 1:colcon.colcon_core.package_identification:_identify(src/dddmr_lego_loam) by extensions ['cmake', 'python']
[0.152s] Level 1:colcon.colcon_core.package_identification:_identify(src/dddmr_lego_loam) by extension 'cmake'
[0.152s] Level 1:colcon.colcon_core.package_identification:_identify(src/dddmr_lego_loam) by extension 'python'
[0.152s] Level 1:colcon.colcon_core.package_identification:_identify(src/dddmr_lego_loam) by extensions ['python_setup_py']
[0.152s] Level 1:colcon.colcon_core.package_identification:_identify(src/dddmr_lego_loam) by extension 'python_setup_py'
[0.152s] Level 1:colcon.colcon_core.package_identification:_identify(src/dddmr_lego_loam/cloud_msgs) by extensions ['ignore', 'ignore_ament_install']
[0.152s] Level 1:colcon.colcon_core.package_identification:_identify(src/dddmr_lego_loam/cloud_msgs) by extension 'ignore'
[0.152s] Level 1:colcon.colcon_core.package_identification:_identify(src/dddmr_lego_loam/cloud_msgs) by extension 'ignore_ament_install'
[0.152s] Level 1:colcon.colcon_core.package_identification:_identify(src/dddmr_lego_loam/cloud_msgs) by extensions ['colcon_pkg']
[0.152s] Level 1:colcon.colcon_core.package_identification:_identify(src/dddmr_lego_loam/cloud_msgs) by extension 'colcon_pkg'
[0.152s] Level 1:colcon.colcon_core.package_identification:_identify(src/dddmr_lego_loam/cloud_msgs) by extensions ['colcon_meta']
[0.152s] Level 1:colcon.colcon_core.package_identification:_identify(src/dddmr_lego_loam/cloud_msgs) by extension 'colcon_meta'
[0.152s] Level 1:colcon.colcon_core.package_identification:_identify(src/dddmr_lego_loam/cloud_msgs) by extensions ['ros']
[0.152s] Level 1:colcon.colcon_core.package_identification:_identify(src/dddmr_lego_loam/cloud_msgs) by extension 'ros'
[0.152s] DEBUG:colcon.colcon_core.package_identification:Package 'src/dddmr_lego_loam/cloud_msgs' with type 'ros.ament_cmake' and name 'cloud_msgs'
[0.152s] Level 1:colcon.colcon_core.package_identification:_identify(src/dddmr_lego_loam/lego_loam_bor) by extensions ['ignore', 'ignore_ament_install']
[0.153s] Level 1:colcon.colcon_core.package_identification:_identify(src/dddmr_lego_loam/lego_loam_bor) by extension 'ignore'
[0.153s] Level 1:colcon.colcon_core.package_identification:_identify(src/dddmr_lego_loam/lego_loam_bor) by extension 'ignore_ament_install'
[0.153s] Level 1:colcon.colcon_core.package_identification:_identify(src/dddmr_lego_loam/lego_loam_bor) by extensions ['colcon_pkg']
[0.153s] Level 1:colcon.colcon_core.package_identification:_identify(src/dddmr_lego_loam/lego_loam_bor) by extension 'colcon_pkg'
[0.153s] Level 1:colcon.colcon_core.package_identification:_identify(src/dddmr_lego_loam/lego_loam_bor) by extensions ['colcon_meta']
[0.153s] Level 1:colcon.colcon_core.package_identification:_identify(src/dddmr_lego_loam/lego_loam_bor) by extension 'colcon_meta'
[0.153s] Level 1:colcon.colcon_core.package_identification:_identify(src/dddmr_lego_loam/lego_loam_bor) by extensions ['ros']
[0.153s] Level 1:colcon.colcon_core.package_identification:_identify(src/dddmr_lego_loam/lego_loam_bor) by extension 'ros'
[0.154s] DEBUG:colcon.colcon_core.package_identification:Package 'src/dddmr_lego_loam/lego_loam_bor' with type 'ros.ament_cmake' and name 'lego_loam_bor'
[0.154s] Level 1:colcon.colcon_core.package_identification:_identify(src/dddmr_local_planner) by extensions ['ignore', 'ignore_ament_install']
[0.154s] Level 1:colcon.colcon_core.package_identification:_identify(src/dddmr_local_planner) by extension 'ignore'
[0.154s] Level 1:colcon.colcon_core.package_identification:_identify(src/dddmr_local_planner) by extension 'ignore_ament_install'
[0.154s] Level 1:colcon.colcon_core.package_identification:_identify(src/dddmr_local_planner) by extensions ['colcon_pkg']
[0.154s] Level 1:colcon.colcon_core.package_identification:_identify(src/dddmr_local_planner) by extension 'colcon_pkg'
[0.154s] Level 1:colcon.colcon_core.package_identification:_identify(src/dddmr_local_planner) by extensions ['colcon_meta']
[0.154s] Level 1:colcon.colcon_core.package_identification:_identify(src/dddmr_local_planner) by extension 'colcon_meta'
[0.154s] Level 1:colcon.colcon_core.package_identification:_identify(src/dddmr_local_planner) by extensions ['ros']
[0.154s] Level 1:colcon.colcon_core.package_identification:_identify(src/dddmr_local_planner) by extension 'ros'
[0.154s] Level 1:colcon.colcon_core.package_identification:_identify(src/dddmr_local_planner) by extensions ['cmake', 'python']
[0.154s] Level 1:colcon.colcon_core.package_identification:_identify(src/dddmr_local_planner) by extension 'cmake'
[0.154s] Level 1:colcon.colcon_core.package_identification:_identify(src/dddmr_local_planner) by extension 'python'
[0.154s] Level 1:colcon.colcon_core.package_identification:_identify(src/dddmr_local_planner) by extensions ['python_setup_py']
[0.154s] Level 1:colcon.colcon_core.package_identification:_identify(src/dddmr_local_planner) by extension 'python_setup_py'
[0.154s] Level 1:colcon.colcon_core.package_identification:_identify(src/dddmr_local_planner/base_trajectory) by extensions ['ignore', 'ignore_ament_install']
[0.154s] Level 1:colcon.colcon_core.package_identification:_identify(src/dddmr_local_planner/base_trajectory) by extension 'ignore'
[0.154s] Level 1:colcon.colcon_core.package_identification:_identify(src/dddmr_local_planner/base_trajectory) by extension 'ignore_ament_install'
[0.154s] Level 1:colcon.colcon_core.package_identification:_identify(src/dddmr_local_planner/base_trajectory) by extensions ['colcon_pkg']
[0.154s] Level 1:colcon.colcon_core.package_identification:_identify(src/dddmr_local_planner/base_trajectory) by extension 'colcon_pkg'
[0.154s] Level 1:colcon.colcon_core.package_identification:_identify(src/dddmr_local_planner/base_trajectory) by extensions ['colcon_meta']
[0.154s] Level 1:colcon.colcon_core.package_identification:_identify(src/dddmr_local_planner/base_trajectory) by extension 'colcon_meta'
[0.154s] Level 1:colcon.colcon_core.package_identification:_identify(src/dddmr_local_planner/base_trajectory) by extensions ['ros']
[0.154s] Level 1:colcon.colcon_core.package_identification:_identify(src/dddmr_local_planner/base_trajectory) by extension 'ros'
[0.155s] DEBUG:colcon.colcon_core.package_identification:Package 'src/dddmr_local_planner/base_trajectory' with type 'ros.ament_cmake' and name 'base_trajectory'
[0.155s] Level 1:colcon.colcon_core.package_identification:_identify(src/dddmr_local_planner/local_planner) by extensions ['ignore', 'ignore_ament_install']
[0.155s] Level 1:colcon.colcon_core.package_identification:_identify(src/dddmr_local_planner/local_planner) by extension 'ignore'
[0.155s] Level 1:colcon.colcon_core.package_identification:_identify(src/dddmr_local_planner/local_planner) by extension 'ignore_ament_install'
[0.155s] Level 1:colcon.colcon_core.package_identification:_identify(src/dddmr_local_planner/local_planner) by extensions ['colcon_pkg']
[0.155s] Level 1:colcon.colcon_core.package_identification:_identify(src/dddmr_local_planner/local_planner) by extension 'colcon_pkg'
[0.155s] Level 1:colcon.colcon_core.package_identification:_identify(src/dddmr_local_planner/local_planner) by extensions ['colcon_meta']
[0.155s] Level 1:colcon.colcon_core.package_identification:_identify(src/dddmr_local_planner/local_planner) by extension 'colcon_meta'
[0.155s] Level 1:colcon.colcon_core.package_identification:_identify(src/dddmr_local_planner/local_planner) by extensions ['ros']
[0.155s] Level 1:colcon.colcon_core.package_identification:_identify(src/dddmr_local_planner/local_planner) by extension 'ros'
[0.156s] DEBUG:colcon.colcon_core.package_identification:Package 'src/dddmr_local_planner/local_planner' with type 'ros.ament_cmake' and name 'local_planner'
[0.156s] Level 1:colcon.colcon_core.package_identification:_identify(src/dddmr_local_planner/mpc_critics) by extensions ['ignore', 'ignore_ament_install']
[0.156s] Level 1:colcon.colcon_core.package_identification:_identify(src/dddmr_local_planner/mpc_critics) by extension 'ignore'
[0.156s] Level 1:colcon.colcon_core.package_identification:_identify(src/dddmr_local_planner/mpc_critics) by extension 'ignore_ament_install'
[0.156s] Level 1:colcon.colcon_core.package_identification:_identify(src/dddmr_local_planner/mpc_critics) by extensions ['colcon_pkg']
[0.156s] Level 1:colcon.colcon_core.package_identification:_identify(src/dddmr_local_planner/mpc_critics) by extension 'colcon_pkg'
[0.156s] Level 1:colcon.colcon_core.package_identification:_identify(src/dddmr_local_planner/mpc_critics) by extensions ['colcon_meta']
[0.156s] Level 1:colcon.colcon_core.package_identification:_identify(src/dddmr_local_planner/mpc_critics) by extension 'colcon_meta'
[0.156s] Level 1:colcon.colcon_core.package_identification:_identify(src/dddmr_local_planner/mpc_critics) by extensions ['ros']
[0.156s] Level 1:colcon.colcon_core.package_identification:_identify(src/dddmr_local_planner/mpc_critics) by extension 'ros'
[0.158s] DEBUG:colcon.colcon_core.package_identification:Package 'src/dddmr_local_planner/mpc_critics' with type 'ros.ament_cmake' and name 'mpc_critics'
[0.158s] Level 1:colcon.colcon_core.package_identification:_identify(src/dddmr_local_planner/recovery_behaviors) by extensions ['ignore', 'ignore_ament_install']
[0.158s] Level 1:colcon.colcon_core.package_identification:_identify(src/dddmr_local_planner/recovery_behaviors) by extension 'ignore'
[0.158s] Level 1:colcon.colcon_core.package_identification:_identify(src/dddmr_local_planner/recovery_behaviors) by extension 'ignore_ament_install'
[0.158s] Level 1:colcon.colcon_core.package_identification:_identify(src/dddmr_local_planner/recovery_behaviors) by extensions ['colcon_pkg']
[0.158s] Level 1:colcon.colcon_core.package_identification:_identify(src/dddmr_local_planner/recovery_behaviors) by extension 'colcon_pkg'
[0.158s] Level 1:colcon.colcon_core.package_identification:_identify(src/dddmr_local_planner/recovery_behaviors) by extensions ['colcon_meta']
[0.159s] Level 1:colcon.colcon_core.package_identification:_identify(src/dddmr_local_planner/recovery_behaviors) by extension 'colcon_meta'
[0.159s] Level 1:colcon.colcon_core.package_identification:_identify(src/dddmr_local_planner/recovery_behaviors) by extensions ['ros']
[0.159s] Level 1:colcon.colcon_core.package_identification:_identify(src/dddmr_local_planner/recovery_behaviors) by extension 'ros'
[0.160s] DEBUG:colcon.colcon_core.package_identification:Package 'src/dddmr_local_planner/recovery_behaviors' with type 'ros.ament_cmake' and name 'recovery_behaviors'
[0.160s] Level 1:colcon.colcon_core.package_identification:_identify(src/dddmr_local_planner/trajectory_generators) by extensions ['ignore', 'ignore_ament_install']
[0.160s] Level 1:colcon.colcon_core.package_identification:_identify(src/dddmr_local_planner/trajectory_generators) by extension 'ignore'
[0.160s] Level 1:colcon.colcon_core.package_identification:_identify(src/dddmr_local_planner/trajectory_generators) by extension 'ignore_ament_install'
[0.160s] Level 1:colcon.colcon_core.package_identification:_identify(src/dddmr_local_planner/trajectory_generators) by extensions ['colcon_pkg']
[0.160s] Level 1:colcon.colcon_core.package_identification:_identify(src/dddmr_local_planner/trajectory_generators) by extension 'colcon_pkg'
[0.160s] Level 1:colcon.colcon_core.package_identification:_identify(src/dddmr_local_planner/trajectory_generators) by extensions ['colcon_meta']
[0.160s] Level 1:colcon.colcon_core.package_identification:_identify(src/dddmr_local_planner/trajectory_generators) by extension 'colcon_meta'
[0.160s] Level 1:colcon.colcon_core.package_identification:_identify(src/dddmr_local_planner/trajectory_generators) by extensions ['ros']
[0.160s] Level 1:colcon.colcon_core.package_identification:_identify(src/dddmr_local_planner/trajectory_generators) by extension 'ros'
[0.161s] DEBUG:colcon.colcon_core.package_identification:Package 'src/dddmr_local_planner/trajectory_generators' with type 'ros.ament_cmake' and name 'trajectory_generators'
[0.161s] Level 1:colcon.colcon_core.package_identification:_identify(src/dddmr_mcl_3dl) by extensions ['ignore', 'ignore_ament_install']
[0.161s] Level 1:colcon.colcon_core.package_identification:_identify(src/dddmr_mcl_3dl) by extension 'ignore'
[0.161s] Level 1:colcon.colcon_core.package_identification:_identify(src/dddmr_mcl_3dl) by extension 'ignore_ament_install'
[0.161s] Level 1:colcon.colcon_core.package_identification:_identify(src/dddmr_mcl_3dl) by extensions ['colcon_pkg']
[0.161s] Level 1:colcon.colcon_core.package_identification:_identify(src/dddmr_mcl_3dl) by extension 'colcon_pkg'
[0.161s] Level 1:colcon.colcon_core.package_identification:_identify(src/dddmr_mcl_3dl) by extensions ['colcon_meta']
[0.161s] Level 1:colcon.colcon_core.package_identification:_identify(src/dddmr_mcl_3dl) by extension 'colcon_meta'
[0.161s] Level 1:colcon.colcon_core.package_identification:_identify(src/dddmr_mcl_3dl) by extensions ['ros']
[0.161s] Level 1:colcon.colcon_core.package_identification:_identify(src/dddmr_mcl_3dl) by extension 'ros'
[0.162s] DEBUG:colcon.colcon_core.package_identification:Package 'src/dddmr_mcl_3dl' with type 'ros.ament_cmake' and name 'mcl_3dl'
[0.162s] Level 1:colcon.colcon_core.package_identification:_identify(src/dddmr_odom_3d) by extensions ['ignore', 'ignore_ament_install']
[0.162s] Level 1:colcon.colcon_core.package_identification:_identify(src/dddmr_odom_3d) by extension 'ignore'
[0.162s] Level 1:colcon.colcon_core.package_identification:_identify(src/dddmr_odom_3d) by extension 'ignore_ament_install'
[0.162s] Level 1:colcon.colcon_core.package_identification:_identify(src/dddmr_odom_3d) by extensions ['colcon_pkg']
[0.162s] Level 1:colcon.colcon_core.package_identification:_identify(src/dddmr_odom_3d) by extension 'colcon_pkg'
[0.162s] Level 1:colcon.colcon_core.package_identification:_identify(src/dddmr_odom_3d) by extensions ['colcon_meta']
[0.162s] Level 1:colcon.colcon_core.package_identification:_identify(src/dddmr_odom_3d) by extension 'colcon_meta'
[0.162s] Level 1:colcon.colcon_core.package_identification:_identify(src/dddmr_odom_3d) by extensions ['ros']
[0.162s] Level 1:colcon.colcon_core.package_identification:_identify(src/dddmr_odom_3d) by extension 'ros'
[0.163s] DEBUG:colcon.colcon_core.package_identification:Package 'src/dddmr_odom_3d' with type 'ros.ament_cmake' and name 'dddmr_odom_3d'
[0.163s] Level 1:colcon.colcon_core.package_identification:_identify(src/dddmr_p2p_move_base) by extensions ['ignore', 'ignore_ament_install']
[0.163s] Level 1:colcon.colcon_core.package_identification:_identify(src/dddmr_p2p_move_base) by extension 'ignore'
[0.163s] Level 1:colcon.colcon_core.package_identification:_identify(src/dddmr_p2p_move_base) by extension 'ignore_ament_install'
[0.163s] Level 1:colcon.colcon_core.package_identification:_identify(src/dddmr_p2p_move_base) by extensions ['colcon_pkg']
[0.163s] Level 1:colcon.colcon_core.package_identification:_identify(src/dddmr_p2p_move_base) by extension 'colcon_pkg'
[0.163s] Level 1:colcon.colcon_core.package_identification:_identify(src/dddmr_p2p_move_base) by extensions ['colcon_meta']
[0.163s] Level 1:colcon.colcon_core.package_identification:_identify(src/dddmr_p2p_move_base) by extension 'colcon_meta'
[0.163s] Level 1:colcon.colcon_core.package_identification:_identify(src/dddmr_p2p_move_base) by extensions ['ros']
[0.163s] Level 1:colcon.colcon_core.package_identification:_identify(src/dddmr_p2p_move_base) by extension 'ros'
[0.164s] DEBUG:colcon.colcon_core.package_identification:Package 'src/dddmr_p2p_move_base' with type 'ros.ament_cmake' and name 'p2p_move_base'
[0.164s] Level 1:colcon.colcon_core.package_identification:_identify(src/dddmr_perception_3d) by extensions ['ignore', 'ignore_ament_install']
[0.164s] Level 1:colcon.colcon_core.package_identification:_identify(src/dddmr_perception_3d) by extension 'ignore'
[0.164s] Level 1:colcon.colcon_core.package_identification:_identify(src/dddmr_perception_3d) by extension 'ignore_ament_install'
[0.164s] Level 1:colcon.colcon_core.package_identification:_identify(src/dddmr_perception_3d) by extensions ['colcon_pkg']
[0.164s] Level 1:colcon.colcon_core.package_identification:_identify(src/dddmr_perception_3d) by extension 'colcon_pkg'
[0.164s] Level 1:colcon.colcon_core.package_identification:_identify(src/dddmr_perception_3d) by extensions ['colcon_meta']
[0.164s] Level 1:colcon.colcon_core.package_identification:_identify(src/dddmr_perception_3d) by extension 'colcon_meta'
[0.164s] Level 1:colcon.colcon_core.package_identification:_identify(src/dddmr_perception_3d) by extensions ['ros']
[0.164s] Level 1:colcon.colcon_core.package_identification:_identify(src/dddmr_perception_3d) by extension 'ros'
[0.165s] DEBUG:colcon.colcon_core.package_identification:Package 'src/dddmr_perception_3d' with type 'ros.ament_cmake' and name 'perception_3d'
[0.165s] Level 1:colcon.colcon_core.package_identification:_identify(src/dddmr_rviz_tools) by extensions ['ignore', 'ignore_ament_install']
[0.165s] Level 1:colcon.colcon_core.package_identification:_identify(src/dddmr_rviz_tools) by extension 'ignore'
[0.165s] Level 1:colcon.colcon_core.package_identification:_identify(src/dddmr_rviz_tools) by extension 'ignore_ament_install'
[0.165s] Level 1:colcon.colcon_core.package_identification:_identify(src/dddmr_rviz_tools) by extensions ['colcon_pkg']
[0.165s] Level 1:colcon.colcon_core.package_identification:_identify(src/dddmr_rviz_tools) by extension 'colcon_pkg'
[0.165s] Level 1:colcon.colcon_core.package_identification:_identify(src/dddmr_rviz_tools) by extensions ['colcon_meta']
[0.165s] Level 1:colcon.colcon_core.package_identification:_identify(src/dddmr_rviz_tools) by extension 'colcon_meta'
[0.165s] Level 1:colcon.colcon_core.package_identification:_identify(src/dddmr_rviz_tools) by extensions ['ros']
[0.165s] Level 1:colcon.colcon_core.package_identification:_identify(src/dddmr_rviz_tools) by extension 'ros'
[0.165s] Level 1:colcon.colcon_core.package_identification:_identify(src/dddmr_rviz_tools) by extensions ['cmake', 'python']
[0.165s] Level 1:colcon.colcon_core.package_identification:_identify(src/dddmr_rviz_tools) by extension 'cmake'
[0.165s] Level 1:colcon.colcon_core.package_identification:_identify(src/dddmr_rviz_tools) by extension 'python'
[0.165s] Level 1:colcon.colcon_core.package_identification:_identify(src/dddmr_rviz_tools) by extensions ['python_setup_py']
[0.165s] Level 1:colcon.colcon_core.package_identification:_identify(src/dddmr_rviz_tools) by extension 'python_setup_py'
[0.165s] Level 1:colcon.colcon_core.package_identification:_identify(src/dddmr_rviz_tools/dddmr_rviz_default_plugins) by extensions ['ignore', 'ignore_ament_install']
[0.165s] Level 1:colcon.colcon_core.package_identification:_identify(src/dddmr_rviz_tools/dddmr_rviz_default_plugins) by extension 'ignore'
[0.165s] Level 1:colcon.colcon_core.package_identification:_identify(src/dddmr_rviz_tools/dddmr_rviz_default_plugins) by extension 'ignore_ament_install'
[0.165s] Level 1:colcon.colcon_core.package_identification:_identify(src/dddmr_rviz_tools/dddmr_rviz_default_plugins) by extensions ['colcon_pkg']
[0.165s] Level 1:colcon.colcon_core.package_identification:_identify(src/dddmr_rviz_tools/dddmr_rviz_default_plugins) by extension 'colcon_pkg'
[0.165s] Level 1:colcon.colcon_core.package_identification:_identify(src/dddmr_rviz_tools/dddmr_rviz_default_plugins) by extensions ['colcon_meta']
[0.165s] Level 1:colcon.colcon_core.package_identification:_identify(src/dddmr_rviz_tools/dddmr_rviz_default_plugins) by extension 'colcon_meta'
[0.165s] Level 1:colcon.colcon_core.package_identification:_identify(src/dddmr_rviz_tools/dddmr_rviz_default_plugins) by extensions ['ros']
[0.165s] Level 1:colcon.colcon_core.package_identification:_identify(src/dddmr_rviz_tools/dddmr_rviz_default_plugins) by extension 'ros'
[0.166s] DEBUG:colcon.colcon_core.package_identification:Package 'src/dddmr_rviz_tools/dddmr_rviz_default_plugins' with type 'ros.ament_cmake' and name 'dddmr_rviz_default_plugins'
[0.167s] Level 1:colcon.colcon_core.package_identification:_identify(src/dddmr_rviz_tools/map_editor_panel) by extensions ['ignore', 'ignore_ament_install']
[0.167s] Level 1:colcon.colcon_core.package_identification:_identify(src/dddmr_rviz_tools/map_editor_panel) by extension 'ignore'
[0.167s] Level 1:colcon.colcon_core.package_identification:_identify(src/dddmr_rviz_tools/map_editor_panel) by extension 'ignore_ament_install'
[0.167s] Level 1:colcon.colcon_core.package_identification:_identify(src/dddmr_rviz_tools/map_editor_panel) by extensions ['colcon_pkg']
[0.167s] Level 1:colcon.colcon_core.package_identification:_identify(src/dddmr_rviz_tools/map_editor_panel) by extension 'colcon_pkg'
[0.167s] Level 1:colcon.colcon_core.package_identification:_identify(src/dddmr_rviz_tools/map_editor_panel) by extensions ['colcon_meta']
[0.167s] Level 1:colcon.colcon_core.package_identification:_identify(src/dddmr_rviz_tools/map_editor_panel) by extension 'colcon_meta'
[0.167s] Level 1:colcon.colcon_core.package_identification:_identify(src/dddmr_rviz_tools/map_editor_panel) by extensions ['ros']
[0.167s] Level 1:colcon.colcon_core.package_identification:_identify(src/dddmr_rviz_tools/map_editor_panel) by extension 'ros'
[0.167s] DEBUG:colcon.colcon_core.package_identification:Package 'src/dddmr_rviz_tools/map_editor_panel' with type 'ros.ament_cmake' and name 'map_editor_panel'
[0.167s] Level 1:colcon.colcon_core.package_identification:_identify(src/dddmr_rviz_tools/mapping_panel) by extensions ['ignore', 'ignore_ament_install']
[0.167s] Level 1:colcon.colcon_core.package_identification:_identify(src/dddmr_rviz_tools/mapping_panel) by extension 'ignore'
[0.167s] Level 1:colcon.colcon_core.package_identification:_identify(src/dddmr_rviz_tools/mapping_panel) by extension 'ignore_ament_install'
[0.167s] Level 1:colcon.colcon_core.package_identification:_identify(src/dddmr_rviz_tools/mapping_panel) by extensions ['colcon_pkg']
[0.167s] Level 1:colcon.colcon_core.package_identification:_identify(src/dddmr_rviz_tools/mapping_panel) by extension 'colcon_pkg'
[0.167s] Level 1:colcon.colcon_core.package_identification:_identify(src/dddmr_rviz_tools/mapping_panel) by extensions ['colcon_meta']
[0.167s] Level 1:colcon.colcon_core.package_identification:_identify(src/dddmr_rviz_tools/mapping_panel) by extension 'colcon_meta'
[0.167s] Level 1:colcon.colcon_core.package_identification:_identify(src/dddmr_rviz_tools/mapping_panel) by extensions ['ros']
[0.167s] Level 1:colcon.colcon_core.package_identification:_identify(src/dddmr_rviz_tools/mapping_panel) by extension 'ros'
[0.168s] DEBUG:colcon.colcon_core.package_identification:Package 'src/dddmr_rviz_tools/mapping_panel' with type 'ros.ament_cmake' and name 'mapping_panel'
[0.168s] Level 1:colcon.colcon_core.package_identification:_identify(src/dddmr_rviz_tools/pose_graph_editor_panel) by extensions ['ignore', 'ignore_ament_install']
[0.168s] Level 1:colcon.colcon_core.package_identification:_identify(src/dddmr_rviz_tools/pose_graph_editor_panel) by extension 'ignore'
[0.168s] Level 1:colcon.colcon_core.package_identification:_identify(src/dddmr_rviz_tools/pose_graph_editor_panel) by extension 'ignore_ament_install'
[0.168s] Level 1:colcon.colcon_core.package_identification:_identify(src/dddmr_rviz_tools/pose_graph_editor_panel) by extensions ['colcon_pkg']
[0.168s] Level 1:colcon.colcon_core.package_identification:_identify(src/dddmr_rviz_tools/pose_graph_editor_panel) by extension 'colcon_pkg'
[0.168s] Level 1:colcon.colcon_core.package_identification:_identify(src/dddmr_rviz_tools/pose_graph_editor_panel) by extensions ['colcon_meta']
[0.168s] Level 1:colcon.colcon_core.package_identification:_identify(src/dddmr_rviz_tools/pose_graph_editor_panel) by extension 'colcon_meta'
[0.168s] Level 1:colcon.colcon_core.package_identification:_identify(src/dddmr_rviz_tools/pose_graph_editor_panel) by extensions ['ros']
[0.168s] Level 1:colcon.colcon_core.package_identification:_identify(src/dddmr_rviz_tools/pose_graph_editor_panel) by extension 'ros'
[0.169s] DEBUG:colcon.colcon_core.package_identification:Package 'src/dddmr_rviz_tools/pose_graph_editor_panel' with type 'ros.ament_cmake' and name 'pose_graph_editor_panel'
[0.169s] Level 1:colcon.colcon_core.package_identification:_identify(src/dddmr_rviz_tools/pose_graph_merge_editor_panel) by extensions ['ignore', 'ignore_ament_install']
[0.169s] Level 1:colcon.colcon_core.package_identification:_identify(src/dddmr_rviz_tools/pose_graph_merge_editor_panel) by extension 'ignore'
[0.169s] Level 1:colcon.colcon_core.package_identification:_identify(src/dddmr_rviz_tools/pose_graph_merge_editor_panel) by extension 'ignore_ament_install'
[0.169s] Level 1:colcon.colcon_core.package_identification:_identify(src/dddmr_rviz_tools/pose_graph_merge_editor_panel) by extensions ['colcon_pkg']
[0.169s] Level 1:colcon.colcon_core.package_identification:_identify(src/dddmr_rviz_tools/pose_graph_merge_editor_panel) by extension 'colcon_pkg'
[0.169s] Level 1:colcon.colcon_core.package_identification:_identify(src/dddmr_rviz_tools/pose_graph_merge_editor_panel) by extensions ['colcon_meta']
[0.169s] Level 1:colcon.colcon_core.package_identification:_identify(src/dddmr_rviz_tools/pose_graph_merge_editor_panel) by extension 'colcon_meta'
[0.169s] Level 1:colcon.colcon_core.package_identification:_identify(src/dddmr_rviz_tools/pose_graph_merge_editor_panel) by extensions ['ros']
[0.169s] Level 1:colcon.colcon_core.package_identification:_identify(src/dddmr_rviz_tools/pose_graph_merge_editor_panel) by extension 'ros'
[0.169s] DEBUG:colcon.colcon_core.package_identification:Package 'src/dddmr_rviz_tools/pose_graph_merge_editor_panel' with type 'ros.ament_cmake' and name 'pose_graph_merge_editor_panel'
[0.170s] Level 1:colcon.colcon_core.package_identification:_identify(src/dddmr_semantic_segmentation) by extensions ['ignore', 'ignore_ament_install']
[0.170s] Level 1:colcon.colcon_core.package_identification:_identify(src/dddmr_semantic_segmentation) by extension 'ignore'
[0.170s] Level 1:colcon.colcon_core.package_identification:_identify(src/dddmr_semantic_segmentation) by extension 'ignore_ament_install'
[0.170s] Level 1:colcon.colcon_core.package_identification:_identify(src/dddmr_semantic_segmentation) by extensions ['colcon_pkg']
[0.170s] Level 1:colcon.colcon_core.package_identification:_identify(src/dddmr_semantic_segmentation) by extension 'colcon_pkg'
[0.170s] Level 1:colcon.colcon_core.package_identification:_identify(src/dddmr_semantic_segmentation) by extensions ['colcon_meta']
[0.170s] Level 1:colcon.colcon_core.package_identification:_identify(src/dddmr_semantic_segmentation) by extension 'colcon_meta'
[0.170s] Level 1:colcon.colcon_core.package_identification:_identify(src/dddmr_semantic_segmentation) by extensions ['ros']
[0.170s] Level 1:colcon.colcon_core.package_identification:_identify(src/dddmr_semantic_segmentation) by extension 'ros'
[0.170s] DEBUG:colcon.colcon_core.package_identification:Package 'src/dddmr_semantic_segmentation' with type 'ros.ament_cmake' and name 'dddmr_semantic_segmentation'
[0.170s] Level 1:colcon.colcon_core.package_identification:_identify(src/dddmr_sys_core) by extensions ['ignore', 'ignore_ament_install']
[0.171s] Level 1:colcon.colcon_core.package_identification:_identify(src/dddmr_sys_core) by extension 'ignore'
[0.171s] Level 1:colcon.colcon_core.package_identification:_identify(src/dddmr_sys_core) by extension 'ignore_ament_install'
[0.171s] Level 1:colcon.colcon_core.package_identification:_identify(src/dddmr_sys_core) by extensions ['colcon_pkg']
[0.171s] Level 1:colcon.colcon_core.package_identification:_identify(src/dddmr_sys_core) by extension 'colcon_pkg'
[0.171s] Level 1:colcon.colcon_core.package_identification:_identify(src/dddmr_sys_core) by extensions ['colcon_meta']
[0.171s] Level 1:colcon.colcon_core.package_identification:_identify(src/dddmr_sys_core) by extension 'colcon_meta'
[0.171s] Level 1:colcon.colcon_core.package_identification:_identify(src/dddmr_sys_core) by extensions ['ros']
[0.171s] Level 1:colcon.colcon_core.package_identification:_identify(src/dddmr_sys_core) by extension 'ros'
[0.172s] DEBUG:colcon.colcon_core.package_identification:Package 'src/dddmr_sys_core' with type 'ros.ament_cmake' and name 'dddmr_sys_core'
[0.172s] Level 1:colcon.colcon_core.package_identification:_identify(src/dddmr_trt) by extensions ['ignore', 'ignore_ament_install']
[0.172s] Level 1:colcon.colcon_core.package_identification:_identify(src/dddmr_trt) by extension 'ignore'
[0.172s] Level 1:colcon.colcon_core.package_identification:_identify(src/dddmr_trt) by extension 'ignore_ament_install'
[0.172s] Level 1:colcon.colcon_core.package_identification:_identify(src/dddmr_trt) by extensions ['colcon_pkg']
[0.172s] Level 1:colcon.colcon_core.package_identification:_identify(src/dddmr_trt) by extension 'colcon_pkg'
[0.172s] Level 1:colcon.colcon_core.package_identification:_identify(src/dddmr_trt) by extensions ['colcon_meta']
[0.172s] Level 1:colcon.colcon_core.package_identification:_identify(src/dddmr_trt) by extension 'colcon_meta'
[0.172s] Level 1:colcon.colcon_core.package_identification:_identify(src/dddmr_trt) by extensions ['ros']
[0.172s] Level 1:colcon.colcon_core.package_identification:_identify(src/dddmr_trt) by extension 'ros'
[0.173s] DEBUG:colcon.colcon_core.package_identification:Package 'src/dddmr_trt' with type 'ros.ament_cmake' and name 'dddmr_trt'
[0.173s] Level 1:colcon.colcon_core.package_discovery:discover_packages(recursive) using defaults
[0.173s] Level 1:colcon.colcon_core.package_discovery:discover_packages(ignore) discover
[0.173s] Level 1:colcon.colcon_core.package_discovery:discover_packages(ignore) using defaults
[0.173s] Level 1:colcon.colcon_core.package_discovery:discover_packages(path) discover
[0.173s] Level 1:colcon.colcon_core.package_discovery:discover_packages(path) using defaults
[0.192s] Level 1:colcon.colcon_core.package_discovery:discover_packages(prefix_path) check parameters
[0.192s] Level 1:colcon.colcon_core.package_discovery:discover_packages(prefix_path) discover
[0.193s] DEBUG:colcon.colcon_installed_package_information.package_discovery:Found 1 installed packages in /root/livox_ws/install
[0.194s] DEBUG:colcon.colcon_installed_package_information.package_discovery:Found 276 installed packages in /opt/ros/humble
[0.195s] Level 1:colcon.colcon_core.package_discovery:discover_packages(prefix_path) using defaults
[0.213s] Level 5:colcon.colcon_core.verb:set package 'base_trajectory' build argument 'cmake_args' from command line to 'None'
[0.213s] Level 5:colcon.colcon_core.verb:set package 'base_trajectory' build argument 'cmake_target' from command line to 'None'
[0.213s] Level 5:colcon.colcon_core.verb:set package 'base_trajectory' build argument 'cmake_target_skip_unavailable' from command line to 'False'
[0.213s] Level 5:colcon.colcon_core.verb:set package 'base_trajectory' build argument 'cmake_clean_cache' from command line to 'False'
[0.213s] Level 5:colcon.colcon_core.verb:set package 'base_trajectory' build argument 'cmake_clean_first' from command line to 'False'
[0.213s] Level 5:colcon.colcon_core.verb:set package 'base_trajectory' build argument 'cmake_force_configure' from command line to 'False'
[0.213s] Level 5:colcon.colcon_core.verb:set package 'base_trajectory' build argument 'ament_cmake_args' from command line to 'None'
[0.213s] Level 5:colcon.colcon_core.verb:set package 'base_trajectory' build argument 'catkin_cmake_args' from command line to 'None'
[0.213s] Level 5:colcon.colcon_core.verb:set package 'base_trajectory' build argument 'catkin_skip_building_tests' from command line to 'False'
[0.213s] DEBUG:colcon.colcon_core.verb:Building package 'base_trajectory' with the following arguments: {'ament_cmake_args': None, 'build_base': '/root/dddmr_navigation/build/base_trajectory', 'catkin_cmake_args': None, 'catkin_skip_building_tests': False, 'cmake_args': None, 'cmake_clean_cache': False, 'cmake_clean_first': False, 'cmake_force_configure': False, 'cmake_target': None, 'cmake_target_skip_unavailable': False, 'install_base': '/root/dddmr_navigation/install/base_trajectory', 'merge_install': False, 'path': '/root/dddmr_navigation/src/dddmr_local_planner/base_trajectory', 'symlink_install': True, 'test_result_base': None}
[0.214s] Level 5:colcon.colcon_core.verb:set package 'cloud_msgs' build argument 'cmake_args' from command line to 'None'
[0.214s] Level 5:colcon.colcon_core.verb:set package 'cloud_msgs' build argument 'cmake_target' from command line to 'None'
[0.214s] Level 5:colcon.colcon_core.verb:set package 'cloud_msgs' build argument 'cmake_target_skip_unavailable' from command line to 'False'
[0.214s] Level 5:colcon.colcon_core.verb:set package 'cloud_msgs' build argument 'cmake_clean_cache' from command line to 'False'
[0.214s] Level 5:colcon.colcon_core.verb:set package 'cloud_msgs' build argument 'cmake_clean_first' from command line to 'False'
[0.214s] Level 5:colcon.colcon_core.verb:set package 'cloud_msgs' build argument 'cmake_force_configure' from command line to 'False'
[0.214s] Level 5:colcon.colcon_core.verb:set package 'cloud_msgs' build argument 'ament_cmake_args' from command line to 'None'
[0.214s] Level 5:colcon.colcon_core.verb:set package 'cloud_msgs' build argument 'catkin_cmake_args' from command line to 'None'
[0.214s] Level 5:colcon.colcon_core.verb:set package 'cloud_msgs' build argument 'catkin_skip_building_tests' from command line to 'False'
[0.214s] DEBUG:colcon.colcon_core.verb:Building package 'cloud_msgs' with the following arguments: {'ament_cmake_args': None, 'build_base': '/root/dddmr_navigation/build/cloud_msgs', 'catkin_cmake_args': None, 'catkin_skip_building_tests': False, 'cmake_args': None, 'cmake_clean_cache': False, 'cmake_clean_first': False, 'cmake_force_configure': False, 'cmake_target': None, 'cmake_target_skip_unavailable': False, 'install_base': '/root/dddmr_navigation/install/cloud_msgs', 'merge_install': False, 'path': '/root/dddmr_navigation/src/dddmr_lego_loam/cloud_msgs', 'symlink_install': True, 'test_result_base': None}
[0.214s] Level 5:colcon.colcon_core.verb:set package 'dddmr_beginner_guide' build argument 'cmake_args' from command line to 'None'
[0.214s] Level 5:colcon.colcon_core.verb:set package 'dddmr_beginner_guide' build argument 'cmake_target' from command line to 'None'
[0.214s] Level 5:colcon.colcon_core.verb:set package 'dddmr_beginner_guide' build argument 'cmake_target_skip_unavailable' from command line to 'False'
[0.214s] Level 5:colcon.colcon_core.verb:set package 'dddmr_beginner_guide' build argument 'cmake_clean_cache' from command line to 'False'
[0.214s] Level 5:colcon.colcon_core.verb:set package 'dddmr_beginner_guide' build argument 'cmake_clean_first' from command line to 'False'
[0.214s] Level 5:colcon.colcon_core.verb:set package 'dddmr_beginner_guide' build argument 'cmake_force_configure' from command line to 'False'
[0.214s] Level 5:colcon.colcon_core.verb:set package 'dddmr_beginner_guide' build argument 'ament_cmake_args' from command line to 'None'
[0.214s] Level 5:colcon.colcon_core.verb:set package 'dddmr_beginner_guide' build argument 'catkin_cmake_args' from command line to 'None'
[0.214s] Level 5:colcon.colcon_core.verb:set package 'dddmr_beginner_guide' build argument 'catkin_skip_building_tests' from command line to 'False'
[0.214s] DEBUG:colcon.colcon_core.verb:Building package 'dddmr_beginner_guide' with the following arguments: {'ament_cmake_args': None, 'build_base': '/root/dddmr_navigation/build/dddmr_beginner_guide', 'catkin_cmake_args': None, 'catkin_skip_building_tests': False, 'cmake_args': None, 'cmake_clean_cache': False, 'cmake_clean_first': False, 'cmake_force_configure': False, 'cmake_target': None, 'cmake_target_skip_unavailable': False, 'install_base': '/root/dddmr_navigation/install/dddmr_beginner_guide', 'merge_install': False, 'path': '/root/dddmr_navigation/src/dddmr_beginner_guide', 'symlink_install': True, 'test_result_base': None}
[0.214s] Level 5:colcon.colcon_core.verb:set package 'dddmr_fastlio_adapter' build argument 'cmake_args' from command line to 'None'
[0.214s] Level 5:colcon.colcon_core.verb:set package 'dddmr_fastlio_adapter' build argument 'cmake_target' from command line to 'None'
[0.214s] Level 5:colcon.colcon_core.verb:set package 'dddmr_fastlio_adapter' build argument 'cmake_target_skip_unavailable' from command line to 'False'
[0.214s] Level 5:colcon.colcon_core.verb:set package 'dddmr_fastlio_adapter' build argument 'cmake_clean_cache' from command line to 'False'
[0.214s] Level 5:colcon.colcon_core.verb:set package 'dddmr_fastlio_adapter' build argument 'cmake_clean_first' from command line to 'False'
[0.214s] Level 5:colcon.colcon_core.verb:set package 'dddmr_fastlio_adapter' build argument 'cmake_force_configure' from command line to 'False'
[0.214s] Level 5:colcon.colcon_core.verb:set package 'dddmr_fastlio_adapter' build argument 'ament_cmake_args' from command line to 'None'
[0.214s] Level 5:colcon.colcon_core.verb:set package 'dddmr_fastlio_adapter' build argument 'catkin_cmake_args' from command line to 'None'
[0.214s] Level 5:colcon.colcon_core.verb:set package 'dddmr_fastlio_adapter' build argument 'catkin_skip_building_tests' from command line to 'False'
[0.214s] DEBUG:colcon.colcon_core.verb:Building package 'dddmr_fastlio_adapter' with the following arguments: {'ament_cmake_args': None, 'build_base': '/root/dddmr_navigation/build/dddmr_fastlio_adapter', 'catkin_cmake_args': None, 'catkin_skip_building_tests': False, 'cmake_args': None, 'cmake_clean_cache': False, 'cmake_clean_first': False, 'cmake_force_configure': False, 'cmake_target': None, 'cmake_target_skip_unavailable': False, 'install_base': '/root/dddmr_navigation/install/dddmr_fastlio_adapter', 'merge_install': False, 'path': '/root/dddmr_navigation/src/dddmr_fastlio_adapter', 'symlink_install': True, 'test_result_base': None}
[0.215s] Level 5:colcon.colcon_core.verb:set package 'dddmr_odom_3d' build argument 'cmake_args' from command line to 'None'
[0.215s] Level 5:colcon.colcon_core.verb:set package 'dddmr_odom_3d' build argument 'cmake_target' from command line to 'None'
[0.215s] Level 5:colcon.colcon_core.verb:set package 'dddmr_odom_3d' build argument 'cmake_target_skip_unavailable' from command line to 'False'
[0.215s] Level 5:colcon.colcon_core.verb:set package 'dddmr_odom_3d' build argument 'cmake_clean_cache' from command line to 'False'
[0.215s] Level 5:colcon.colcon_core.verb:set package 'dddmr_odom_3d' build argument 'cmake_clean_first' from command line to 'False'
[0.215s] Level 5:colcon.colcon_core.verb:set package 'dddmr_odom_3d' build argument 'cmake_force_configure' from command line to 'False'
[0.215s] Level 5:colcon.colcon_core.verb:set package 'dddmr_odom_3d' build argument 'ament_cmake_args' from command line to 'None'
[0.215s] Level 5:colcon.colcon_core.verb:set package 'dddmr_odom_3d' build argument 'catkin_cmake_args' from command line to 'None'
[0.215s] Level 5:colcon.colcon_core.verb:set package 'dddmr_odom_3d' build argument 'catkin_skip_building_tests' from command line to 'False'
[0.215s] DEBUG:colcon.colcon_core.verb:Building package 'dddmr_odom_3d' with the following arguments: {'ament_cmake_args': None, 'build_base': '/root/dddmr_navigation/build/dddmr_odom_3d', 'catkin_cmake_args': None, 'catkin_skip_building_tests': False, 'cmake_args': None, 'cmake_clean_cache': False, 'cmake_clean_first': False, 'cmake_force_configure': False, 'cmake_target': None, 'cmake_target_skip_unavailable': False, 'install_base': '/root/dddmr_navigation/install/dddmr_odom_3d', 'merge_install': False, 'path': '/root/dddmr_navigation/src/dddmr_odom_3d', 'symlink_install': True, 'test_result_base': None}
[0.215s] Level 5:colcon.colcon_core.verb:set package 'dddmr_rviz_default_plugins' build argument 'cmake_args' from command line to 'None'
[0.215s] Level 5:colcon.colcon_core.verb:set package 'dddmr_rviz_default_plugins' build argument 'cmake_target' from command line to 'None'
[0.215s] Level 5:colcon.colcon_core.verb:set package 'dddmr_rviz_default_plugins' build argument 'cmake_target_skip_unavailable' from command line to 'False'
[0.215s] Level 5:colcon.colcon_core.verb:set package 'dddmr_rviz_default_plugins' build argument 'cmake_clean_cache' from command line to 'False'
[0.215s] Level 5:colcon.colcon_core.verb:set package 'dddmr_rviz_default_plugins' build argument 'cmake_clean_first' from command line to 'False'
[0.215s] Level 5:colcon.colcon_core.verb:set package 'dddmr_rviz_default_plugins' build argument 'cmake_force_configure' from command line to 'False'
[0.215s] Level 5:colcon.colcon_core.verb:set package 'dddmr_rviz_default_plugins' build argument 'ament_cmake_args' from command line to 'None'
[0.215s] Level 5:colcon.colcon_core.verb:set package 'dddmr_rviz_default_plugins' build argument 'catkin_cmake_args' from command line to 'None'
[0.215s] Level 5:colcon.colcon_core.verb:set package 'dddmr_rviz_default_plugins' build argument 'catkin_skip_building_tests' from command line to 'False'
[0.215s] DEBUG:colcon.colcon_core.verb:Building package 'dddmr_rviz_default_plugins' with the following arguments: {'ament_cmake_args': None, 'build_base': '/root/dddmr_navigation/build/dddmr_rviz_default_plugins', 'catkin_cmake_args': None, 'catkin_skip_building_tests': False, 'cmake_args': None, 'cmake_clean_cache': False, 'cmake_clean_first': False, 'cmake_force_configure': False, 'cmake_target': None, 'cmake_target_skip_unavailable': False, 'install_base': '/root/dddmr_navigation/install/dddmr_rviz_default_plugins', 'merge_install': False, 'path': '/root/dddmr_navigation/src/dddmr_rviz_tools/dddmr_rviz_default_plugins', 'symlink_install': True, 'test_result_base': None}
[0.215s] Level 5:colcon.colcon_core.verb:set package 'dddmr_semantic_segmentation' build argument 'cmake_args' from command line to 'None'
[0.215s] Level 5:colcon.colcon_core.verb:set package 'dddmr_semantic_segmentation' build argument 'cmake_target' from command line to 'None'
[0.215s] Level 5:colcon.colcon_core.verb:set package 'dddmr_semantic_segmentation' build argument 'cmake_target_skip_unavailable' from command line to 'False'
[0.215s] Level 5:colcon.colcon_core.verb:set package 'dddmr_semantic_segmentation' build argument 'cmake_clean_cache' from command line to 'False'
[0.215s] Level 5:colcon.colcon_core.verb:set package 'dddmr_semantic_segmentation' build argument 'cmake_clean_first' from command line to 'False'
[0.215s] Level 5:colcon.colcon_core.verb:set package 'dddmr_semantic_segmentation' build argument 'cmake_force_configure' from command line to 'False'
[0.215s] Level 5:colcon.colcon_core.verb:set package 'dddmr_semantic_segmentation' build argument 'ament_cmake_args' from command line to 'None'
[0.215s] Level 5:colcon.colcon_core.verb:set package 'dddmr_semantic_segmentation' build argument 'catkin_cmake_args' from command line to 'None'
[0.215s] Level 5:colcon.colcon_core.verb:set package 'dddmr_semantic_segmentation' build argument 'catkin_skip_building_tests' from command line to 'False'
[0.215s] DEBUG:colcon.colcon_core.verb:Building package 'dddmr_semantic_segmentation' with the following arguments: {'ament_cmake_args': None, 'build_base': '/root/dddmr_navigation/build/dddmr_semantic_segmentation', 'catkin_cmake_args': None, 'catkin_skip_building_tests': False, 'cmake_args': None, 'cmake_clean_cache': False, 'cmake_clean_first': False, 'cmake_force_configure': False, 'cmake_target': None, 'cmake_target_skip_unavailable': False, 'install_base': '/root/dddmr_navigation/install/dddmr_semantic_segmentation', 'merge_install': False, 'path': '/root/dddmr_navigation/src/dddmr_semantic_segmentation', 'symlink_install': True, 'test_result_base': None}
[0.215s] Level 5:colcon.colcon_core.verb:set package 'dddmr_sys_core' build argument 'cmake_args' from command line to 'None'
[0.215s] Level 5:colcon.colcon_core.verb:set package 'dddmr_sys_core' build argument 'cmake_target' from command line to 'None'
[0.215s] Level 5:colcon.colcon_core.verb:set package 'dddmr_sys_core' build argument 'cmake_target_skip_unavailable' from command line to 'False'
[0.215s] Level 5:colcon.colcon_core.verb:set package 'dddmr_sys_core' build argument 'cmake_clean_cache' from command line to 'False'
[0.215s] Level 5:colcon.colcon_core.verb:set package 'dddmr_sys_core' build argument 'cmake_clean_first' from command line to 'False'
[0.215s] Level 5:colcon.colcon_core.verb:set package 'dddmr_sys_core' build argument 'cmake_force_configure' from command line to 'False'
[0.215s] Level 5:colcon.colcon_core.verb:set package 'dddmr_sys_core' build argument 'ament_cmake_args' from command line to 'None'
[0.215s] Level 5:colcon.colcon_core.verb:set package 'dddmr_sys_core' build argument 'catkin_cmake_args' from command line to 'None'
[0.215s] Level 5:colcon.colcon_core.verb:set package 'dddmr_sys_core' build argument 'catkin_skip_building_tests' from command line to 'False'
[0.215s] DEBUG:colcon.colcon_core.verb:Building package 'dddmr_sys_core' with the following arguments: {'ament_cmake_args': None, 'build_base': '/root/dddmr_navigation/build/dddmr_sys_core', 'catkin_cmake_args': None, 'catkin_skip_building_tests': False, 'cmake_args': None, 'cmake_clean_cache': False, 'cmake_clean_first': False, 'cmake_force_configure': False, 'cmake_target': None, 'cmake_target_skip_unavailable': False, 'install_base': '/root/dddmr_navigation/install/dddmr_sys_core', 'merge_install': False, 'path': '/root/dddmr_navigation/src/dddmr_sys_core', 'symlink_install': True, 'test_result_base': None}
[0.216s] Level 5:colcon.colcon_core.verb:set package 'dddmr_trt' build argument 'cmake_args' from command line to 'None'
[0.216s] Level 5:colcon.colcon_core.verb:set package 'dddmr_trt' build argument 'cmake_target' from command line to 'None'
[0.216s] Level 5:colcon.colcon_core.verb:set package 'dddmr_trt' build argument 'cmake_target_skip_unavailable' from command line to 'False'
[0.216s] Level 5:colcon.colcon_core.verb:set package 'dddmr_trt' build argument 'cmake_clean_cache' from command line to 'False'
[0.216s] Level 5:colcon.colcon_core.verb:set package 'dddmr_trt' build argument 'cmake_clean_first' from command line to 'False'
[0.216s] Level 5:colcon.colcon_core.verb:set package 'dddmr_trt' build argument 'cmake_force_configure' from command line to 'False'
[0.216s] Level 5:colcon.colcon_core.verb:set package 'dddmr_trt' build argument 'ament_cmake_args' from command line to 'None'
[0.216s] Level 5:colcon.colcon_core.verb:set package 'dddmr_trt' build argument 'catkin_cmake_args' from command line to 'None'
[0.216s] Level 5:colcon.colcon_core.verb:set package 'dddmr_trt' build argument 'catkin_skip_building_tests' from command line to 'False'
[0.216s] DEBUG:colcon.colcon_core.verb:Building package 'dddmr_trt' with the following arguments: {'ament_cmake_args': None, 'build_base': '/root/dddmr_navigation/build/dddmr_trt', 'catkin_cmake_args': None, 'catkin_skip_building_tests': False, 'cmake_args': None, 'cmake_clean_cache': False, 'cmake_clean_first': False, 'cmake_force_configure': False, 'cmake_target': None, 'cmake_target_skip_unavailable': False, 'install_base': '/root/dddmr_navigation/install/dddmr_trt', 'merge_install': False, 'path': '/root/dddmr_navigation/src/dddmr_trt', 'symlink_install': True, 'test_result_base': None}
[0.216s] Level 5:colcon.colcon_core.verb:set package 'fast_lio' build argument 'cmake_args' from command line to 'None'
[0.216s] Level 5:colcon.colcon_core.verb:set package 'fast_lio' build argument 'cmake_target' from command line to 'None'
[0.216s] Level 5:colcon.colcon_core.verb:set package 'fast_lio' build argument 'cmake_target_skip_unavailable' from command line to 'False'
[0.216s] Level 5:colcon.colcon_core.verb:set package 'fast_lio' build argument 'cmake_clean_cache' from command line to 'False'
[0.216s] Level 5:colcon.colcon_core.verb:set package 'fast_lio' build argument 'cmake_clean_first' from command line to 'False'
[0.216s] Level 5:colcon.colcon_core.verb:set package 'fast_lio' build argument 'cmake_force_configure' from command line to 'False'
[0.216s] Level 5:colcon.colcon_core.verb:set package 'fast_lio' build argument 'ament_cmake_args' from command line to 'None'
[0.216s] Level 5:colcon.colcon_core.verb:set package 'fast_lio' build argument 'catkin_cmake_args' from command line to 'None'
[0.216s] Level 5:colcon.colcon_core.verb:set package 'fast_lio' build argument 'catkin_skip_building_tests' from command line to 'False'
[0.216s] DEBUG:colcon.colcon_core.verb:Building package 'fast_lio' with the following arguments: {'ament_cmake_args': None, 'build_base': '/root/dddmr_navigation/build/fast_lio', 'catkin_cmake_args': None, 'catkin_skip_building_tests': False, 'cmake_args': None, 'cmake_clean_cache': False, 'cmake_clean_first': False, 'cmake_force_configure': False, 'cmake_target': None, 'cmake_target_skip_unavailable': False, 'install_base': '/root/dddmr_navigation/install/fast_lio', 'merge_install': False, 'path': '/root/dddmr_navigation/src/FAST_LIO', 'symlink_install': True, 'test_result_base': None}
[0.216s] Level 5:colcon.colcon_core.verb:set package 'map_editor_panel' build argument 'cmake_args' from command line to 'None'
[0.216s] Level 5:colcon.colcon_core.verb:set package 'map_editor_panel' build argument 'cmake_target' from command line to 'None'
[0.216s] Level 5:colcon.colcon_core.verb:set package 'map_editor_panel' build argument 'cmake_target_skip_unavailable' from command line to 'False'
[0.216s] Level 5:colcon.colcon_core.verb:set package 'map_editor_panel' build argument 'cmake_clean_cache' from command line to 'False'
[0.216s] Level 5:colcon.colcon_core.verb:set package 'map_editor_panel' build argument 'cmake_clean_first' from command line to 'False'
[0.216s] Level 5:colcon.colcon_core.verb:set package 'map_editor_panel' build argument 'cmake_force_configure' from command line to 'False'
[0.216s] Level 5:colcon.colcon_core.verb:set package 'map_editor_panel' build argument 'ament_cmake_args' from command line to 'None'
[0.216s] Level 5:colcon.colcon_core.verb:set package 'map_editor_panel' build argument 'catkin_cmake_args' from command line to 'None'
[0.216s] Level 5:colcon.colcon_core.verb:set package 'map_editor_panel' build argument 'catkin_skip_building_tests' from command line to 'False'
[0.216s] DEBUG:colcon.colcon_core.verb:Building package 'map_editor_panel' with the following arguments: {'ament_cmake_args': None, 'build_base': '/root/dddmr_navigation/build/map_editor_panel', 'catkin_cmake_args': None, 'catkin_skip_building_tests': False, 'cmake_args': None, 'cmake_clean_cache': False, 'cmake_clean_first': False, 'cmake_force_configure': False, 'cmake_target': None, 'cmake_target_skip_unavailable': False, 'install_base': '/root/dddmr_navigation/install/map_editor_panel', 'merge_install': False, 'path': '/root/dddmr_navigation/src/dddmr_rviz_tools/map_editor_panel', 'symlink_install': True, 'test_result_base': None}
[0.216s] Level 5:colcon.colcon_core.verb:set package 'mapping_panel' build argument 'cmake_args' from command line to 'None'
[0.216s] Level 5:colcon.colcon_core.verb:set package 'mapping_panel' build argument 'cmake_target' from command line to 'None'
[0.216s] Level 5:colcon.colcon_core.verb:set package 'mapping_panel' build argument 'cmake_target_skip_unavailable' from command line to 'False'
[0.216s] Level 5:colcon.colcon_core.verb:set package 'mapping_panel' build argument 'cmake_clean_cache' from command line to 'False'
[0.216s] Level 5:colcon.colcon_core.verb:set package 'mapping_panel' build argument 'cmake_clean_first' from command line to 'False'
[0.216s] Level 5:colcon.colcon_core.verb:set package 'mapping_panel' build argument 'cmake_force_configure' from command line to 'False'
[0.216s] Level 5:colcon.colcon_core.verb:set package 'mapping_panel' build argument 'ament_cmake_args' from command line to 'None'
[0.216s] Level 5:colcon.colcon_core.verb:set package 'mapping_panel' build argument 'catkin_cmake_args' from command line to 'None'
[0.216s] Level 5:colcon.colcon_core.verb:set package 'mapping_panel' build argument 'catkin_skip_building_tests' from command line to 'False'
[0.216s] DEBUG:colcon.colcon_core.verb:Building package 'mapping_panel' with the following arguments: {'ament_cmake_args': None, 'build_base': '/root/dddmr_navigation/build/mapping_panel', 'catkin_cmake_args': None, 'catkin_skip_building_tests': False, 'cmake_args': None, 'cmake_clean_cache': False, 'cmake_clean_first': False, 'cmake_force_configure': False, 'cmake_target': None, 'cmake_target_skip_unavailable': False, 'install_base': '/root/dddmr_navigation/install/mapping_panel', 'merge_install': False, 'path': '/root/dddmr_navigation/src/dddmr_rviz_tools/mapping_panel', 'symlink_install': True, 'test_result_base': None}
[0.217s] Level 5:colcon.colcon_core.verb:set package 'perception_3d' build argument 'cmake_args' from command line to 'None'
[0.217s] Level 5:colcon.colcon_core.verb:set package 'perception_3d' build argument 'cmake_target' from command line to 'None'
[0.217s] Level 5:colcon.colcon_core.verb:set package 'perception_3d' build argument 'cmake_target_skip_unavailable' from command line to 'False'
[0.217s] Level 5:colcon.colcon_core.verb:set package 'perception_3d' build argument 'cmake_clean_cache' from command line to 'False'
[0.217s] Level 5:colcon.colcon_core.verb:set package 'perception_3d' build argument 'cmake_clean_first' from command line to 'False'
[0.217s] Level 5:colcon.colcon_core.verb:set package 'perception_3d' build argument 'cmake_force_configure' from command line to 'False'
[0.217s] Level 5:colcon.colcon_core.verb:set package 'perception_3d' build argument 'ament_cmake_args' from command line to 'None'
[0.217s] Level 5:colcon.colcon_core.verb:set package 'perception_3d' build argument 'catkin_cmake_args' from command line to 'None'
[0.217s] Level 5:colcon.colcon_core.verb:set package 'perception_3d' build argument 'catkin_skip_building_tests' from command line to 'False'
[0.217s] DEBUG:colcon.colcon_core.verb:Building package 'perception_3d' with the following arguments: {'ament_cmake_args': None, 'build_base': '/root/dddmr_navigation/build/perception_3d', 'catkin_cmake_args': None, 'catkin_skip_building_tests': False, 'cmake_args': None, 'cmake_clean_cache': False, 'cmake_clean_first': False, 'cmake_force_configure': False, 'cmake_target': None, 'cmake_target_skip_unavailable': False, 'install_base': '/root/dddmr_navigation/install/perception_3d', 'merge_install': False, 'path': '/root/dddmr_navigation/src/dddmr_perception_3d', 'symlink_install': True, 'test_result_base': None}
[0.217s] Level 5:colcon.colcon_core.verb:set package 'pose_graph_editor_panel' build argument 'cmake_args' from command line to 'None'
[0.217s] Level 5:colcon.colcon_core.verb:set package 'pose_graph_editor_panel' build argument 'cmake_target' from command line to 'None'
[0.217s] Level 5:colcon.colcon_core.verb:set package 'pose_graph_editor_panel' build argument 'cmake_target_skip_unavailable' from command line to 'False'
[0.217s] Level 5:colcon.colcon_core.verb:set package 'pose_graph_editor_panel' build argument 'cmake_clean_cache' from command line to 'False'
[0.217s] Level 5:colcon.colcon_core.verb:set package 'pose_graph_editor_panel' build argument 'cmake_clean_first' from command line to 'False'
[0.217s] Level 5:colcon.colcon_core.verb:set package 'pose_graph_editor_panel' build argument 'cmake_force_configure' from command line to 'False'
[0.217s] Level 5:colcon.colcon_core.verb:set package 'pose_graph_editor_panel' build argument 'ament_cmake_args' from command line to 'None'
[0.217s] Level 5:colcon.colcon_core.verb:set package 'pose_graph_editor_panel' build argument 'catkin_cmake_args' from command line to 'None'
[0.217s] Level 5:colcon.colcon_core.verb:set package 'pose_graph_editor_panel' build argument 'catkin_skip_building_tests' from command line to 'False'
[0.217s] DEBUG:colcon.colcon_core.verb:Building package 'pose_graph_editor_panel' with the following arguments: {'ament_cmake_args': None, 'build_base': '/root/dddmr_navigation/build/pose_graph_editor_panel', 'catkin_cmake_args': None, 'catkin_skip_building_tests': False, 'cmake_args': None, 'cmake_clean_cache': False, 'cmake_clean_first': False, 'cmake_force_configure': False, 'cmake_target': None, 'cmake_target_skip_unavailable': False, 'install_base': '/root/dddmr_navigation/install/pose_graph_editor_panel', 'merge_install': False, 'path': '/root/dddmr_navigation/src/dddmr_rviz_tools/pose_graph_editor_panel', 'symlink_install': True, 'test_result_base': None}
[0.217s] Level 5:colcon.colcon_core.verb:set package 'pose_graph_merge_editor_panel' build argument 'cmake_args' from command line to 'None'
[0.217s] Level 5:colcon.colcon_core.verb:set package 'pose_graph_merge_editor_panel' build argument 'cmake_target' from command line to 'None'
[0.217s] Level 5:colcon.colcon_core.verb:set package 'pose_graph_merge_editor_panel' build argument 'cmake_target_skip_unavailable' from command line to 'False'
[0.217s] Level 5:colcon.colcon_core.verb:set package 'pose_graph_merge_editor_panel' build argument 'cmake_clean_cache' from command line to 'False'
[0.217s] Level 5:colcon.colcon_core.verb:set package 'pose_graph_merge_editor_panel' build argument 'cmake_clean_first' from command line to 'False'
[0.217s] Level 5:colcon.colcon_core.verb:set package 'pose_graph_merge_editor_panel' build argument 'cmake_force_configure' from command line to 'False'
[0.217s] Level 5:colcon.colcon_core.verb:set package 'pose_graph_merge_editor_panel' build argument 'ament_cmake_args' from command line to 'None'
[0.217s] Level 5:colcon.colcon_core.verb:set package 'pose_graph_merge_editor_panel' build argument 'catkin_cmake_args' from command line to 'None'
[0.217s] Level 5:colcon.colcon_core.verb:set package 'pose_graph_merge_editor_panel' build argument 'catkin_skip_building_tests' from command line to 'False'
[0.217s] DEBUG:colcon.colcon_core.verb:Building package 'pose_graph_merge_editor_panel' with the following arguments: {'ament_cmake_args': None, 'build_base': '/root/dddmr_navigation/build/pose_graph_merge_editor_panel', 'catkin_cmake_args': None, 'catkin_skip_building_tests': False, 'cmake_args': None, 'cmake_clean_cache': False, 'cmake_clean_first': False, 'cmake_force_configure': False, 'cmake_target': None, 'cmake_target_skip_unavailable': False, 'install_base': '/root/dddmr_navigation/install/pose_graph_merge_editor_panel', 'merge_install': False, 'path': '/root/dddmr_navigation/src/dddmr_rviz_tools/pose_graph_merge_editor_panel', 'symlink_install': True, 'test_result_base': None}
[0.217s] Level 5:colcon.colcon_core.verb:set package 'global_planner' build argument 'cmake_args' from command line to 'None'
[0.217s] Level 5:colcon.colcon_core.verb:set package 'global_planner' build argument 'cmake_target' from command line to 'None'
[0.217s] Level 5:colcon.colcon_core.verb:set package 'global_planner' build argument 'cmake_target_skip_unavailable' from command line to 'False'
[0.217s] Level 5:colcon.colcon_core.verb:set package 'global_planner' build argument 'cmake_clean_cache' from command line to 'False'
[0.217s] Level 5:colcon.colcon_core.verb:set package 'global_planner' build argument 'cmake_clean_first' from command line to 'False'
[0.217s] Level 5:colcon.colcon_core.verb:set package 'global_planner' build argument 'cmake_force_configure' from command line to 'False'
[0.217s] Level 5:colcon.colcon_core.verb:set package 'global_planner' build argument 'ament_cmake_args' from command line to 'None'
[0.217s] Level 5:colcon.colcon_core.verb:set package 'global_planner' build argument 'catkin_cmake_args' from command line to 'None'
[0.217s] Level 5:colcon.colcon_core.verb:set package 'global_planner' build argument 'catkin_skip_building_tests' from command line to 'False'
[0.217s] DEBUG:colcon.colcon_core.verb:Building package 'global_planner' with the following arguments: {'ament_cmake_args': None, 'build_base': '/root/dddmr_navigation/build/global_planner', 'catkin_cmake_args': None, 'catkin_skip_building_tests': False, 'cmake_args': None, 'cmake_clean_cache': False, 'cmake_clean_first': False, 'cmake_force_configure': False, 'cmake_target': None, 'cmake_target_skip_unavailable': False, 'install_base': '/root/dddmr_navigation/install/global_planner', 'merge_install': False, 'path': '/root/dddmr_navigation/src/dddmr_global_planner', 'symlink_install': True, 'test_result_base': None}
[0.218s] Level 5:colcon.colcon_core.verb:set package 'lego_loam_bor' build argument 'cmake_args' from command line to 'None'
[0.218s] Level 5:colcon.colcon_core.verb:set package 'lego_loam_bor' build argument 'cmake_target' from command line to 'None'
[0.218s] Level 5:colcon.colcon_core.verb:set package 'lego_loam_bor' build argument 'cmake_target_skip_unavailable' from command line to 'False'
[0.218s] Level 5:colcon.colcon_core.verb:set package 'lego_loam_bor' build argument 'cmake_clean_cache' from command line to 'False'
[0.218s] Level 5:colcon.colcon_core.verb:set package 'lego_loam_bor' build argument 'cmake_clean_first' from command line to 'False'
[0.218s] Level 5:colcon.colcon_core.verb:set package 'lego_loam_bor' build argument 'cmake_force_configure' from command line to 'False'
[0.218s] Level 5:colcon.colcon_core.verb:set package 'lego_loam_bor' build argument 'ament_cmake_args' from command line to 'None'
[0.218s] Level 5:colcon.colcon_core.verb:set package 'lego_loam_bor' build argument 'catkin_cmake_args' from command line to 'None'
[0.218s] Level 5:colcon.colcon_core.verb:set package 'lego_loam_bor' build argument 'catkin_skip_building_tests' from command line to 'False'
[0.218s] DEBUG:colcon.colcon_core.verb:Building package 'lego_loam_bor' with the following arguments: {'ament_cmake_args': None, 'build_base': '/root/dddmr_navigation/build/lego_loam_bor', 'catkin_cmake_args': None, 'catkin_skip_building_tests': False, 'cmake_args': None, 'cmake_clean_cache': False, 'cmake_clean_first': False, 'cmake_force_configure': False, 'cmake_target': None, 'cmake_target_skip_unavailable': False, 'install_base': '/root/dddmr_navigation/install/lego_loam_bor', 'merge_install': False, 'path': '/root/dddmr_navigation/src/dddmr_lego_loam/lego_loam_bor', 'symlink_install': True, 'test_result_base': None}
[0.218s] Level 5:colcon.colcon_core.verb:set package 'mcl_3dl' build argument 'cmake_args' from command line to 'None'
[0.218s] Level 5:colcon.colcon_core.verb:set package 'mcl_3dl' build argument 'cmake_target' from command line to 'None'
[0.218s] Level 5:colcon.colcon_core.verb:set package 'mcl_3dl' build argument 'cmake_target_skip_unavailable' from command line to 'False'
[0.218s] Level 5:colcon.colcon_core.verb:set package 'mcl_3dl' build argument 'cmake_clean_cache' from command line to 'False'
[0.218s] Level 5:colcon.colcon_core.verb:set package 'mcl_3dl' build argument 'cmake_clean_first' from command line to 'False'
[0.218s] Level 5:colcon.colcon_core.verb:set package 'mcl_3dl' build argument 'cmake_force_configure' from command line to 'False'
[0.218s] Level 5:colcon.colcon_core.verb:set package 'mcl_3dl' build argument 'ament_cmake_args' from command line to 'None'
[0.218s] Level 5:colcon.colcon_core.verb:set package 'mcl_3dl' build argument 'catkin_cmake_args' from command line to 'None'
[0.218s] Level 5:colcon.colcon_core.verb:set package 'mcl_3dl' build argument 'catkin_skip_building_tests' from command line to 'False'
[0.218s] DEBUG:colcon.colcon_core.verb:Building package 'mcl_3dl' with the following arguments: {'ament_cmake_args': None, 'build_base': '/root/dddmr_navigation/build/mcl_3dl', 'catkin_cmake_args': None, 'catkin_skip_building_tests': False, 'cmake_args': None, 'cmake_clean_cache': False, 'cmake_clean_first': False, 'cmake_force_configure': False, 'cmake_target': None, 'cmake_target_skip_unavailable': False, 'install_base': '/root/dddmr_navigation/install/mcl_3dl', 'merge_install': False, 'path': '/root/dddmr_navigation/src/dddmr_mcl_3dl', 'symlink_install': True, 'test_result_base': None}
[0.218s] Level 5:colcon.colcon_core.verb:set package 'mpc_critics' build argument 'cmake_args' from command line to 'None'
[0.218s] Level 5:colcon.colcon_core.verb:set package 'mpc_critics' build argument 'cmake_target' from command line to 'None'
[0.218s] Level 5:colcon.colcon_core.verb:set package 'mpc_critics' build argument 'cmake_target_skip_unavailable' from command line to 'False'
[0.218s] Level 5:colcon.colcon_core.verb:set package 'mpc_critics' build argument 'cmake_clean_cache' from command line to 'False'
[0.218s] Level 5:colcon.colcon_core.verb:set package 'mpc_critics' build argument 'cmake_clean_first' from command line to 'False'
[0.218s] Level 5:colcon.colcon_core.verb:set package 'mpc_critics' build argument 'cmake_force_configure' from command line to 'False'
[0.218s] Level 5:colcon.colcon_core.verb:set package 'mpc_critics' build argument 'ament_cmake_args' from command line to 'None'
[0.218s] Level 5:colcon.colcon_core.verb:set package 'mpc_critics' build argument 'catkin_cmake_args' from command line to 'None'
[0.218s] Level 5:colcon.colcon_core.verb:set package 'mpc_critics' build argument 'catkin_skip_building_tests' from command line to 'False'
[0.218s] DEBUG:colcon.colcon_core.verb:Building package 'mpc_critics' with the following arguments: {'ament_cmake_args': None, 'build_base': '/root/dddmr_navigation/build/mpc_critics', 'catkin_cmake_args': None, 'catkin_skip_building_tests': False, 'cmake_args': None, 'cmake_clean_cache': False, 'cmake_clean_first': False, 'cmake_force_configure': False, 'cmake_target': None, 'cmake_target_skip_unavailable': False, 'install_base': '/root/dddmr_navigation/install/mpc_critics', 'merge_install': False, 'path': '/root/dddmr_navigation/src/dddmr_local_planner/mpc_critics', 'symlink_install': True, 'test_result_base': None}
[0.218s] Level 5:colcon.colcon_core.verb:set package 'trajectory_generators' build argument 'cmake_args' from command line to 'None'
[0.218s] Level 5:colcon.colcon_core.verb:set package 'trajectory_generators' build argument 'cmake_target' from command line to 'None'
[0.218s] Level 5:colcon.colcon_core.verb:set package 'trajectory_generators' build argument 'cmake_target_skip_unavailable' from command line to 'False'
[0.218s] Level 5:colcon.colcon_core.verb:set package 'trajectory_generators' build argument 'cmake_clean_cache' from command line to 'False'
[0.218s] Level 5:colcon.colcon_core.verb:set package 'trajectory_generators' build argument 'cmake_clean_first' from command line to 'False'
[0.218s] Level 5:colcon.colcon_core.verb:set package 'trajectory_generators' build argument 'cmake_force_configure' from command line to 'False'
[0.218s] Level 5:colcon.colcon_core.verb:set package 'trajectory_generators' build argument 'ament_cmake_args' from command line to 'None'
[0.218s] Level 5:colcon.colcon_core.verb:set package 'trajectory_generators' build argument 'catkin_cmake_args' from command line to 'None'
[0.218s] Level 5:colcon.colcon_core.verb:set package 'trajectory_generators' build argument 'catkin_skip_building_tests' from command line to 'False'
[0.218s] DEBUG:colcon.colcon_core.verb:Building package 'trajectory_generators' with the following arguments: {'ament_cmake_args': None, 'build_base': '/root/dddmr_navigation/build/trajectory_generators', 'catkin_cmake_args': None, 'catkin_skip_building_tests': False, 'cmake_args': None, 'cmake_clean_cache': False, 'cmake_clean_first': False, 'cmake_force_configure': False, 'cmake_target': None, 'cmake_target_skip_unavailable': False, 'install_base': '/root/dddmr_navigation/install/trajectory_generators', 'merge_install': False, 'path': '/root/dddmr_navigation/src/dddmr_local_planner/trajectory_generators', 'symlink_install': True, 'test_result_base': None}
[0.219s] Level 5:colcon.colcon_core.verb:set package 'local_planner' build argument 'cmake_args' from command line to 'None'
[0.219s] Level 5:colcon.colcon_core.verb:set package 'local_planner' build argument 'cmake_target' from command line to 'None'
[0.219s] Level 5:colcon.colcon_core.verb:set package 'local_planner' build argument 'cmake_target_skip_unavailable' from command line to 'False'
[0.219s] Level 5:colcon.colcon_core.verb:set package 'local_planner' build argument 'cmake_clean_cache' from command line to 'False'
[0.219s] Level 5:colcon.colcon_core.verb:set package 'local_planner' build argument 'cmake_clean_first' from command line to 'False'
[0.219s] Level 5:colcon.colcon_core.verb:set package 'local_planner' build argument 'cmake_force_configure' from command line to 'False'
[0.219s] Level 5:colcon.colcon_core.verb:set package 'local_planner' build argument 'ament_cmake_args' from command line to 'None'
[0.219s] Level 5:colcon.colcon_core.verb:set package 'local_planner' build argument 'catkin_cmake_args' from command line to 'None'
[0.219s] Level 5:colcon.colcon_core.verb:set package 'local_planner' build argument 'catkin_skip_building_tests' from command line to 'False'
[0.219s] DEBUG:colcon.colcon_core.verb:Building package 'local_planner' with the following arguments: {'ament_cmake_args': None, 'build_base': '/root/dddmr_navigation/build/local_planner', 'catkin_cmake_args': None, 'catkin_skip_building_tests': False, 'cmake_args': None, 'cmake_clean_cache': False, 'cmake_clean_first': False, 'cmake_force_configure': False, 'cmake_target': None, 'cmake_target_skip_unavailable': False, 'install_base': '/root/dddmr_navigation/install/local_planner', 'merge_install': False, 'path': '/root/dddmr_navigation/src/dddmr_local_planner/local_planner', 'symlink_install': True, 'test_result_base': None}
[0.219s] Level 5:colcon.colcon_core.verb:set package 'recovery_behaviors' build argument 'cmake_args' from command line to 'None'
[0.219s] Level 5:colcon.colcon_core.verb:set package 'recovery_behaviors' build argument 'cmake_target' from command line to 'None'
[0.219s] Level 5:colcon.colcon_core.verb:set package 'recovery_behaviors' build argument 'cmake_target_skip_unavailable' from command line to 'False'
[0.219s] Level 5:colcon.colcon_core.verb:set package 'recovery_behaviors' build argument 'cmake_clean_cache' from command line to 'False'
[0.219s] Level 5:colcon.colcon_core.verb:set package 'recovery_behaviors' build argument 'cmake_clean_first' from command line to 'False'
[0.219s] Level 5:colcon.colcon_core.verb:set package 'recovery_behaviors' build argument 'cmake_force_configure' from command line to 'False'
[0.219s] Level 5:colcon.colcon_core.verb:set package 'recovery_behaviors' build argument 'ament_cmake_args' from command line to 'None'
[0.219s] Level 5:colcon.colcon_core.verb:set package 'recovery_behaviors' build argument 'catkin_cmake_args' from command line to 'None'
[0.219s] Level 5:colcon.colcon_core.verb:set package 'recovery_behaviors' build argument 'catkin_skip_building_tests' from command line to 'False'
[0.219s] DEBUG:colcon.colcon_core.verb:Building package 'recovery_behaviors' with the following arguments: {'ament_cmake_args': None, 'build_base': '/root/dddmr_navigation/build/recovery_behaviors', 'catkin_cmake_args': None, 'catkin_skip_building_tests': False, 'cmake_args': None, 'cmake_clean_cache': False, 'cmake_clean_first': False, 'cmake_force_configure': False, 'cmake_target': None, 'cmake_target_skip_unavailable': False, 'install_base': '/root/dddmr_navigation/install/recovery_behaviors', 'merge_install': False, 'path': '/root/dddmr_navigation/src/dddmr_local_planner/recovery_behaviors', 'symlink_install': True, 'test_result_base': None}
[0.219s] Level 5:colcon.colcon_core.verb:set package 'p2p_move_base' build argument 'cmake_args' from command line to 'None'
[0.219s] Level 5:colcon.colcon_core.verb:set package 'p2p_move_base' build argument 'cmake_target' from command line to 'None'
[0.219s] Level 5:colcon.colcon_core.verb:set package 'p2p_move_base' build argument 'cmake_target_skip_unavailable' from command line to 'False'
[0.219s] Level 5:colcon.colcon_core.verb:set package 'p2p_move_base' build argument 'cmake_clean_cache' from command line to 'False'
[0.219s] Level 5:colcon.colcon_core.verb:set package 'p2p_move_base' build argument 'cmake_clean_first' from command line to 'False'
[0.219s] Level 5:colcon.colcon_core.verb:set package 'p2p_move_base' build argument 'cmake_force_configure' from command line to 'False'
[0.219s] Level 5:colcon.colcon_core.verb:set package 'p2p_move_base' build argument 'ament_cmake_args' from command line to 'None'
[0.219s] Level 5:colcon.colcon_core.verb:set package 'p2p_move_base' build argument 'catkin_cmake_args' from command line to 'None'
[0.219s] Level 5:colcon.colcon_core.verb:set package 'p2p_move_base' build argument 'catkin_skip_building_tests' from command line to 'False'
[0.219s] DEBUG:colcon.colcon_core.verb:Building package 'p2p_move_base' with the following arguments: {'ament_cmake_args': None, 'build_base': '/root/dddmr_navigation/build/p2p_move_base', 'catkin_cmake_args': None, 'catkin_skip_building_tests': False, 'cmake_args': None, 'cmake_clean_cache': False, 'cmake_clean_first': False, 'cmake_force_configure': False, 'cmake_target': None, 'cmake_target_skip_unavailable': False, 'install_base': '/root/dddmr_navigation/install/p2p_move_base', 'merge_install': False, 'path': '/root/dddmr_navigation/src/dddmr_p2p_move_base', 'symlink_install': True, 'test_result_base': None}
[0.219s] INFO:colcon.colcon_core.executor:Executing jobs using 'parallel' executor
[0.220s] DEBUG:colcon.colcon_parallel_executor.executor.parallel:run_until_complete
[0.220s] INFO:colcon.colcon_ros.task.ament_cmake.build:Building ROS package in '/root/dddmr_navigation/src/dddmr_local_planner/base_trajectory' with build type 'ament_cmake'
[0.220s] INFO:colcon.colcon_cmake.task.cmake.build:Building CMake package in '/root/dddmr_navigation/src/dddmr_local_planner/base_trajectory'
[0.222s] INFO:colcon.colcon_core.plugin_system:Skipping extension 'colcon_core.shell.bat': Not used on non-Windows systems
[0.222s] INFO:colcon.colcon_core.shell:Skip shell extension 'powershell' for command environment: Not usable outside of PowerShell
[0.222s] DEBUG:colcon.colcon_core.shell:Skip shell extension 'dsv' for command environment
[0.224s] INFO:colcon.colcon_ros.task.ament_cmake.build:Building ROS package in '/root/dddmr_navigation/src/dddmr_sys_core' with build type 'ament_cmake'
[0.224s] INFO:colcon.colcon_cmake.task.cmake.build:Building CMake package in '/root/dddmr_navigation/src/dddmr_sys_core'
[0.225s] INFO:colcon.colcon_core.shell:Skip shell extension 'powershell' for command environment: Not usable outside of PowerShell
[0.225s] DEBUG:colcon.colcon_core.shell:Skip shell extension 'dsv' for command environment
[0.227s] INFO:colcon.colcon_ros.task.ament_cmake.build:Building ROS package in '/root/dddmr_navigation/src/dddmr_perception_3d' with build type 'ament_cmake'
[0.227s] INFO:colcon.colcon_cmake.task.cmake.build:Building CMake package in '/root/dddmr_navigation/src/dddmr_perception_3d'
[0.227s] INFO:colcon.colcon_core.shell:Skip shell extension 'powershell' for command environment: Not usable outside of PowerShell
[0.227s] DEBUG:colcon.colcon_core.shell:Skip shell extension 'dsv' for command environment
[0.228s] INFO:colcon.colcon_ros.task.ament_cmake.build:Building ROS package in '/root/dddmr_navigation/src/dddmr_lego_loam/cloud_msgs' with build type 'ament_cmake'
[0.228s] INFO:colcon.colcon_cmake.task.cmake.build:Building CMake package in '/root/dddmr_navigation/src/dddmr_lego_loam/cloud_msgs'
[0.229s] INFO:colcon.colcon_core.shell:Skip shell extension 'powershell' for command environment: Not usable outside of PowerShell
[0.229s] DEBUG:colcon.colcon_core.shell:Skip shell extension 'dsv' for command environment
[0.230s] INFO:colcon.colcon_ros.task.ament_cmake.build:Building ROS package in '/root/dddmr_navigation/src/dddmr_trt' with build type 'ament_cmake'
[0.230s] INFO:colcon.colcon_cmake.task.cmake.build:Building CMake package in '/root/dddmr_navigation/src/dddmr_trt'
[0.230s] INFO:colcon.colcon_core.shell:Skip shell extension 'powershell' for command environment: Not usable outside of PowerShell
[0.230s] DEBUG:colcon.colcon_core.shell:Skip shell extension 'dsv' for command environment
[0.232s] INFO:colcon.colcon_ros.task.ament_cmake.build:Building ROS package in '/root/dddmr_navigation/src/dddmr_beginner_guide' with build type 'ament_cmake'
[0.232s] INFO:colcon.colcon_cmake.task.cmake.build:Building CMake package in '/root/dddmr_navigation/src/dddmr_beginner_guide'
[0.232s] INFO:colcon.colcon_core.shell:Skip shell extension 'powershell' for command environment: Not usable outside of PowerShell
[0.232s] DEBUG:colcon.colcon_core.shell:Skip shell extension 'dsv' for command environment
[0.234s] INFO:colcon.colcon_ros.task.ament_cmake.build:Building ROS package in '/root/dddmr_navigation/src/dddmr_fastlio_adapter' with build type 'ament_cmake'
[0.234s] INFO:colcon.colcon_cmake.task.cmake.build:Building CMake package in '/root/dddmr_navigation/src/dddmr_fastlio_adapter'
[0.234s] INFO:colcon.colcon_core.shell:Skip shell extension 'powershell' for command environment: Not usable outside of PowerShell
[0.234s] DEBUG:colcon.colcon_core.shell:Skip shell extension 'dsv' for command environment
[0.236s] INFO:colcon.colcon_ros.task.ament_cmake.build:Building ROS package in '/root/dddmr_navigation/src/dddmr_odom_3d' with build type 'ament_cmake'
[0.236s] INFO:colcon.colcon_cmake.task.cmake.build:Building CMake package in '/root/dddmr_navigation/src/dddmr_odom_3d'
[0.236s] INFO:colcon.colcon_core.shell:Skip shell extension 'powershell' for command environment: Not usable outside of PowerShell
[0.236s] DEBUG:colcon.colcon_core.shell:Skip shell extension 'dsv' for command environment
[0.239s] INFO:colcon.colcon_ros.task.ament_cmake.build:Building ROS package in '/root/dddmr_navigation/src/dddmr_rviz_tools/dddmr_rviz_default_plugins' with build type 'ament_cmake'
[0.239s] INFO:colcon.colcon_cmake.task.cmake.build:Building CMake package in '/root/dddmr_navigation/src/dddmr_rviz_tools/dddmr_rviz_default_plugins'
[0.239s] INFO:colcon.colcon_core.shell:Skip shell extension 'powershell' for command environment: Not usable outside of PowerShell
[0.240s] DEBUG:colcon.colcon_core.shell:Skip shell extension 'dsv' for command environment
[0.243s] INFO:colcon.colcon_ros.task.ament_cmake.build:Building ROS package in '/root/dddmr_navigation/src/dddmr_semantic_segmentation' with build type 'ament_cmake'
[0.243s] INFO:colcon.colcon_cmake.task.cmake.build:Building CMake package in '/root/dddmr_navigation/src/dddmr_semantic_segmentation'
[0.243s] INFO:colcon.colcon_core.shell:Skip shell extension 'powershell' for command environment: Not usable outside of PowerShell
[0.243s] DEBUG:colcon.colcon_core.shell:Skip shell extension 'dsv' for command environment
[0.245s] INFO:colcon.colcon_ros.task.ament_cmake.build:Building ROS package in '/root/dddmr_navigation/src/FAST_LIO' with build type 'ament_cmake'
[0.245s] INFO:colcon.colcon_cmake.task.cmake.build:Building CMake package in '/root/dddmr_navigation/src/FAST_LIO'
[0.245s] INFO:colcon.colcon_core.shell:Skip shell extension 'powershell' for command environment: Not usable outside of PowerShell
[0.245s] DEBUG:colcon.colcon_core.shell:Skip shell extension 'dsv' for command environment
[0.247s] INFO:colcon.colcon_ros.task.ament_cmake.build:Building ROS package in '/root/dddmr_navigation/src/dddmr_rviz_tools/map_editor_panel' with build type 'ament_cmake'
[0.247s] INFO:colcon.colcon_cmake.task.cmake.build:Building CMake package in '/root/dddmr_navigation/src/dddmr_rviz_tools/map_editor_panel'
[0.247s] INFO:colcon.colcon_core.shell:Skip shell extension 'powershell' for command environment: Not usable outside of PowerShell
[0.247s] DEBUG:colcon.colcon_core.shell:Skip shell extension 'dsv' for command environment
[0.249s] INFO:colcon.colcon_ros.task.ament_cmake.build:Building ROS package in '/root/dddmr_navigation/src/dddmr_rviz_tools/mapping_panel' with build type 'ament_cmake'
[0.249s] INFO:colcon.colcon_cmake.task.cmake.build:Building CMake package in '/root/dddmr_navigation/src/dddmr_rviz_tools/mapping_panel'
[0.250s] INFO:colcon.colcon_core.shell:Skip shell extension 'powershell' for command environment: Not usable outside of PowerShell
[0.250s] DEBUG:colcon.colcon_core.shell:Skip shell extension 'dsv' for command environment
[0.251s] INFO:colcon.colcon_ros.task.ament_cmake.build:Building ROS package in '/root/dddmr_navigation/src/dddmr_rviz_tools/pose_graph_editor_panel' with build type 'ament_cmake'
[0.251s] INFO:colcon.colcon_cmake.task.cmake.build:Building CMake package in '/root/dddmr_navigation/src/dddmr_rviz_tools/pose_graph_editor_panel'
[0.252s] INFO:colcon.colcon_core.shell:Skip shell extension 'powershell' for command environment: Not usable outside of PowerShell
[0.252s] DEBUG:colcon.colcon_core.shell:Skip shell extension 'dsv' for command environment
[0.253s] INFO:colcon.colcon_ros.task.ament_cmake.build:Building ROS package in '/root/dddmr_navigation/src/dddmr_rviz_tools/pose_graph_merge_editor_panel' with build type 'ament_cmake'
[0.254s] INFO:colcon.colcon_cmake.task.cmake.build:Building CMake package in '/root/dddmr_navigation/src/dddmr_rviz_tools/pose_graph_merge_editor_panel'
[0.254s] INFO:colcon.colcon_core.shell:Skip shell extension 'powershell' for command environment: Not usable outside of PowerShell
[0.254s] DEBUG:colcon.colcon_core.shell:Skip shell extension 'dsv' for command environment
[0.260s] DEBUG:colcon.colcon_core.event_handler.log_command:Invoking command in '/root/dddmr_navigation/build/base_trajectory': CMAKE_PREFIX_PATH=${CMAKE_PREFIX_PATH}:/opt/ros/humble /usr/bin/cmake /root/dddmr_navigation/src/dddmr_local_planner/base_trajectory -DAMENT_CMAKE_SYMLINK_INSTALL=1 -DCMAKE_INSTALL_PREFIX=/root/dddmr_navigation/install/base_trajectory
[0.262s] DEBUG:colcon.colcon_core.event_handler.log_command:Invoking command in '/root/dddmr_navigation/build/dddmr_sys_core': CMAKE_PREFIX_PATH=${CMAKE_PREFIX_PATH}:/opt/ros/humble /usr/bin/cmake /root/dddmr_navigation/src/dddmr_sys_core -DAMENT_CMAKE_SYMLINK_INSTALL=1 -DCMAKE_INSTALL_PREFIX=/root/dddmr_navigation/install/dddmr_sys_core
[0.264s] DEBUG:colcon.colcon_core.event_handler.log_command:Invoking command in '/root/dddmr_navigation/build/perception_3d': CMAKE_PREFIX_PATH=${CMAKE_PREFIX_PATH}:/opt/ros/humble /usr/bin/cmake /root/dddmr_navigation/src/dddmr_perception_3d -DAMENT_CMAKE_SYMLINK_INSTALL=1 -DCMAKE_INSTALL_PREFIX=/root/dddmr_navigation/install/perception_3d
[0.266s] DEBUG:colcon.colcon_core.event_handler.log_command:Invoking command in '/root/dddmr_navigation/build/cloud_msgs': CMAKE_PREFIX_PATH=${CMAKE_PREFIX_PATH}:/opt/ros/humble /usr/bin/cmake /root/dddmr_navigation/src/dddmr_lego_loam/cloud_msgs -DAMENT_CMAKE_SYMLINK_INSTALL=1 -DCMAKE_INSTALL_PREFIX=/root/dddmr_navigation/install/cloud_msgs
[0.268s] DEBUG:colcon.colcon_core.event_handler.log_command:Invoking command in '/root/dddmr_navigation/build/dddmr_trt': CMAKE_PREFIX_PATH=${CMAKE_PREFIX_PATH}:/opt/ros/humble /usr/bin/cmake /root/dddmr_navigation/src/dddmr_trt -DAMENT_CMAKE_SYMLINK_INSTALL=1 -DCMAKE_INSTALL_PREFIX=/root/dddmr_navigation/install/dddmr_trt
[0.270s] DEBUG:colcon.colcon_core.event_handler.log_command:Invoking command in '/root/dddmr_navigation/build/dddmr_beginner_guide': CMAKE_PREFIX_PATH=${CMAKE_PREFIX_PATH}:/opt/ros/humble /usr/bin/cmake /root/dddmr_navigation/src/dddmr_beginner_guide -DAMENT_CMAKE_SYMLINK_INSTALL=1 -DCMAKE_INSTALL_PREFIX=/root/dddmr_navigation/install/dddmr_beginner_guide
[0.273s] DEBUG:colcon.colcon_core.event_handler.log_command:Invoking command in '/root/dddmr_navigation/build/dddmr_fastlio_adapter': CMAKE_PREFIX_PATH=${CMAKE_PREFIX_PATH}:/opt/ros/humble /usr/bin/cmake /root/dddmr_navigation/src/dddmr_fastlio_adapter -DAMENT_CMAKE_SYMLINK_INSTALL=1 -DCMAKE_INSTALL_PREFIX=/root/dddmr_navigation/install/dddmr_fastlio_adapter
[0.275s] DEBUG:colcon.colcon_core.event_handler.log_command:Invoking command in '/root/dddmr_navigation/build/dddmr_odom_3d': CMAKE_PREFIX_PATH=${CMAKE_PREFIX_PATH}:/opt/ros/humble /usr/bin/cmake /root/dddmr_navigation/src/dddmr_odom_3d -DAMENT_CMAKE_SYMLINK_INSTALL=1 -DCMAKE_INSTALL_PREFIX=/root/dddmr_navigation/install/dddmr_odom_3d
[0.278s] DEBUG:colcon.colcon_core.event_handler.log_command:Invoking command in '/root/dddmr_navigation/build/dddmr_rviz_default_plugins': CMAKE_PREFIX_PATH=${CMAKE_PREFIX_PATH}:/opt/ros/humble /usr/bin/cmake /root/dddmr_navigation/src/dddmr_rviz_tools/dddmr_rviz_default_plugins -DAMENT_CMAKE_SYMLINK_INSTALL=1 -DCMAKE_INSTALL_PREFIX=/root/dddmr_navigation/install/dddmr_rviz_default_plugins
[0.280s] DEBUG:colcon.colcon_core.event_handler.log_command:Invoking command in '/root/dddmr_navigation/build/dddmr_semantic_segmentation': CMAKE_PREFIX_PATH=${CMAKE_PREFIX_PATH}:/opt/ros/humble /usr/bin/cmake /root/dddmr_navigation/src/dddmr_semantic_segmentation -DAMENT_CMAKE_SYMLINK_INSTALL=1 -DCMAKE_INSTALL_PREFIX=/root/dddmr_navigation/install/dddmr_semantic_segmentation
[0.283s] DEBUG:colcon.colcon_core.event_handler.log_command:Invoking command in '/root/dddmr_navigation/build/fast_lio': CMAKE_PREFIX_PATH=${CMAKE_PREFIX_PATH}:/opt/ros/humble /usr/bin/cmake /root/dddmr_navigation/src/FAST_LIO -DAMENT_CMAKE_SYMLINK_INSTALL=1 -DCMAKE_INSTALL_PREFIX=/root/dddmr_navigation/install/fast_lio
[0.285s] DEBUG:colcon.colcon_core.event_handler.log_command:Invoking command in '/root/dddmr_navigation/build/map_editor_panel': CMAKE_PREFIX_PATH=${CMAKE_PREFIX_PATH}:/opt/ros/humble /usr/bin/cmake /root/dddmr_navigation/src/dddmr_rviz_tools/map_editor_panel -DAMENT_CMAKE_SYMLINK_INSTALL=1 -DCMAKE_INSTALL_PREFIX=/root/dddmr_navigation/install/map_editor_panel
[0.286s] DEBUG:colcon.colcon_core.event_handler.log_command:Invoking command in '/root/dddmr_navigation/build/mapping_panel': CMAKE_PREFIX_PATH=${CMAKE_PREFIX_PATH}:/opt/ros/humble /usr/bin/cmake /root/dddmr_navigation/src/dddmr_rviz_tools/mapping_panel -DAMENT_CMAKE_SYMLINK_INSTALL=1 -DCMAKE_INSTALL_PREFIX=/root/dddmr_navigation/install/mapping_panel
[0.290s] DEBUG:colcon.colcon_core.event_handler.log_command:Invoking command in '/root/dddmr_navigation/build/pose_graph_editor_panel': CMAKE_PREFIX_PATH=${CMAKE_PREFIX_PATH}:/opt/ros/humble /usr/bin/cmake /root/dddmr_navigation/src/dddmr_rviz_tools/pose_graph_editor_panel -DAMENT_CMAKE_SYMLINK_INSTALL=1 -DCMAKE_INSTALL_PREFIX=/root/dddmr_navigation/install/pose_graph_editor_panel
[0.292s] DEBUG:colcon.colcon_core.event_handler.log_command:Invoking command in '/root/dddmr_navigation/build/pose_graph_merge_editor_panel': CMAKE_PREFIX_PATH=${CMAKE_PREFIX_PATH}:/opt/ros/humble /usr/bin/cmake /root/dddmr_navigation/src/dddmr_rviz_tools/pose_graph_merge_editor_panel -DAMENT_CMAKE_SYMLINK_INSTALL=1 -DCMAKE_INSTALL_PREFIX=/root/dddmr_navigation/install/pose_graph_merge_editor_panel
[0.963s] DEBUG:colcon.colcon_core.event_handler.log_command:Invoked command in '/root/dddmr_navigation/build/dddmr_trt' returned '0': CMAKE_PREFIX_PATH=${CMAKE_PREFIX_PATH}:/opt/ros/humble /usr/bin/cmake /root/dddmr_navigation/src/dddmr_trt -DAMENT_CMAKE_SYMLINK_INSTALL=1 -DCMAKE_INSTALL_PREFIX=/root/dddmr_navigation/install/dddmr_trt
[0.965s] DEBUG:colcon.colcon_core.event_handler.log_command:Invoking command in '/root/dddmr_navigation/build/dddmr_trt': CMAKE_PREFIX_PATH=${CMAKE_PREFIX_PATH}:/opt/ros/humble /usr/bin/cmake --build /root/dddmr_navigation/build/dddmr_trt -- -j28 -l28
[1.008s] DEBUG:colcon.colcon_core.event_handler.log_command:Invoked command in '/root/dddmr_navigation/build/dddmr_trt' returned '0': CMAKE_PREFIX_PATH=${CMAKE_PREFIX_PATH}:/opt/ros/humble /usr/bin/cmake --build /root/dddmr_navigation/build/dddmr_trt -- -j28 -l28
[1.018s] DEBUG:colcon.colcon_core.event_handler.log_command:Invoking command in '/root/dddmr_navigation/build/dddmr_trt': CMAKE_PREFIX_PATH=${CMAKE_PREFIX_PATH}:/opt/ros/humble /usr/bin/cmake --install /root/dddmr_navigation/build/dddmr_trt
[1.024s] DEBUG:colcon.colcon_core.event_handler.log_command:Invoked command in '/root/dddmr_navigation/build/dddmr_beginner_guide' returned '0': CMAKE_PREFIX_PATH=${CMAKE_PREFIX_PATH}:/opt/ros/humble /usr/bin/cmake /root/dddmr_navigation/src/dddmr_beginner_guide -DAMENT_CMAKE_SYMLINK_INSTALL=1 -DCMAKE_INSTALL_PREFIX=/root/dddmr_navigation/install/dddmr_beginner_guide
[1.027s] DEBUG:colcon.colcon_core.event_handler.log_command:Invoking command in '/root/dddmr_navigation/build/dddmr_beginner_guide': CMAKE_PREFIX_PATH=${CMAKE_PREFIX_PATH}:/opt/ros/humble /usr/bin/cmake --build /root/dddmr_navigation/build/dddmr_beginner_guide -- -j28 -l28
[1.039s] Level 1:colcon.colcon_core.environment:create_environment_scripts_only(dddmr_trt)
[1.039s] DEBUG:colcon.colcon_core.event_handler.log_command:Invoked command in '/root/dddmr_navigation/build/dddmr_trt' returned '0': CMAKE_PREFIX_PATH=${CMAKE_PREFIX_PATH}:/opt/ros/humble /usr/bin/cmake --install /root/dddmr_navigation/build/dddmr_trt
[1.041s] Level 1:colcon.colcon_core.environment:checking '/root/dddmr_navigation/install/dddmr_trt' for CMake module files
[1.042s] Level 1:colcon.colcon_core.environment:checking '/root/dddmr_navigation/install/dddmr_trt' for CMake config files
[1.042s] Level 1:colcon.colcon_core.shell:create_environment_hook('dddmr_trt', 'cmake_prefix_path')
[1.042s] INFO:colcon.colcon_core.shell:Creating environment hook '/root/dddmr_navigation/install/dddmr_trt/share/dddmr_trt/hook/cmake_prefix_path.ps1'
[1.043s] INFO:colcon.colcon_core.shell:Creating environment descriptor '/root/dddmr_navigation/install/dddmr_trt/share/dddmr_trt/hook/cmake_prefix_path.dsv'
[1.043s] INFO:colcon.colcon_core.shell:Creating environment hook '/root/dddmr_navigation/install/dddmr_trt/share/dddmr_trt/hook/cmake_prefix_path.sh'
[1.044s] Level 1:colcon.colcon_core.environment:checking '/root/dddmr_navigation/install/dddmr_trt/bin'
[1.044s] Level 1:colcon.colcon_core.environment:checking '/root/dddmr_navigation/install/dddmr_trt/lib/pkgconfig/dddmr_trt.pc'
[1.044s] Level 1:colcon.colcon_core.environment:checking '/root/dddmr_navigation/install/dddmr_trt/lib/python3.10/site-packages'
[1.045s] Level 1:colcon.colcon_core.environment:checking '/root/dddmr_navigation/install/dddmr_trt/bin'
[1.045s] INFO:colcon.colcon_core.shell:Creating package script '/root/dddmr_navigation/install/dddmr_trt/share/dddmr_trt/package.ps1'
[1.046s] INFO:colcon.colcon_core.shell:Creating package descriptor '/root/dddmr_navigation/install/dddmr_trt/share/dddmr_trt/package.dsv'
[1.046s] INFO:colcon.colcon_core.shell:Creating package script '/root/dddmr_navigation/install/dddmr_trt/share/dddmr_trt/package.sh'
[1.047s] INFO:colcon.colcon_core.shell:Creating package script '/root/dddmr_navigation/install/dddmr_trt/share/dddmr_trt/package.bash'
[1.048s] INFO:colcon.colcon_core.shell:Creating package script '/root/dddmr_navigation/install/dddmr_trt/share/dddmr_trt/package.zsh'
[1.049s] Level 1:colcon.colcon_core.environment:create_file_with_runtime_dependencies(/root/dddmr_navigation/install/dddmr_trt/share/colcon-core/packages/dddmr_trt)
[1.049s] Level 1:colcon.colcon_core.environment:create_environment_scripts_only(dddmr_trt)
[1.050s] Level 1:colcon.colcon_core.environment:checking '/root/dddmr_navigation/install/dddmr_trt' for CMake module files
[1.050s] Level 1:colcon.colcon_core.environment:checking '/root/dddmr_navigation/install/dddmr_trt' for CMake config files
[1.050s] Level 1:colcon.colcon_core.shell:create_environment_hook('dddmr_trt', 'cmake_prefix_path')
[1.050s] INFO:colcon.colcon_core.shell:Creating environment hook '/root/dddmr_navigation/install/dddmr_trt/share/dddmr_trt/hook/cmake_prefix_path.ps1'
[1.051s] INFO:colcon.colcon_core.shell:Creating environment descriptor '/root/dddmr_navigation/install/dddmr_trt/share/dddmr_trt/hook/cmake_prefix_path.dsv'
[1.051s] INFO:colcon.colcon_core.shell:Creating environment hook '/root/dddmr_navigation/install/dddmr_trt/share/dddmr_trt/hook/cmake_prefix_path.sh'
[1.052s] Level 1:colcon.colcon_core.environment:checking '/root/dddmr_navigation/install/dddmr_trt/bin'
[1.052s] Level 1:colcon.colcon_core.environment:checking '/root/dddmr_navigation/install/dddmr_trt/lib/pkgconfig/dddmr_trt.pc'
[1.052s] Level 1:colcon.colcon_core.environment:checking '/root/dddmr_navigation/install/dddmr_trt/lib/python3.10/site-packages'
[1.052s] Level 1:colcon.colcon_core.environment:checking '/root/dddmr_navigation/install/dddmr_trt/bin'
[1.053s] INFO:colcon.colcon_core.shell:Creating package script '/root/dddmr_navigation/install/dddmr_trt/share/dddmr_trt/package.ps1'
[1.053s] INFO:colcon.colcon_core.shell:Creating package descriptor '/root/dddmr_navigation/install/dddmr_trt/share/dddmr_trt/package.dsv'
[1.054s] INFO:colcon.colcon_core.shell:Creating package script '/root/dddmr_navigation/install/dddmr_trt/share/dddmr_trt/package.sh'
[1.054s] INFO:colcon.colcon_core.shell:Creating package script '/root/dddmr_navigation/install/dddmr_trt/share/dddmr_trt/package.bash'
[1.055s] INFO:colcon.colcon_core.shell:Creating package script '/root/dddmr_navigation/install/dddmr_trt/share/dddmr_trt/package.zsh'
[1.055s] Level 1:colcon.colcon_core.environment:create_file_with_runtime_dependencies(/root/dddmr_navigation/install/dddmr_trt/share/colcon-core/packages/dddmr_trt)
[1.068s] DEBUG:colcon.colcon_core.event_handler.log_command:Invoked command in '/root/dddmr_navigation/build/dddmr_odom_3d' returned '0': CMAKE_PREFIX_PATH=${CMAKE_PREFIX_PATH}:/opt/ros/humble /usr/bin/cmake /root/dddmr_navigation/src/dddmr_odom_3d -DAMENT_CMAKE_SYMLINK_INSTALL=1 -DCMAKE_INSTALL_PREFIX=/root/dddmr_navigation/install/dddmr_odom_3d
[1.070s] DEBUG:colcon.colcon_core.event_handler.log_command:Invoking command in '/root/dddmr_navigation/build/dddmr_odom_3d': CMAKE_PREFIX_PATH=${CMAKE_PREFIX_PATH}:/opt/ros/humble /usr/bin/cmake --build /root/dddmr_navigation/build/dddmr_odom_3d -- -j28 -l28
[1.072s] DEBUG:colcon.colcon_core.event_handler.log_command:Invoked command in '/root/dddmr_navigation/build/pose_graph_merge_editor_panel' returned '0': CMAKE_PREFIX_PATH=${CMAKE_PREFIX_PATH}:/opt/ros/humble /usr/bin/cmake /root/dddmr_navigation/src/dddmr_rviz_tools/pose_graph_merge_editor_panel -DAMENT_CMAKE_SYMLINK_INSTALL=1 -DCMAKE_INSTALL_PREFIX=/root/dddmr_navigation/install/pose_graph_merge_editor_panel
[1.074s] DEBUG:colcon.colcon_core.event_handler.log_command:Invoking command in '/root/dddmr_navigation/build/pose_graph_merge_editor_panel': CMAKE_PREFIX_PATH=${CMAKE_PREFIX_PATH}:/opt/ros/humble /usr/bin/cmake --build /root/dddmr_navigation/build/pose_graph_merge_editor_panel -- -j28 -l28
[1.079s] DEBUG:colcon.colcon_core.event_handler.log_command:Invoked command in '/root/dddmr_navigation/build/dddmr_beginner_guide' returned '0': CMAKE_PREFIX_PATH=${CMAKE_PREFIX_PATH}:/opt/ros/humble /usr/bin/cmake --build /root/dddmr_navigation/build/dddmr_beginner_guide -- -j28 -l28
[1.081s] DEBUG:colcon.colcon_core.event_handler.log_command:Invoking command in '/root/dddmr_navigation/build/dddmr_beginner_guide': CMAKE_PREFIX_PATH=${CMAKE_PREFIX_PATH}:/opt/ros/humble /usr/bin/cmake --install /root/dddmr_navigation/build/dddmr_beginner_guide
[1.082s] DEBUG:colcon.colcon_core.event_handler.log_command:Invoked command in '/root/dddmr_navigation/build/pose_graph_editor_panel' returned '0': CMAKE_PREFIX_PATH=${CMAKE_PREFIX_PATH}:/opt/ros/humble /usr/bin/cmake /root/dddmr_navigation/src/dddmr_rviz_tools/pose_graph_editor_panel -DAMENT_CMAKE_SYMLINK_INSTALL=1 -DCMAKE_INSTALL_PREFIX=/root/dddmr_navigation/install/pose_graph_editor_panel
[1.085s] DEBUG:colcon.colcon_core.event_handler.log_command:Invoking command in '/root/dddmr_navigation/build/pose_graph_editor_panel': CMAKE_PREFIX_PATH=${CMAKE_PREFIX_PATH}:/opt/ros/humble /usr/bin/cmake --build /root/dddmr_navigation/build/pose_graph_editor_panel -- -j28 -l28
[1.102s] Level 1:colcon.colcon_core.environment:create_environment_scripts_only(dddmr_beginner_guide)
[1.103s] Level 1:colcon.colcon_core.environment:checking '/root/dddmr_navigation/install/dddmr_beginner_guide' for CMake module files
[1.103s] DEBUG:colcon.colcon_core.event_handler.log_command:Invoked command in '/root/dddmr_navigation/build/dddmr_beginner_guide' returned '0': CMAKE_PREFIX_PATH=${CMAKE_PREFIX_PATH}:/opt/ros/humble /usr/bin/cmake --install /root/dddmr_navigation/build/dddmr_beginner_guide
[1.104s] Level 1:colcon.colcon_core.environment:checking '/root/dddmr_navigation/install/dddmr_beginner_guide' for CMake config files
[1.104s] Level 1:colcon.colcon_core.shell:create_environment_hook('dddmr_beginner_guide', 'cmake_prefix_path')
[1.105s] INFO:colcon.colcon_core.shell:Creating environment hook '/root/dddmr_navigation/install/dddmr_beginner_guide/share/dddmr_beginner_guide/hook/cmake_prefix_path.ps1'
[1.105s] INFO:colcon.colcon_core.shell:Creating environment descriptor '/root/dddmr_navigation/install/dddmr_beginner_guide/share/dddmr_beginner_guide/hook/cmake_prefix_path.dsv'
[1.106s] INFO:colcon.colcon_core.shell:Creating environment hook '/root/dddmr_navigation/install/dddmr_beginner_guide/share/dddmr_beginner_guide/hook/cmake_prefix_path.sh'
[1.107s] Level 1:colcon.colcon_core.environment:checking '/root/dddmr_navigation/install/dddmr_beginner_guide/bin'
[1.107s] Level 1:colcon.colcon_core.environment:checking '/root/dddmr_navigation/install/dddmr_beginner_guide/lib/pkgconfig/dddmr_beginner_guide.pc'
[1.107s] Level 1:colcon.colcon_core.environment:checking '/root/dddmr_navigation/install/dddmr_beginner_guide/lib/python3.10/site-packages'
[1.108s] Level 1:colcon.colcon_core.environment:checking '/root/dddmr_navigation/install/dddmr_beginner_guide/bin'
[1.108s] INFO:colcon.colcon_core.shell:Creating package script '/root/dddmr_navigation/install/dddmr_beginner_guide/share/dddmr_beginner_guide/package.ps1'
[1.109s] INFO:colcon.colcon_core.shell:Creating package descriptor '/root/dddmr_navigation/install/dddmr_beginner_guide/share/dddmr_beginner_guide/package.dsv'
[1.110s] INFO:colcon.colcon_core.shell:Creating package script '/root/dddmr_navigation/install/dddmr_beginner_guide/share/dddmr_beginner_guide/package.sh'
[1.110s] INFO:colcon.colcon_core.shell:Creating package script '/root/dddmr_navigation/install/dddmr_beginner_guide/share/dddmr_beginner_guide/package.bash'
[1.111s] INFO:colcon.colcon_core.shell:Creating package script '/root/dddmr_navigation/install/dddmr_beginner_guide/share/dddmr_beginner_guide/package.zsh'
[1.111s] Level 1:colcon.colcon_core.environment:create_file_with_runtime_dependencies(/root/dddmr_navigation/install/dddmr_beginner_guide/share/colcon-core/packages/dddmr_beginner_guide)
[1.112s] Level 1:colcon.colcon_core.environment:create_environment_scripts_only(dddmr_beginner_guide)
[1.113s] Level 1:colcon.colcon_core.environment:checking '/root/dddmr_navigation/install/dddmr_beginner_guide' for CMake module files
[1.113s] Level 1:colcon.colcon_core.environment:checking '/root/dddmr_navigation/install/dddmr_beginner_guide' for CMake config files
[1.114s] Level 1:colcon.colcon_core.shell:create_environment_hook('dddmr_beginner_guide', 'cmake_prefix_path')
[1.115s] INFO:colcon.colcon_core.shell:Creating environment hook '/root/dddmr_navigation/install/dddmr_beginner_guide/share/dddmr_beginner_guide/hook/cmake_prefix_path.ps1'
[1.116s] INFO:colcon.colcon_core.shell:Creating environment descriptor '/root/dddmr_navigation/install/dddmr_beginner_guide/share/dddmr_beginner_guide/hook/cmake_prefix_path.dsv'
[1.116s] INFO:colcon.colcon_core.shell:Creating environment hook '/root/dddmr_navigation/install/dddmr_beginner_guide/share/dddmr_beginner_guide/hook/cmake_prefix_path.sh'
[1.117s] Level 1:colcon.colcon_core.environment:checking '/root/dddmr_navigation/install/dddmr_beginner_guide/bin'
[1.117s] Level 1:colcon.colcon_core.environment:checking '/root/dddmr_navigation/install/dddmr_beginner_guide/lib/pkgconfig/dddmr_beginner_guide.pc'
[1.118s] Level 1:colcon.colcon_core.environment:checking '/root/dddmr_navigation/install/dddmr_beginner_guide/lib/python3.10/site-packages'
[1.118s] Level 1:colcon.colcon_core.environment:checking '/root/dddmr_navigation/install/dddmr_beginner_guide/bin'
[1.119s] INFO:colcon.colcon_core.shell:Creating package script '/root/dddmr_navigation/install/dddmr_beginner_guide/share/dddmr_beginner_guide/package.ps1'
[1.120s] INFO:colcon.colcon_core.shell:Creating package descriptor '/root/dddmr_navigation/install/dddmr_beginner_guide/share/dddmr_beginner_guide/package.dsv'
[1.121s] INFO:colcon.colcon_core.shell:Creating package script '/root/dddmr_navigation/install/dddmr_beginner_guide/share/dddmr_beginner_guide/package.sh'
[1.121s] INFO:colcon.colcon_core.shell:Creating package script '/root/dddmr_navigation/install/dddmr_beginner_guide/share/dddmr_beginner_guide/package.bash'
[1.122s] INFO:colcon.colcon_core.shell:Creating package script '/root/dddmr_navigation/install/dddmr_beginner_guide/share/dddmr_beginner_guide/package.zsh'
[1.123s] Level 1:colcon.colcon_core.environment:create_file_with_runtime_dependencies(/root/dddmr_navigation/install/dddmr_beginner_guide/share/colcon-core/packages/dddmr_beginner_guide)
[1.143s] DEBUG:colcon.colcon_core.event_handler.log_command:Invoked command in '/root/dddmr_navigation/build/dddmr_odom_3d' returned '0': CMAKE_PREFIX_PATH=${CMAKE_PREFIX_PATH}:/opt/ros/humble /usr/bin/cmake --build /root/dddmr_navigation/build/dddmr_odom_3d -- -j28 -l28
[1.145s] DEBUG:colcon.colcon_core.event_handler.log_command:Invoking command in '/root/dddmr_navigation/build/dddmr_odom_3d': CMAKE_PREFIX_PATH=${CMAKE_PREFIX_PATH}:/opt/ros/humble /usr/bin/cmake --install /root/dddmr_navigation/build/dddmr_odom_3d
[1.173s] Level 1:colcon.colcon_core.environment:create_environment_scripts_only(dddmr_odom_3d)
[1.174s] Level 1:colcon.colcon_core.environment:checking '/root/dddmr_navigation/install/dddmr_odom_3d' for CMake module files
[1.174s] DEBUG:colcon.colcon_core.event_handler.log_command:Invoked command in '/root/dddmr_navigation/build/dddmr_odom_3d' returned '0': CMAKE_PREFIX_PATH=${CMAKE_PREFIX_PATH}:/opt/ros/humble /usr/bin/cmake --install /root/dddmr_navigation/build/dddmr_odom_3d
[1.175s] Level 1:colcon.colcon_core.environment:checking '/root/dddmr_navigation/install/dddmr_odom_3d' for CMake config files
[1.176s] Level 1:colcon.colcon_core.shell:create_environment_hook('dddmr_odom_3d', 'cmake_prefix_path')
[1.176s] INFO:colcon.colcon_core.shell:Creating environment hook '/root/dddmr_navigation/install/dddmr_odom_3d/share/dddmr_odom_3d/hook/cmake_prefix_path.ps1'
[1.177s] INFO:colcon.colcon_core.shell:Creating environment descriptor '/root/dddmr_navigation/install/dddmr_odom_3d/share/dddmr_odom_3d/hook/cmake_prefix_path.dsv'
[1.177s] INFO:colcon.colcon_core.shell:Creating environment hook '/root/dddmr_navigation/install/dddmr_odom_3d/share/dddmr_odom_3d/hook/cmake_prefix_path.sh'
[1.178s] Level 1:colcon.colcon_core.environment:checking '/root/dddmr_navigation/install/dddmr_odom_3d/lib'
[1.179s] Level 1:colcon.colcon_core.environment:checking '/root/dddmr_navigation/install/dddmr_odom_3d/bin'
[1.179s] Level 1:colcon.colcon_core.environment:checking '/root/dddmr_navigation/install/dddmr_odom_3d/lib/pkgconfig/dddmr_odom_3d.pc'
[1.179s] Level 1:colcon.colcon_core.environment:checking '/root/dddmr_navigation/install/dddmr_odom_3d/lib/python3.10/site-packages'
[1.180s] Level 1:colcon.colcon_core.environment:checking '/root/dddmr_navigation/install/dddmr_odom_3d/bin'
[1.180s] INFO:colcon.colcon_core.shell:Creating package script '/root/dddmr_navigation/install/dddmr_odom_3d/share/dddmr_odom_3d/package.ps1'
[1.181s] INFO:colcon.colcon_core.shell:Creating package descriptor '/root/dddmr_navigation/install/dddmr_odom_3d/share/dddmr_odom_3d/package.dsv'
[1.182s] INFO:colcon.colcon_core.shell:Creating package script '/root/dddmr_navigation/install/dddmr_odom_3d/share/dddmr_odom_3d/package.sh'
[1.182s] INFO:colcon.colcon_core.shell:Creating package script '/root/dddmr_navigation/install/dddmr_odom_3d/share/dddmr_odom_3d/package.bash'
[1.183s] INFO:colcon.colcon_core.shell:Creating package script '/root/dddmr_navigation/install/dddmr_odom_3d/share/dddmr_odom_3d/package.zsh'
[1.183s] Level 1:colcon.colcon_core.environment:create_file_with_runtime_dependencies(/root/dddmr_navigation/install/dddmr_odom_3d/share/colcon-core/packages/dddmr_odom_3d)
[1.184s] Level 1:colcon.colcon_core.environment:create_environment_scripts_only(dddmr_odom_3d)
[1.185s] Level 1:colcon.colcon_core.environment:checking '/root/dddmr_navigation/install/dddmr_odom_3d' for CMake module files
[1.185s] Level 1:colcon.colcon_core.environment:checking '/root/dddmr_navigation/install/dddmr_odom_3d' for CMake config files
[1.186s] Level 1:colcon.colcon_core.shell:create_environment_hook('dddmr_odom_3d', 'cmake_prefix_path')
[1.186s] INFO:colcon.colcon_core.shell:Creating environment hook '/root/dddmr_navigation/install/dddmr_odom_3d/share/dddmr_odom_3d/hook/cmake_prefix_path.ps1'
[1.187s] INFO:colcon.colcon_core.shell:Creating environment descriptor '/root/dddmr_navigation/install/dddmr_odom_3d/share/dddmr_odom_3d/hook/cmake_prefix_path.dsv'
[1.188s] INFO:colcon.colcon_core.shell:Creating environment hook '/root/dddmr_navigation/install/dddmr_odom_3d/share/dddmr_odom_3d/hook/cmake_prefix_path.sh'
[1.188s] Level 1:colcon.colcon_core.environment:checking '/root/dddmr_navigation/install/dddmr_odom_3d/lib'
[1.189s] Level 1:colcon.colcon_core.environment:checking '/root/dddmr_navigation/install/dddmr_odom_3d/bin'
[1.189s] Level 1:colcon.colcon_core.environment:checking '/root/dddmr_navigation/install/dddmr_odom_3d/lib/pkgconfig/dddmr_odom_3d.pc'
[1.189s] Level 1:colcon.colcon_core.environment:checking '/root/dddmr_navigation/install/dddmr_odom_3d/lib/python3.10/site-packages'
[1.190s] Level 1:colcon.colcon_core.environment:checking '/root/dddmr_navigation/install/dddmr_odom_3d/bin'
[1.190s] INFO:colcon.colcon_core.shell:Creating package script '/root/dddmr_navigation/install/dddmr_odom_3d/share/dddmr_odom_3d/package.ps1'
[1.191s] INFO:colcon.colcon_core.shell:Creating package descriptor '/root/dddmr_navigation/install/dddmr_odom_3d/share/dddmr_odom_3d/package.dsv'
[1.192s] INFO:colcon.colcon_core.shell:Creating package script '/root/dddmr_navigation/install/dddmr_odom_3d/share/dddmr_odom_3d/package.sh'
[1.192s] INFO:colcon.colcon_core.shell:Creating package script '/root/dddmr_navigation/install/dddmr_odom_3d/share/dddmr_odom_3d/package.bash'
[1.193s] INFO:colcon.colcon_core.shell:Creating package script '/root/dddmr_navigation/install/dddmr_odom_3d/share/dddmr_odom_3d/package.zsh'
[1.194s] Level 1:colcon.colcon_core.environment:create_file_with_runtime_dependencies(/root/dddmr_navigation/install/dddmr_odom_3d/share/colcon-core/packages/dddmr_odom_3d)
[1.199s] DEBUG:colcon.colcon_core.event_handler.log_command:Invoked command in '/root/dddmr_navigation/build/pose_graph_merge_editor_panel' returned '0': CMAKE_PREFIX_PATH=${CMAKE_PREFIX_PATH}:/opt/ros/humble /usr/bin/cmake --build /root/dddmr_navigation/build/pose_graph_merge_editor_panel -- -j28 -l28
[1.202s] DEBUG:colcon.colcon_core.event_handler.log_command:Invoking command in '/root/dddmr_navigation/build/pose_graph_merge_editor_panel': CMAKE_PREFIX_PATH=${CMAKE_PREFIX_PATH}:/opt/ros/humble /usr/bin/cmake --install /root/dddmr_navigation/build/pose_graph_merge_editor_panel
[1.212s] DEBUG:colcon.colcon_core.event_handler.log_command:Invoked command in '/root/dddmr_navigation/build/pose_graph_editor_panel' returned '0': CMAKE_PREFIX_PATH=${CMAKE_PREFIX_PATH}:/opt/ros/humble /usr/bin/cmake --build /root/dddmr_navigation/build/pose_graph_editor_panel -- -j28 -l28
[1.215s] DEBUG:colcon.colcon_core.event_handler.log_command:Invoking command in '/root/dddmr_navigation/build/pose_graph_editor_panel': CMAKE_PREFIX_PATH=${CMAKE_PREFIX_PATH}:/opt/ros/humble /usr/bin/cmake --install /root/dddmr_navigation/build/pose_graph_editor_panel
[1.425s] Level 1:colcon.colcon_core.environment:create_environment_scripts_only(pose_graph_merge_editor_panel)
[1.425s] Level 1:colcon.colcon_core.environment:checking '/root/dddmr_navigation/install/pose_graph_merge_editor_panel' for CMake module files
[1.426s] DEBUG:colcon.colcon_core.event_handler.log_command:Invoked command in '/root/dddmr_navigation/build/pose_graph_merge_editor_panel' returned '0': CMAKE_PREFIX_PATH=${CMAKE_PREFIX_PATH}:/opt/ros/humble /usr/bin/cmake --install /root/dddmr_navigation/build/pose_graph_merge_editor_panel
[1.426s] Level 1:colcon.colcon_core.environment:checking '/root/dddmr_navigation/install/pose_graph_merge_editor_panel' for CMake config files
[1.426s] Level 1:colcon.colcon_core.shell:create_environment_hook('pose_graph_merge_editor_panel', 'cmake_prefix_path')
[1.427s] INFO:colcon.colcon_core.shell:Creating environment hook '/root/dddmr_navigation/install/pose_graph_merge_editor_panel/share/pose_graph_merge_editor_panel/hook/cmake_prefix_path.ps1'
[1.427s] INFO:colcon.colcon_core.shell:Creating environment descriptor '/root/dddmr_navigation/install/pose_graph_merge_editor_panel/share/pose_graph_merge_editor_panel/hook/cmake_prefix_path.dsv'
[1.428s] INFO:colcon.colcon_core.shell:Creating environment hook '/root/dddmr_navigation/install/pose_graph_merge_editor_panel/share/pose_graph_merge_editor_panel/hook/cmake_prefix_path.sh'
[1.429s] Level 1:colcon.colcon_core.environment:checking '/root/dddmr_navigation/install/pose_graph_merge_editor_panel/lib'
[1.429s] Level 1:colcon.colcon_core.shell:create_environment_hook('pose_graph_merge_editor_panel', 'ld_library_path_lib')
[1.429s] INFO:colcon.colcon_core.shell:Creating environment hook '/root/dddmr_navigation/install/pose_graph_merge_editor_panel/share/pose_graph_merge_editor_panel/hook/ld_library_path_lib.ps1'
[1.429s] INFO:colcon.colcon_core.shell:Creating environment descriptor '/root/dddmr_navigation/install/pose_graph_merge_editor_panel/share/pose_graph_merge_editor_panel/hook/ld_library_path_lib.dsv'
[1.429s] INFO:colcon.colcon_core.shell:Creating environment hook '/root/dddmr_navigation/install/pose_graph_merge_editor_panel/share/pose_graph_merge_editor_panel/hook/ld_library_path_lib.sh'
[1.430s] Level 1:colcon.colcon_core.environment:checking '/root/dddmr_navigation/install/pose_graph_merge_editor_panel/bin'
[1.430s] Level 1:colcon.colcon_core.environment:checking '/root/dddmr_navigation/install/pose_graph_merge_editor_panel/lib/pkgconfig/pose_graph_merge_editor_panel.pc'
[1.430s] Level 1:colcon.colcon_core.environment:checking '/root/dddmr_navigation/install/pose_graph_merge_editor_panel/lib/python3.10/site-packages'
[1.430s] Level 1:colcon.colcon_core.environment:checking '/root/dddmr_navigation/install/pose_graph_merge_editor_panel/bin'
[1.431s] INFO:colcon.colcon_core.shell:Creating package script '/root/dddmr_navigation/install/pose_graph_merge_editor_panel/share/pose_graph_merge_editor_panel/package.ps1'
[1.432s] INFO:colcon.colcon_core.shell:Creating package descriptor '/root/dddmr_navigation/install/pose_graph_merge_editor_panel/share/pose_graph_merge_editor_panel/package.dsv'
[1.432s] INFO:colcon.colcon_core.shell:Creating package script '/root/dddmr_navigation/install/pose_graph_merge_editor_panel/share/pose_graph_merge_editor_panel/package.sh'
[1.433s] INFO:colcon.colcon_core.shell:Creating package script '/root/dddmr_navigation/install/pose_graph_merge_editor_panel/share/pose_graph_merge_editor_panel/package.bash'
[1.433s] INFO:colcon.colcon_core.shell:Creating package script '/root/dddmr_navigation/install/pose_graph_merge_editor_panel/share/pose_graph_merge_editor_panel/package.zsh'
[1.434s] Level 1:colcon.colcon_core.environment:create_file_with_runtime_dependencies(/root/dddmr_navigation/install/pose_graph_merge_editor_panel/share/colcon-core/packages/pose_graph_merge_editor_panel)
[1.435s] Level 1:colcon.colcon_core.environment:create_environment_scripts_only(pose_graph_merge_editor_panel)
[1.435s] Level 1:colcon.colcon_core.environment:checking '/root/dddmr_navigation/install/pose_graph_merge_editor_panel' for CMake module files
[1.435s] Level 1:colcon.colcon_core.environment:checking '/root/dddmr_navigation/install/pose_graph_merge_editor_panel' for CMake config files
[1.436s] Level 1:colcon.colcon_core.shell:create_environment_hook('pose_graph_merge_editor_panel', 'cmake_prefix_path')
[1.436s] INFO:colcon.colcon_core.shell:Creating environment hook '/root/dddmr_navigation/install/pose_graph_merge_editor_panel/share/pose_graph_merge_editor_panel/hook/cmake_prefix_path.ps1'
[1.436s] INFO:colcon.colcon_core.shell:Creating environment descriptor '/root/dddmr_navigation/install/pose_graph_merge_editor_panel/share/pose_graph_merge_editor_panel/hook/cmake_prefix_path.dsv'
[1.437s] INFO:colcon.colcon_core.shell:Creating environment hook '/root/dddmr_navigation/install/pose_graph_merge_editor_panel/share/pose_graph_merge_editor_panel/hook/cmake_prefix_path.sh'
[1.437s] Level 1:colcon.colcon_core.environment:checking '/root/dddmr_navigation/install/pose_graph_merge_editor_panel/lib'
[1.437s] Level 1:colcon.colcon_core.shell:create_environment_hook('pose_graph_merge_editor_panel', 'ld_library_path_lib')
[1.437s] INFO:colcon.colcon_core.shell:Creating environment hook '/root/dddmr_navigation/install/pose_graph_merge_editor_panel/share/pose_graph_merge_editor_panel/hook/ld_library_path_lib.ps1'
[1.438s] INFO:colcon.colcon_core.shell:Creating environment descriptor '/root/dddmr_navigation/install/pose_graph_merge_editor_panel/share/pose_graph_merge_editor_panel/hook/ld_library_path_lib.dsv'
[1.439s] INFO:colcon.colcon_core.shell:Creating environment hook '/root/dddmr_navigation/install/pose_graph_merge_editor_panel/share/pose_graph_merge_editor_panel/hook/ld_library_path_lib.sh'
[1.439s] Level 1:colcon.colcon_core.environment:checking '/root/dddmr_navigation/install/pose_graph_merge_editor_panel/bin'
[1.439s] Level 1:colcon.colcon_core.environment:checking '/root/dddmr_navigation/install/pose_graph_merge_editor_panel/lib/pkgconfig/pose_graph_merge_editor_panel.pc'
[1.440s] Level 1:colcon.colcon_core.environment:checking '/root/dddmr_navigation/install/pose_graph_merge_editor_panel/lib/python3.10/site-packages'
[1.440s] Level 1:colcon.colcon_core.environment:checking '/root/dddmr_navigation/install/pose_graph_merge_editor_panel/bin'
[1.441s] INFO:colcon.colcon_core.shell:Creating package script '/root/dddmr_navigation/install/pose_graph_merge_editor_panel/share/pose_graph_merge_editor_panel/package.ps1'
[1.442s] INFO:colcon.colcon_core.shell:Creating package descriptor '/root/dddmr_navigation/install/pose_graph_merge_editor_panel/share/pose_graph_merge_editor_panel/package.dsv'
[1.442s] INFO:colcon.colcon_core.shell:Creating package script '/root/dddmr_navigation/install/pose_graph_merge_editor_panel/share/pose_graph_merge_editor_panel/package.sh'
[1.443s] INFO:colcon.colcon_core.shell:Creating package script '/root/dddmr_navigation/install/pose_graph_merge_editor_panel/share/pose_graph_merge_editor_panel/package.bash'
[1.443s] INFO:colcon.colcon_core.shell:Creating package script '/root/dddmr_navigation/install/pose_graph_merge_editor_panel/share/pose_graph_merge_editor_panel/package.zsh'
[1.444s] Level 1:colcon.colcon_core.environment:create_file_with_runtime_dependencies(/root/dddmr_navigation/install/pose_graph_merge_editor_panel/share/colcon-core/packages/pose_graph_merge_editor_panel)
[1.445s] Level 1:colcon.colcon_core.environment:create_environment_scripts_only(pose_graph_editor_panel)
[1.445s] Level 1:colcon.colcon_core.environment:checking '/root/dddmr_navigation/install/pose_graph_editor_panel' for CMake module files
[1.446s] Level 1:colcon.colcon_core.environment:checking '/root/dddmr_navigation/install/pose_graph_editor_panel' for CMake config files
[1.447s] Level 1:colcon.colcon_core.shell:create_environment_hook('pose_graph_editor_panel', 'cmake_prefix_path')
[1.447s] INFO:colcon.colcon_core.shell:Creating environment hook '/root/dddmr_navigation/install/pose_graph_editor_panel/share/pose_graph_editor_panel/hook/cmake_prefix_path.ps1'
[1.447s] DEBUG:colcon.colcon_core.event_handler.log_command:Invoked command in '/root/dddmr_navigation/build/pose_graph_editor_panel' returned '0': CMAKE_PREFIX_PATH=${CMAKE_PREFIX_PATH}:/opt/ros/humble /usr/bin/cmake --install /root/dddmr_navigation/build/pose_graph_editor_panel
[1.448s] INFO:colcon.colcon_core.shell:Creating environment descriptor '/root/dddmr_navigation/install/pose_graph_editor_panel/share/pose_graph_editor_panel/hook/cmake_prefix_path.dsv'
[1.448s] INFO:colcon.colcon_core.shell:Creating environment hook '/root/dddmr_navigation/install/pose_graph_editor_panel/share/pose_graph_editor_panel/hook/cmake_prefix_path.sh'
[1.448s] Level 1:colcon.colcon_core.environment:checking '/root/dddmr_navigation/install/pose_graph_editor_panel/lib'
[1.449s] Level 1:colcon.colcon_core.shell:create_environment_hook('pose_graph_editor_panel', 'ld_library_path_lib')
[1.449s] INFO:colcon.colcon_core.shell:Creating environment hook '/root/dddmr_navigation/install/pose_graph_editor_panel/share/pose_graph_editor_panel/hook/ld_library_path_lib.ps1'
[1.449s] INFO:colcon.colcon_core.shell:Creating environment descriptor '/root/dddmr_navigation/install/pose_graph_editor_panel/share/pose_graph_editor_panel/hook/ld_library_path_lib.dsv'
[1.450s] INFO:colcon.colcon_core.shell:Creating environment hook '/root/dddmr_navigation/install/pose_graph_editor_panel/share/pose_graph_editor_panel/hook/ld_library_path_lib.sh'
[1.451s] Level 1:colcon.colcon_core.environment:checking '/root/dddmr_navigation/install/pose_graph_editor_panel/bin'
[1.451s] Level 1:colcon.colcon_core.environment:checking '/root/dddmr_navigation/install/pose_graph_editor_panel/lib/pkgconfig/pose_graph_editor_panel.pc'
[1.451s] Level 1:colcon.colcon_core.environment:checking '/root/dddmr_navigation/install/pose_graph_editor_panel/lib/python3.10/site-packages'
[1.451s] Level 1:colcon.colcon_core.environment:checking '/root/dddmr_navigation/install/pose_graph_editor_panel/bin'
[1.452s] INFO:colcon.colcon_core.shell:Creating package script '/root/dddmr_navigation/install/pose_graph_editor_panel/share/pose_graph_editor_panel/package.ps1'
[1.452s] INFO:colcon.colcon_core.shell:Creating package descriptor '/root/dddmr_navigation/install/pose_graph_editor_panel/share/pose_graph_editor_panel/package.dsv'
[1.453s] INFO:colcon.colcon_core.shell:Creating package script '/root/dddmr_navigation/install/pose_graph_editor_panel/share/pose_graph_editor_panel/package.sh'
[1.454s] INFO:colcon.colcon_core.shell:Creating package script '/root/dddmr_navigation/install/pose_graph_editor_panel/share/pose_graph_editor_panel/package.bash'
[1.454s] INFO:colcon.colcon_core.shell:Creating package script '/root/dddmr_navigation/install/pose_graph_editor_panel/share/pose_graph_editor_panel/package.zsh'
[1.455s] Level 1:colcon.colcon_core.environment:create_file_with_runtime_dependencies(/root/dddmr_navigation/install/pose_graph_editor_panel/share/colcon-core/packages/pose_graph_editor_panel)
[1.455s] Level 1:colcon.colcon_core.environment:create_environment_scripts_only(pose_graph_editor_panel)
[1.456s] Level 1:colcon.colcon_core.environment:checking '/root/dddmr_navigation/install/pose_graph_editor_panel' for CMake module files
[1.457s] Level 1:colcon.colcon_core.environment:checking '/root/dddmr_navigation/install/pose_graph_editor_panel' for CMake config files
[1.457s] Level 1:colcon.colcon_core.shell:create_environment_hook('pose_graph_editor_panel', 'cmake_prefix_path')
[1.457s] INFO:colcon.colcon_core.shell:Creating environment hook '/root/dddmr_navigation/install/pose_graph_editor_panel/share/pose_graph_editor_panel/hook/cmake_prefix_path.ps1'
[1.458s] INFO:colcon.colcon_core.shell:Creating environment descriptor '/root/dddmr_navigation/install/pose_graph_editor_panel/share/pose_graph_editor_panel/hook/cmake_prefix_path.dsv'
[1.458s] INFO:colcon.colcon_core.shell:Creating environment hook '/root/dddmr_navigation/install/pose_graph_editor_panel/share/pose_graph_editor_panel/hook/cmake_prefix_path.sh'
[1.458s] Level 1:colcon.colcon_core.environment:checking '/root/dddmr_navigation/install/pose_graph_editor_panel/lib'
[1.458s] Level 1:colcon.colcon_core.shell:create_environment_hook('pose_graph_editor_panel', 'ld_library_path_lib')
[1.459s] INFO:colcon.colcon_core.shell:Creating environment hook '/root/dddmr_navigation/install/pose_graph_editor_panel/share/pose_graph_editor_panel/hook/ld_library_path_lib.ps1'
[1.459s] INFO:colcon.colcon_core.shell:Creating environment descriptor '/root/dddmr_navigation/install/pose_graph_editor_panel/share/pose_graph_editor_panel/hook/ld_library_path_lib.dsv'
[1.459s] INFO:colcon.colcon_core.shell:Creating environment hook '/root/dddmr_navigation/install/pose_graph_editor_panel/share/pose_graph_editor_panel/hook/ld_library_path_lib.sh'
[1.460s] Level 1:colcon.colcon_core.environment:checking '/root/dddmr_navigation/install/pose_graph_editor_panel/bin'
[1.460s] Level 1:colcon.colcon_core.environment:checking '/root/dddmr_navigation/install/pose_graph_editor_panel/lib/pkgconfig/pose_graph_editor_panel.pc'
[1.460s] Level 1:colcon.colcon_core.environment:checking '/root/dddmr_navigation/install/pose_graph_editor_panel/lib/python3.10/site-packages'
[1.460s] Level 1:colcon.colcon_core.environment:checking '/root/dddmr_navigation/install/pose_graph_editor_panel/bin'
[1.461s] INFO:colcon.colcon_core.shell:Creating package script '/root/dddmr_navigation/install/pose_graph_editor_panel/share/pose_graph_editor_panel/package.ps1'
[1.461s] INFO:colcon.colcon_core.shell:Creating package descriptor '/root/dddmr_navigation/install/pose_graph_editor_panel/share/pose_graph_editor_panel/package.dsv'
[1.462s] INFO:colcon.colcon_core.shell:Creating package script '/root/dddmr_navigation/install/pose_graph_editor_panel/share/pose_graph_editor_panel/package.sh'
[1.462s] INFO:colcon.colcon_core.shell:Creating package script '/root/dddmr_navigation/install/pose_graph_editor_panel/share/pose_graph_editor_panel/package.bash'
[1.462s] INFO:colcon.colcon_core.shell:Creating package script '/root/dddmr_navigation/install/pose_graph_editor_panel/share/pose_graph_editor_panel/package.zsh'
[1.463s] Level 1:colcon.colcon_core.environment:create_file_with_runtime_dependencies(/root/dddmr_navigation/install/pose_graph_editor_panel/share/colcon-core/packages/pose_graph_editor_panel)
[1.464s] DEBUG:colcon.colcon_core.event_handler.log_command:Invoked command in '/root/dddmr_navigation/build/dddmr_fastlio_adapter' returned '0': CMAKE_PREFIX_PATH=${CMAKE_PREFIX_PATH}:/opt/ros/humble /usr/bin/cmake /root/dddmr_navigation/src/dddmr_fastlio_adapter -DAMENT_CMAKE_SYMLINK_INSTALL=1 -DCMAKE_INSTALL_PREFIX=/root/dddmr_navigation/install/dddmr_fastlio_adapter
[1.466s] DEBUG:colcon.colcon_core.event_handler.log_command:Invoking command in '/root/dddmr_navigation/build/dddmr_fastlio_adapter': CMAKE_PREFIX_PATH=${CMAKE_PREFIX_PATH}:/opt/ros/humble /usr/bin/cmake --build /root/dddmr_navigation/build/dddmr_fastlio_adapter -- -j28 -l28
[2.031s] DEBUG:colcon.colcon_core.event_handler.log_command:Invoked command in '/root/dddmr_navigation/build/base_trajectory' returned '0': CMAKE_PREFIX_PATH=${CMAKE_PREFIX_PATH}:/opt/ros/humble /usr/bin/cmake /root/dddmr_navigation/src/dddmr_local_planner/base_trajectory -DAMENT_CMAKE_SYMLINK_INSTALL=1 -DCMAKE_INSTALL_PREFIX=/root/dddmr_navigation/install/base_trajectory
[2.033s] DEBUG:colcon.colcon_core.event_handler.log_command:Invoking command in '/root/dddmr_navigation/build/base_trajectory': CMAKE_PREFIX_PATH=${CMAKE_PREFIX_PATH}:/opt/ros/humble /usr/bin/cmake --build /root/dddmr_navigation/build/base_trajectory -- -j28 -l28
[2.097s] DEBUG:colcon.colcon_core.event_handler.log_command:Invoked command in '/root/dddmr_navigation/build/mapping_panel' returned '0': CMAKE_PREFIX_PATH=${CMAKE_PREFIX_PATH}:/opt/ros/humble /usr/bin/cmake /root/dddmr_navigation/src/dddmr_rviz_tools/mapping_panel -DAMENT_CMAKE_SYMLINK_INSTALL=1 -DCMAKE_INSTALL_PREFIX=/root/dddmr_navigation/install/mapping_panel
[2.100s] DEBUG:colcon.colcon_core.event_handler.log_command:Invoking command in '/root/dddmr_navigation/build/mapping_panel': CMAKE_PREFIX_PATH=${CMAKE_PREFIX_PATH}:/opt/ros/humble /usr/bin/cmake --build /root/dddmr_navigation/build/mapping_panel -- -j28 -l28
[2.123s] DEBUG:colcon.colcon_core.event_handler.log_command:Invoked command in '/root/dddmr_navigation/build/map_editor_panel' returned '0': CMAKE_PREFIX_PATH=${CMAKE_PREFIX_PATH}:/opt/ros/humble /usr/bin/cmake /root/dddmr_navigation/src/dddmr_rviz_tools/map_editor_panel -DAMENT_CMAKE_SYMLINK_INSTALL=1 -DCMAKE_INSTALL_PREFIX=/root/dddmr_navigation/install/map_editor_panel
[2.125s] DEBUG:colcon.colcon_core.event_handler.log_command:Invoking command in '/root/dddmr_navigation/build/map_editor_panel': CMAKE_PREFIX_PATH=${CMAKE_PREFIX_PATH}:/opt/ros/humble /usr/bin/cmake --build /root/dddmr_navigation/build/map_editor_panel -- -j28 -l28
[2.181s] DEBUG:colcon.colcon_core.event_handler.log_command:Invoked command in '/root/dddmr_navigation/build/cloud_msgs' returned '0': CMAKE_PREFIX_PATH=${CMAKE_PREFIX_PATH}:/opt/ros/humble /usr/bin/cmake /root/dddmr_navigation/src/dddmr_lego_loam/cloud_msgs -DAMENT_CMAKE_SYMLINK_INSTALL=1 -DCMAKE_INSTALL_PREFIX=/root/dddmr_navigation/install/cloud_msgs
[2.183s] DEBUG:colcon.colcon_core.event_handler.log_command:Invoking command in '/root/dddmr_navigation/build/cloud_msgs': CMAKE_PREFIX_PATH=${CMAKE_PREFIX_PATH}:/opt/ros/humble /usr/bin/cmake --build /root/dddmr_navigation/build/cloud_msgs -- -j28 -l28
[2.242s] DEBUG:colcon.colcon_core.event_handler.log_command:Invoked command in '/root/dddmr_navigation/build/mapping_panel' returned '0': CMAKE_PREFIX_PATH=${CMAKE_PREFIX_PATH}:/opt/ros/humble /usr/bin/cmake --build /root/dddmr_navigation/build/mapping_panel -- -j28 -l28
[2.245s] DEBUG:colcon.colcon_core.event_handler.log_command:Invoking command in '/root/dddmr_navigation/build/mapping_panel': CMAKE_PREFIX_PATH=${CMAKE_PREFIX_PATH}:/opt/ros/humble /usr/bin/cmake --install /root/dddmr_navigation/build/mapping_panel
[2.347s] DEBUG:colcon.colcon_core.event_handler.log_command:Invoked command in '/root/dddmr_navigation/build/dddmr_rviz_default_plugins' returned '0': CMAKE_PREFIX_PATH=${CMAKE_PREFIX_PATH}:/opt/ros/humble /usr/bin/cmake /root/dddmr_navigation/src/dddmr_rviz_tools/dddmr_rviz_default_plugins -DAMENT_CMAKE_SYMLINK_INSTALL=1 -DCMAKE_INSTALL_PREFIX=/root/dddmr_navigation/install/dddmr_rviz_default_plugins
[2.348s] DEBUG:colcon.colcon_core.event_handler.log_command:Invoking command in '/root/dddmr_navigation/build/dddmr_rviz_default_plugins': CMAKE_PREFIX_PATH=${CMAKE_PREFIX_PATH}:/opt/ros/humble /usr/bin/cmake --build /root/dddmr_navigation/build/dddmr_rviz_default_plugins -- -j28 -l28
[2.464s] Level 1:colcon.colcon_core.environment:create_environment_scripts_only(mapping_panel)
[2.464s] Level 1:colcon.colcon_core.environment:checking '/root/dddmr_navigation/install/mapping_panel' for CMake module files
[2.465s] DEBUG:colcon.colcon_core.event_handler.log_command:Invoked command in '/root/dddmr_navigation/build/mapping_panel' returned '0': CMAKE_PREFIX_PATH=${CMAKE_PREFIX_PATH}:/opt/ros/humble /usr/bin/cmake --install /root/dddmr_navigation/build/mapping_panel
[2.466s] Level 1:colcon.colcon_core.environment:checking '/root/dddmr_navigation/install/mapping_panel' for CMake config files
[2.467s] Level 1:colcon.colcon_core.shell:create_environment_hook('mapping_panel', 'cmake_prefix_path')
[2.467s] INFO:colcon.colcon_core.shell:Creating environment hook '/root/dddmr_navigation/install/mapping_panel/share/mapping_panel/hook/cmake_prefix_path.ps1'
[2.467s] INFO:colcon.colcon_core.shell:Creating environment descriptor '/root/dddmr_navigation/install/mapping_panel/share/mapping_panel/hook/cmake_prefix_path.dsv'
[2.468s] INFO:colcon.colcon_core.shell:Creating environment hook '/root/dddmr_navigation/install/mapping_panel/share/mapping_panel/hook/cmake_prefix_path.sh'
[2.468s] Level 1:colcon.colcon_core.environment:checking '/root/dddmr_navigation/install/mapping_panel/lib'
[2.468s] Level 1:colcon.colcon_core.shell:create_environment_hook('mapping_panel', 'ld_library_path_lib')
[2.468s] INFO:colcon.colcon_core.shell:Creating environment hook '/root/dddmr_navigation/install/mapping_panel/share/mapping_panel/hook/ld_library_path_lib.ps1'
[2.469s] INFO:colcon.colcon_core.shell:Creating environment descriptor '/root/dddmr_navigation/install/mapping_panel/share/mapping_panel/hook/ld_library_path_lib.dsv'
[2.469s] INFO:colcon.colcon_core.shell:Creating environment hook '/root/dddmr_navigation/install/mapping_panel/share/mapping_panel/hook/ld_library_path_lib.sh'
[2.469s] Level 1:colcon.colcon_core.environment:checking '/root/dddmr_navigation/install/mapping_panel/bin'
[2.469s] Level 1:colcon.colcon_core.environment:checking '/root/dddmr_navigation/install/mapping_panel/lib/pkgconfig/mapping_panel.pc'
[2.470s] Level 1:colcon.colcon_core.environment:checking '/root/dddmr_navigation/install/mapping_panel/lib/python3.10/site-packages'
[2.470s] Level 1:colcon.colcon_core.environment:checking '/root/dddmr_navigation/install/mapping_panel/bin'
[2.470s] INFO:colcon.colcon_core.shell:Creating package script '/root/dddmr_navigation/install/mapping_panel/share/mapping_panel/package.ps1'
[2.471s] INFO:colcon.colcon_core.shell:Creating package descriptor '/root/dddmr_navigation/install/mapping_panel/share/mapping_panel/package.dsv'
[2.471s] INFO:colcon.colcon_core.shell:Creating package script '/root/dddmr_navigation/install/mapping_panel/share/mapping_panel/package.sh'
[2.472s] INFO:colcon.colcon_core.shell:Creating package script '/root/dddmr_navigation/install/mapping_panel/share/mapping_panel/package.bash'
[2.473s] INFO:colcon.colcon_core.shell:Creating package script '/root/dddmr_navigation/install/mapping_panel/share/mapping_panel/package.zsh'
[2.473s] Level 1:colcon.colcon_core.environment:create_file_with_runtime_dependencies(/root/dddmr_navigation/install/mapping_panel/share/colcon-core/packages/mapping_panel)
[2.473s] Level 1:colcon.colcon_core.environment:create_environment_scripts_only(mapping_panel)
[2.474s] Level 1:colcon.colcon_core.environment:checking '/root/dddmr_navigation/install/mapping_panel' for CMake module files
[2.474s] Level 1:colcon.colcon_core.environment:checking '/root/dddmr_navigation/install/mapping_panel' for CMake config files
[2.474s] Level 1:colcon.colcon_core.shell:create_environment_hook('mapping_panel', 'cmake_prefix_path')
[2.475s] INFO:colcon.colcon_core.shell:Creating environment hook '/root/dddmr_navigation/install/mapping_panel/share/mapping_panel/hook/cmake_prefix_path.ps1'
[2.475s] INFO:colcon.colcon_core.shell:Creating environment descriptor '/root/dddmr_navigation/install/mapping_panel/share/mapping_panel/hook/cmake_prefix_path.dsv'
[2.475s] INFO:colcon.colcon_core.shell:Creating environment hook '/root/dddmr_navigation/install/mapping_panel/share/mapping_panel/hook/cmake_prefix_path.sh'
[2.476s] Level 1:colcon.colcon_core.environment:checking '/root/dddmr_navigation/install/mapping_panel/lib'
[2.476s] Level 1:colcon.colcon_core.shell:create_environment_hook('mapping_panel', 'ld_library_path_lib')
[2.476s] INFO:colcon.colcon_core.shell:Creating environment hook '/root/dddmr_navigation/install/mapping_panel/share/mapping_panel/hook/ld_library_path_lib.ps1'
[2.476s] INFO:colcon.colcon_core.shell:Creating environment descriptor '/root/dddmr_navigation/install/mapping_panel/share/mapping_panel/hook/ld_library_path_lib.dsv'
[2.476s] INFO:colcon.colcon_core.shell:Creating environment hook '/root/dddmr_navigation/install/mapping_panel/share/mapping_panel/hook/ld_library_path_lib.sh'
[2.477s] Level 1:colcon.colcon_core.environment:checking '/root/dddmr_navigation/install/mapping_panel/bin'
[2.477s] Level 1:colcon.colcon_core.environment:checking '/root/dddmr_navigation/install/mapping_panel/lib/pkgconfig/mapping_panel.pc'
[2.477s] Level 1:colcon.colcon_core.environment:checking '/root/dddmr_navigation/install/mapping_panel/lib/python3.10/site-packages'
[2.478s] Level 1:colcon.colcon_core.environment:checking '/root/dddmr_navigation/install/mapping_panel/bin'
[2.478s] INFO:colcon.colcon_core.shell:Creating package script '/root/dddmr_navigation/install/mapping_panel/share/mapping_panel/package.ps1'
[2.479s] INFO:colcon.colcon_core.shell:Creating package descriptor '/root/dddmr_navigation/install/mapping_panel/share/mapping_panel/package.dsv'
[2.480s] INFO:colcon.colcon_core.shell:Creating package script '/root/dddmr_navigation/install/mapping_panel/share/mapping_panel/package.sh'
[2.480s] INFO:colcon.colcon_core.shell:Creating package script '/root/dddmr_navigation/install/mapping_panel/share/mapping_panel/package.bash'
[2.480s] INFO:colcon.colcon_core.shell:Creating package script '/root/dddmr_navigation/install/mapping_panel/share/mapping_panel/package.zsh'
[2.481s] Level 1:colcon.colcon_core.environment:create_file_with_runtime_dependencies(/root/dddmr_navigation/install/mapping_panel/share/colcon-core/packages/mapping_panel)
[2.482s] DEBUG:colcon.colcon_core.event_handler.log_command:Invoked command in '/root/dddmr_navigation/build/cloud_msgs' returned '0': CMAKE_PREFIX_PATH=${CMAKE_PREFIX_PATH}:/opt/ros/humble /usr/bin/cmake --build /root/dddmr_navigation/build/cloud_msgs -- -j28 -l28
[2.484s] DEBUG:colcon.colcon_core.event_handler.log_command:Invoking command in '/root/dddmr_navigation/build/cloud_msgs': CMAKE_PREFIX_PATH=${CMAKE_PREFIX_PATH}:/opt/ros/humble /usr/bin/cmake --install /root/dddmr_navigation/build/cloud_msgs
[2.487s] DEBUG:colcon.colcon_core.event_handler.log_command:Invoked command in '/root/dddmr_navigation/build/dddmr_semantic_segmentation' returned '0': CMAKE_PREFIX_PATH=${CMAKE_PREFIX_PATH}:/opt/ros/humble /usr/bin/cmake /root/dddmr_navigation/src/dddmr_semantic_segmentation -DAMENT_CMAKE_SYMLINK_INSTALL=1 -DCMAKE_INSTALL_PREFIX=/root/dddmr_navigation/install/dddmr_semantic_segmentation
[2.488s] DEBUG:colcon.colcon_core.event_handler.log_command:Invoking command in '/root/dddmr_navigation/build/dddmr_semantic_segmentation': CMAKE_PREFIX_PATH=${CMAKE_PREFIX_PATH}:/opt/ros/humble /usr/bin/cmake --build /root/dddmr_navigation/build/dddmr_semantic_segmentation -- -j28 -l28
[2.535s] DEBUG:colcon.colcon_core.event_handler.log_command:Invoked command in '/root/dddmr_navigation/build/dddmr_sys_core' returned '0': CMAKE_PREFIX_PATH=${CMAKE_PREFIX_PATH}:/opt/ros/humble /usr/bin/cmake /root/dddmr_navigation/src/dddmr_sys_core -DAMENT_CMAKE_SYMLINK_INSTALL=1 -DCMAKE_INSTALL_PREFIX=/root/dddmr_navigation/install/dddmr_sys_core
[2.537s] DEBUG:colcon.colcon_core.event_handler.log_command:Invoking command in '/root/dddmr_navigation/build/dddmr_sys_core': CMAKE_PREFIX_PATH=${CMAKE_PREFIX_PATH}:/opt/ros/humble /usr/bin/cmake --build /root/dddmr_navigation/build/dddmr_sys_core -- -j28 -l28
[2.547s] DEBUG:colcon.colcon_core.event_handler.log_command:Invoked command in '/root/dddmr_navigation/build/perception_3d' returned '0': CMAKE_PREFIX_PATH=${CMAKE_PREFIX_PATH}:/opt/ros/humble /usr/bin/cmake /root/dddmr_navigation/src/dddmr_perception_3d -DAMENT_CMAKE_SYMLINK_INSTALL=1 -DCMAKE_INSTALL_PREFIX=/root/dddmr_navigation/install/perception_3d
[2.549s] DEBUG:colcon.colcon_core.event_handler.log_command:Invoking command in '/root/dddmr_navigation/build/perception_3d': CMAKE_PREFIX_PATH=${CMAKE_PREFIX_PATH}:/opt/ros/humble /usr/bin/cmake --build /root/dddmr_navigation/build/perception_3d -- -j28 -l28
[2.887s] DEBUG:colcon.colcon_core.event_handler.log_command:Invoked command in '/root/dddmr_navigation/build/dddmr_sys_core' returned '0': CMAKE_PREFIX_PATH=${CMAKE_PREFIX_PATH}:/opt/ros/humble /usr/bin/cmake --build /root/dddmr_navigation/build/dddmr_sys_core -- -j28 -l28
[2.889s] DEBUG:colcon.colcon_core.event_handler.log_command:Invoking command in '/root/dddmr_navigation/build/dddmr_sys_core': CMAKE_PREFIX_PATH=${CMAKE_PREFIX_PATH}:/opt/ros/humble /usr/bin/cmake --install /root/dddmr_navigation/build/dddmr_sys_core
[3.126s] Level 1:colcon.colcon_core.environment:create_environment_scripts_only(cloud_msgs)
[3.126s] Level 1:colcon.colcon_core.environment:checking '/root/dddmr_navigation/install/cloud_msgs' for CMake module files
[3.127s] DEBUG:colcon.colcon_core.event_handler.log_command:Invoked command in '/root/dddmr_navigation/build/cloud_msgs' returned '0': CMAKE_PREFIX_PATH=${CMAKE_PREFIX_PATH}:/opt/ros/humble /usr/bin/cmake --install /root/dddmr_navigation/build/cloud_msgs
[3.127s] Level 1:colcon.colcon_core.environment:checking '/root/dddmr_navigation/install/cloud_msgs' for CMake config files
[3.128s] Level 1:colcon.colcon_core.shell:create_environment_hook('cloud_msgs', 'cmake_prefix_path')
[3.128s] INFO:colcon.colcon_core.shell:Creating environment hook '/root/dddmr_navigation/install/cloud_msgs/share/cloud_msgs/hook/cmake_prefix_path.ps1'
[3.129s] INFO:colcon.colcon_core.shell:Creating environment descriptor '/root/dddmr_navigation/install/cloud_msgs/share/cloud_msgs/hook/cmake_prefix_path.dsv'
[3.130s] INFO:colcon.colcon_core.shell:Creating environment hook '/root/dddmr_navigation/install/cloud_msgs/share/cloud_msgs/hook/cmake_prefix_path.sh'
[3.130s] Level 1:colcon.colcon_core.environment:checking '/root/dddmr_navigation/install/cloud_msgs/lib'
[3.130s] Level 1:colcon.colcon_core.shell:create_environment_hook('cloud_msgs', 'ld_library_path_lib')
[3.131s] INFO:colcon.colcon_core.shell:Creating environment hook '/root/dddmr_navigation/install/cloud_msgs/share/cloud_msgs/hook/ld_library_path_lib.ps1'
[3.131s] INFO:colcon.colcon_core.shell:Creating environment descriptor '/root/dddmr_navigation/install/cloud_msgs/share/cloud_msgs/hook/ld_library_path_lib.dsv'
[3.132s] INFO:colcon.colcon_core.shell:Creating environment hook '/root/dddmr_navigation/install/cloud_msgs/share/cloud_msgs/hook/ld_library_path_lib.sh'
[3.132s] Level 1:colcon.colcon_core.environment:checking '/root/dddmr_navigation/install/cloud_msgs/bin'
[3.132s] Level 1:colcon.colcon_core.environment:checking '/root/dddmr_navigation/install/cloud_msgs/lib/pkgconfig/cloud_msgs.pc'
[3.132s] Level 1:colcon.colcon_core.environment:checking '/root/dddmr_navigation/install/cloud_msgs/lib/python3.10/site-packages'
[3.133s] Level 1:colcon.colcon_core.environment:checking '/root/dddmr_navigation/install/cloud_msgs/bin'
[3.133s] INFO:colcon.colcon_core.shell:Creating package script '/root/dddmr_navigation/install/cloud_msgs/share/cloud_msgs/package.ps1'
[3.134s] INFO:colcon.colcon_core.shell:Creating package descriptor '/root/dddmr_navigation/install/cloud_msgs/share/cloud_msgs/package.dsv'
[3.134s] INFO:colcon.colcon_core.shell:Creating package script '/root/dddmr_navigation/install/cloud_msgs/share/cloud_msgs/package.sh'
[3.134s] INFO:colcon.colcon_core.shell:Creating package script '/root/dddmr_navigation/install/cloud_msgs/share/cloud_msgs/package.bash'
[3.135s] INFO:colcon.colcon_core.shell:Creating package script '/root/dddmr_navigation/install/cloud_msgs/share/cloud_msgs/package.zsh'
[3.136s] Level 1:colcon.colcon_core.environment:create_file_with_runtime_dependencies(/root/dddmr_navigation/install/cloud_msgs/share/colcon-core/packages/cloud_msgs)
[3.137s] Level 1:colcon.colcon_core.environment:create_environment_scripts_only(cloud_msgs)
[3.137s] Level 1:colcon.colcon_core.environment:checking '/root/dddmr_navigation/install/cloud_msgs' for CMake module files
[3.138s] Level 1:colcon.colcon_core.environment:checking '/root/dddmr_navigation/install/cloud_msgs' for CMake config files
[3.139s] Level 1:colcon.colcon_core.shell:create_environment_hook('cloud_msgs', 'cmake_prefix_path')
[3.139s] INFO:colcon.colcon_core.shell:Creating environment hook '/root/dddmr_navigation/install/cloud_msgs/share/cloud_msgs/hook/cmake_prefix_path.ps1'
[3.140s] INFO:colcon.colcon_core.shell:Creating environment descriptor '/root/dddmr_navigation/install/cloud_msgs/share/cloud_msgs/hook/cmake_prefix_path.dsv'
[3.141s] INFO:colcon.colcon_core.shell:Creating environment hook '/root/dddmr_navigation/install/cloud_msgs/share/cloud_msgs/hook/cmake_prefix_path.sh'
[3.142s] Level 1:colcon.colcon_core.environment:checking '/root/dddmr_navigation/install/cloud_msgs/lib'
[3.142s] Level 1:colcon.colcon_core.shell:create_environment_hook('cloud_msgs', 'ld_library_path_lib')
[3.142s] INFO:colcon.colcon_core.shell:Creating environment hook '/root/dddmr_navigation/install/cloud_msgs/share/cloud_msgs/hook/ld_library_path_lib.ps1'
[3.142s] INFO:colcon.colcon_core.shell:Creating environment descriptor '/root/dddmr_navigation/install/cloud_msgs/share/cloud_msgs/hook/ld_library_path_lib.dsv'
[3.143s] INFO:colcon.colcon_core.shell:Creating environment hook '/root/dddmr_navigation/install/cloud_msgs/share/cloud_msgs/hook/ld_library_path_lib.sh'
[3.144s] Level 1:colcon.colcon_core.environment:checking '/root/dddmr_navigation/install/cloud_msgs/bin'
[3.144s] Level 1:colcon.colcon_core.environment:checking '/root/dddmr_navigation/install/cloud_msgs/lib/pkgconfig/cloud_msgs.pc'
[3.144s] Level 1:colcon.colcon_core.environment:checking '/root/dddmr_navigation/install/cloud_msgs/lib/python3.10/site-packages'
[3.144s] Level 1:colcon.colcon_core.environment:checking '/root/dddmr_navigation/install/cloud_msgs/bin'
[3.145s] INFO:colcon.colcon_core.shell:Creating package script '/root/dddmr_navigation/install/cloud_msgs/share/cloud_msgs/package.ps1'
[3.145s] INFO:colcon.colcon_core.shell:Creating package descriptor '/root/dddmr_navigation/install/cloud_msgs/share/cloud_msgs/package.dsv'
[3.146s] INFO:colcon.colcon_core.shell:Creating package script '/root/dddmr_navigation/install/cloud_msgs/share/cloud_msgs/package.sh'
[3.146s] INFO:colcon.colcon_core.shell:Creating package script '/root/dddmr_navigation/install/cloud_msgs/share/cloud_msgs/package.bash'
[3.146s] INFO:colcon.colcon_core.shell:Creating package script '/root/dddmr_navigation/install/cloud_msgs/share/cloud_msgs/package.zsh'
[3.147s] Level 1:colcon.colcon_core.environment:create_file_with_runtime_dependencies(/root/dddmr_navigation/install/cloud_msgs/share/colcon-core/packages/cloud_msgs)
[3.147s] INFO:colcon.colcon_ros.task.ament_cmake.build:Building ROS package in '/root/dddmr_navigation/src/dddmr_mcl_3dl' with build type 'ament_cmake'
[3.147s] INFO:colcon.colcon_cmake.task.cmake.build:Building CMake package in '/root/dddmr_navigation/src/dddmr_mcl_3dl'
[3.147s] INFO:colcon.colcon_core.shell:Skip shell extension 'powershell' for command environment: Not usable outside of PowerShell
[3.147s] DEBUG:colcon.colcon_core.shell:Skip shell extension 'dsv' for command environment
[3.159s] DEBUG:colcon.colcon_core.event_handler.log_command:Invoking command in '/root/dddmr_navigation/build/mcl_3dl': AMENT_PREFIX_PATH=/root/dddmr_navigation/install/cloud_msgs:${AMENT_PREFIX_PATH} CMAKE_PREFIX_PATH=/root/dddmr_navigation/install/cloud_msgs:/root/livox_ws/install/livox_ros_driver2:/opt/ros/humble LD_LIBRARY_PATH=/root/dddmr_navigation/install/cloud_msgs/lib:${LD_LIBRARY_PATH} PYTHONPATH=/root/dddmr_navigation/install/cloud_msgs/local/lib/python3.10/dist-packages:${PYTHONPATH} /usr/bin/cmake /root/dddmr_navigation/src/dddmr_mcl_3dl -DAMENT_CMAKE_SYMLINK_INSTALL=1 -DCMAKE_INSTALL_PREFIX=/root/dddmr_navigation/install/mcl_3dl
[3.183s] DEBUG:colcon.colcon_core.event_handler.log_command:Invoked command in '/root/dddmr_navigation/build/fast_lio' returned '0': CMAKE_PREFIX_PATH=${CMAKE_PREFIX_PATH}:/opt/ros/humble /usr/bin/cmake /root/dddmr_navigation/src/FAST_LIO -DAMENT_CMAKE_SYMLINK_INSTALL=1 -DCMAKE_INSTALL_PREFIX=/root/dddmr_navigation/install/fast_lio
[3.185s] DEBUG:colcon.colcon_core.event_handler.log_command:Invoking command in '/root/dddmr_navigation/build/fast_lio': CMAKE_PREFIX_PATH=${CMAKE_PREFIX_PATH}:/opt/ros/humble /usr/bin/cmake --build /root/dddmr_navigation/build/fast_lio -- -j28 -l28
[4.277s] Level 1:colcon.colcon_core.environment:create_environment_scripts_only(dddmr_sys_core)
[4.277s] Level 1:colcon.colcon_core.environment:checking '/root/dddmr_navigation/install/dddmr_sys_core' for CMake module files
[4.278s] DEBUG:colcon.colcon_core.event_handler.log_command:Invoked command in '/root/dddmr_navigation/build/dddmr_sys_core' returned '0': CMAKE_PREFIX_PATH=${CMAKE_PREFIX_PATH}:/opt/ros/humble /usr/bin/cmake --install /root/dddmr_navigation/build/dddmr_sys_core
[4.278s] Level 1:colcon.colcon_core.environment:checking '/root/dddmr_navigation/install/dddmr_sys_core' for CMake config files
[4.279s] Level 1:colcon.colcon_core.shell:create_environment_hook('dddmr_sys_core', 'cmake_prefix_path')
[4.280s] INFO:colcon.colcon_core.shell:Creating environment hook '/root/dddmr_navigation/install/dddmr_sys_core/share/dddmr_sys_core/hook/cmake_prefix_path.ps1'
[4.280s] INFO:colcon.colcon_core.shell:Creating environment descriptor '/root/dddmr_navigation/install/dddmr_sys_core/share/dddmr_sys_core/hook/cmake_prefix_path.dsv'
[4.280s] INFO:colcon.colcon_core.shell:Creating environment hook '/root/dddmr_navigation/install/dddmr_sys_core/share/dddmr_sys_core/hook/cmake_prefix_path.sh'
[4.281s] Level 1:colcon.colcon_core.environment:checking '/root/dddmr_navigation/install/dddmr_sys_core/lib'
[4.281s] Level 1:colcon.colcon_core.shell:create_environment_hook('dddmr_sys_core', 'ld_library_path_lib')
[4.281s] INFO:colcon.colcon_core.shell:Creating environment hook '/root/dddmr_navigation/install/dddmr_sys_core/share/dddmr_sys_core/hook/ld_library_path_lib.ps1'
[4.282s] INFO:colcon.colcon_core.shell:Creating environment descriptor '/root/dddmr_navigation/install/dddmr_sys_core/share/dddmr_sys_core/hook/ld_library_path_lib.dsv'
[4.282s] INFO:colcon.colcon_core.shell:Creating environment hook '/root/dddmr_navigation/install/dddmr_sys_core/share/dddmr_sys_core/hook/ld_library_path_lib.sh'
[4.282s] Level 1:colcon.colcon_core.environment:checking '/root/dddmr_navigation/install/dddmr_sys_core/bin'
[4.282s] Level 1:colcon.colcon_core.environment:checking '/root/dddmr_navigation/install/dddmr_sys_core/lib/pkgconfig/dddmr_sys_core.pc'
[4.282s] Level 1:colcon.colcon_core.environment:checking '/root/dddmr_navigation/install/dddmr_sys_core/lib/python3.10/site-packages'
[4.283s] Level 1:colcon.colcon_core.environment:checking '/root/dddmr_navigation/install/dddmr_sys_core/bin'
[4.283s] INFO:colcon.colcon_core.shell:Creating package script '/root/dddmr_navigation/install/dddmr_sys_core/share/dddmr_sys_core/package.ps1'
[4.283s] INFO:colcon.colcon_core.shell:Creating package descriptor '/root/dddmr_navigation/install/dddmr_sys_core/share/dddmr_sys_core/package.dsv'
[4.284s] INFO:colcon.colcon_core.shell:Creating package script '/root/dddmr_navigation/install/dddmr_sys_core/share/dddmr_sys_core/package.sh'
[4.285s] INFO:colcon.colcon_core.shell:Creating package script '/root/dddmr_navigation/install/dddmr_sys_core/share/dddmr_sys_core/package.bash'
[4.285s] INFO:colcon.colcon_core.shell:Creating package script '/root/dddmr_navigation/install/dddmr_sys_core/share/dddmr_sys_core/package.zsh'
[4.285s] Level 1:colcon.colcon_core.environment:create_file_with_runtime_dependencies(/root/dddmr_navigation/install/dddmr_sys_core/share/colcon-core/packages/dddmr_sys_core)
[4.286s] Level 1:colcon.colcon_core.environment:create_environment_scripts_only(dddmr_sys_core)
[4.286s] Level 1:colcon.colcon_core.environment:checking '/root/dddmr_navigation/install/dddmr_sys_core' for CMake module files
[4.286s] Level 1:colcon.colcon_core.environment:checking '/root/dddmr_navigation/install/dddmr_sys_core' for CMake config files
[4.288s] Level 1:colcon.colcon_core.shell:create_environment_hook('dddmr_sys_core', 'cmake_prefix_path')
[4.289s] INFO:colcon.colcon_core.shell:Creating environment hook '/root/dddmr_navigation/install/dddmr_sys_core/share/dddmr_sys_core/hook/cmake_prefix_path.ps1'
[4.289s] INFO:colcon.colcon_core.shell:Creating environment descriptor '/root/dddmr_navigation/install/dddmr_sys_core/share/dddmr_sys_core/hook/cmake_prefix_path.dsv'
[4.290s] INFO:colcon.colcon_core.shell:Creating environment hook '/root/dddmr_navigation/install/dddmr_sys_core/share/dddmr_sys_core/hook/cmake_prefix_path.sh'
[4.291s] Level 1:colcon.colcon_core.environment:checking '/root/dddmr_navigation/install/dddmr_sys_core/lib'
[4.291s] Level 1:colcon.colcon_core.shell:create_environment_hook('dddmr_sys_core', 'ld_library_path_lib')
[4.291s] INFO:colcon.colcon_core.shell:Creating environment hook '/root/dddmr_navigation/install/dddmr_sys_core/share/dddmr_sys_core/hook/ld_library_path_lib.ps1'
[4.292s] INFO:colcon.colcon_core.shell:Creating environment descriptor '/root/dddmr_navigation/install/dddmr_sys_core/share/dddmr_sys_core/hook/ld_library_path_lib.dsv'
[4.292s] INFO:colcon.colcon_core.shell:Creating environment hook '/root/dddmr_navigation/install/dddmr_sys_core/share/dddmr_sys_core/hook/ld_library_path_lib.sh'
[4.293s] Level 1:colcon.colcon_core.environment:checking '/root/dddmr_navigation/install/dddmr_sys_core/bin'
[4.293s] Level 1:colcon.colcon_core.environment:checking '/root/dddmr_navigation/install/dddmr_sys_core/lib/pkgconfig/dddmr_sys_core.pc'
[4.293s] Level 1:colcon.colcon_core.environment:checking '/root/dddmr_navigation/install/dddmr_sys_core/lib/python3.10/site-packages'
[4.294s] Level 1:colcon.colcon_core.environment:checking '/root/dddmr_navigation/install/dddmr_sys_core/bin'
[4.294s] INFO:colcon.colcon_core.shell:Creating package script '/root/dddmr_navigation/install/dddmr_sys_core/share/dddmr_sys_core/package.ps1'
[4.295s] INFO:colcon.colcon_core.shell:Creating package descriptor '/root/dddmr_navigation/install/dddmr_sys_core/share/dddmr_sys_core/package.dsv'
[4.295s] INFO:colcon.colcon_core.shell:Creating package script '/root/dddmr_navigation/install/dddmr_sys_core/share/dddmr_sys_core/package.sh'
[4.296s] INFO:colcon.colcon_core.shell:Creating package script '/root/dddmr_navigation/install/dddmr_sys_core/share/dddmr_sys_core/package.bash'
[4.296s] INFO:colcon.colcon_core.shell:Creating package script '/root/dddmr_navigation/install/dddmr_sys_core/share/dddmr_sys_core/package.zsh'
[4.296s] Level 1:colcon.colcon_core.environment:create_file_with_runtime_dependencies(/root/dddmr_navigation/install/dddmr_sys_core/share/colcon-core/packages/dddmr_sys_core)
[4.297s] INFO:colcon.colcon_ros.task.ament_cmake.build:Building ROS package in '/root/dddmr_navigation/src/dddmr_lego_loam/lego_loam_bor' with build type 'ament_cmake'
[4.297s] INFO:colcon.colcon_cmake.task.cmake.build:Building CMake package in '/root/dddmr_navigation/src/dddmr_lego_loam/lego_loam_bor'
[4.297s] INFO:colcon.colcon_core.shell:Skip shell extension 'powershell' for command environment: Not usable outside of PowerShell
[4.297s] DEBUG:colcon.colcon_core.shell:Skip shell extension 'dsv' for command environment
[4.310s] DEBUG:colcon.colcon_core.event_handler.log_command:Invoking command in '/root/dddmr_navigation/build/lego_loam_bor': AMENT_PREFIX_PATH=/root/dddmr_navigation/install/dddmr_trt:/root/dddmr_navigation/install/dddmr_sys_core:/root/dddmr_navigation/install/cloud_msgs:${AMENT_PREFIX_PATH} CMAKE_PREFIX_PATH=/root/dddmr_navigation/install/dddmr_trt:/root/dddmr_navigation/install/dddmr_sys_core:/root/dddmr_navigation/install/cloud_msgs:/root/livox_ws/install/livox_ros_driver2:/opt/ros/humble LD_LIBRARY_PATH=/root/dddmr_navigation/install/dddmr_sys_core/lib:/root/dddmr_navigation/install/cloud_msgs/lib:${LD_LIBRARY_PATH} PYTHONPATH=/root/dddmr_navigation/install/dddmr_sys_core/local/lib/python3.10/dist-packages:/root/dddmr_navigation/install/cloud_msgs/local/lib/python3.10/dist-packages:${PYTHONPATH} /usr/bin/cmake /root/dddmr_navigation/src/dddmr_lego_loam/lego_loam_bor -DAMENT_CMAKE_SYMLINK_INSTALL=1 -DCMAKE_INSTALL_PREFIX=/root/dddmr_navigation/install/lego_loam_bor
[7.031s] DEBUG:colcon.colcon_core.event_handler.log_command:Invoked command in '/root/dddmr_navigation/build/mcl_3dl' returned '0': AMENT_PREFIX_PATH=/root/dddmr_navigation/install/cloud_msgs:${AMENT_PREFIX_PATH} CMAKE_PREFIX_PATH=/root/dddmr_navigation/install/cloud_msgs:/root/livox_ws/install/livox_ros_driver2:/opt/ros/humble LD_LIBRARY_PATH=/root/dddmr_navigation/install/cloud_msgs/lib:${LD_LIBRARY_PATH} PYTHONPATH=/root/dddmr_navigation/install/cloud_msgs/local/lib/python3.10/dist-packages:${PYTHONPATH} /usr/bin/cmake /root/dddmr_navigation/src/dddmr_mcl_3dl -DAMENT_CMAKE_SYMLINK_INSTALL=1 -DCMAKE_INSTALL_PREFIX=/root/dddmr_navigation/install/mcl_3dl
[7.034s] DEBUG:colcon.colcon_core.event_handler.log_command:Invoking command in '/root/dddmr_navigation/build/mcl_3dl': AMENT_PREFIX_PATH=/root/dddmr_navigation/install/cloud_msgs:${AMENT_PREFIX_PATH} CMAKE_PREFIX_PATH=/root/dddmr_navigation/install/cloud_msgs:/root/livox_ws/install/livox_ros_driver2:/opt/ros/humble LD_LIBRARY_PATH=/root/dddmr_navigation/install/cloud_msgs/lib:${LD_LIBRARY_PATH} PYTHONPATH=/root/dddmr_navigation/install/cloud_msgs/local/lib/python3.10/dist-packages:${PYTHONPATH} /usr/bin/cmake --build /root/dddmr_navigation/build/mcl_3dl -- -j28 -l28
[9.073s] DEBUG:colcon.colcon_core.event_handler.log_command:Invoked command in '/root/dddmr_navigation/build/lego_loam_bor' returned '0': AMENT_PREFIX_PATH=/root/dddmr_navigation/install/dddmr_trt:/root/dddmr_navigation/install/dddmr_sys_core:/root/dddmr_navigation/install/cloud_msgs:${AMENT_PREFIX_PATH} CMAKE_PREFIX_PATH=/root/dddmr_navigation/install/dddmr_trt:/root/dddmr_navigation/install/dddmr_sys_core:/root/dddmr_navigation/install/cloud_msgs:/root/livox_ws/install/livox_ros_driver2:/opt/ros/humble LD_LIBRARY_PATH=/root/dddmr_navigation/install/dddmr_sys_core/lib:/root/dddmr_navigation/install/cloud_msgs/lib:${LD_LIBRARY_PATH} PYTHONPATH=/root/dddmr_navigation/install/dddmr_sys_core/local/lib/python3.10/dist-packages:/root/dddmr_navigation/install/cloud_msgs/local/lib/python3.10/dist-packages:${PYTHONPATH} /usr/bin/cmake /root/dddmr_navigation/src/dddmr_lego_loam/lego_loam_bor -DAMENT_CMAKE_SYMLINK_INSTALL=1 -DCMAKE_INSTALL_PREFIX=/root/dddmr_navigation/install/lego_loam_bor
[9.076s] DEBUG:colcon.colcon_core.event_handler.log_command:Invoking command in '/root/dddmr_navigation/build/lego_loam_bor': AMENT_PREFIX_PATH=/root/dddmr_navigation/install/dddmr_trt:/root/dddmr_navigation/install/dddmr_sys_core:/root/dddmr_navigation/install/cloud_msgs:${AMENT_PREFIX_PATH} CMAKE_PREFIX_PATH=/root/dddmr_navigation/install/dddmr_trt:/root/dddmr_navigation/install/dddmr_sys_core:/root/dddmr_navigation/install/cloud_msgs:/root/livox_ws/install/livox_ros_driver2:/opt/ros/humble LD_LIBRARY_PATH=/root/dddmr_navigation/install/dddmr_sys_core/lib:/root/dddmr_navigation/install/cloud_msgs/lib:${LD_LIBRARY_PATH} PYTHONPATH=/root/dddmr_navigation/install/dddmr_sys_core/local/lib/python3.10/dist-packages:/root/dddmr_navigation/install/cloud_msgs/local/lib/python3.10/dist-packages:${PYTHONPATH} /usr/bin/cmake --build /root/dddmr_navigation/build/lego_loam_bor -- -j28 -l28
[20.370s] DEBUG:colcon.colcon_core.event_handler.log_command:Invoked command in '/root/dddmr_navigation/build/base_trajectory' returned '0': CMAKE_PREFIX_PATH=${CMAKE_PREFIX_PATH}:/opt/ros/humble /usr/bin/cmake --build /root/dddmr_navigation/build/base_trajectory -- -j28 -l28
[20.410s] DEBUG:colcon.colcon_core.event_handler.log_command:Invoking command in '/root/dddmr_navigation/build/base_trajectory': CMAKE_PREFIX_PATH=${CMAKE_PREFIX_PATH}:/opt/ros/humble /usr/bin/cmake --install /root/dddmr_navigation/build/base_trajectory
[20.646s] Level 1:colcon.colcon_core.environment:create_environment_scripts_only(base_trajectory)
[20.654s] Level 1:colcon.colcon_core.environment:checking '/root/dddmr_navigation/install/base_trajectory' for CMake module files
[20.655s] DEBUG:colcon.colcon_core.event_handler.log_command:Invoked command in '/root/dddmr_navigation/build/base_trajectory' returned '0': CMAKE_PREFIX_PATH=${CMAKE_PREFIX_PATH}:/opt/ros/humble /usr/bin/cmake --install /root/dddmr_navigation/build/base_trajectory
[20.656s] Level 1:colcon.colcon_core.environment:checking '/root/dddmr_navigation/install/base_trajectory' for CMake config files
[20.657s] Level 1:colcon.colcon_core.shell:create_environment_hook('base_trajectory', 'cmake_prefix_path')
[20.659s] INFO:colcon.colcon_core.shell:Creating environment hook '/root/dddmr_navigation/install/base_trajectory/share/base_trajectory/hook/cmake_prefix_path.ps1'
[20.671s] INFO:colcon.colcon_core.shell:Creating environment descriptor '/root/dddmr_navigation/install/base_trajectory/share/base_trajectory/hook/cmake_prefix_path.dsv'
[20.674s] INFO:colcon.colcon_core.shell:Creating environment hook '/root/dddmr_navigation/install/base_trajectory/share/base_trajectory/hook/cmake_prefix_path.sh'
[20.679s] Level 1:colcon.colcon_core.environment:checking '/root/dddmr_navigation/install/base_trajectory/lib'
[20.679s] Level 1:colcon.colcon_core.shell:create_environment_hook('base_trajectory', 'ld_library_path_lib')
[20.680s] INFO:colcon.colcon_core.shell:Creating environment hook '/root/dddmr_navigation/install/base_trajectory/share/base_trajectory/hook/ld_library_path_lib.ps1'
[20.681s] INFO:colcon.colcon_core.shell:Creating environment descriptor '/root/dddmr_navigation/install/base_trajectory/share/base_trajectory/hook/ld_library_path_lib.dsv'
[20.682s] INFO:colcon.colcon_core.shell:Creating environment hook '/root/dddmr_navigation/install/base_trajectory/share/base_trajectory/hook/ld_library_path_lib.sh'
[20.683s] Level 1:colcon.colcon_core.environment:checking '/root/dddmr_navigation/install/base_trajectory/bin'
[20.683s] Level 1:colcon.colcon_core.environment:checking '/root/dddmr_navigation/install/base_trajectory/lib/pkgconfig/base_trajectory.pc'
[20.689s] Level 1:colcon.colcon_core.environment:checking '/root/dddmr_navigation/install/base_trajectory/lib/python3.10/site-packages'
[20.690s] Level 1:colcon.colcon_core.environment:checking '/root/dddmr_navigation/install/base_trajectory/bin'
[20.691s] INFO:colcon.colcon_core.shell:Creating package script '/root/dddmr_navigation/install/base_trajectory/share/base_trajectory/package.ps1'
[20.693s] INFO:colcon.colcon_core.shell:Creating package descriptor '/root/dddmr_navigation/install/base_trajectory/share/base_trajectory/package.dsv'
[20.693s] INFO:colcon.colcon_core.shell:Creating package script '/root/dddmr_navigation/install/base_trajectory/share/base_trajectory/package.sh'
[20.695s] INFO:colcon.colcon_core.shell:Creating package script '/root/dddmr_navigation/install/base_trajectory/share/base_trajectory/package.bash'
[20.696s] INFO:colcon.colcon_core.shell:Creating package script '/root/dddmr_navigation/install/base_trajectory/share/base_trajectory/package.zsh'
[20.698s] Level 1:colcon.colcon_core.environment:create_file_with_runtime_dependencies(/root/dddmr_navigation/install/base_trajectory/share/colcon-core/packages/base_trajectory)
[20.700s] Level 1:colcon.colcon_core.environment:create_environment_scripts_only(base_trajectory)
[20.700s] Level 1:colcon.colcon_core.environment:checking '/root/dddmr_navigation/install/base_trajectory' for CMake module files
[20.701s] Level 1:colcon.colcon_core.environment:checking '/root/dddmr_navigation/install/base_trajectory' for CMake config files
[20.701s] Level 1:colcon.colcon_core.shell:create_environment_hook('base_trajectory', 'cmake_prefix_path')
[20.701s] INFO:colcon.colcon_core.shell:Creating environment hook '/root/dddmr_navigation/install/base_trajectory/share/base_trajectory/hook/cmake_prefix_path.ps1'
[20.702s] INFO:colcon.colcon_core.shell:Creating environment descriptor '/root/dddmr_navigation/install/base_trajectory/share/base_trajectory/hook/cmake_prefix_path.dsv'
[20.703s] INFO:colcon.colcon_core.shell:Creating environment hook '/root/dddmr_navigation/install/base_trajectory/share/base_trajectory/hook/cmake_prefix_path.sh'
[20.704s] Level 1:colcon.colcon_core.environment:checking '/root/dddmr_navigation/install/base_trajectory/lib'
[20.704s] Level 1:colcon.colcon_core.shell:create_environment_hook('base_trajectory', 'ld_library_path_lib')
[20.705s] INFO:colcon.colcon_core.shell:Creating environment hook '/root/dddmr_navigation/install/base_trajectory/share/base_trajectory/hook/ld_library_path_lib.ps1'
[20.705s] INFO:colcon.colcon_core.shell:Creating environment descriptor '/root/dddmr_navigation/install/base_trajectory/share/base_trajectory/hook/ld_library_path_lib.dsv'
[20.706s] INFO:colcon.colcon_core.shell:Creating environment hook '/root/dddmr_navigation/install/base_trajectory/share/base_trajectory/hook/ld_library_path_lib.sh'
[20.707s] Level 1:colcon.colcon_core.environment:checking '/root/dddmr_navigation/install/base_trajectory/bin'
[20.707s] Level 1:colcon.colcon_core.environment:checking '/root/dddmr_navigation/install/base_trajectory/lib/pkgconfig/base_trajectory.pc'
[20.708s] Level 1:colcon.colcon_core.environment:checking '/root/dddmr_navigation/install/base_trajectory/lib/python3.10/site-packages'
[20.708s] Level 1:colcon.colcon_core.environment:checking '/root/dddmr_navigation/install/base_trajectory/bin'
[20.708s] INFO:colcon.colcon_core.shell:Creating package script '/root/dddmr_navigation/install/base_trajectory/share/base_trajectory/package.ps1'
[20.709s] INFO:colcon.colcon_core.shell:Creating package descriptor '/root/dddmr_navigation/install/base_trajectory/share/base_trajectory/package.dsv'
[20.710s] INFO:colcon.colcon_core.shell:Creating package script '/root/dddmr_navigation/install/base_trajectory/share/base_trajectory/package.sh'
[20.712s] INFO:colcon.colcon_core.shell:Creating package script '/root/dddmr_navigation/install/base_trajectory/share/base_trajectory/package.bash'
[20.713s] INFO:colcon.colcon_core.shell:Creating package script '/root/dddmr_navigation/install/base_trajectory/share/base_trajectory/package.zsh'
[20.713s] Level 1:colcon.colcon_core.environment:create_file_with_runtime_dependencies(/root/dddmr_navigation/install/base_trajectory/share/colcon-core/packages/base_trajectory)
[20.718s] INFO:colcon.colcon_ros.task.ament_cmake.build:Building ROS package in '/root/dddmr_navigation/src/dddmr_local_planner/mpc_critics' with build type 'ament_cmake'
[20.719s] INFO:colcon.colcon_cmake.task.cmake.build:Building CMake package in '/root/dddmr_navigation/src/dddmr_local_planner/mpc_critics'
[20.721s] INFO:colcon.colcon_core.shell:Skip shell extension 'powershell' for command environment: Not usable outside of PowerShell
[20.721s] DEBUG:colcon.colcon_core.shell:Skip shell extension 'dsv' for command environment
[20.732s] INFO:colcon.colcon_ros.task.ament_cmake.build:Building ROS package in '/root/dddmr_navigation/src/dddmr_local_planner/trajectory_generators' with build type 'ament_cmake'
[20.732s] INFO:colcon.colcon_cmake.task.cmake.build:Building CMake package in '/root/dddmr_navigation/src/dddmr_local_planner/trajectory_generators'
[20.733s] INFO:colcon.colcon_core.shell:Skip shell extension 'powershell' for command environment: Not usable outside of PowerShell
[20.733s] DEBUG:colcon.colcon_core.shell:Skip shell extension 'dsv' for command environment
[20.766s] DEBUG:colcon.colcon_core.event_handler.log_command:Invoking command in '/root/dddmr_navigation/build/mpc_critics': AMENT_PREFIX_PATH=/root/dddmr_navigation/install/base_trajectory:${AMENT_PREFIX_PATH} CMAKE_PREFIX_PATH=/root/dddmr_navigation/install/base_trajectory:/root/livox_ws/install/livox_ros_driver2:/opt/ros/humble LD_LIBRARY_PATH=/root/dddmr_navigation/install/base_trajectory/lib:${LD_LIBRARY_PATH} /usr/bin/cmake /root/dddmr_navigation/src/dddmr_local_planner/mpc_critics -DAMENT_CMAKE_SYMLINK_INSTALL=1 -DCMAKE_INSTALL_PREFIX=/root/dddmr_navigation/install/mpc_critics
[20.769s] DEBUG:colcon.colcon_core.event_handler.log_command:Invoking command in '/root/dddmr_navigation/build/trajectory_generators': AMENT_PREFIX_PATH=/root/dddmr_navigation/install/base_trajectory:${AMENT_PREFIX_PATH} CMAKE_PREFIX_PATH=/root/dddmr_navigation/install/base_trajectory:/root/livox_ws/install/livox_ros_driver2:/opt/ros/humble LD_LIBRARY_PATH=/root/dddmr_navigation/install/base_trajectory/lib:${LD_LIBRARY_PATH} /usr/bin/cmake /root/dddmr_navigation/src/dddmr_local_planner/trajectory_generators -DAMENT_CMAKE_SYMLINK_INSTALL=1 -DCMAKE_INSTALL_PREFIX=/root/dddmr_navigation/install/trajectory_generators
[25.689s] DEBUG:colcon.colcon_core.event_handler.log_command:Invoked command in '/root/dddmr_navigation/build/mpc_critics' returned '0': AMENT_PREFIX_PATH=/root/dddmr_navigation/install/base_trajectory:${AMENT_PREFIX_PATH} CMAKE_PREFIX_PATH=/root/dddmr_navigation/install/base_trajectory:/root/livox_ws/install/livox_ros_driver2:/opt/ros/humble LD_LIBRARY_PATH=/root/dddmr_navigation/install/base_trajectory/lib:${LD_LIBRARY_PATH} /usr/bin/cmake /root/dddmr_navigation/src/dddmr_local_planner/mpc_critics -DAMENT_CMAKE_SYMLINK_INSTALL=1 -DCMAKE_INSTALL_PREFIX=/root/dddmr_navigation/install/mpc_critics
[25.696s] DEBUG:colcon.colcon_core.event_handler.log_command:Invoking command in '/root/dddmr_navigation/build/mpc_critics': AMENT_PREFIX_PATH=/root/dddmr_navigation/install/base_trajectory:${AMENT_PREFIX_PATH} CMAKE_PREFIX_PATH=/root/dddmr_navigation/install/base_trajectory:/root/livox_ws/install/livox_ros_driver2:/opt/ros/humble LD_LIBRARY_PATH=/root/dddmr_navigation/install/base_trajectory/lib:${LD_LIBRARY_PATH} /usr/bin/cmake --build /root/dddmr_navigation/build/mpc_critics -- -j28 -l28
[25.881s] DEBUG:colcon.colcon_core.event_handler.log_command:Invoked command in '/root/dddmr_navigation/build/trajectory_generators' returned '0': AMENT_PREFIX_PATH=/root/dddmr_navigation/install/base_trajectory:${AMENT_PREFIX_PATH} CMAKE_PREFIX_PATH=/root/dddmr_navigation/install/base_trajectory:/root/livox_ws/install/livox_ros_driver2:/opt/ros/humble LD_LIBRARY_PATH=/root/dddmr_navigation/install/base_trajectory/lib:${LD_LIBRARY_PATH} /usr/bin/cmake /root/dddmr_navigation/src/dddmr_local_planner/trajectory_generators -DAMENT_CMAKE_SYMLINK_INSTALL=1 -DCMAKE_INSTALL_PREFIX=/root/dddmr_navigation/install/trajectory_generators
[25.882s] DEBUG:colcon.colcon_core.event_handler.log_command:Invoking command in '/root/dddmr_navigation/build/trajectory_generators': AMENT_PREFIX_PATH=/root/dddmr_navigation/install/base_trajectory:${AMENT_PREFIX_PATH} CMAKE_PREFIX_PATH=/root/dddmr_navigation/install/base_trajectory:/root/livox_ws/install/livox_ros_driver2:/opt/ros/humble LD_LIBRARY_PATH=/root/dddmr_navigation/install/base_trajectory/lib:${LD_LIBRARY_PATH} /usr/bin/cmake --build /root/dddmr_navigation/build/trajectory_generators -- -j28 -l28
[28.930s] DEBUG:colcon.colcon_core.event_handler.log_command:Invoked command in '/root/dddmr_navigation/build/dddmr_rviz_default_plugins' returned '0': CMAKE_PREFIX_PATH=${CMAKE_PREFIX_PATH}:/opt/ros/humble /usr/bin/cmake --build /root/dddmr_navigation/build/dddmr_rviz_default_plugins -- -j28 -l28
[28.934s] DEBUG:colcon.colcon_core.event_handler.log_command:Invoking command in '/root/dddmr_navigation/build/dddmr_rviz_default_plugins': CMAKE_PREFIX_PATH=${CMAKE_PREFIX_PATH}:/opt/ros/humble /usr/bin/cmake --install /root/dddmr_navigation/build/dddmr_rviz_default_plugins
[29.411s] Level 1:colcon.colcon_core.environment:create_environment_scripts_only(dddmr_rviz_default_plugins)
[29.412s] Level 1:colcon.colcon_core.environment:checking '/root/dddmr_navigation/install/dddmr_rviz_default_plugins' for CMake module files
[29.413s] DEBUG:colcon.colcon_core.event_handler.log_command:Invoked command in '/root/dddmr_navigation/build/dddmr_rviz_default_plugins' returned '0': CMAKE_PREFIX_PATH=${CMAKE_PREFIX_PATH}:/opt/ros/humble /usr/bin/cmake --install /root/dddmr_navigation/build/dddmr_rviz_default_plugins
[29.413s] Level 1:colcon.colcon_core.environment:checking '/root/dddmr_navigation/install/dddmr_rviz_default_plugins' for CMake config files
[29.413s] Level 1:colcon.colcon_core.shell:create_environment_hook('dddmr_rviz_default_plugins', 'cmake_prefix_path')
[29.414s] INFO:colcon.colcon_core.shell:Creating environment hook '/root/dddmr_navigation/install/dddmr_rviz_default_plugins/share/dddmr_rviz_default_plugins/hook/cmake_prefix_path.ps1'
[29.415s] INFO:colcon.colcon_core.shell:Creating environment descriptor '/root/dddmr_navigation/install/dddmr_rviz_default_plugins/share/dddmr_rviz_default_plugins/hook/cmake_prefix_path.dsv'
[29.415s] INFO:colcon.colcon_core.shell:Creating environment hook '/root/dddmr_navigation/install/dddmr_rviz_default_plugins/share/dddmr_rviz_default_plugins/hook/cmake_prefix_path.sh'
[29.416s] Level 1:colcon.colcon_core.environment:checking '/root/dddmr_navigation/install/dddmr_rviz_default_plugins/lib'
[29.416s] Level 1:colcon.colcon_core.shell:create_environment_hook('dddmr_rviz_default_plugins', 'ld_library_path_lib')
[29.416s] INFO:colcon.colcon_core.shell:Creating environment hook '/root/dddmr_navigation/install/dddmr_rviz_default_plugins/share/dddmr_rviz_default_plugins/hook/ld_library_path_lib.ps1'
[29.417s] INFO:colcon.colcon_core.shell:Creating environment descriptor '/root/dddmr_navigation/install/dddmr_rviz_default_plugins/share/dddmr_rviz_default_plugins/hook/ld_library_path_lib.dsv'
[29.417s] INFO:colcon.colcon_core.shell:Creating environment hook '/root/dddmr_navigation/install/dddmr_rviz_default_plugins/share/dddmr_rviz_default_plugins/hook/ld_library_path_lib.sh'
[29.418s] Level 1:colcon.colcon_core.environment:checking '/root/dddmr_navigation/install/dddmr_rviz_default_plugins/bin'
[29.418s] Level 1:colcon.colcon_core.environment:checking '/root/dddmr_navigation/install/dddmr_rviz_default_plugins/lib/pkgconfig/dddmr_rviz_default_plugins.pc'
[29.418s] Level 1:colcon.colcon_core.environment:checking '/root/dddmr_navigation/install/dddmr_rviz_default_plugins/lib/python3.10/site-packages'
[29.419s] Level 1:colcon.colcon_core.environment:checking '/root/dddmr_navigation/install/dddmr_rviz_default_plugins/bin'
[29.419s] INFO:colcon.colcon_core.shell:Creating package script '/root/dddmr_navigation/install/dddmr_rviz_default_plugins/share/dddmr_rviz_default_plugins/package.ps1'
[29.420s] INFO:colcon.colcon_core.shell:Creating package descriptor '/root/dddmr_navigation/install/dddmr_rviz_default_plugins/share/dddmr_rviz_default_plugins/package.dsv'
[29.420s] INFO:colcon.colcon_core.shell:Creating package script '/root/dddmr_navigation/install/dddmr_rviz_default_plugins/share/dddmr_rviz_default_plugins/package.sh'
[29.421s] INFO:colcon.colcon_core.shell:Creating package script '/root/dddmr_navigation/install/dddmr_rviz_default_plugins/share/dddmr_rviz_default_plugins/package.bash'
[29.421s] INFO:colcon.colcon_core.shell:Creating package script '/root/dddmr_navigation/install/dddmr_rviz_default_plugins/share/dddmr_rviz_default_plugins/package.zsh'
[29.422s] Level 1:colcon.colcon_core.environment:create_file_with_runtime_dependencies(/root/dddmr_navigation/install/dddmr_rviz_default_plugins/share/colcon-core/packages/dddmr_rviz_default_plugins)
[29.423s] Level 1:colcon.colcon_core.environment:create_environment_scripts_only(dddmr_rviz_default_plugins)
[29.424s] Level 1:colcon.colcon_core.environment:checking '/root/dddmr_navigation/install/dddmr_rviz_default_plugins' for CMake module files
[29.425s] Level 1:colcon.colcon_core.environment:checking '/root/dddmr_navigation/install/dddmr_rviz_default_plugins' for CMake config files
[29.425s] Level 1:colcon.colcon_core.shell:create_environment_hook('dddmr_rviz_default_plugins', 'cmake_prefix_path')
[29.426s] INFO:colcon.colcon_core.shell:Creating environment hook '/root/dddmr_navigation/install/dddmr_rviz_default_plugins/share/dddmr_rviz_default_plugins/hook/cmake_prefix_path.ps1'
[29.428s] INFO:colcon.colcon_core.shell:Creating environment descriptor '/root/dddmr_navigation/install/dddmr_rviz_default_plugins/share/dddmr_rviz_default_plugins/hook/cmake_prefix_path.dsv'
[29.428s] INFO:colcon.colcon_core.shell:Creating environment hook '/root/dddmr_navigation/install/dddmr_rviz_default_plugins/share/dddmr_rviz_default_plugins/hook/cmake_prefix_path.sh'
[29.429s] Level 1:colcon.colcon_core.environment:checking '/root/dddmr_navigation/install/dddmr_rviz_default_plugins/lib'
[29.430s] Level 1:colcon.colcon_core.shell:create_environment_hook('dddmr_rviz_default_plugins', 'ld_library_path_lib')
[29.430s] INFO:colcon.colcon_core.shell:Creating environment hook '/root/dddmr_navigation/install/dddmr_rviz_default_plugins/share/dddmr_rviz_default_plugins/hook/ld_library_path_lib.ps1'
[29.431s] INFO:colcon.colcon_core.shell:Creating environment descriptor '/root/dddmr_navigation/install/dddmr_rviz_default_plugins/share/dddmr_rviz_default_plugins/hook/ld_library_path_lib.dsv'
[29.431s] INFO:colcon.colcon_core.shell:Creating environment hook '/root/dddmr_navigation/install/dddmr_rviz_default_plugins/share/dddmr_rviz_default_plugins/hook/ld_library_path_lib.sh'
[29.432s] Level 1:colcon.colcon_core.environment:checking '/root/dddmr_navigation/install/dddmr_rviz_default_plugins/bin'
[29.432s] Level 1:colcon.colcon_core.environment:checking '/root/dddmr_navigation/install/dddmr_rviz_default_plugins/lib/pkgconfig/dddmr_rviz_default_plugins.pc'
[29.432s] Level 1:colcon.colcon_core.environment:checking '/root/dddmr_navigation/install/dddmr_rviz_default_plugins/lib/python3.10/site-packages'
[29.433s] Level 1:colcon.colcon_core.environment:checking '/root/dddmr_navigation/install/dddmr_rviz_default_plugins/bin'
[29.433s] INFO:colcon.colcon_core.shell:Creating package script '/root/dddmr_navigation/install/dddmr_rviz_default_plugins/share/dddmr_rviz_default_plugins/package.ps1'
[29.435s] INFO:colcon.colcon_core.shell:Creating package descriptor '/root/dddmr_navigation/install/dddmr_rviz_default_plugins/share/dddmr_rviz_default_plugins/package.dsv'
[29.436s] INFO:colcon.colcon_core.shell:Creating package script '/root/dddmr_navigation/install/dddmr_rviz_default_plugins/share/dddmr_rviz_default_plugins/package.sh'
[29.437s] INFO:colcon.colcon_core.shell:Creating package script '/root/dddmr_navigation/install/dddmr_rviz_default_plugins/share/dddmr_rviz_default_plugins/package.bash'
[29.438s] INFO:colcon.colcon_core.shell:Creating package script '/root/dddmr_navigation/install/dddmr_rviz_default_plugins/share/dddmr_rviz_default_plugins/package.zsh'
[29.439s] Level 1:colcon.colcon_core.environment:create_file_with_runtime_dependencies(/root/dddmr_navigation/install/dddmr_rviz_default_plugins/share/colcon-core/packages/dddmr_rviz_default_plugins)
[29.833s] DEBUG:colcon.colcon_core.event_handler.log_command:Invoked command in '/root/dddmr_navigation/build/map_editor_panel' returned '0': CMAKE_PREFIX_PATH=${CMAKE_PREFIX_PATH}:/opt/ros/humble /usr/bin/cmake --build /root/dddmr_navigation/build/map_editor_panel -- -j28 -l28
[29.837s] DEBUG:colcon.colcon_core.event_handler.log_command:Invoking command in '/root/dddmr_navigation/build/map_editor_panel': CMAKE_PREFIX_PATH=${CMAKE_PREFIX_PATH}:/opt/ros/humble /usr/bin/cmake --install /root/dddmr_navigation/build/map_editor_panel
[30.144s] Level 1:colcon.colcon_core.environment:create_environment_scripts_only(map_editor_panel)
[30.144s] Level 1:colcon.colcon_core.environment:checking '/root/dddmr_navigation/install/map_editor_panel' for CMake module files
[30.145s] DEBUG:colcon.colcon_core.event_handler.log_command:Invoked command in '/root/dddmr_navigation/build/map_editor_panel' returned '0': CMAKE_PREFIX_PATH=${CMAKE_PREFIX_PATH}:/opt/ros/humble /usr/bin/cmake --install /root/dddmr_navigation/build/map_editor_panel
[30.146s] Level 1:colcon.colcon_core.environment:checking '/root/dddmr_navigation/install/map_editor_panel' for CMake config files
[30.146s] Level 1:colcon.colcon_core.shell:create_environment_hook('map_editor_panel', 'cmake_prefix_path')
[30.147s] INFO:colcon.colcon_core.shell:Creating environment hook '/root/dddmr_navigation/install/map_editor_panel/share/map_editor_panel/hook/cmake_prefix_path.ps1'
[30.147s] INFO:colcon.colcon_core.shell:Creating environment descriptor '/root/dddmr_navigation/install/map_editor_panel/share/map_editor_panel/hook/cmake_prefix_path.dsv'
[30.148s] INFO:colcon.colcon_core.shell:Creating environment hook '/root/dddmr_navigation/install/map_editor_panel/share/map_editor_panel/hook/cmake_prefix_path.sh'
[30.149s] Level 1:colcon.colcon_core.environment:checking '/root/dddmr_navigation/install/map_editor_panel/lib'
[30.149s] Level 1:colcon.colcon_core.shell:create_environment_hook('map_editor_panel', 'ld_library_path_lib')
[30.149s] INFO:colcon.colcon_core.shell:Creating environment hook '/root/dddmr_navigation/install/map_editor_panel/share/map_editor_panel/hook/ld_library_path_lib.ps1'
[30.150s] INFO:colcon.colcon_core.shell:Creating environment descriptor '/root/dddmr_navigation/install/map_editor_panel/share/map_editor_panel/hook/ld_library_path_lib.dsv'
[30.151s] INFO:colcon.colcon_core.shell:Creating environment hook '/root/dddmr_navigation/install/map_editor_panel/share/map_editor_panel/hook/ld_library_path_lib.sh'
[30.151s] Level 1:colcon.colcon_core.environment:checking '/root/dddmr_navigation/install/map_editor_panel/bin'
[30.151s] Level 1:colcon.colcon_core.environment:checking '/root/dddmr_navigation/install/map_editor_panel/lib/pkgconfig/map_editor_panel.pc'
[30.152s] Level 1:colcon.colcon_core.environment:checking '/root/dddmr_navigation/install/map_editor_panel/lib/python3.10/site-packages'
[30.152s] Level 1:colcon.colcon_core.environment:checking '/root/dddmr_navigation/install/map_editor_panel/bin'
[30.153s] INFO:colcon.colcon_core.shell:Creating package script '/root/dddmr_navigation/install/map_editor_panel/share/map_editor_panel/package.ps1'
[30.154s] INFO:colcon.colcon_core.shell:Creating package descriptor '/root/dddmr_navigation/install/map_editor_panel/share/map_editor_panel/package.dsv'
[30.154s] INFO:colcon.colcon_core.shell:Creating package script '/root/dddmr_navigation/install/map_editor_panel/share/map_editor_panel/package.sh'
[30.155s] INFO:colcon.colcon_core.shell:Creating package script '/root/dddmr_navigation/install/map_editor_panel/share/map_editor_panel/package.bash'
[30.155s] INFO:colcon.colcon_core.shell:Creating package script '/root/dddmr_navigation/install/map_editor_panel/share/map_editor_panel/package.zsh'
[30.156s] Level 1:colcon.colcon_core.environment:create_file_with_runtime_dependencies(/root/dddmr_navigation/install/map_editor_panel/share/colcon-core/packages/map_editor_panel)
[30.158s] Level 1:colcon.colcon_core.environment:create_environment_scripts_only(map_editor_panel)
[30.158s] Level 1:colcon.colcon_core.environment:checking '/root/dddmr_navigation/install/map_editor_panel' for CMake module files
[30.159s] Level 1:colcon.colcon_core.environment:checking '/root/dddmr_navigation/install/map_editor_panel' for CMake config files
[30.160s] Level 1:colcon.colcon_core.shell:create_environment_hook('map_editor_panel', 'cmake_prefix_path')
[30.160s] INFO:colcon.colcon_core.shell:Creating environment hook '/root/dddmr_navigation/install/map_editor_panel/share/map_editor_panel/hook/cmake_prefix_path.ps1'
[30.161s] INFO:colcon.colcon_core.shell:Creating environment descriptor '/root/dddmr_navigation/install/map_editor_panel/share/map_editor_panel/hook/cmake_prefix_path.dsv'
[30.161s] INFO:colcon.colcon_core.shell:Creating environment hook '/root/dddmr_navigation/install/map_editor_panel/share/map_editor_panel/hook/cmake_prefix_path.sh'
[30.162s] Level 1:colcon.colcon_core.environment:checking '/root/dddmr_navigation/install/map_editor_panel/lib'
[30.162s] Level 1:colcon.colcon_core.shell:create_environment_hook('map_editor_panel', 'ld_library_path_lib')
[30.162s] INFO:colcon.colcon_core.shell:Creating environment hook '/root/dddmr_navigation/install/map_editor_panel/share/map_editor_panel/hook/ld_library_path_lib.ps1'
[30.162s] INFO:colcon.colcon_core.shell:Creating environment descriptor '/root/dddmr_navigation/install/map_editor_panel/share/map_editor_panel/hook/ld_library_path_lib.dsv'
[30.162s] INFO:colcon.colcon_core.shell:Creating environment hook '/root/dddmr_navigation/install/map_editor_panel/share/map_editor_panel/hook/ld_library_path_lib.sh'
[30.163s] Level 1:colcon.colcon_core.environment:checking '/root/dddmr_navigation/install/map_editor_panel/bin'
[30.163s] Level 1:colcon.colcon_core.environment:checking '/root/dddmr_navigation/install/map_editor_panel/lib/pkgconfig/map_editor_panel.pc'
[30.164s] Level 1:colcon.colcon_core.environment:checking '/root/dddmr_navigation/install/map_editor_panel/lib/python3.10/site-packages'
[30.164s] Level 1:colcon.colcon_core.environment:checking '/root/dddmr_navigation/install/map_editor_panel/bin'
[30.164s] INFO:colcon.colcon_core.shell:Creating package script '/root/dddmr_navigation/install/map_editor_panel/share/map_editor_panel/package.ps1'
[30.167s] INFO:colcon.colcon_core.shell:Creating package descriptor '/root/dddmr_navigation/install/map_editor_panel/share/map_editor_panel/package.dsv'
[30.168s] INFO:colcon.colcon_core.shell:Creating package script '/root/dddmr_navigation/install/map_editor_panel/share/map_editor_panel/package.sh'
[30.169s] INFO:colcon.colcon_core.shell:Creating package script '/root/dddmr_navigation/install/map_editor_panel/share/map_editor_panel/package.bash'
[30.170s] INFO:colcon.colcon_core.shell:Creating package script '/root/dddmr_navigation/install/map_editor_panel/share/map_editor_panel/package.zsh'
[30.170s] Level 1:colcon.colcon_core.environment:create_file_with_runtime_dependencies(/root/dddmr_navigation/install/map_editor_panel/share/colcon-core/packages/map_editor_panel)
[34.282s] DEBUG:colcon.colcon_core.event_handler.log_command:Invoked command in '/root/dddmr_navigation/build/dddmr_semantic_segmentation' returned '0': CMAKE_PREFIX_PATH=${CMAKE_PREFIX_PATH}:/opt/ros/humble /usr/bin/cmake --build /root/dddmr_navigation/build/dddmr_semantic_segmentation -- -j28 -l28
[34.284s] DEBUG:colcon.colcon_core.event_handler.log_command:Invoking command in '/root/dddmr_navigation/build/dddmr_semantic_segmentation': CMAKE_PREFIX_PATH=${CMAKE_PREFIX_PATH}:/opt/ros/humble /usr/bin/cmake --install /root/dddmr_navigation/build/dddmr_semantic_segmentation
[34.651s] Level 1:colcon.colcon_core.environment:create_environment_scripts_only(dddmr_semantic_segmentation)
[34.651s] Level 1:colcon.colcon_core.environment:checking '/root/dddmr_navigation/install/dddmr_semantic_segmentation' for CMake module files
[34.652s] DEBUG:colcon.colcon_core.event_handler.log_command:Invoked command in '/root/dddmr_navigation/build/dddmr_semantic_segmentation' returned '0': CMAKE_PREFIX_PATH=${CMAKE_PREFIX_PATH}:/opt/ros/humble /usr/bin/cmake --install /root/dddmr_navigation/build/dddmr_semantic_segmentation
[34.653s] Level 1:colcon.colcon_core.environment:checking '/root/dddmr_navigation/install/dddmr_semantic_segmentation' for CMake config files
[34.653s] Level 1:colcon.colcon_core.shell:create_environment_hook('dddmr_semantic_segmentation', 'cmake_prefix_path')
[34.654s] INFO:colcon.colcon_core.shell:Creating environment hook '/root/dddmr_navigation/install/dddmr_semantic_segmentation/share/dddmr_semantic_segmentation/hook/cmake_prefix_path.ps1'
[34.654s] INFO:colcon.colcon_core.shell:Creating environment descriptor '/root/dddmr_navigation/install/dddmr_semantic_segmentation/share/dddmr_semantic_segmentation/hook/cmake_prefix_path.dsv'
[34.655s] INFO:colcon.colcon_core.shell:Creating environment hook '/root/dddmr_navigation/install/dddmr_semantic_segmentation/share/dddmr_semantic_segmentation/hook/cmake_prefix_path.sh'
[34.655s] Level 1:colcon.colcon_core.environment:checking '/root/dddmr_navigation/install/dddmr_semantic_segmentation/lib'
[34.655s] Level 1:colcon.colcon_core.environment:checking '/root/dddmr_navigation/install/dddmr_semantic_segmentation/bin'
[34.655s] Level 1:colcon.colcon_core.environment:checking '/root/dddmr_navigation/install/dddmr_semantic_segmentation/lib/pkgconfig/dddmr_semantic_segmentation.pc'
[34.655s] Level 1:colcon.colcon_core.environment:checking '/root/dddmr_navigation/install/dddmr_semantic_segmentation/lib/python3.10/site-packages'
[34.656s] Level 1:colcon.colcon_core.environment:checking '/root/dddmr_navigation/install/dddmr_semantic_segmentation/bin'
[34.657s] INFO:colcon.colcon_core.shell:Creating package script '/root/dddmr_navigation/install/dddmr_semantic_segmentation/share/dddmr_semantic_segmentation/package.ps1'
[34.658s] INFO:colcon.colcon_core.shell:Creating package descriptor '/root/dddmr_navigation/install/dddmr_semantic_segmentation/share/dddmr_semantic_segmentation/package.dsv'
[34.658s] INFO:colcon.colcon_core.shell:Creating package script '/root/dddmr_navigation/install/dddmr_semantic_segmentation/share/dddmr_semantic_segmentation/package.sh'
[34.659s] INFO:colcon.colcon_core.shell:Creating package script '/root/dddmr_navigation/install/dddmr_semantic_segmentation/share/dddmr_semantic_segmentation/package.bash'
[34.659s] INFO:colcon.colcon_core.shell:Creating package script '/root/dddmr_navigation/install/dddmr_semantic_segmentation/share/dddmr_semantic_segmentation/package.zsh'
[34.660s] Level 1:colcon.colcon_core.environment:create_file_with_runtime_dependencies(/root/dddmr_navigation/install/dddmr_semantic_segmentation/share/colcon-core/packages/dddmr_semantic_segmentation)
[34.661s] Level 1:colcon.colcon_core.environment:create_environment_scripts_only(dddmr_semantic_segmentation)
[34.661s] Level 1:colcon.colcon_core.environment:checking '/root/dddmr_navigation/install/dddmr_semantic_segmentation' for CMake module files
[34.662s] Level 1:colcon.colcon_core.environment:checking '/root/dddmr_navigation/install/dddmr_semantic_segmentation' for CMake config files
[34.663s] Level 1:colcon.colcon_core.shell:create_environment_hook('dddmr_semantic_segmentation', 'cmake_prefix_path')
[34.663s] INFO:colcon.colcon_core.shell:Creating environment hook '/root/dddmr_navigation/install/dddmr_semantic_segmentation/share/dddmr_semantic_segmentation/hook/cmake_prefix_path.ps1'
[34.664s] INFO:colcon.colcon_core.shell:Creating environment descriptor '/root/dddmr_navigation/install/dddmr_semantic_segmentation/share/dddmr_semantic_segmentation/hook/cmake_prefix_path.dsv'
[34.664s] INFO:colcon.colcon_core.shell:Creating environment hook '/root/dddmr_navigation/install/dddmr_semantic_segmentation/share/dddmr_semantic_segmentation/hook/cmake_prefix_path.sh'
[34.665s] Level 1:colcon.colcon_core.environment:checking '/root/dddmr_navigation/install/dddmr_semantic_segmentation/lib'
[34.665s] Level 1:colcon.colcon_core.environment:checking '/root/dddmr_navigation/install/dddmr_semantic_segmentation/bin'
[34.666s] Level 1:colcon.colcon_core.environment:checking '/root/dddmr_navigation/install/dddmr_semantic_segmentation/lib/pkgconfig/dddmr_semantic_segmentation.pc'
[34.666s] Level 1:colcon.colcon_core.environment:checking '/root/dddmr_navigation/install/dddmr_semantic_segmentation/lib/python3.10/site-packages'
[34.667s] Level 1:colcon.colcon_core.environment:checking '/root/dddmr_navigation/install/dddmr_semantic_segmentation/bin'
[34.667s] INFO:colcon.colcon_core.shell:Creating package script '/root/dddmr_navigation/install/dddmr_semantic_segmentation/share/dddmr_semantic_segmentation/package.ps1'
[34.668s] INFO:colcon.colcon_core.shell:Creating package descriptor '/root/dddmr_navigation/install/dddmr_semantic_segmentation/share/dddmr_semantic_segmentation/package.dsv'
[34.668s] INFO:colcon.colcon_core.shell:Creating package script '/root/dddmr_navigation/install/dddmr_semantic_segmentation/share/dddmr_semantic_segmentation/package.sh'
[34.669s] INFO:colcon.colcon_core.shell:Creating package script '/root/dddmr_navigation/install/dddmr_semantic_segmentation/share/dddmr_semantic_segmentation/package.bash'
[34.669s] INFO:colcon.colcon_core.shell:Creating package script '/root/dddmr_navigation/install/dddmr_semantic_segmentation/share/dddmr_semantic_segmentation/package.zsh'
[34.670s] Level 1:colcon.colcon_core.environment:create_file_with_runtime_dependencies(/root/dddmr_navigation/install/dddmr_semantic_segmentation/share/colcon-core/packages/dddmr_semantic_segmentation)
[39.349s] DEBUG:colcon.colcon_core.event_handler.log_command:Invoked command in '/root/dddmr_navigation/build/dddmr_fastlio_adapter' returned '0': CMAKE_PREFIX_PATH=${CMAKE_PREFIX_PATH}:/opt/ros/humble /usr/bin/cmake --build /root/dddmr_navigation/build/dddmr_fastlio_adapter -- -j28 -l28
[39.351s] DEBUG:colcon.colcon_core.event_handler.log_command:Invoking command in '/root/dddmr_navigation/build/dddmr_fastlio_adapter': CMAKE_PREFIX_PATH=${CMAKE_PREFIX_PATH}:/opt/ros/humble /usr/bin/cmake --install /root/dddmr_navigation/build/dddmr_fastlio_adapter
[39.528s] Level 1:colcon.colcon_core.environment:create_environment_scripts_only(dddmr_fastlio_adapter)
[39.529s] Level 1:colcon.colcon_core.environment:checking '/root/dddmr_navigation/install/dddmr_fastlio_adapter' for CMake module files
[39.529s] Level 1:colcon.colcon_core.environment:checking '/root/dddmr_navigation/install/dddmr_fastlio_adapter' for CMake config files
[39.530s] Level 1:colcon.colcon_core.shell:create_environment_hook('dddmr_fastlio_adapter', 'cmake_prefix_path')
[39.530s] INFO:colcon.colcon_core.shell:Creating environment hook '/root/dddmr_navigation/install/dddmr_fastlio_adapter/share/dddmr_fastlio_adapter/hook/cmake_prefix_path.ps1'
[39.531s] INFO:colcon.colcon_core.shell:Creating environment descriptor '/root/dddmr_navigation/install/dddmr_fastlio_adapter/share/dddmr_fastlio_adapter/hook/cmake_prefix_path.dsv'
[39.531s] INFO:colcon.colcon_core.shell:Creating environment hook '/root/dddmr_navigation/install/dddmr_fastlio_adapter/share/dddmr_fastlio_adapter/hook/cmake_prefix_path.sh'
[39.532s] DEBUG:colcon.colcon_core.event_handler.log_command:Invoked command in '/root/dddmr_navigation/build/dddmr_fastlio_adapter' returned '0': CMAKE_PREFIX_PATH=${CMAKE_PREFIX_PATH}:/opt/ros/humble /usr/bin/cmake --install /root/dddmr_navigation/build/dddmr_fastlio_adapter
[39.533s] Level 1:colcon.colcon_core.environment:checking '/root/dddmr_navigation/install/dddmr_fastlio_adapter/lib'
[39.533s] Level 1:colcon.colcon_core.environment:checking '/root/dddmr_navigation/install/dddmr_fastlio_adapter/bin'
[39.533s] Level 1:colcon.colcon_core.environment:checking '/root/dddmr_navigation/install/dddmr_fastlio_adapter/lib/pkgconfig/dddmr_fastlio_adapter.pc'
[39.533s] Level 1:colcon.colcon_core.environment:checking '/root/dddmr_navigation/install/dddmr_fastlio_adapter/lib/python3.10/site-packages'
[39.534s] Level 1:colcon.colcon_core.environment:checking '/root/dddmr_navigation/install/dddmr_fastlio_adapter/bin'
[39.534s] INFO:colcon.colcon_core.shell:Creating package script '/root/dddmr_navigation/install/dddmr_fastlio_adapter/share/dddmr_fastlio_adapter/package.ps1'
[39.535s] INFO:colcon.colcon_core.shell:Creating package descriptor '/root/dddmr_navigation/install/dddmr_fastlio_adapter/share/dddmr_fastlio_adapter/package.dsv'
[39.535s] INFO:colcon.colcon_core.shell:Creating package script '/root/dddmr_navigation/install/dddmr_fastlio_adapter/share/dddmr_fastlio_adapter/package.sh'
[39.536s] INFO:colcon.colcon_core.shell:Creating package script '/root/dddmr_navigation/install/dddmr_fastlio_adapter/share/dddmr_fastlio_adapter/package.bash'
[39.536s] INFO:colcon.colcon_core.shell:Creating package script '/root/dddmr_navigation/install/dddmr_fastlio_adapter/share/dddmr_fastlio_adapter/package.zsh'
[39.537s] Level 1:colcon.colcon_core.environment:create_file_with_runtime_dependencies(/root/dddmr_navigation/install/dddmr_fastlio_adapter/share/colcon-core/packages/dddmr_fastlio_adapter)
[39.538s] Level 1:colcon.colcon_core.environment:create_environment_scripts_only(dddmr_fastlio_adapter)
[39.538s] Level 1:colcon.colcon_core.environment:checking '/root/dddmr_navigation/install/dddmr_fastlio_adapter' for CMake module files
[39.539s] Level 1:colcon.colcon_core.environment:checking '/root/dddmr_navigation/install/dddmr_fastlio_adapter' for CMake config files
[39.539s] Level 1:colcon.colcon_core.shell:create_environment_hook('dddmr_fastlio_adapter', 'cmake_prefix_path')
[39.540s] INFO:colcon.colcon_core.shell:Creating environment hook '/root/dddmr_navigation/install/dddmr_fastlio_adapter/share/dddmr_fastlio_adapter/hook/cmake_prefix_path.ps1'
[39.540s] INFO:colcon.colcon_core.shell:Creating environment descriptor '/root/dddmr_navigation/install/dddmr_fastlio_adapter/share/dddmr_fastlio_adapter/hook/cmake_prefix_path.dsv'
[39.541s] INFO:colcon.colcon_core.shell:Creating environment hook '/root/dddmr_navigation/install/dddmr_fastlio_adapter/share/dddmr_fastlio_adapter/hook/cmake_prefix_path.sh'
[39.541s] Level 1:colcon.colcon_core.environment:checking '/root/dddmr_navigation/install/dddmr_fastlio_adapter/lib'
[39.541s] Level 1:colcon.colcon_core.environment:checking '/root/dddmr_navigation/install/dddmr_fastlio_adapter/bin'
[39.541s] Level 1:colcon.colcon_core.environment:checking '/root/dddmr_navigation/install/dddmr_fastlio_adapter/lib/pkgconfig/dddmr_fastlio_adapter.pc'
[39.542s] Level 1:colcon.colcon_core.environment:checking '/root/dddmr_navigation/install/dddmr_fastlio_adapter/lib/python3.10/site-packages'
[39.542s] Level 1:colcon.colcon_core.environment:checking '/root/dddmr_navigation/install/dddmr_fastlio_adapter/bin'
[39.543s] INFO:colcon.colcon_core.shell:Creating package script '/root/dddmr_navigation/install/dddmr_fastlio_adapter/share/dddmr_fastlio_adapter/package.ps1'
[39.544s] INFO:colcon.colcon_core.shell:Creating package descriptor '/root/dddmr_navigation/install/dddmr_fastlio_adapter/share/dddmr_fastlio_adapter/package.dsv'
[39.544s] INFO:colcon.colcon_core.shell:Creating package script '/root/dddmr_navigation/install/dddmr_fastlio_adapter/share/dddmr_fastlio_adapter/package.sh'
[39.545s] INFO:colcon.colcon_core.shell:Creating package script '/root/dddmr_navigation/install/dddmr_fastlio_adapter/share/dddmr_fastlio_adapter/package.bash'
[39.545s] INFO:colcon.colcon_core.shell:Creating package script '/root/dddmr_navigation/install/dddmr_fastlio_adapter/share/dddmr_fastlio_adapter/package.zsh'
[39.546s] Level 1:colcon.colcon_core.environment:create_file_with_runtime_dependencies(/root/dddmr_navigation/install/dddmr_fastlio_adapter/share/colcon-core/packages/dddmr_fastlio_adapter)
[61.399s] DEBUG:colcon.colcon_core.event_handler.log_command:Invoked command in '/root/dddmr_navigation/build/mcl_3dl' returned '0': AMENT_PREFIX_PATH=/root/dddmr_navigation/install/cloud_msgs:${AMENT_PREFIX_PATH} CMAKE_PREFIX_PATH=/root/dddmr_navigation/install/cloud_msgs:/root/livox_ws/install/livox_ros_driver2:/opt/ros/humble LD_LIBRARY_PATH=/root/dddmr_navigation/install/cloud_msgs/lib:${LD_LIBRARY_PATH} PYTHONPATH=/root/dddmr_navigation/install/cloud_msgs/local/lib/python3.10/dist-packages:${PYTHONPATH} /usr/bin/cmake --build /root/dddmr_navigation/build/mcl_3dl -- -j28 -l28
[61.401s] DEBUG:colcon.colcon_core.event_handler.log_command:Invoking command in '/root/dddmr_navigation/build/mcl_3dl': AMENT_PREFIX_PATH=/root/dddmr_navigation/install/cloud_msgs:${AMENT_PREFIX_PATH} CMAKE_PREFIX_PATH=/root/dddmr_navigation/install/cloud_msgs:/root/livox_ws/install/livox_ros_driver2:/opt/ros/humble LD_LIBRARY_PATH=/root/dddmr_navigation/install/cloud_msgs/lib:${LD_LIBRARY_PATH} PYTHONPATH=/root/dddmr_navigation/install/cloud_msgs/local/lib/python3.10/dist-packages:${PYTHONPATH} /usr/bin/cmake --install /root/dddmr_navigation/build/mcl_3dl
[61.827s] Level 1:colcon.colcon_core.environment:create_environment_scripts_only(mcl_3dl)
[61.828s] Level 1:colcon.colcon_core.environment:checking '/root/dddmr_navigation/install/mcl_3dl' for CMake module files
[61.829s] DEBUG:colcon.colcon_core.event_handler.log_command:Invoked command in '/root/dddmr_navigation/build/mcl_3dl' returned '0': AMENT_PREFIX_PATH=/root/dddmr_navigation/install/cloud_msgs:${AMENT_PREFIX_PATH} CMAKE_PREFIX_PATH=/root/dddmr_navigation/install/cloud_msgs:/root/livox_ws/install/livox_ros_driver2:/opt/ros/humble LD_LIBRARY_PATH=/root/dddmr_navigation/install/cloud_msgs/lib:${LD_LIBRARY_PATH} PYTHONPATH=/root/dddmr_navigation/install/cloud_msgs/local/lib/python3.10/dist-packages:${PYTHONPATH} /usr/bin/cmake --install /root/dddmr_navigation/build/mcl_3dl
[61.829s] Level 1:colcon.colcon_core.environment:checking '/root/dddmr_navigation/install/mcl_3dl' for CMake config files
[61.830s] Level 1:colcon.colcon_core.shell:create_environment_hook('mcl_3dl', 'cmake_prefix_path')
[61.830s] INFO:colcon.colcon_core.shell:Creating environment hook '/root/dddmr_navigation/install/mcl_3dl/share/mcl_3dl/hook/cmake_prefix_path.ps1'
[61.831s] INFO:colcon.colcon_core.shell:Creating environment descriptor '/root/dddmr_navigation/install/mcl_3dl/share/mcl_3dl/hook/cmake_prefix_path.dsv'
[61.831s] INFO:colcon.colcon_core.shell:Creating environment hook '/root/dddmr_navigation/install/mcl_3dl/share/mcl_3dl/hook/cmake_prefix_path.sh'
[61.832s] Level 1:colcon.colcon_core.environment:checking '/root/dddmr_navigation/install/mcl_3dl/lib'
[61.832s] Level 1:colcon.colcon_core.shell:create_environment_hook('mcl_3dl', 'ld_library_path_lib')
[61.833s] INFO:colcon.colcon_core.shell:Creating environment hook '/root/dddmr_navigation/install/mcl_3dl/share/mcl_3dl/hook/ld_library_path_lib.ps1'
[61.833s] INFO:colcon.colcon_core.shell:Creating environment descriptor '/root/dddmr_navigation/install/mcl_3dl/share/mcl_3dl/hook/ld_library_path_lib.dsv'
[61.834s] INFO:colcon.colcon_core.shell:Creating environment hook '/root/dddmr_navigation/install/mcl_3dl/share/mcl_3dl/hook/ld_library_path_lib.sh'
[61.834s] Level 1:colcon.colcon_core.environment:checking '/root/dddmr_navigation/install/mcl_3dl/bin'
[61.834s] Level 1:colcon.colcon_core.environment:checking '/root/dddmr_navigation/install/mcl_3dl/lib/pkgconfig/mcl_3dl.pc'
[61.835s] Level 1:colcon.colcon_core.environment:checking '/root/dddmr_navigation/install/mcl_3dl/lib/python3.10/site-packages'
[61.835s] Level 1:colcon.colcon_core.environment:checking '/root/dddmr_navigation/install/mcl_3dl/bin'
[61.836s] INFO:colcon.colcon_core.shell:Creating package script '/root/dddmr_navigation/install/mcl_3dl/share/mcl_3dl/package.ps1'
[61.837s] INFO:colcon.colcon_core.shell:Creating package descriptor '/root/dddmr_navigation/install/mcl_3dl/share/mcl_3dl/package.dsv'
[61.837s] INFO:colcon.colcon_core.shell:Creating package script '/root/dddmr_navigation/install/mcl_3dl/share/mcl_3dl/package.sh'
[61.838s] INFO:colcon.colcon_core.shell:Creating package script '/root/dddmr_navigation/install/mcl_3dl/share/mcl_3dl/package.bash'
[61.838s] INFO:colcon.colcon_core.shell:Creating package script '/root/dddmr_navigation/install/mcl_3dl/share/mcl_3dl/package.zsh'
[61.839s] Level 1:colcon.colcon_core.environment:create_file_with_runtime_dependencies(/root/dddmr_navigation/install/mcl_3dl/share/colcon-core/packages/mcl_3dl)
[61.840s] Level 1:colcon.colcon_core.environment:create_environment_scripts_only(mcl_3dl)
[61.840s] Level 1:colcon.colcon_core.environment:checking '/root/dddmr_navigation/install/mcl_3dl' for CMake module files
[61.841s] Level 1:colcon.colcon_core.environment:checking '/root/dddmr_navigation/install/mcl_3dl' for CMake config files
[61.841s] Level 1:colcon.colcon_core.shell:create_environment_hook('mcl_3dl', 'cmake_prefix_path')
[61.842s] INFO:colcon.colcon_core.shell:Creating environment hook '/root/dddmr_navigation/install/mcl_3dl/share/mcl_3dl/hook/cmake_prefix_path.ps1'
[61.842s] INFO:colcon.colcon_core.shell:Creating environment descriptor '/root/dddmr_navigation/install/mcl_3dl/share/mcl_3dl/hook/cmake_prefix_path.dsv'
[61.842s] INFO:colcon.colcon_core.shell:Creating environment hook '/root/dddmr_navigation/install/mcl_3dl/share/mcl_3dl/hook/cmake_prefix_path.sh'
[61.843s] Level 1:colcon.colcon_core.environment:checking '/root/dddmr_navigation/install/mcl_3dl/lib'
[61.843s] Level 1:colcon.colcon_core.shell:create_environment_hook('mcl_3dl', 'ld_library_path_lib')
[61.844s] INFO:colcon.colcon_core.shell:Creating environment hook '/root/dddmr_navigation/install/mcl_3dl/share/mcl_3dl/hook/ld_library_path_lib.ps1'
[61.844s] INFO:colcon.colcon_core.shell:Creating environment descriptor '/root/dddmr_navigation/install/mcl_3dl/share/mcl_3dl/hook/ld_library_path_lib.dsv'
[61.844s] INFO:colcon.colcon_core.shell:Creating environment hook '/root/dddmr_navigation/install/mcl_3dl/share/mcl_3dl/hook/ld_library_path_lib.sh'
[61.845s] Level 1:colcon.colcon_core.environment:checking '/root/dddmr_navigation/install/mcl_3dl/bin'
[61.845s] Level 1:colcon.colcon_core.environment:checking '/root/dddmr_navigation/install/mcl_3dl/lib/pkgconfig/mcl_3dl.pc'
[61.845s] Level 1:colcon.colcon_core.environment:checking '/root/dddmr_navigation/install/mcl_3dl/lib/python3.10/site-packages'
[61.845s] Level 1:colcon.colcon_core.environment:checking '/root/dddmr_navigation/install/mcl_3dl/bin'
[61.846s] INFO:colcon.colcon_core.shell:Creating package script '/root/dddmr_navigation/install/mcl_3dl/share/mcl_3dl/package.ps1'
[61.846s] INFO:colcon.colcon_core.shell:Creating package descriptor '/root/dddmr_navigation/install/mcl_3dl/share/mcl_3dl/package.dsv'
[61.846s] INFO:colcon.colcon_core.shell:Creating package script '/root/dddmr_navigation/install/mcl_3dl/share/mcl_3dl/package.sh'
[61.847s] INFO:colcon.colcon_core.shell:Creating package script '/root/dddmr_navigation/install/mcl_3dl/share/mcl_3dl/package.bash'
[61.847s] INFO:colcon.colcon_core.shell:Creating package script '/root/dddmr_navigation/install/mcl_3dl/share/mcl_3dl/package.zsh'
[61.847s] Level 1:colcon.colcon_core.environment:create_file_with_runtime_dependencies(/root/dddmr_navigation/install/mcl_3dl/share/colcon-core/packages/mcl_3dl)
[69.321s] DEBUG:colcon.colcon_core.event_handler.log_command:Invoked command in '/root/dddmr_navigation/build/fast_lio' returned '0': CMAKE_PREFIX_PATH=${CMAKE_PREFIX_PATH}:/opt/ros/humble /usr/bin/cmake --build /root/dddmr_navigation/build/fast_lio -- -j28 -l28
[69.322s] DEBUG:colcon.colcon_core.event_handler.log_command:Invoking command in '/root/dddmr_navigation/build/fast_lio': CMAKE_PREFIX_PATH=${CMAKE_PREFIX_PATH}:/opt/ros/humble /usr/bin/cmake --install /root/dddmr_navigation/build/fast_lio
[69.954s] Level 1:colcon.colcon_core.environment:create_environment_scripts_only(fast_lio)
[69.955s] Level 1:colcon.colcon_core.environment:checking '/root/dddmr_navigation/install/fast_lio' for CMake module files
[69.955s] DEBUG:colcon.colcon_core.event_handler.log_command:Invoked command in '/root/dddmr_navigation/build/fast_lio' returned '0': CMAKE_PREFIX_PATH=${CMAKE_PREFIX_PATH}:/opt/ros/humble /usr/bin/cmake --install /root/dddmr_navigation/build/fast_lio
[69.956s] Level 1:colcon.colcon_core.environment:checking '/root/dddmr_navigation/install/fast_lio' for CMake config files
[69.957s] Level 1:colcon.colcon_core.shell:create_environment_hook('fast_lio', 'cmake_prefix_path')
[69.957s] INFO:colcon.colcon_core.shell:Creating environment hook '/root/dddmr_navigation/install/fast_lio/share/fast_lio/hook/cmake_prefix_path.ps1'
[69.957s] INFO:colcon.colcon_core.shell:Creating environment descriptor '/root/dddmr_navigation/install/fast_lio/share/fast_lio/hook/cmake_prefix_path.dsv'
[69.958s] INFO:colcon.colcon_core.shell:Creating environment hook '/root/dddmr_navigation/install/fast_lio/share/fast_lio/hook/cmake_prefix_path.sh'
[69.958s] Level 1:colcon.colcon_core.environment:checking '/root/dddmr_navigation/install/fast_lio/lib'
[69.958s] Level 1:colcon.colcon_core.shell:create_environment_hook('fast_lio', 'ld_library_path_lib')
[69.959s] INFO:colcon.colcon_core.shell:Creating environment hook '/root/dddmr_navigation/install/fast_lio/share/fast_lio/hook/ld_library_path_lib.ps1'
[69.959s] INFO:colcon.colcon_core.shell:Creating environment descriptor '/root/dddmr_navigation/install/fast_lio/share/fast_lio/hook/ld_library_path_lib.dsv'
[69.960s] INFO:colcon.colcon_core.shell:Creating environment hook '/root/dddmr_navigation/install/fast_lio/share/fast_lio/hook/ld_library_path_lib.sh'
[69.960s] Level 1:colcon.colcon_core.environment:checking '/root/dddmr_navigation/install/fast_lio/bin'
[69.960s] Level 1:colcon.colcon_core.environment:checking '/root/dddmr_navigation/install/fast_lio/lib/pkgconfig/fast_lio.pc'
[69.960s] Level 1:colcon.colcon_core.environment:checking '/root/dddmr_navigation/install/fast_lio/lib/python3.10/site-packages'
[69.961s] Level 1:colcon.colcon_core.environment:checking '/root/dddmr_navigation/install/fast_lio/bin'
[69.961s] INFO:colcon.colcon_core.shell:Creating package script '/root/dddmr_navigation/install/fast_lio/share/fast_lio/package.ps1'
[69.961s] INFO:colcon.colcon_core.shell:Creating package descriptor '/root/dddmr_navigation/install/fast_lio/share/fast_lio/package.dsv'
[69.962s] INFO:colcon.colcon_core.shell:Creating package script '/root/dddmr_navigation/install/fast_lio/share/fast_lio/package.sh'
[69.962s] INFO:colcon.colcon_core.shell:Creating package script '/root/dddmr_navigation/install/fast_lio/share/fast_lio/package.bash'
[69.962s] INFO:colcon.colcon_core.shell:Creating package script '/root/dddmr_navigation/install/fast_lio/share/fast_lio/package.zsh'
[69.963s] Level 1:colcon.colcon_core.environment:create_file_with_runtime_dependencies(/root/dddmr_navigation/install/fast_lio/share/colcon-core/packages/fast_lio)
[69.964s] Level 1:colcon.colcon_core.environment:create_environment_scripts_only(fast_lio)
[69.964s] Level 1:colcon.colcon_core.environment:checking '/root/dddmr_navigation/install/fast_lio' for CMake module files
[69.964s] Level 1:colcon.colcon_core.environment:checking '/root/dddmr_navigation/install/fast_lio' for CMake config files
[69.965s] Level 1:colcon.colcon_core.shell:create_environment_hook('fast_lio', 'cmake_prefix_path')
[69.965s] INFO:colcon.colcon_core.shell:Creating environment hook '/root/dddmr_navigation/install/fast_lio/share/fast_lio/hook/cmake_prefix_path.ps1'
[69.965s] INFO:colcon.colcon_core.shell:Creating environment descriptor '/root/dddmr_navigation/install/fast_lio/share/fast_lio/hook/cmake_prefix_path.dsv'
[69.966s] INFO:colcon.colcon_core.shell:Creating environment hook '/root/dddmr_navigation/install/fast_lio/share/fast_lio/hook/cmake_prefix_path.sh'
[69.966s] Level 1:colcon.colcon_core.environment:checking '/root/dddmr_navigation/install/fast_lio/lib'
[69.966s] Level 1:colcon.colcon_core.shell:create_environment_hook('fast_lio', 'ld_library_path_lib')
[69.966s] INFO:colcon.colcon_core.shell:Creating environment hook '/root/dddmr_navigation/install/fast_lio/share/fast_lio/hook/ld_library_path_lib.ps1'
[69.967s] INFO:colcon.colcon_core.shell:Creating environment descriptor '/root/dddmr_navigation/install/fast_lio/share/fast_lio/hook/ld_library_path_lib.dsv'
[69.967s] INFO:colcon.colcon_core.shell:Creating environment hook '/root/dddmr_navigation/install/fast_lio/share/fast_lio/hook/ld_library_path_lib.sh'
[69.967s] Level 1:colcon.colcon_core.environment:checking '/root/dddmr_navigation/install/fast_lio/bin'
[69.967s] Level 1:colcon.colcon_core.environment:checking '/root/dddmr_navigation/install/fast_lio/lib/pkgconfig/fast_lio.pc'
[69.968s] Level 1:colcon.colcon_core.environment:checking '/root/dddmr_navigation/install/fast_lio/lib/python3.10/site-packages'
[69.968s] Level 1:colcon.colcon_core.environment:checking '/root/dddmr_navigation/install/fast_lio/bin'
[69.968s] INFO:colcon.colcon_core.shell:Creating package script '/root/dddmr_navigation/install/fast_lio/share/fast_lio/package.ps1'
[69.969s] INFO:colcon.colcon_core.shell:Creating package descriptor '/root/dddmr_navigation/install/fast_lio/share/fast_lio/package.dsv'
[69.969s] INFO:colcon.colcon_core.shell:Creating package script '/root/dddmr_navigation/install/fast_lio/share/fast_lio/package.sh'
[69.969s] INFO:colcon.colcon_core.shell:Creating package script '/root/dddmr_navigation/install/fast_lio/share/fast_lio/package.bash'
[69.969s] INFO:colcon.colcon_core.shell:Creating package script '/root/dddmr_navigation/install/fast_lio/share/fast_lio/package.zsh'
[69.970s] Level 1:colcon.colcon_core.environment:create_file_with_runtime_dependencies(/root/dddmr_navigation/install/fast_lio/share/colcon-core/packages/fast_lio)
[116.087s] DEBUG:colcon.colcon_core.event_handler.log_command:Invoked command in '/root/dddmr_navigation/build/lego_loam_bor' returned '0': AMENT_PREFIX_PATH=/root/dddmr_navigation/install/dddmr_trt:/root/dddmr_navigation/install/dddmr_sys_core:/root/dddmr_navigation/install/cloud_msgs:${AMENT_PREFIX_PATH} CMAKE_PREFIX_PATH=/root/dddmr_navigation/install/dddmr_trt:/root/dddmr_navigation/install/dddmr_sys_core:/root/dddmr_navigation/install/cloud_msgs:/root/livox_ws/install/livox_ros_driver2:/opt/ros/humble LD_LIBRARY_PATH=/root/dddmr_navigation/install/dddmr_sys_core/lib:/root/dddmr_navigation/install/cloud_msgs/lib:${LD_LIBRARY_PATH} PYTHONPATH=/root/dddmr_navigation/install/dddmr_sys_core/local/lib/python3.10/dist-packages:/root/dddmr_navigation/install/cloud_msgs/local/lib/python3.10/dist-packages:${PYTHONPATH} /usr/bin/cmake --build /root/dddmr_navigation/build/lego_loam_bor -- -j28 -l28
[116.089s] DEBUG:colcon.colcon_core.event_handler.log_command:Invoking command in '/root/dddmr_navigation/build/lego_loam_bor': AMENT_PREFIX_PATH=/root/dddmr_navigation/install/dddmr_trt:/root/dddmr_navigation/install/dddmr_sys_core:/root/dddmr_navigation/install/cloud_msgs:${AMENT_PREFIX_PATH} CMAKE_PREFIX_PATH=/root/dddmr_navigation/install/dddmr_trt:/root/dddmr_navigation/install/dddmr_sys_core:/root/dddmr_navigation/install/cloud_msgs:/root/livox_ws/install/livox_ros_driver2:/opt/ros/humble LD_LIBRARY_PATH=/root/dddmr_navigation/install/dddmr_sys_core/lib:/root/dddmr_navigation/install/cloud_msgs/lib:${LD_LIBRARY_PATH} PYTHONPATH=/root/dddmr_navigation/install/dddmr_sys_core/local/lib/python3.10/dist-packages:/root/dddmr_navigation/install/cloud_msgs/local/lib/python3.10/dist-packages:${PYTHONPATH} /usr/bin/cmake --install /root/dddmr_navigation/build/lego_loam_bor
[116.566s] Level 1:colcon.colcon_core.environment:create_environment_scripts_only(lego_loam_bor)
[116.566s] Level 1:colcon.colcon_core.environment:checking '/root/dddmr_navigation/install/lego_loam_bor' for CMake module files
[116.567s] DEBUG:colcon.colcon_core.event_handler.log_command:Invoked command in '/root/dddmr_navigation/build/lego_loam_bor' returned '0': AMENT_PREFIX_PATH=/root/dddmr_navigation/install/dddmr_trt:/root/dddmr_navigation/install/dddmr_sys_core:/root/dddmr_navigation/install/cloud_msgs:${AMENT_PREFIX_PATH} CMAKE_PREFIX_PATH=/root/dddmr_navigation/install/dddmr_trt:/root/dddmr_navigation/install/dddmr_sys_core:/root/dddmr_navigation/install/cloud_msgs:/root/livox_ws/install/livox_ros_driver2:/opt/ros/humble LD_LIBRARY_PATH=/root/dddmr_navigation/install/dddmr_sys_core/lib:/root/dddmr_navigation/install/cloud_msgs/lib:${LD_LIBRARY_PATH} PYTHONPATH=/root/dddmr_navigation/install/dddmr_sys_core/local/lib/python3.10/dist-packages:/root/dddmr_navigation/install/cloud_msgs/local/lib/python3.10/dist-packages:${PYTHONPATH} /usr/bin/cmake --install /root/dddmr_navigation/build/lego_loam_bor
[116.567s] Level 1:colcon.colcon_core.environment:checking '/root/dddmr_navigation/install/lego_loam_bor' for CMake config files
[116.568s] Level 1:colcon.colcon_core.shell:create_environment_hook('lego_loam_bor', 'cmake_prefix_path')
[116.568s] INFO:colcon.colcon_core.shell:Creating environment hook '/root/dddmr_navigation/install/lego_loam_bor/share/lego_loam_bor/hook/cmake_prefix_path.ps1'
[116.568s] INFO:colcon.colcon_core.shell:Creating environment descriptor '/root/dddmr_navigation/install/lego_loam_bor/share/lego_loam_bor/hook/cmake_prefix_path.dsv'
[116.569s] INFO:colcon.colcon_core.shell:Creating environment hook '/root/dddmr_navigation/install/lego_loam_bor/share/lego_loam_bor/hook/cmake_prefix_path.sh'
[116.569s] Level 1:colcon.colcon_core.environment:checking '/root/dddmr_navigation/install/lego_loam_bor/lib'
[116.569s] Level 1:colcon.colcon_core.shell:create_environment_hook('lego_loam_bor', 'ld_library_path_lib')
[116.569s] INFO:colcon.colcon_core.shell:Creating environment hook '/root/dddmr_navigation/install/lego_loam_bor/share/lego_loam_bor/hook/ld_library_path_lib.ps1'
[116.570s] INFO:colcon.colcon_core.shell:Creating environment descriptor '/root/dddmr_navigation/install/lego_loam_bor/share/lego_loam_bor/hook/ld_library_path_lib.dsv'
[116.570s] INFO:colcon.colcon_core.shell:Creating environment hook '/root/dddmr_navigation/install/lego_loam_bor/share/lego_loam_bor/hook/ld_library_path_lib.sh'
[116.570s] Level 1:colcon.colcon_core.environment:checking '/root/dddmr_navigation/install/lego_loam_bor/bin'
[116.570s] Level 1:colcon.colcon_core.environment:checking '/root/dddmr_navigation/install/lego_loam_bor/lib/pkgconfig/lego_loam_bor.pc'
[116.570s] Level 1:colcon.colcon_core.environment:checking '/root/dddmr_navigation/install/lego_loam_bor/lib/python3.10/site-packages'
[116.570s] Level 1:colcon.colcon_core.environment:checking '/root/dddmr_navigation/install/lego_loam_bor/bin'
[116.571s] INFO:colcon.colcon_core.shell:Creating package script '/root/dddmr_navigation/install/lego_loam_bor/share/lego_loam_bor/package.ps1'
[116.571s] INFO:colcon.colcon_core.shell:Creating package descriptor '/root/dddmr_navigation/install/lego_loam_bor/share/lego_loam_bor/package.dsv'
[116.571s] INFO:colcon.colcon_core.shell:Creating package script '/root/dddmr_navigation/install/lego_loam_bor/share/lego_loam_bor/package.sh'
[116.572s] INFO:colcon.colcon_core.shell:Creating package script '/root/dddmr_navigation/install/lego_loam_bor/share/lego_loam_bor/package.bash'
[116.572s] INFO:colcon.colcon_core.shell:Creating package script '/root/dddmr_navigation/install/lego_loam_bor/share/lego_loam_bor/package.zsh'
[116.572s] Level 1:colcon.colcon_core.environment:create_file_with_runtime_dependencies(/root/dddmr_navigation/install/lego_loam_bor/share/colcon-core/packages/lego_loam_bor)
[116.572s] Level 1:colcon.colcon_core.environment:create_environment_scripts_only(lego_loam_bor)
[116.573s] Level 1:colcon.colcon_core.environment:checking '/root/dddmr_navigation/install/lego_loam_bor' for CMake module files
[116.573s] Level 1:colcon.colcon_core.environment:checking '/root/dddmr_navigation/install/lego_loam_bor' for CMake config files
[116.573s] Level 1:colcon.colcon_core.shell:create_environment_hook('lego_loam_bor', 'cmake_prefix_path')
[116.573s] INFO:colcon.colcon_core.shell:Creating environment hook '/root/dddmr_navigation/install/lego_loam_bor/share/lego_loam_bor/hook/cmake_prefix_path.ps1'
[116.574s] INFO:colcon.colcon_core.shell:Creating environment descriptor '/root/dddmr_navigation/install/lego_loam_bor/share/lego_loam_bor/hook/cmake_prefix_path.dsv'
[116.574s] INFO:colcon.colcon_core.shell:Creating environment hook '/root/dddmr_navigation/install/lego_loam_bor/share/lego_loam_bor/hook/cmake_prefix_path.sh'
[116.575s] Level 1:colcon.colcon_core.environment:checking '/root/dddmr_navigation/install/lego_loam_bor/lib'
[116.575s] Level 1:colcon.colcon_core.shell:create_environment_hook('lego_loam_bor', 'ld_library_path_lib')
[116.575s] INFO:colcon.colcon_core.shell:Creating environment hook '/root/dddmr_navigation/install/lego_loam_bor/share/lego_loam_bor/hook/ld_library_path_lib.ps1'
[116.575s] INFO:colcon.colcon_core.shell:Creating environment descriptor '/root/dddmr_navigation/install/lego_loam_bor/share/lego_loam_bor/hook/ld_library_path_lib.dsv'
[116.575s] INFO:colcon.colcon_core.shell:Creating environment hook '/root/dddmr_navigation/install/lego_loam_bor/share/lego_loam_bor/hook/ld_library_path_lib.sh'
[116.576s] Level 1:colcon.colcon_core.environment:checking '/root/dddmr_navigation/install/lego_loam_bor/bin'
[116.576s] Level 1:colcon.colcon_core.environment:checking '/root/dddmr_navigation/install/lego_loam_bor/lib/pkgconfig/lego_loam_bor.pc'
[116.576s] Level 1:colcon.colcon_core.environment:checking '/root/dddmr_navigation/install/lego_loam_bor/lib/python3.10/site-packages'
[116.576s] Level 1:colcon.colcon_core.environment:checking '/root/dddmr_navigation/install/lego_loam_bor/bin'
[116.576s] INFO:colcon.colcon_core.shell:Creating package script '/root/dddmr_navigation/install/lego_loam_bor/share/lego_loam_bor/package.ps1'
[116.577s] INFO:colcon.colcon_core.shell:Creating package descriptor '/root/dddmr_navigation/install/lego_loam_bor/share/lego_loam_bor/package.dsv'
[116.577s] INFO:colcon.colcon_core.shell:Creating package script '/root/dddmr_navigation/install/lego_loam_bor/share/lego_loam_bor/package.sh'
[116.577s] INFO:colcon.colcon_core.shell:Creating package script '/root/dddmr_navigation/install/lego_loam_bor/share/lego_loam_bor/package.bash'
[116.578s] INFO:colcon.colcon_core.shell:Creating package script '/root/dddmr_navigation/install/lego_loam_bor/share/lego_loam_bor/package.zsh'
[116.578s] Level 1:colcon.colcon_core.environment:create_file_with_runtime_dependencies(/root/dddmr_navigation/install/lego_loam_bor/share/colcon-core/packages/lego_loam_bor)
[143.666s] DEBUG:colcon.colcon_core.event_handler.log_command:Invoked command in '/root/dddmr_navigation/build/mpc_critics' returned '0': AMENT_PREFIX_PATH=/root/dddmr_navigation/install/base_trajectory:${AMENT_PREFIX_PATH} CMAKE_PREFIX_PATH=/root/dddmr_navigation/install/base_trajectory:/root/livox_ws/install/livox_ros_driver2:/opt/ros/humble LD_LIBRARY_PATH=/root/dddmr_navigation/install/base_trajectory/lib:${LD_LIBRARY_PATH} /usr/bin/cmake --build /root/dddmr_navigation/build/mpc_critics -- -j28 -l28
[143.668s] DEBUG:colcon.colcon_core.event_handler.log_command:Invoking command in '/root/dddmr_navigation/build/mpc_critics': AMENT_PREFIX_PATH=/root/dddmr_navigation/install/base_trajectory:${AMENT_PREFIX_PATH} CMAKE_PREFIX_PATH=/root/dddmr_navigation/install/base_trajectory:/root/livox_ws/install/livox_ros_driver2:/opt/ros/humble LD_LIBRARY_PATH=/root/dddmr_navigation/install/base_trajectory/lib:${LD_LIBRARY_PATH} /usr/bin/cmake --install /root/dddmr_navigation/build/mpc_critics
[143.956s] Level 1:colcon.colcon_core.environment:create_environment_scripts_only(mpc_critics)
[143.956s] Level 1:colcon.colcon_core.environment:checking '/root/dddmr_navigation/install/mpc_critics' for CMake module files
[143.956s] DEBUG:colcon.colcon_core.event_handler.log_command:Invoked command in '/root/dddmr_navigation/build/mpc_critics' returned '0': AMENT_PREFIX_PATH=/root/dddmr_navigation/install/base_trajectory:${AMENT_PREFIX_PATH} CMAKE_PREFIX_PATH=/root/dddmr_navigation/install/base_trajectory:/root/livox_ws/install/livox_ros_driver2:/opt/ros/humble LD_LIBRARY_PATH=/root/dddmr_navigation/install/base_trajectory/lib:${LD_LIBRARY_PATH} /usr/bin/cmake --install /root/dddmr_navigation/build/mpc_critics
[143.956s] Level 1:colcon.colcon_core.environment:checking '/root/dddmr_navigation/install/mpc_critics' for CMake config files
[143.957s] Level 1:colcon.colcon_core.shell:create_environment_hook('mpc_critics', 'cmake_prefix_path')
[143.957s] INFO:colcon.colcon_core.shell:Creating environment hook '/root/dddmr_navigation/install/mpc_critics/share/mpc_critics/hook/cmake_prefix_path.ps1'
[143.957s] INFO:colcon.colcon_core.shell:Creating environment descriptor '/root/dddmr_navigation/install/mpc_critics/share/mpc_critics/hook/cmake_prefix_path.dsv'
[143.957s] INFO:colcon.colcon_core.shell:Creating environment hook '/root/dddmr_navigation/install/mpc_critics/share/mpc_critics/hook/cmake_prefix_path.sh'
[143.958s] Level 1:colcon.colcon_core.environment:checking '/root/dddmr_navigation/install/mpc_critics/lib'
[143.958s] Level 1:colcon.colcon_core.shell:create_environment_hook('mpc_critics', 'ld_library_path_lib')
[143.958s] INFO:colcon.colcon_core.shell:Creating environment hook '/root/dddmr_navigation/install/mpc_critics/share/mpc_critics/hook/ld_library_path_lib.ps1'
[143.958s] INFO:colcon.colcon_core.shell:Creating environment descriptor '/root/dddmr_navigation/install/mpc_critics/share/mpc_critics/hook/ld_library_path_lib.dsv'
[143.959s] INFO:colcon.colcon_core.shell:Creating environment hook '/root/dddmr_navigation/install/mpc_critics/share/mpc_critics/hook/ld_library_path_lib.sh'
[143.959s] Level 1:colcon.colcon_core.environment:checking '/root/dddmr_navigation/install/mpc_critics/bin'
[143.959s] Level 1:colcon.colcon_core.environment:checking '/root/dddmr_navigation/install/mpc_critics/lib/pkgconfig/mpc_critics.pc'
[143.959s] Level 1:colcon.colcon_core.environment:checking '/root/dddmr_navigation/install/mpc_critics/lib/python3.10/site-packages'
[143.959s] Level 1:colcon.colcon_core.environment:checking '/root/dddmr_navigation/install/mpc_critics/bin'
[143.959s] INFO:colcon.colcon_core.shell:Creating package script '/root/dddmr_navigation/install/mpc_critics/share/mpc_critics/package.ps1'
[143.960s] INFO:colcon.colcon_core.shell:Creating package descriptor '/root/dddmr_navigation/install/mpc_critics/share/mpc_critics/package.dsv'
[143.960s] INFO:colcon.colcon_core.shell:Creating package script '/root/dddmr_navigation/install/mpc_critics/share/mpc_critics/package.sh'
[143.960s] INFO:colcon.colcon_core.shell:Creating package script '/root/dddmr_navigation/install/mpc_critics/share/mpc_critics/package.bash'
[143.960s] INFO:colcon.colcon_core.shell:Creating package script '/root/dddmr_navigation/install/mpc_critics/share/mpc_critics/package.zsh'
[143.961s] Level 1:colcon.colcon_core.environment:create_file_with_runtime_dependencies(/root/dddmr_navigation/install/mpc_critics/share/colcon-core/packages/mpc_critics)
[143.961s] Level 1:colcon.colcon_core.environment:create_environment_scripts_only(mpc_critics)
[143.961s] Level 1:colcon.colcon_core.environment:checking '/root/dddmr_navigation/install/mpc_critics' for CMake module files
[143.962s] Level 1:colcon.colcon_core.environment:checking '/root/dddmr_navigation/install/mpc_critics' for CMake config files
[143.962s] Level 1:colcon.colcon_core.shell:create_environment_hook('mpc_critics', 'cmake_prefix_path')
[143.962s] INFO:colcon.colcon_core.shell:Creating environment hook '/root/dddmr_navigation/install/mpc_critics/share/mpc_critics/hook/cmake_prefix_path.ps1'
[143.962s] INFO:colcon.colcon_core.shell:Creating environment descriptor '/root/dddmr_navigation/install/mpc_critics/share/mpc_critics/hook/cmake_prefix_path.dsv'
[143.962s] INFO:colcon.colcon_core.shell:Creating environment hook '/root/dddmr_navigation/install/mpc_critics/share/mpc_critics/hook/cmake_prefix_path.sh'
[143.963s] Level 1:colcon.colcon_core.environment:checking '/root/dddmr_navigation/install/mpc_critics/lib'
[143.963s] Level 1:colcon.colcon_core.shell:create_environment_hook('mpc_critics', 'ld_library_path_lib')
[143.963s] INFO:colcon.colcon_core.shell:Creating environment hook '/root/dddmr_navigation/install/mpc_critics/share/mpc_critics/hook/ld_library_path_lib.ps1'
[143.963s] INFO:colcon.colcon_core.shell:Creating environment descriptor '/root/dddmr_navigation/install/mpc_critics/share/mpc_critics/hook/ld_library_path_lib.dsv'
[143.963s] INFO:colcon.colcon_core.shell:Creating environment hook '/root/dddmr_navigation/install/mpc_critics/share/mpc_critics/hook/ld_library_path_lib.sh'
[143.963s] Level 1:colcon.colcon_core.environment:checking '/root/dddmr_navigation/install/mpc_critics/bin'
[143.964s] Level 1:colcon.colcon_core.environment:checking '/root/dddmr_navigation/install/mpc_critics/lib/pkgconfig/mpc_critics.pc'
[143.964s] Level 1:colcon.colcon_core.environment:checking '/root/dddmr_navigation/install/mpc_critics/lib/python3.10/site-packages'
[143.964s] Level 1:colcon.colcon_core.environment:checking '/root/dddmr_navigation/install/mpc_critics/bin'
[143.965s] INFO:colcon.colcon_core.shell:Creating package script '/root/dddmr_navigation/install/mpc_critics/share/mpc_critics/package.ps1'
[143.966s] INFO:colcon.colcon_core.shell:Creating package descriptor '/root/dddmr_navigation/install/mpc_critics/share/mpc_critics/package.dsv'
[143.966s] INFO:colcon.colcon_core.shell:Creating package script '/root/dddmr_navigation/install/mpc_critics/share/mpc_critics/package.sh'
[143.967s] INFO:colcon.colcon_core.shell:Creating package script '/root/dddmr_navigation/install/mpc_critics/share/mpc_critics/package.bash'
[143.967s] INFO:colcon.colcon_core.shell:Creating package script '/root/dddmr_navigation/install/mpc_critics/share/mpc_critics/package.zsh'
[143.967s] Level 1:colcon.colcon_core.environment:create_file_with_runtime_dependencies(/root/dddmr_navigation/install/mpc_critics/share/colcon-core/packages/mpc_critics)
[167.976s] DEBUG:colcon.colcon_core.event_handler.log_command:Invoked command in '/root/dddmr_navigation/build/perception_3d' returned '0': CMAKE_PREFIX_PATH=${CMAKE_PREFIX_PATH}:/opt/ros/humble /usr/bin/cmake --build /root/dddmr_navigation/build/perception_3d -- -j28 -l28
[167.978s] DEBUG:colcon.colcon_core.event_handler.log_command:Invoking command in '/root/dddmr_navigation/build/perception_3d': CMAKE_PREFIX_PATH=${CMAKE_PREFIX_PATH}:/opt/ros/humble /usr/bin/cmake --install /root/dddmr_navigation/build/perception_3d
[168.503s] Level 1:colcon.colcon_core.environment:create_environment_scripts_only(perception_3d)
[168.503s] Level 1:colcon.colcon_core.environment:checking '/root/dddmr_navigation/install/perception_3d' for CMake module files
[168.504s] DEBUG:colcon.colcon_core.event_handler.log_command:Invoked command in '/root/dddmr_navigation/build/perception_3d' returned '0': CMAKE_PREFIX_PATH=${CMAKE_PREFIX_PATH}:/opt/ros/humble /usr/bin/cmake --install /root/dddmr_navigation/build/perception_3d
[168.504s] Level 1:colcon.colcon_core.environment:checking '/root/dddmr_navigation/install/perception_3d' for CMake config files
[168.505s] Level 1:colcon.colcon_core.shell:create_environment_hook('perception_3d', 'cmake_prefix_path')
[168.505s] INFO:colcon.colcon_core.shell:Creating environment hook '/root/dddmr_navigation/install/perception_3d/share/perception_3d/hook/cmake_prefix_path.ps1'
[168.505s] INFO:colcon.colcon_core.shell:Creating environment descriptor '/root/dddmr_navigation/install/perception_3d/share/perception_3d/hook/cmake_prefix_path.dsv'
[168.505s] INFO:colcon.colcon_core.shell:Creating environment hook '/root/dddmr_navigation/install/perception_3d/share/perception_3d/hook/cmake_prefix_path.sh'
[168.506s] Level 1:colcon.colcon_core.environment:checking '/root/dddmr_navigation/install/perception_3d/lib'
[168.506s] Level 1:colcon.colcon_core.shell:create_environment_hook('perception_3d', 'ld_library_path_lib')
[168.506s] INFO:colcon.colcon_core.shell:Creating environment hook '/root/dddmr_navigation/install/perception_3d/share/perception_3d/hook/ld_library_path_lib.ps1'
[168.506s] INFO:colcon.colcon_core.shell:Creating environment descriptor '/root/dddmr_navigation/install/perception_3d/share/perception_3d/hook/ld_library_path_lib.dsv'
[168.506s] INFO:colcon.colcon_core.shell:Creating environment hook '/root/dddmr_navigation/install/perception_3d/share/perception_3d/hook/ld_library_path_lib.sh'
[168.506s] Level 1:colcon.colcon_core.environment:checking '/root/dddmr_navigation/install/perception_3d/bin'
[168.506s] Level 1:colcon.colcon_core.environment:checking '/root/dddmr_navigation/install/perception_3d/lib/pkgconfig/perception_3d.pc'
[168.507s] Level 1:colcon.colcon_core.environment:checking '/root/dddmr_navigation/install/perception_3d/lib/python3.10/site-packages'
[168.507s] Level 1:colcon.colcon_core.environment:checking '/root/dddmr_navigation/install/perception_3d/bin'
[168.543s] INFO:colcon.colcon_core.shell:Creating package script '/root/dddmr_navigation/install/perception_3d/share/perception_3d/package.ps1'
[168.543s] INFO:colcon.colcon_core.shell:Creating package descriptor '/root/dddmr_navigation/install/perception_3d/share/perception_3d/package.dsv'
[168.543s] INFO:colcon.colcon_core.shell:Creating package script '/root/dddmr_navigation/install/perception_3d/share/perception_3d/package.sh'
[168.544s] INFO:colcon.colcon_core.shell:Creating package script '/root/dddmr_navigation/install/perception_3d/share/perception_3d/package.bash'
[168.544s] INFO:colcon.colcon_core.shell:Creating package script '/root/dddmr_navigation/install/perception_3d/share/perception_3d/package.zsh'
[168.544s] Level 1:colcon.colcon_core.environment:create_file_with_runtime_dependencies(/root/dddmr_navigation/install/perception_3d/share/colcon-core/packages/perception_3d)
[168.545s] Level 1:colcon.colcon_core.environment:create_environment_scripts_only(perception_3d)
[168.545s] Level 1:colcon.colcon_core.environment:checking '/root/dddmr_navigation/install/perception_3d' for CMake module files
[168.545s] Level 1:colcon.colcon_core.environment:checking '/root/dddmr_navigation/install/perception_3d' for CMake config files
[168.546s] Level 1:colcon.colcon_core.shell:create_environment_hook('perception_3d', 'cmake_prefix_path')
[168.546s] INFO:colcon.colcon_core.shell:Creating environment hook '/root/dddmr_navigation/install/perception_3d/share/perception_3d/hook/cmake_prefix_path.ps1'
[168.546s] INFO:colcon.colcon_core.shell:Creating environment descriptor '/root/dddmr_navigation/install/perception_3d/share/perception_3d/hook/cmake_prefix_path.dsv'
[168.546s] INFO:colcon.colcon_core.shell:Creating environment hook '/root/dddmr_navigation/install/perception_3d/share/perception_3d/hook/cmake_prefix_path.sh'
[168.547s] Level 1:colcon.colcon_core.environment:checking '/root/dddmr_navigation/install/perception_3d/lib'
[168.547s] Level 1:colcon.colcon_core.shell:create_environment_hook('perception_3d', 'ld_library_path_lib')
[168.547s] INFO:colcon.colcon_core.shell:Creating environment hook '/root/dddmr_navigation/install/perception_3d/share/perception_3d/hook/ld_library_path_lib.ps1'
[168.547s] INFO:colcon.colcon_core.shell:Creating environment descriptor '/root/dddmr_navigation/install/perception_3d/share/perception_3d/hook/ld_library_path_lib.dsv'
[168.547s] INFO:colcon.colcon_core.shell:Creating environment hook '/root/dddmr_navigation/install/perception_3d/share/perception_3d/hook/ld_library_path_lib.sh'
[168.548s] Level 1:colcon.colcon_core.environment:checking '/root/dddmr_navigation/install/perception_3d/bin'
[168.548s] Level 1:colcon.colcon_core.environment:checking '/root/dddmr_navigation/install/perception_3d/lib/pkgconfig/perception_3d.pc'
[168.548s] Level 1:colcon.colcon_core.environment:checking '/root/dddmr_navigation/install/perception_3d/lib/python3.10/site-packages'
[168.548s] Level 1:colcon.colcon_core.environment:checking '/root/dddmr_navigation/install/perception_3d/bin'
[168.548s] INFO:colcon.colcon_core.shell:Creating package script '/root/dddmr_navigation/install/perception_3d/share/perception_3d/package.ps1'
[168.549s] INFO:colcon.colcon_core.shell:Creating package descriptor '/root/dddmr_navigation/install/perception_3d/share/perception_3d/package.dsv'
[168.549s] INFO:colcon.colcon_core.shell:Creating package script '/root/dddmr_navigation/install/perception_3d/share/perception_3d/package.sh'
[168.549s] INFO:colcon.colcon_core.shell:Creating package script '/root/dddmr_navigation/install/perception_3d/share/perception_3d/package.bash'
[168.549s] INFO:colcon.colcon_core.shell:Creating package script '/root/dddmr_navigation/install/perception_3d/share/perception_3d/package.zsh'
[168.550s] Level 1:colcon.colcon_core.environment:create_file_with_runtime_dependencies(/root/dddmr_navigation/install/perception_3d/share/colcon-core/packages/perception_3d)
[168.550s] INFO:colcon.colcon_ros.task.ament_cmake.build:Building ROS package in '/root/dddmr_navigation/src/dddmr_global_planner' with build type 'ament_cmake'
[168.550s] INFO:colcon.colcon_cmake.task.cmake.build:Building CMake package in '/root/dddmr_navigation/src/dddmr_global_planner'
[168.550s] INFO:colcon.colcon_core.shell:Skip shell extension 'powershell' for command environment: Not usable outside of PowerShell
[168.550s] DEBUG:colcon.colcon_core.shell:Skip shell extension 'dsv' for command environment
[168.563s] DEBUG:colcon.colcon_core.event_handler.log_command:Invoking command in '/root/dddmr_navigation/build/global_planner': AMENT_PREFIX_PATH=/root/dddmr_navigation/install/perception_3d:/root/dddmr_navigation/install/dddmr_sys_core:${AMENT_PREFIX_PATH} CMAKE_PREFIX_PATH=/root/dddmr_navigation/install/perception_3d:/root/dddmr_navigation/install/dddmr_sys_core:/root/livox_ws/install/livox_ros_driver2:/opt/ros/humble LD_LIBRARY_PATH=/root/dddmr_navigation/install/perception_3d/lib:/root/dddmr_navigation/install/dddmr_sys_core/lib:${LD_LIBRARY_PATH} PYTHONPATH=/root/dddmr_navigation/install/dddmr_sys_core/local/lib/python3.10/dist-packages:${PYTHONPATH} /usr/bin/cmake /root/dddmr_navigation/src/dddmr_global_planner -DAMENT_CMAKE_SYMLINK_INSTALL=1 -DCMAKE_INSTALL_PREFIX=/root/dddmr_navigation/install/global_planner
[171.842s] DEBUG:colcon.colcon_core.event_handler.log_command:Invoked command in '/root/dddmr_navigation/build/global_planner' returned '0': AMENT_PREFIX_PATH=/root/dddmr_navigation/install/perception_3d:/root/dddmr_navigation/install/dddmr_sys_core:${AMENT_PREFIX_PATH} CMAKE_PREFIX_PATH=/root/dddmr_navigation/install/perception_3d:/root/dddmr_navigation/install/dddmr_sys_core:/root/livox_ws/install/livox_ros_driver2:/opt/ros/humble LD_LIBRARY_PATH=/root/dddmr_navigation/install/perception_3d/lib:/root/dddmr_navigation/install/dddmr_sys_core/lib:${LD_LIBRARY_PATH} PYTHONPATH=/root/dddmr_navigation/install/dddmr_sys_core/local/lib/python3.10/dist-packages:${PYTHONPATH} /usr/bin/cmake /root/dddmr_navigation/src/dddmr_global_planner -DAMENT_CMAKE_SYMLINK_INSTALL=1 -DCMAKE_INSTALL_PREFIX=/root/dddmr_navigation/install/global_planner
[171.844s] DEBUG:colcon.colcon_core.event_handler.log_command:Invoking command in '/root/dddmr_navigation/build/global_planner': AMENT_PREFIX_PATH=/root/dddmr_navigation/install/perception_3d:/root/dddmr_navigation/install/dddmr_sys_core:${AMENT_PREFIX_PATH} CMAKE_PREFIX_PATH=/root/dddmr_navigation/install/perception_3d:/root/dddmr_navigation/install/dddmr_sys_core:/root/livox_ws/install/livox_ros_driver2:/opt/ros/humble LD_LIBRARY_PATH=/root/dddmr_navigation/install/perception_3d/lib:/root/dddmr_navigation/install/dddmr_sys_core/lib:${LD_LIBRARY_PATH} PYTHONPATH=/root/dddmr_navigation/install/dddmr_sys_core/local/lib/python3.10/dist-packages:${PYTHONPATH} /usr/bin/cmake --build /root/dddmr_navigation/build/global_planner -- -j28 -l28
[178.292s] DEBUG:colcon.colcon_core.event_handler.log_command:Invoked command in '/root/dddmr_navigation/build/trajectory_generators' returned '0': AMENT_PREFIX_PATH=/root/dddmr_navigation/install/base_trajectory:${AMENT_PREFIX_PATH} CMAKE_PREFIX_PATH=/root/dddmr_navigation/install/base_trajectory:/root/livox_ws/install/livox_ros_driver2:/opt/ros/humble LD_LIBRARY_PATH=/root/dddmr_navigation/install/base_trajectory/lib:${LD_LIBRARY_PATH} /usr/bin/cmake --build /root/dddmr_navigation/build/trajectory_generators -- -j28 -l28
[178.294s] DEBUG:colcon.colcon_core.event_handler.log_command:Invoking command in '/root/dddmr_navigation/build/trajectory_generators': AMENT_PREFIX_PATH=/root/dddmr_navigation/install/base_trajectory:${AMENT_PREFIX_PATH} CMAKE_PREFIX_PATH=/root/dddmr_navigation/install/base_trajectory:/root/livox_ws/install/livox_ros_driver2:/opt/ros/humble LD_LIBRARY_PATH=/root/dddmr_navigation/install/base_trajectory/lib:${LD_LIBRARY_PATH} /usr/bin/cmake --install /root/dddmr_navigation/build/trajectory_generators
[178.560s] Level 1:colcon.colcon_core.environment:create_environment_scripts_only(trajectory_generators)
[178.560s] Level 1:colcon.colcon_core.environment:checking '/root/dddmr_navigation/install/trajectory_generators' for CMake module files
[178.560s] DEBUG:colcon.colcon_core.event_handler.log_command:Invoked command in '/root/dddmr_navigation/build/trajectory_generators' returned '0': AMENT_PREFIX_PATH=/root/dddmr_navigation/install/base_trajectory:${AMENT_PREFIX_PATH} CMAKE_PREFIX_PATH=/root/dddmr_navigation/install/base_trajectory:/root/livox_ws/install/livox_ros_driver2:/opt/ros/humble LD_LIBRARY_PATH=/root/dddmr_navigation/install/base_trajectory/lib:${LD_LIBRARY_PATH} /usr/bin/cmake --install /root/dddmr_navigation/build/trajectory_generators
[178.561s] Level 1:colcon.colcon_core.environment:checking '/root/dddmr_navigation/install/trajectory_generators' for CMake config files
[178.561s] Level 1:colcon.colcon_core.shell:create_environment_hook('trajectory_generators', 'cmake_prefix_path')
[178.561s] INFO:colcon.colcon_core.shell:Creating environment hook '/root/dddmr_navigation/install/trajectory_generators/share/trajectory_generators/hook/cmake_prefix_path.ps1'
[178.561s] INFO:colcon.colcon_core.shell:Creating environment descriptor '/root/dddmr_navigation/install/trajectory_generators/share/trajectory_generators/hook/cmake_prefix_path.dsv'
[178.561s] INFO:colcon.colcon_core.shell:Creating environment hook '/root/dddmr_navigation/install/trajectory_generators/share/trajectory_generators/hook/cmake_prefix_path.sh'
[178.562s] Level 1:colcon.colcon_core.environment:checking '/root/dddmr_navigation/install/trajectory_generators/lib'
[178.562s] Level 1:colcon.colcon_core.shell:create_environment_hook('trajectory_generators', 'ld_library_path_lib')
[178.562s] INFO:colcon.colcon_core.shell:Creating environment hook '/root/dddmr_navigation/install/trajectory_generators/share/trajectory_generators/hook/ld_library_path_lib.ps1'
[178.562s] INFO:colcon.colcon_core.shell:Creating environment descriptor '/root/dddmr_navigation/install/trajectory_generators/share/trajectory_generators/hook/ld_library_path_lib.dsv'
[178.563s] INFO:colcon.colcon_core.shell:Creating environment hook '/root/dddmr_navigation/install/trajectory_generators/share/trajectory_generators/hook/ld_library_path_lib.sh'
[178.563s] Level 1:colcon.colcon_core.environment:checking '/root/dddmr_navigation/install/trajectory_generators/bin'
[178.563s] Level 1:colcon.colcon_core.environment:checking '/root/dddmr_navigation/install/trajectory_generators/lib/pkgconfig/trajectory_generators.pc'
[178.563s] Level 1:colcon.colcon_core.environment:checking '/root/dddmr_navigation/install/trajectory_generators/lib/python3.10/site-packages'
[178.563s] Level 1:colcon.colcon_core.environment:checking '/root/dddmr_navigation/install/trajectory_generators/bin'
[178.563s] INFO:colcon.colcon_core.shell:Creating package script '/root/dddmr_navigation/install/trajectory_generators/share/trajectory_generators/package.ps1'
[178.564s] INFO:colcon.colcon_core.shell:Creating package descriptor '/root/dddmr_navigation/install/trajectory_generators/share/trajectory_generators/package.dsv'
[178.564s] INFO:colcon.colcon_core.shell:Creating package script '/root/dddmr_navigation/install/trajectory_generators/share/trajectory_generators/package.sh'
[178.565s] INFO:colcon.colcon_core.shell:Creating package script '/root/dddmr_navigation/install/trajectory_generators/share/trajectory_generators/package.bash'
[178.565s] INFO:colcon.colcon_core.shell:Creating package script '/root/dddmr_navigation/install/trajectory_generators/share/trajectory_generators/package.zsh'
[178.565s] Level 1:colcon.colcon_core.environment:create_file_with_runtime_dependencies(/root/dddmr_navigation/install/trajectory_generators/share/colcon-core/packages/trajectory_generators)
[178.566s] Level 1:colcon.colcon_core.environment:create_environment_scripts_only(trajectory_generators)
[178.566s] Level 1:colcon.colcon_core.environment:checking '/root/dddmr_navigation/install/trajectory_generators' for CMake module files
[178.566s] Level 1:colcon.colcon_core.environment:checking '/root/dddmr_navigation/install/trajectory_generators' for CMake config files
[178.566s] Level 1:colcon.colcon_core.shell:create_environment_hook('trajectory_generators', 'cmake_prefix_path')
[178.566s] INFO:colcon.colcon_core.shell:Creating environment hook '/root/dddmr_navigation/install/trajectory_generators/share/trajectory_generators/hook/cmake_prefix_path.ps1'
[178.567s] INFO:colcon.colcon_core.shell:Creating environment descriptor '/root/dddmr_navigation/install/trajectory_generators/share/trajectory_generators/hook/cmake_prefix_path.dsv'
[178.567s] INFO:colcon.colcon_core.shell:Creating environment hook '/root/dddmr_navigation/install/trajectory_generators/share/trajectory_generators/hook/cmake_prefix_path.sh'
[178.567s] Level 1:colcon.colcon_core.environment:checking '/root/dddmr_navigation/install/trajectory_generators/lib'
[178.567s] Level 1:colcon.colcon_core.shell:create_environment_hook('trajectory_generators', 'ld_library_path_lib')
[178.568s] INFO:colcon.colcon_core.shell:Creating environment hook '/root/dddmr_navigation/install/trajectory_generators/share/trajectory_generators/hook/ld_library_path_lib.ps1'
[178.568s] INFO:colcon.colcon_core.shell:Creating environment descriptor '/root/dddmr_navigation/install/trajectory_generators/share/trajectory_generators/hook/ld_library_path_lib.dsv'
[178.568s] INFO:colcon.colcon_core.shell:Creating environment hook '/root/dddmr_navigation/install/trajectory_generators/share/trajectory_generators/hook/ld_library_path_lib.sh'
[178.568s] Level 1:colcon.colcon_core.environment:checking '/root/dddmr_navigation/install/trajectory_generators/bin'
[178.568s] Level 1:colcon.colcon_core.environment:checking '/root/dddmr_navigation/install/trajectory_generators/lib/pkgconfig/trajectory_generators.pc'
[178.569s] Level 1:colcon.colcon_core.environment:checking '/root/dddmr_navigation/install/trajectory_generators/lib/python3.10/site-packages'
[178.569s] Level 1:colcon.colcon_core.environment:checking '/root/dddmr_navigation/install/trajectory_generators/bin'
[178.569s] INFO:colcon.colcon_core.shell:Creating package script '/root/dddmr_navigation/install/trajectory_generators/share/trajectory_generators/package.ps1'
[178.569s] INFO:colcon.colcon_core.shell:Creating package descriptor '/root/dddmr_navigation/install/trajectory_generators/share/trajectory_generators/package.dsv'
[178.570s] INFO:colcon.colcon_core.shell:Creating package script '/root/dddmr_navigation/install/trajectory_generators/share/trajectory_generators/package.sh'
[178.570s] INFO:colcon.colcon_core.shell:Creating package script '/root/dddmr_navigation/install/trajectory_generators/share/trajectory_generators/package.bash'
[178.571s] INFO:colcon.colcon_core.shell:Creating package script '/root/dddmr_navigation/install/trajectory_generators/share/trajectory_generators/package.zsh'
[178.571s] Level 1:colcon.colcon_core.environment:create_file_with_runtime_dependencies(/root/dddmr_navigation/install/trajectory_generators/share/colcon-core/packages/trajectory_generators)
[178.571s] INFO:colcon.colcon_ros.task.ament_cmake.build:Building ROS package in '/root/dddmr_navigation/src/dddmr_local_planner/local_planner' with build type 'ament_cmake'
[178.571s] INFO:colcon.colcon_cmake.task.cmake.build:Building CMake package in '/root/dddmr_navigation/src/dddmr_local_planner/local_planner'
[178.571s] INFO:colcon.colcon_core.shell:Skip shell extension 'powershell' for command environment: Not usable outside of PowerShell
[178.571s] DEBUG:colcon.colcon_core.shell:Skip shell extension 'dsv' for command environment
[178.574s] INFO:colcon.colcon_ros.task.ament_cmake.build:Building ROS package in '/root/dddmr_navigation/src/dddmr_local_planner/recovery_behaviors' with build type 'ament_cmake'
[178.574s] INFO:colcon.colcon_cmake.task.cmake.build:Building CMake package in '/root/dddmr_navigation/src/dddmr_local_planner/recovery_behaviors'
[178.574s] INFO:colcon.colcon_core.shell:Skip shell extension 'powershell' for command environment: Not usable outside of PowerShell
[178.574s] DEBUG:colcon.colcon_core.shell:Skip shell extension 'dsv' for command environment
[178.587s] DEBUG:colcon.colcon_core.event_handler.log_command:Invoking command in '/root/dddmr_navigation/build/local_planner': AMENT_PREFIX_PATH=/root/dddmr_navigation/install/trajectory_generators:/root/dddmr_navigation/install/mpc_critics:/root/dddmr_navigation/install/perception_3d:/root/dddmr_navigation/install/dddmr_sys_core:/root/dddmr_navigation/install/base_trajectory:${AMENT_PREFIX_PATH} CMAKE_PREFIX_PATH=/root/dddmr_navigation/install/trajectory_generators:/root/dddmr_navigation/install/mpc_critics:/root/dddmr_navigation/install/perception_3d:/root/dddmr_navigation/install/dddmr_sys_core:/root/dddmr_navigation/install/base_trajectory:/root/livox_ws/install/livox_ros_driver2:/opt/ros/humble LD_LIBRARY_PATH=/root/dddmr_navigation/install/trajectory_generators/lib:/root/dddmr_navigation/install/mpc_critics/lib:/root/dddmr_navigation/install/perception_3d/lib:/root/dddmr_navigation/install/dddmr_sys_core/lib:/root/dddmr_navigation/install/base_trajectory/lib:${LD_LIBRARY_PATH} PYTHONPATH=/root/dddmr_navigation/install/dddmr_sys_core/local/lib/python3.10/dist-packages:${PYTHONPATH} /usr/bin/cmake /root/dddmr_navigation/src/dddmr_local_planner/local_planner -DAMENT_CMAKE_SYMLINK_INSTALL=1 -DCMAKE_INSTALL_PREFIX=/root/dddmr_navigation/install/local_planner
[178.589s] DEBUG:colcon.colcon_core.event_handler.log_command:Invoking command in '/root/dddmr_navigation/build/recovery_behaviors': AMENT_PREFIX_PATH=/root/dddmr_navigation/install/trajectory_generators:/root/dddmr_navigation/install/mpc_critics:/root/dddmr_navigation/install/perception_3d:/root/dddmr_navigation/install/dddmr_sys_core:/root/dddmr_navigation/install/base_trajectory:${AMENT_PREFIX_PATH} CMAKE_PREFIX_PATH=/root/dddmr_navigation/install/trajectory_generators:/root/dddmr_navigation/install/mpc_critics:/root/dddmr_navigation/install/perception_3d:/root/dddmr_navigation/install/dddmr_sys_core:/root/dddmr_navigation/install/base_trajectory:/root/livox_ws/install/livox_ros_driver2:/opt/ros/humble LD_LIBRARY_PATH=/root/dddmr_navigation/install/trajectory_generators/lib:/root/dddmr_navigation/install/mpc_critics/lib:/root/dddmr_navigation/install/perception_3d/lib:/root/dddmr_navigation/install/dddmr_sys_core/lib:/root/dddmr_navigation/install/base_trajectory/lib:${LD_LIBRARY_PATH} PYTHONPATH=/root/dddmr_navigation/install/dddmr_sys_core/local/lib/python3.10/dist-packages:${PYTHONPATH} /usr/bin/cmake /root/dddmr_navigation/src/dddmr_local_planner/recovery_behaviors -DAMENT_CMAKE_SYMLINK_INSTALL=1 -DCMAKE_INSTALL_PREFIX=/root/dddmr_navigation/install/recovery_behaviors
[183.325s] DEBUG:colcon.colcon_core.event_handler.log_command:Invoked command in '/root/dddmr_navigation/build/local_planner' returned '0': AMENT_PREFIX_PATH=/root/dddmr_navigation/install/trajectory_generators:/root/dddmr_navigation/install/mpc_critics:/root/dddmr_navigation/install/perception_3d:/root/dddmr_navigation/install/dddmr_sys_core:/root/dddmr_navigation/install/base_trajectory:${AMENT_PREFIX_PATH} CMAKE_PREFIX_PATH=/root/dddmr_navigation/install/trajectory_generators:/root/dddmr_navigation/install/mpc_critics:/root/dddmr_navigation/install/perception_3d:/root/dddmr_navigation/install/dddmr_sys_core:/root/dddmr_navigation/install/base_trajectory:/root/livox_ws/install/livox_ros_driver2:/opt/ros/humble LD_LIBRARY_PATH=/root/dddmr_navigation/install/trajectory_generators/lib:/root/dddmr_navigation/install/mpc_critics/lib:/root/dddmr_navigation/install/perception_3d/lib:/root/dddmr_navigation/install/dddmr_sys_core/lib:/root/dddmr_navigation/install/base_trajectory/lib:${LD_LIBRARY_PATH} PYTHONPATH=/root/dddmr_navigation/install/dddmr_sys_core/local/lib/python3.10/dist-packages:${PYTHONPATH} /usr/bin/cmake /root/dddmr_navigation/src/dddmr_local_planner/local_planner -DAMENT_CMAKE_SYMLINK_INSTALL=1 -DCMAKE_INSTALL_PREFIX=/root/dddmr_navigation/install/local_planner
[183.326s] DEBUG:colcon.colcon_core.event_handler.log_command:Invoking command in '/root/dddmr_navigation/build/local_planner': AMENT_PREFIX_PATH=/root/dddmr_navigation/install/trajectory_generators:/root/dddmr_navigation/install/mpc_critics:/root/dddmr_navigation/install/perception_3d:/root/dddmr_navigation/install/dddmr_sys_core:/root/dddmr_navigation/install/base_trajectory:${AMENT_PREFIX_PATH} CMAKE_PREFIX_PATH=/root/dddmr_navigation/install/trajectory_generators:/root/dddmr_navigation/install/mpc_critics:/root/dddmr_navigation/install/perception_3d:/root/dddmr_navigation/install/dddmr_sys_core:/root/dddmr_navigation/install/base_trajectory:/root/livox_ws/install/livox_ros_driver2:/opt/ros/humble LD_LIBRARY_PATH=/root/dddmr_navigation/install/trajectory_generators/lib:/root/dddmr_navigation/install/mpc_critics/lib:/root/dddmr_navigation/install/perception_3d/lib:/root/dddmr_navigation/install/dddmr_sys_core/lib:/root/dddmr_navigation/install/base_trajectory/lib:${LD_LIBRARY_PATH} PYTHONPATH=/root/dddmr_navigation/install/dddmr_sys_core/local/lib/python3.10/dist-packages:${PYTHONPATH} /usr/bin/cmake --build /root/dddmr_navigation/build/local_planner -- -j28 -l28
[184.158s] DEBUG:colcon.colcon_core.event_handler.log_command:Invoked command in '/root/dddmr_navigation/build/recovery_behaviors' returned '0': AMENT_PREFIX_PATH=/root/dddmr_navigation/install/trajectory_generators:/root/dddmr_navigation/install/mpc_critics:/root/dddmr_navigation/install/perception_3d:/root/dddmr_navigation/install/dddmr_sys_core:/root/dddmr_navigation/install/base_trajectory:${AMENT_PREFIX_PATH} CMAKE_PREFIX_PATH=/root/dddmr_navigation/install/trajectory_generators:/root/dddmr_navigation/install/mpc_critics:/root/dddmr_navigation/install/perception_3d:/root/dddmr_navigation/install/dddmr_sys_core:/root/dddmr_navigation/install/base_trajectory:/root/livox_ws/install/livox_ros_driver2:/opt/ros/humble LD_LIBRARY_PATH=/root/dddmr_navigation/install/trajectory_generators/lib:/root/dddmr_navigation/install/mpc_critics/lib:/root/dddmr_navigation/install/perception_3d/lib:/root/dddmr_navigation/install/dddmr_sys_core/lib:/root/dddmr_navigation/install/base_trajectory/lib:${LD_LIBRARY_PATH} PYTHONPATH=/root/dddmr_navigation/install/dddmr_sys_core/local/lib/python3.10/dist-packages:${PYTHONPATH} /usr/bin/cmake /root/dddmr_navigation/src/dddmr_local_planner/recovery_behaviors -DAMENT_CMAKE_SYMLINK_INSTALL=1 -DCMAKE_INSTALL_PREFIX=/root/dddmr_navigation/install/recovery_behaviors
[184.160s] DEBUG:colcon.colcon_core.event_handler.log_command:Invoking command in '/root/dddmr_navigation/build/recovery_behaviors': AMENT_PREFIX_PATH=/root/dddmr_navigation/install/trajectory_generators:/root/dddmr_navigation/install/mpc_critics:/root/dddmr_navigation/install/perception_3d:/root/dddmr_navigation/install/dddmr_sys_core:/root/dddmr_navigation/install/base_trajectory:${AMENT_PREFIX_PATH} CMAKE_PREFIX_PATH=/root/dddmr_navigation/install/trajectory_generators:/root/dddmr_navigation/install/mpc_critics:/root/dddmr_navigation/install/perception_3d:/root/dddmr_navigation/install/dddmr_sys_core:/root/dddmr_navigation/install/base_trajectory:/root/livox_ws/install/livox_ros_driver2:/opt/ros/humble LD_LIBRARY_PATH=/root/dddmr_navigation/install/trajectory_generators/lib:/root/dddmr_navigation/install/mpc_critics/lib:/root/dddmr_navigation/install/perception_3d/lib:/root/dddmr_navigation/install/dddmr_sys_core/lib:/root/dddmr_navigation/install/base_trajectory/lib:${LD_LIBRARY_PATH} PYTHONPATH=/root/dddmr_navigation/install/dddmr_sys_core/local/lib/python3.10/dist-packages:${PYTHONPATH} /usr/bin/cmake --build /root/dddmr_navigation/build/recovery_behaviors -- -j28 -l28
[203.396s] DEBUG:colcon.colcon_core.event_handler.log_command:Invoked command in '/root/dddmr_navigation/build/global_planner' returned '0': AMENT_PREFIX_PATH=/root/dddmr_navigation/install/perception_3d:/root/dddmr_navigation/install/dddmr_sys_core:${AMENT_PREFIX_PATH} CMAKE_PREFIX_PATH=/root/dddmr_navigation/install/perception_3d:/root/dddmr_navigation/install/dddmr_sys_core:/root/livox_ws/install/livox_ros_driver2:/opt/ros/humble LD_LIBRARY_PATH=/root/dddmr_navigation/install/perception_3d/lib:/root/dddmr_navigation/install/dddmr_sys_core/lib:${LD_LIBRARY_PATH} PYTHONPATH=/root/dddmr_navigation/install/dddmr_sys_core/local/lib/python3.10/dist-packages:${PYTHONPATH} /usr/bin/cmake --build /root/dddmr_navigation/build/global_planner -- -j28 -l28
[203.398s] DEBUG:colcon.colcon_core.event_handler.log_command:Invoking command in '/root/dddmr_navigation/build/global_planner': AMENT_PREFIX_PATH=/root/dddmr_navigation/install/perception_3d:/root/dddmr_navigation/install/dddmr_sys_core:${AMENT_PREFIX_PATH} CMAKE_PREFIX_PATH=/root/dddmr_navigation/install/perception_3d:/root/dddmr_navigation/install/dddmr_sys_core:/root/livox_ws/install/livox_ros_driver2:/opt/ros/humble LD_LIBRARY_PATH=/root/dddmr_navigation/install/perception_3d/lib:/root/dddmr_navigation/install/dddmr_sys_core/lib:${LD_LIBRARY_PATH} PYTHONPATH=/root/dddmr_navigation/install/dddmr_sys_core/local/lib/python3.10/dist-packages:${PYTHONPATH} /usr/bin/cmake --install /root/dddmr_navigation/build/global_planner
[203.722s] Level 1:colcon.colcon_core.environment:create_environment_scripts_only(global_planner)
[203.723s] Level 1:colcon.colcon_core.environment:checking '/root/dddmr_navigation/install/global_planner' for CMake module files
[203.723s] DEBUG:colcon.colcon_core.event_handler.log_command:Invoked command in '/root/dddmr_navigation/build/global_planner' returned '0': AMENT_PREFIX_PATH=/root/dddmr_navigation/install/perception_3d:/root/dddmr_navigation/install/dddmr_sys_core:${AMENT_PREFIX_PATH} CMAKE_PREFIX_PATH=/root/dddmr_navigation/install/perception_3d:/root/dddmr_navigation/install/dddmr_sys_core:/root/livox_ws/install/livox_ros_driver2:/opt/ros/humble LD_LIBRARY_PATH=/root/dddmr_navigation/install/perception_3d/lib:/root/dddmr_navigation/install/dddmr_sys_core/lib:${LD_LIBRARY_PATH} PYTHONPATH=/root/dddmr_navigation/install/dddmr_sys_core/local/lib/python3.10/dist-packages:${PYTHONPATH} /usr/bin/cmake --install /root/dddmr_navigation/build/global_planner
[203.723s] Level 1:colcon.colcon_core.environment:checking '/root/dddmr_navigation/install/global_planner' for CMake config files
[203.724s] Level 1:colcon.colcon_core.shell:create_environment_hook('global_planner', 'cmake_prefix_path')
[203.724s] INFO:colcon.colcon_core.shell:Creating environment hook '/root/dddmr_navigation/install/global_planner/share/global_planner/hook/cmake_prefix_path.ps1'
[203.724s] INFO:colcon.colcon_core.shell:Creating environment descriptor '/root/dddmr_navigation/install/global_planner/share/global_planner/hook/cmake_prefix_path.dsv'
[203.724s] INFO:colcon.colcon_core.shell:Creating environment hook '/root/dddmr_navigation/install/global_planner/share/global_planner/hook/cmake_prefix_path.sh'
[203.725s] Level 1:colcon.colcon_core.environment:checking '/root/dddmr_navigation/install/global_planner/lib'
[203.725s] Level 1:colcon.colcon_core.shell:create_environment_hook('global_planner', 'ld_library_path_lib')
[203.725s] INFO:colcon.colcon_core.shell:Creating environment hook '/root/dddmr_navigation/install/global_planner/share/global_planner/hook/ld_library_path_lib.ps1'
[203.725s] INFO:colcon.colcon_core.shell:Creating environment descriptor '/root/dddmr_navigation/install/global_planner/share/global_planner/hook/ld_library_path_lib.dsv'
[203.725s] INFO:colcon.colcon_core.shell:Creating environment hook '/root/dddmr_navigation/install/global_planner/share/global_planner/hook/ld_library_path_lib.sh'
[203.725s] Level 1:colcon.colcon_core.environment:checking '/root/dddmr_navigation/install/global_planner/bin'
[203.725s] Level 1:colcon.colcon_core.environment:checking '/root/dddmr_navigation/install/global_planner/lib/pkgconfig/global_planner.pc'
[203.725s] Level 1:colcon.colcon_core.environment:checking '/root/dddmr_navigation/install/global_planner/lib/python3.10/site-packages'
[203.726s] Level 1:colcon.colcon_core.environment:checking '/root/dddmr_navigation/install/global_planner/bin'
[203.726s] INFO:colcon.colcon_core.shell:Creating package script '/root/dddmr_navigation/install/global_planner/share/global_planner/package.ps1'
[203.727s] INFO:colcon.colcon_core.shell:Creating package descriptor '/root/dddmr_navigation/install/global_planner/share/global_planner/package.dsv'
[203.727s] INFO:colcon.colcon_core.shell:Creating package script '/root/dddmr_navigation/install/global_planner/share/global_planner/package.sh'
[203.727s] INFO:colcon.colcon_core.shell:Creating package script '/root/dddmr_navigation/install/global_planner/share/global_planner/package.bash'
[203.727s] INFO:colcon.colcon_core.shell:Creating package script '/root/dddmr_navigation/install/global_planner/share/global_planner/package.zsh'
[203.727s] Level 1:colcon.colcon_core.environment:create_file_with_runtime_dependencies(/root/dddmr_navigation/install/global_planner/share/colcon-core/packages/global_planner)
[203.728s] Level 1:colcon.colcon_core.environment:create_environment_scripts_only(global_planner)
[203.728s] Level 1:colcon.colcon_core.environment:checking '/root/dddmr_navigation/install/global_planner' for CMake module files
[203.728s] Level 1:colcon.colcon_core.environment:checking '/root/dddmr_navigation/install/global_planner' for CMake config files
[203.729s] Level 1:colcon.colcon_core.shell:create_environment_hook('global_planner', 'cmake_prefix_path')
[203.729s] INFO:colcon.colcon_core.shell:Creating environment hook '/root/dddmr_navigation/install/global_planner/share/global_planner/hook/cmake_prefix_path.ps1'
[203.729s] INFO:colcon.colcon_core.shell:Creating environment descriptor '/root/dddmr_navigation/install/global_planner/share/global_planner/hook/cmake_prefix_path.dsv'
[203.729s] INFO:colcon.colcon_core.shell:Creating environment hook '/root/dddmr_navigation/install/global_planner/share/global_planner/hook/cmake_prefix_path.sh'
[203.729s] Level 1:colcon.colcon_core.environment:checking '/root/dddmr_navigation/install/global_planner/lib'
[203.730s] Level 1:colcon.colcon_core.shell:create_environment_hook('global_planner', 'ld_library_path_lib')
[203.730s] INFO:colcon.colcon_core.shell:Creating environment hook '/root/dddmr_navigation/install/global_planner/share/global_planner/hook/ld_library_path_lib.ps1'
[203.730s] INFO:colcon.colcon_core.shell:Creating environment descriptor '/root/dddmr_navigation/install/global_planner/share/global_planner/hook/ld_library_path_lib.dsv'
[203.730s] INFO:colcon.colcon_core.shell:Creating environment hook '/root/dddmr_navigation/install/global_planner/share/global_planner/hook/ld_library_path_lib.sh'
[203.730s] Level 1:colcon.colcon_core.environment:checking '/root/dddmr_navigation/install/global_planner/bin'
[203.730s] Level 1:colcon.colcon_core.environment:checking '/root/dddmr_navigation/install/global_planner/lib/pkgconfig/global_planner.pc'
[203.731s] Level 1:colcon.colcon_core.environment:checking '/root/dddmr_navigation/install/global_planner/lib/python3.10/site-packages'
[203.731s] Level 1:colcon.colcon_core.environment:checking '/root/dddmr_navigation/install/global_planner/bin'
[203.731s] INFO:colcon.colcon_core.shell:Creating package script '/root/dddmr_navigation/install/global_planner/share/global_planner/package.ps1'
[203.731s] INFO:colcon.colcon_core.shell:Creating package descriptor '/root/dddmr_navigation/install/global_planner/share/global_planner/package.dsv'
[203.732s] INFO:colcon.colcon_core.shell:Creating package script '/root/dddmr_navigation/install/global_planner/share/global_planner/package.sh'
[203.732s] INFO:colcon.colcon_core.shell:Creating package script '/root/dddmr_navigation/install/global_planner/share/global_planner/package.bash'
[203.732s] INFO:colcon.colcon_core.shell:Creating package script '/root/dddmr_navigation/install/global_planner/share/global_planner/package.zsh'
[203.732s] Level 1:colcon.colcon_core.environment:create_file_with_runtime_dependencies(/root/dddmr_navigation/install/global_planner/share/colcon-core/packages/global_planner)
[206.417s] DEBUG:colcon.colcon_core.event_handler.log_command:Invoked command in '/root/dddmr_navigation/build/local_planner' returned '0': AMENT_PREFIX_PATH=/root/dddmr_navigation/install/trajectory_generators:/root/dddmr_navigation/install/mpc_critics:/root/dddmr_navigation/install/perception_3d:/root/dddmr_navigation/install/dddmr_sys_core:/root/dddmr_navigation/install/base_trajectory:${AMENT_PREFIX_PATH} CMAKE_PREFIX_PATH=/root/dddmr_navigation/install/trajectory_generators:/root/dddmr_navigation/install/mpc_critics:/root/dddmr_navigation/install/perception_3d:/root/dddmr_navigation/install/dddmr_sys_core:/root/dddmr_navigation/install/base_trajectory:/root/livox_ws/install/livox_ros_driver2:/opt/ros/humble LD_LIBRARY_PATH=/root/dddmr_navigation/install/trajectory_generators/lib:/root/dddmr_navigation/install/mpc_critics/lib:/root/dddmr_navigation/install/perception_3d/lib:/root/dddmr_navigation/install/dddmr_sys_core/lib:/root/dddmr_navigation/install/base_trajectory/lib:${LD_LIBRARY_PATH} PYTHONPATH=/root/dddmr_navigation/install/dddmr_sys_core/local/lib/python3.10/dist-packages:${PYTHONPATH} /usr/bin/cmake --build /root/dddmr_navigation/build/local_planner -- -j28 -l28
[206.419s] DEBUG:colcon.colcon_core.event_handler.log_command:Invoking command in '/root/dddmr_navigation/build/local_planner': AMENT_PREFIX_PATH=/root/dddmr_navigation/install/trajectory_generators:/root/dddmr_navigation/install/mpc_critics:/root/dddmr_navigation/install/perception_3d:/root/dddmr_navigation/install/dddmr_sys_core:/root/dddmr_navigation/install/base_trajectory:${AMENT_PREFIX_PATH} CMAKE_PREFIX_PATH=/root/dddmr_navigation/install/trajectory_generators:/root/dddmr_navigation/install/mpc_critics:/root/dddmr_navigation/install/perception_3d:/root/dddmr_navigation/install/dddmr_sys_core:/root/dddmr_navigation/install/base_trajectory:/root/livox_ws/install/livox_ros_driver2:/opt/ros/humble LD_LIBRARY_PATH=/root/dddmr_navigation/install/trajectory_generators/lib:/root/dddmr_navigation/install/mpc_critics/lib:/root/dddmr_navigation/install/perception_3d/lib:/root/dddmr_navigation/install/dddmr_sys_core/lib:/root/dddmr_navigation/install/base_trajectory/lib:${LD_LIBRARY_PATH} PYTHONPATH=/root/dddmr_navigation/install/dddmr_sys_core/local/lib/python3.10/dist-packages:${PYTHONPATH} /usr/bin/cmake --install /root/dddmr_navigation/build/local_planner
[206.580s] Level 1:colcon.colcon_core.environment:create_environment_scripts_only(local_planner)
[206.581s] Level 1:colcon.colcon_core.environment:checking '/root/dddmr_navigation/install/local_planner' for CMake module files
[206.581s] DEBUG:colcon.colcon_core.event_handler.log_command:Invoked command in '/root/dddmr_navigation/build/local_planner' returned '0': AMENT_PREFIX_PATH=/root/dddmr_navigation/install/trajectory_generators:/root/dddmr_navigation/install/mpc_critics:/root/dddmr_navigation/install/perception_3d:/root/dddmr_navigation/install/dddmr_sys_core:/root/dddmr_navigation/install/base_trajectory:${AMENT_PREFIX_PATH} CMAKE_PREFIX_PATH=/root/dddmr_navigation/install/trajectory_generators:/root/dddmr_navigation/install/mpc_critics:/root/dddmr_navigation/install/perception_3d:/root/dddmr_navigation/install/dddmr_sys_core:/root/dddmr_navigation/install/base_trajectory:/root/livox_ws/install/livox_ros_driver2:/opt/ros/humble LD_LIBRARY_PATH=/root/dddmr_navigation/install/trajectory_generators/lib:/root/dddmr_navigation/install/mpc_critics/lib:/root/dddmr_navigation/install/perception_3d/lib:/root/dddmr_navigation/install/dddmr_sys_core/lib:/root/dddmr_navigation/install/base_trajectory/lib:${LD_LIBRARY_PATH} PYTHONPATH=/root/dddmr_navigation/install/dddmr_sys_core/local/lib/python3.10/dist-packages:${PYTHONPATH} /usr/bin/cmake --install /root/dddmr_navigation/build/local_planner
[206.581s] Level 1:colcon.colcon_core.environment:checking '/root/dddmr_navigation/install/local_planner' for CMake config files
[206.581s] Level 1:colcon.colcon_core.shell:create_environment_hook('local_planner', 'cmake_prefix_path')
[206.582s] INFO:colcon.colcon_core.shell:Creating environment hook '/root/dddmr_navigation/install/local_planner/share/local_planner/hook/cmake_prefix_path.ps1'
[206.582s] INFO:colcon.colcon_core.shell:Creating environment descriptor '/root/dddmr_navigation/install/local_planner/share/local_planner/hook/cmake_prefix_path.dsv'
[206.582s] INFO:colcon.colcon_core.shell:Creating environment hook '/root/dddmr_navigation/install/local_planner/share/local_planner/hook/cmake_prefix_path.sh'
[206.582s] Level 1:colcon.colcon_core.environment:checking '/root/dddmr_navigation/install/local_planner/lib'
[206.582s] Level 1:colcon.colcon_core.shell:create_environment_hook('local_planner', 'ld_library_path_lib')
[206.583s] INFO:colcon.colcon_core.shell:Creating environment hook '/root/dddmr_navigation/install/local_planner/share/local_planner/hook/ld_library_path_lib.ps1'
[206.583s] INFO:colcon.colcon_core.shell:Creating environment descriptor '/root/dddmr_navigation/install/local_planner/share/local_planner/hook/ld_library_path_lib.dsv'
[206.583s] INFO:colcon.colcon_core.shell:Creating environment hook '/root/dddmr_navigation/install/local_planner/share/local_planner/hook/ld_library_path_lib.sh'
[206.583s] Level 1:colcon.colcon_core.environment:checking '/root/dddmr_navigation/install/local_planner/bin'
[206.583s] Level 1:colcon.colcon_core.environment:checking '/root/dddmr_navigation/install/local_planner/lib/pkgconfig/local_planner.pc'
[206.583s] Level 1:colcon.colcon_core.environment:checking '/root/dddmr_navigation/install/local_planner/lib/python3.10/site-packages'
[206.583s] Level 1:colcon.colcon_core.environment:checking '/root/dddmr_navigation/install/local_planner/bin'
[206.584s] INFO:colcon.colcon_core.shell:Creating package script '/root/dddmr_navigation/install/local_planner/share/local_planner/package.ps1'
[206.584s] INFO:colcon.colcon_core.shell:Creating package descriptor '/root/dddmr_navigation/install/local_planner/share/local_planner/package.dsv'
[206.584s] INFO:colcon.colcon_core.shell:Creating package script '/root/dddmr_navigation/install/local_planner/share/local_planner/package.sh'
[206.584s] INFO:colcon.colcon_core.shell:Creating package script '/root/dddmr_navigation/install/local_planner/share/local_planner/package.bash'
[206.585s] INFO:colcon.colcon_core.shell:Creating package script '/root/dddmr_navigation/install/local_planner/share/local_planner/package.zsh'
[206.585s] Level 1:colcon.colcon_core.environment:create_file_with_runtime_dependencies(/root/dddmr_navigation/install/local_planner/share/colcon-core/packages/local_planner)
[206.585s] Level 1:colcon.colcon_core.environment:create_environment_scripts_only(local_planner)
[206.585s] Level 1:colcon.colcon_core.environment:checking '/root/dddmr_navigation/install/local_planner' for CMake module files
[206.586s] Level 1:colcon.colcon_core.environment:checking '/root/dddmr_navigation/install/local_planner' for CMake config files
[206.586s] Level 1:colcon.colcon_core.shell:create_environment_hook('local_planner', 'cmake_prefix_path')
[206.586s] INFO:colcon.colcon_core.shell:Creating environment hook '/root/dddmr_navigation/install/local_planner/share/local_planner/hook/cmake_prefix_path.ps1'
[206.586s] INFO:colcon.colcon_core.shell:Creating environment descriptor '/root/dddmr_navigation/install/local_planner/share/local_planner/hook/cmake_prefix_path.dsv'
[206.586s] INFO:colcon.colcon_core.shell:Creating environment hook '/root/dddmr_navigation/install/local_planner/share/local_planner/hook/cmake_prefix_path.sh'
[206.587s] Level 1:colcon.colcon_core.environment:checking '/root/dddmr_navigation/install/local_planner/lib'
[206.587s] Level 1:colcon.colcon_core.shell:create_environment_hook('local_planner', 'ld_library_path_lib')
[206.587s] INFO:colcon.colcon_core.shell:Creating environment hook '/root/dddmr_navigation/install/local_planner/share/local_planner/hook/ld_library_path_lib.ps1'
[206.587s] INFO:colcon.colcon_core.shell:Creating environment descriptor '/root/dddmr_navigation/install/local_planner/share/local_planner/hook/ld_library_path_lib.dsv'
[206.587s] INFO:colcon.colcon_core.shell:Creating environment hook '/root/dddmr_navigation/install/local_planner/share/local_planner/hook/ld_library_path_lib.sh'
[206.587s] Level 1:colcon.colcon_core.environment:checking '/root/dddmr_navigation/install/local_planner/bin'
[206.587s] Level 1:colcon.colcon_core.environment:checking '/root/dddmr_navigation/install/local_planner/lib/pkgconfig/local_planner.pc'
[206.587s] Level 1:colcon.colcon_core.environment:checking '/root/dddmr_navigation/install/local_planner/lib/python3.10/site-packages'
[206.588s] Level 1:colcon.colcon_core.environment:checking '/root/dddmr_navigation/install/local_planner/bin'
[206.588s] INFO:colcon.colcon_core.shell:Creating package script '/root/dddmr_navigation/install/local_planner/share/local_planner/package.ps1'
[206.588s] INFO:colcon.colcon_core.shell:Creating package descriptor '/root/dddmr_navigation/install/local_planner/share/local_planner/package.dsv'
[206.588s] INFO:colcon.colcon_core.shell:Creating package script '/root/dddmr_navigation/install/local_planner/share/local_planner/package.sh'
[206.589s] INFO:colcon.colcon_core.shell:Creating package script '/root/dddmr_navigation/install/local_planner/share/local_planner/package.bash'
[206.589s] INFO:colcon.colcon_core.shell:Creating package script '/root/dddmr_navigation/install/local_planner/share/local_planner/package.zsh'
[206.589s] Level 1:colcon.colcon_core.environment:create_file_with_runtime_dependencies(/root/dddmr_navigation/install/local_planner/share/colcon-core/packages/local_planner)
[314.125s] DEBUG:colcon.colcon_core.event_handler.log_command:Invoked command in '/root/dddmr_navigation/build/recovery_behaviors' returned '0': AMENT_PREFIX_PATH=/root/dddmr_navigation/install/trajectory_generators:/root/dddmr_navigation/install/mpc_critics:/root/dddmr_navigation/install/perception_3d:/root/dddmr_navigation/install/dddmr_sys_core:/root/dddmr_navigation/install/base_trajectory:${AMENT_PREFIX_PATH} CMAKE_PREFIX_PATH=/root/dddmr_navigation/install/trajectory_generators:/root/dddmr_navigation/install/mpc_critics:/root/dddmr_navigation/install/perception_3d:/root/dddmr_navigation/install/dddmr_sys_core:/root/dddmr_navigation/install/base_trajectory:/root/livox_ws/install/livox_ros_driver2:/opt/ros/humble LD_LIBRARY_PATH=/root/dddmr_navigation/install/trajectory_generators/lib:/root/dddmr_navigation/install/mpc_critics/lib:/root/dddmr_navigation/install/perception_3d/lib:/root/dddmr_navigation/install/dddmr_sys_core/lib:/root/dddmr_navigation/install/base_trajectory/lib:${LD_LIBRARY_PATH} PYTHONPATH=/root/dddmr_navigation/install/dddmr_sys_core/local/lib/python3.10/dist-packages:${PYTHONPATH} /usr/bin/cmake --build /root/dddmr_navigation/build/recovery_behaviors -- -j28 -l28
[314.126s] DEBUG:colcon.colcon_core.event_handler.log_command:Invoking command in '/root/dddmr_navigation/build/recovery_behaviors': AMENT_PREFIX_PATH=/root/dddmr_navigation/install/trajectory_generators:/root/dddmr_navigation/install/mpc_critics:/root/dddmr_navigation/install/perception_3d:/root/dddmr_navigation/install/dddmr_sys_core:/root/dddmr_navigation/install/base_trajectory:${AMENT_PREFIX_PATH} CMAKE_PREFIX_PATH=/root/dddmr_navigation/install/trajectory_generators:/root/dddmr_navigation/install/mpc_critics:/root/dddmr_navigation/install/perception_3d:/root/dddmr_navigation/install/dddmr_sys_core:/root/dddmr_navigation/install/base_trajectory:/root/livox_ws/install/livox_ros_driver2:/opt/ros/humble LD_LIBRARY_PATH=/root/dddmr_navigation/install/trajectory_generators/lib:/root/dddmr_navigation/install/mpc_critics/lib:/root/dddmr_navigation/install/perception_3d/lib:/root/dddmr_navigation/install/dddmr_sys_core/lib:/root/dddmr_navigation/install/base_trajectory/lib:${LD_LIBRARY_PATH} PYTHONPATH=/root/dddmr_navigation/install/dddmr_sys_core/local/lib/python3.10/dist-packages:${PYTHONPATH} /usr/bin/cmake --install /root/dddmr_navigation/build/recovery_behaviors
[314.317s] Level 1:colcon.colcon_core.environment:create_environment_scripts_only(recovery_behaviors)
[314.317s] Level 1:colcon.colcon_core.environment:checking '/root/dddmr_navigation/install/recovery_behaviors' for CMake module files
[314.317s] DEBUG:colcon.colcon_core.event_handler.log_command:Invoked command in '/root/dddmr_navigation/build/recovery_behaviors' returned '0': AMENT_PREFIX_PATH=/root/dddmr_navigation/install/trajectory_generators:/root/dddmr_navigation/install/mpc_critics:/root/dddmr_navigation/install/perception_3d:/root/dddmr_navigation/install/dddmr_sys_core:/root/dddmr_navigation/install/base_trajectory:${AMENT_PREFIX_PATH} CMAKE_PREFIX_PATH=/root/dddmr_navigation/install/trajectory_generators:/root/dddmr_navigation/install/mpc_critics:/root/dddmr_navigation/install/perception_3d:/root/dddmr_navigation/install/dddmr_sys_core:/root/dddmr_navigation/install/base_trajectory:/root/livox_ws/install/livox_ros_driver2:/opt/ros/humble LD_LIBRARY_PATH=/root/dddmr_navigation/install/trajectory_generators/lib:/root/dddmr_navigation/install/mpc_critics/lib:/root/dddmr_navigation/install/perception_3d/lib:/root/dddmr_navigation/install/dddmr_sys_core/lib:/root/dddmr_navigation/install/base_trajectory/lib:${LD_LIBRARY_PATH} PYTHONPATH=/root/dddmr_navigation/install/dddmr_sys_core/local/lib/python3.10/dist-packages:${PYTHONPATH} /usr/bin/cmake --install /root/dddmr_navigation/build/recovery_behaviors
[314.317s] Level 1:colcon.colcon_core.environment:checking '/root/dddmr_navigation/install/recovery_behaviors' for CMake config files
[314.318s] Level 1:colcon.colcon_core.shell:create_environment_hook('recovery_behaviors', 'cmake_prefix_path')
[314.318s] INFO:colcon.colcon_core.shell:Creating environment hook '/root/dddmr_navigation/install/recovery_behaviors/share/recovery_behaviors/hook/cmake_prefix_path.ps1'
[314.318s] INFO:colcon.colcon_core.shell:Creating environment descriptor '/root/dddmr_navigation/install/recovery_behaviors/share/recovery_behaviors/hook/cmake_prefix_path.dsv'
[314.318s] INFO:colcon.colcon_core.shell:Creating environment hook '/root/dddmr_navigation/install/recovery_behaviors/share/recovery_behaviors/hook/cmake_prefix_path.sh'
[314.319s] Level 1:colcon.colcon_core.environment:checking '/root/dddmr_navigation/install/recovery_behaviors/lib'
[314.319s] Level 1:colcon.colcon_core.shell:create_environment_hook('recovery_behaviors', 'ld_library_path_lib')
[314.319s] INFO:colcon.colcon_core.shell:Creating environment hook '/root/dddmr_navigation/install/recovery_behaviors/share/recovery_behaviors/hook/ld_library_path_lib.ps1'
[314.319s] INFO:colcon.colcon_core.shell:Creating environment descriptor '/root/dddmr_navigation/install/recovery_behaviors/share/recovery_behaviors/hook/ld_library_path_lib.dsv'
[314.319s] INFO:colcon.colcon_core.shell:Creating environment hook '/root/dddmr_navigation/install/recovery_behaviors/share/recovery_behaviors/hook/ld_library_path_lib.sh'
[314.319s] Level 1:colcon.colcon_core.environment:checking '/root/dddmr_navigation/install/recovery_behaviors/bin'
[314.319s] Level 1:colcon.colcon_core.environment:checking '/root/dddmr_navigation/install/recovery_behaviors/lib/pkgconfig/recovery_behaviors.pc'
[314.320s] Level 1:colcon.colcon_core.environment:checking '/root/dddmr_navigation/install/recovery_behaviors/lib/python3.10/site-packages'
[314.320s] Level 1:colcon.colcon_core.environment:checking '/root/dddmr_navigation/install/recovery_behaviors/bin'
[314.320s] INFO:colcon.colcon_core.shell:Creating package script '/root/dddmr_navigation/install/recovery_behaviors/share/recovery_behaviors/package.ps1'
[314.320s] INFO:colcon.colcon_core.shell:Creating package descriptor '/root/dddmr_navigation/install/recovery_behaviors/share/recovery_behaviors/package.dsv'
[314.320s] INFO:colcon.colcon_core.shell:Creating package script '/root/dddmr_navigation/install/recovery_behaviors/share/recovery_behaviors/package.sh'
[314.321s] INFO:colcon.colcon_core.shell:Creating package script '/root/dddmr_navigation/install/recovery_behaviors/share/recovery_behaviors/package.bash'
[314.321s] INFO:colcon.colcon_core.shell:Creating package script '/root/dddmr_navigation/install/recovery_behaviors/share/recovery_behaviors/package.zsh'
[314.321s] Level 1:colcon.colcon_core.environment:create_file_with_runtime_dependencies(/root/dddmr_navigation/install/recovery_behaviors/share/colcon-core/packages/recovery_behaviors)
[314.321s] Level 1:colcon.colcon_core.environment:create_environment_scripts_only(recovery_behaviors)
[314.321s] Level 1:colcon.colcon_core.environment:checking '/root/dddmr_navigation/install/recovery_behaviors' for CMake module files
[314.322s] Level 1:colcon.colcon_core.environment:checking '/root/dddmr_navigation/install/recovery_behaviors' for CMake config files
[314.322s] Level 1:colcon.colcon_core.shell:create_environment_hook('recovery_behaviors', 'cmake_prefix_path')
[314.322s] INFO:colcon.colcon_core.shell:Creating environment hook '/root/dddmr_navigation/install/recovery_behaviors/share/recovery_behaviors/hook/cmake_prefix_path.ps1'
[314.322s] INFO:colcon.colcon_core.shell:Creating environment descriptor '/root/dddmr_navigation/install/recovery_behaviors/share/recovery_behaviors/hook/cmake_prefix_path.dsv'
[314.322s] INFO:colcon.colcon_core.shell:Creating environment hook '/root/dddmr_navigation/install/recovery_behaviors/share/recovery_behaviors/hook/cmake_prefix_path.sh'
[314.323s] Level 1:colcon.colcon_core.environment:checking '/root/dddmr_navigation/install/recovery_behaviors/lib'
[314.323s] Level 1:colcon.colcon_core.shell:create_environment_hook('recovery_behaviors', 'ld_library_path_lib')
[314.323s] INFO:colcon.colcon_core.shell:Creating environment hook '/root/dddmr_navigation/install/recovery_behaviors/share/recovery_behaviors/hook/ld_library_path_lib.ps1'
[314.323s] INFO:colcon.colcon_core.shell:Creating environment descriptor '/root/dddmr_navigation/install/recovery_behaviors/share/recovery_behaviors/hook/ld_library_path_lib.dsv'
[314.323s] INFO:colcon.colcon_core.shell:Creating environment hook '/root/dddmr_navigation/install/recovery_behaviors/share/recovery_behaviors/hook/ld_library_path_lib.sh'
[314.323s] Level 1:colcon.colcon_core.environment:checking '/root/dddmr_navigation/install/recovery_behaviors/bin'
[314.323s] Level 1:colcon.colcon_core.environment:checking '/root/dddmr_navigation/install/recovery_behaviors/lib/pkgconfig/recovery_behaviors.pc'
[314.323s] Level 1:colcon.colcon_core.environment:checking '/root/dddmr_navigation/install/recovery_behaviors/lib/python3.10/site-packages'
[314.324s] Level 1:colcon.colcon_core.environment:checking '/root/dddmr_navigation/install/recovery_behaviors/bin'
[314.324s] INFO:colcon.colcon_core.shell:Creating package script '/root/dddmr_navigation/install/recovery_behaviors/share/recovery_behaviors/package.ps1'
[314.324s] INFO:colcon.colcon_core.shell:Creating package descriptor '/root/dddmr_navigation/install/recovery_behaviors/share/recovery_behaviors/package.dsv'
[314.325s] INFO:colcon.colcon_core.shell:Creating package script '/root/dddmr_navigation/install/recovery_behaviors/share/recovery_behaviors/package.sh'
[314.325s] INFO:colcon.colcon_core.shell:Creating package script '/root/dddmr_navigation/install/recovery_behaviors/share/recovery_behaviors/package.bash'
[314.325s] INFO:colcon.colcon_core.shell:Creating package script '/root/dddmr_navigation/install/recovery_behaviors/share/recovery_behaviors/package.zsh'
[314.325s] Level 1:colcon.colcon_core.environment:create_file_with_runtime_dependencies(/root/dddmr_navigation/install/recovery_behaviors/share/colcon-core/packages/recovery_behaviors)
[314.325s] INFO:colcon.colcon_ros.task.ament_cmake.build:Building ROS package in '/root/dddmr_navigation/src/dddmr_p2p_move_base' with build type 'ament_cmake'
[314.325s] INFO:colcon.colcon_cmake.task.cmake.build:Building CMake package in '/root/dddmr_navigation/src/dddmr_p2p_move_base'
[314.326s] INFO:colcon.colcon_core.shell:Skip shell extension 'powershell' for command environment: Not usable outside of PowerShell
[314.326s] DEBUG:colcon.colcon_core.shell:Skip shell extension 'dsv' for command environment
[314.341s] DEBUG:colcon.colcon_core.event_handler.log_command:Invoking command in '/root/dddmr_navigation/build/p2p_move_base': AMENT_PREFIX_PATH=/root/dddmr_navigation/install/recovery_behaviors:/root/dddmr_navigation/install/local_planner:/root/dddmr_navigation/install/trajectory_generators:/root/dddmr_navigation/install/mpc_critics:/root/dddmr_navigation/install/perception_3d:/root/dddmr_navigation/install/dddmr_sys_core:/root/dddmr_navigation/install/base_trajectory:${AMENT_PREFIX_PATH} CMAKE_PREFIX_PATH=/root/dddmr_navigation/install/recovery_behaviors:/root/dddmr_navigation/install/local_planner:/root/dddmr_navigation/install/trajectory_generators:/root/dddmr_navigation/install/mpc_critics:/root/dddmr_navigation/install/perception_3d:/root/dddmr_navigation/install/dddmr_sys_core:/root/dddmr_navigation/install/base_trajectory:/root/livox_ws/install/livox_ros_driver2:/opt/ros/humble LD_LIBRARY_PATH=/root/dddmr_navigation/install/recovery_behaviors/lib:/root/dddmr_navigation/install/local_planner/lib:/root/dddmr_navigation/install/trajectory_generators/lib:/root/dddmr_navigation/install/mpc_critics/lib:/root/dddmr_navigation/install/perception_3d/lib:/root/dddmr_navigation/install/dddmr_sys_core/lib:/root/dddmr_navigation/install/base_trajectory/lib:${LD_LIBRARY_PATH} PYTHONPATH=/root/dddmr_navigation/install/dddmr_sys_core/local/lib/python3.10/dist-packages:${PYTHONPATH} /usr/bin/cmake /root/dddmr_navigation/src/dddmr_p2p_move_base -DAMENT_CMAKE_SYMLINK_INSTALL=1 -DCMAKE_INSTALL_PREFIX=/root/dddmr_navigation/install/p2p_move_base
[317.720s] DEBUG:colcon.colcon_core.event_handler.log_command:Invoked command in '/root/dddmr_navigation/build/p2p_move_base' returned '0': AMENT_PREFIX_PATH=/root/dddmr_navigation/install/recovery_behaviors:/root/dddmr_navigation/install/local_planner:/root/dddmr_navigation/install/trajectory_generators:/root/dddmr_navigation/install/mpc_critics:/root/dddmr_navigation/install/perception_3d:/root/dddmr_navigation/install/dddmr_sys_core:/root/dddmr_navigation/install/base_trajectory:${AMENT_PREFIX_PATH} CMAKE_PREFIX_PATH=/root/dddmr_navigation/install/recovery_behaviors:/root/dddmr_navigation/install/local_planner:/root/dddmr_navigation/install/trajectory_generators:/root/dddmr_navigation/install/mpc_critics:/root/dddmr_navigation/install/perception_3d:/root/dddmr_navigation/install/dddmr_sys_core:/root/dddmr_navigation/install/base_trajectory:/root/livox_ws/install/livox_ros_driver2:/opt/ros/humble LD_LIBRARY_PATH=/root/dddmr_navigation/install/recovery_behaviors/lib:/root/dddmr_navigation/install/local_planner/lib:/root/dddmr_navigation/install/trajectory_generators/lib:/root/dddmr_navigation/install/mpc_critics/lib:/root/dddmr_navigation/install/perception_3d/lib:/root/dddmr_navigation/install/dddmr_sys_core/lib:/root/dddmr_navigation/install/base_trajectory/lib:${LD_LIBRARY_PATH} PYTHONPATH=/root/dddmr_navigation/install/dddmr_sys_core/local/lib/python3.10/dist-packages:${PYTHONPATH} /usr/bin/cmake /root/dddmr_navigation/src/dddmr_p2p_move_base -DAMENT_CMAKE_SYMLINK_INSTALL=1 -DCMAKE_INSTALL_PREFIX=/root/dddmr_navigation/install/p2p_move_base
[317.721s] DEBUG:colcon.colcon_core.event_handler.log_command:Invoking command in '/root/dddmr_navigation/build/p2p_move_base': AMENT_PREFIX_PATH=/root/dddmr_navigation/install/recovery_behaviors:/root/dddmr_navigation/install/local_planner:/root/dddmr_navigation/install/trajectory_generators:/root/dddmr_navigation/install/mpc_critics:/root/dddmr_navigation/install/perception_3d:/root/dddmr_navigation/install/dddmr_sys_core:/root/dddmr_navigation/install/base_trajectory:${AMENT_PREFIX_PATH} CMAKE_PREFIX_PATH=/root/dddmr_navigation/install/recovery_behaviors:/root/dddmr_navigation/install/local_planner:/root/dddmr_navigation/install/trajectory_generators:/root/dddmr_navigation/install/mpc_critics:/root/dddmr_navigation/install/perception_3d:/root/dddmr_navigation/install/dddmr_sys_core:/root/dddmr_navigation/install/base_trajectory:/root/livox_ws/install/livox_ros_driver2:/opt/ros/humble LD_LIBRARY_PATH=/root/dddmr_navigation/install/recovery_behaviors/lib:/root/dddmr_navigation/install/local_planner/lib:/root/dddmr_navigation/install/trajectory_generators/lib:/root/dddmr_navigation/install/mpc_critics/lib:/root/dddmr_navigation/install/perception_3d/lib:/root/dddmr_navigation/install/dddmr_sys_core/lib:/root/dddmr_navigation/install/base_trajectory/lib:${LD_LIBRARY_PATH} PYTHONPATH=/root/dddmr_navigation/install/dddmr_sys_core/local/lib/python3.10/dist-packages:${PYTHONPATH} /usr/bin/cmake --build /root/dddmr_navigation/build/p2p_move_base -- -j28 -l28
[334.672s] DEBUG:colcon.colcon_core.event_handler.log_command:Invoked command in '/root/dddmr_navigation/build/p2p_move_base' returned '0': AMENT_PREFIX_PATH=/root/dddmr_navigation/install/recovery_behaviors:/root/dddmr_navigation/install/local_planner:/root/dddmr_navigation/install/trajectory_generators:/root/dddmr_navigation/install/mpc_critics:/root/dddmr_navigation/install/perception_3d:/root/dddmr_navigation/install/dddmr_sys_core:/root/dddmr_navigation/install/base_trajectory:${AMENT_PREFIX_PATH} CMAKE_PREFIX_PATH=/root/dddmr_navigation/install/recovery_behaviors:/root/dddmr_navigation/install/local_planner:/root/dddmr_navigation/install/trajectory_generators:/root/dddmr_navigation/install/mpc_critics:/root/dddmr_navigation/install/perception_3d:/root/dddmr_navigation/install/dddmr_sys_core:/root/dddmr_navigation/install/base_trajectory:/root/livox_ws/install/livox_ros_driver2:/opt/ros/humble LD_LIBRARY_PATH=/root/dddmr_navigation/install/recovery_behaviors/lib:/root/dddmr_navigation/install/local_planner/lib:/root/dddmr_navigation/install/trajectory_generators/lib:/root/dddmr_navigation/install/mpc_critics/lib:/root/dddmr_navigation/install/perception_3d/lib:/root/dddmr_navigation/install/dddmr_sys_core/lib:/root/dddmr_navigation/install/base_trajectory/lib:${LD_LIBRARY_PATH} PYTHONPATH=/root/dddmr_navigation/install/dddmr_sys_core/local/lib/python3.10/dist-packages:${PYTHONPATH} /usr/bin/cmake --build /root/dddmr_navigation/build/p2p_move_base -- -j28 -l28
[334.673s] DEBUG:colcon.colcon_core.event_handler.log_command:Invoking command in '/root/dddmr_navigation/build/p2p_move_base': AMENT_PREFIX_PATH=/root/dddmr_navigation/install/recovery_behaviors:/root/dddmr_navigation/install/local_planner:/root/dddmr_navigation/install/trajectory_generators:/root/dddmr_navigation/install/mpc_critics:/root/dddmr_navigation/install/perception_3d:/root/dddmr_navigation/install/dddmr_sys_core:/root/dddmr_navigation/install/base_trajectory:${AMENT_PREFIX_PATH} CMAKE_PREFIX_PATH=/root/dddmr_navigation/install/recovery_behaviors:/root/dddmr_navigation/install/local_planner:/root/dddmr_navigation/install/trajectory_generators:/root/dddmr_navigation/install/mpc_critics:/root/dddmr_navigation/install/perception_3d:/root/dddmr_navigation/install/dddmr_sys_core:/root/dddmr_navigation/install/base_trajectory:/root/livox_ws/install/livox_ros_driver2:/opt/ros/humble LD_LIBRARY_PATH=/root/dddmr_navigation/install/recovery_behaviors/lib:/root/dddmr_navigation/install/local_planner/lib:/root/dddmr_navigation/install/trajectory_generators/lib:/root/dddmr_navigation/install/mpc_critics/lib:/root/dddmr_navigation/install/perception_3d/lib:/root/dddmr_navigation/install/dddmr_sys_core/lib:/root/dddmr_navigation/install/base_trajectory/lib:${LD_LIBRARY_PATH} PYTHONPATH=/root/dddmr_navigation/install/dddmr_sys_core/local/lib/python3.10/dist-packages:${PYTHONPATH} /usr/bin/cmake --install /root/dddmr_navigation/build/p2p_move_base
[334.898s] Level 1:colcon.colcon_core.environment:create_environment_scripts_only(p2p_move_base)
[334.898s] Level 1:colcon.colcon_core.environment:checking '/root/dddmr_navigation/install/p2p_move_base' for CMake module files
[334.898s] DEBUG:colcon.colcon_core.event_handler.log_command:Invoked command in '/root/dddmr_navigation/build/p2p_move_base' returned '0': AMENT_PREFIX_PATH=/root/dddmr_navigation/install/recovery_behaviors:/root/dddmr_navigation/install/local_planner:/root/dddmr_navigation/install/trajectory_generators:/root/dddmr_navigation/install/mpc_critics:/root/dddmr_navigation/install/perception_3d:/root/dddmr_navigation/install/dddmr_sys_core:/root/dddmr_navigation/install/base_trajectory:${AMENT_PREFIX_PATH} CMAKE_PREFIX_PATH=/root/dddmr_navigation/install/recovery_behaviors:/root/dddmr_navigation/install/local_planner:/root/dddmr_navigation/install/trajectory_generators:/root/dddmr_navigation/install/mpc_critics:/root/dddmr_navigation/install/perception_3d:/root/dddmr_navigation/install/dddmr_sys_core:/root/dddmr_navigation/install/base_trajectory:/root/livox_ws/install/livox_ros_driver2:/opt/ros/humble LD_LIBRARY_PATH=/root/dddmr_navigation/install/recovery_behaviors/lib:/root/dddmr_navigation/install/local_planner/lib:/root/dddmr_navigation/install/trajectory_generators/lib:/root/dddmr_navigation/install/mpc_critics/lib:/root/dddmr_navigation/install/perception_3d/lib:/root/dddmr_navigation/install/dddmr_sys_core/lib:/root/dddmr_navigation/install/base_trajectory/lib:${LD_LIBRARY_PATH} PYTHONPATH=/root/dddmr_navigation/install/dddmr_sys_core/local/lib/python3.10/dist-packages:${PYTHONPATH} /usr/bin/cmake --install /root/dddmr_navigation/build/p2p_move_base
[334.899s] Level 1:colcon.colcon_core.environment:checking '/root/dddmr_navigation/install/p2p_move_base' for CMake config files
[334.899s] Level 1:colcon.colcon_core.shell:create_environment_hook('p2p_move_base', 'cmake_prefix_path')
[334.899s] INFO:colcon.colcon_core.shell:Creating environment hook '/root/dddmr_navigation/install/p2p_move_base/share/p2p_move_base/hook/cmake_prefix_path.ps1'
[334.935s] INFO:colcon.colcon_core.shell:Creating environment descriptor '/root/dddmr_navigation/install/p2p_move_base/share/p2p_move_base/hook/cmake_prefix_path.dsv'
[334.935s] INFO:colcon.colcon_core.shell:Creating environment hook '/root/dddmr_navigation/install/p2p_move_base/share/p2p_move_base/hook/cmake_prefix_path.sh'
[334.936s] Level 1:colcon.colcon_core.environment:checking '/root/dddmr_navigation/install/p2p_move_base/lib'
[334.936s] Level 1:colcon.colcon_core.shell:create_environment_hook('p2p_move_base', 'ld_library_path_lib')
[334.936s] INFO:colcon.colcon_core.shell:Creating environment hook '/root/dddmr_navigation/install/p2p_move_base/share/p2p_move_base/hook/ld_library_path_lib.ps1'
[334.936s] INFO:colcon.colcon_core.shell:Creating environment descriptor '/root/dddmr_navigation/install/p2p_move_base/share/p2p_move_base/hook/ld_library_path_lib.dsv'
[334.937s] INFO:colcon.colcon_core.shell:Creating environment hook '/root/dddmr_navigation/install/p2p_move_base/share/p2p_move_base/hook/ld_library_path_lib.sh'
[334.937s] Level 1:colcon.colcon_core.environment:checking '/root/dddmr_navigation/install/p2p_move_base/bin'
[334.937s] Level 1:colcon.colcon_core.environment:checking '/root/dddmr_navigation/install/p2p_move_base/lib/pkgconfig/p2p_move_base.pc'
[334.937s] Level 1:colcon.colcon_core.environment:checking '/root/dddmr_navigation/install/p2p_move_base/lib/python3.10/site-packages'
[334.937s] Level 1:colcon.colcon_core.environment:checking '/root/dddmr_navigation/install/p2p_move_base/bin'
[334.937s] INFO:colcon.colcon_core.shell:Creating package script '/root/dddmr_navigation/install/p2p_move_base/share/p2p_move_base/package.ps1'
[334.938s] INFO:colcon.colcon_core.shell:Creating package descriptor '/root/dddmr_navigation/install/p2p_move_base/share/p2p_move_base/package.dsv'
[334.938s] INFO:colcon.colcon_core.shell:Creating package script '/root/dddmr_navigation/install/p2p_move_base/share/p2p_move_base/package.sh'
[334.938s] INFO:colcon.colcon_core.shell:Creating package script '/root/dddmr_navigation/install/p2p_move_base/share/p2p_move_base/package.bash'
[334.938s] INFO:colcon.colcon_core.shell:Creating package script '/root/dddmr_navigation/install/p2p_move_base/share/p2p_move_base/package.zsh'
[334.939s] Level 1:colcon.colcon_core.environment:create_file_with_runtime_dependencies(/root/dddmr_navigation/install/p2p_move_base/share/colcon-core/packages/p2p_move_base)
[334.939s] Level 1:colcon.colcon_core.environment:create_environment_scripts_only(p2p_move_base)
[334.939s] Level 1:colcon.colcon_core.environment:checking '/root/dddmr_navigation/install/p2p_move_base' for CMake module files
[334.939s] Level 1:colcon.colcon_core.environment:checking '/root/dddmr_navigation/install/p2p_move_base' for CMake config files
[334.940s] Level 1:colcon.colcon_core.shell:create_environment_hook('p2p_move_base', 'cmake_prefix_path')
[334.940s] INFO:colcon.colcon_core.shell:Creating environment hook '/root/dddmr_navigation/install/p2p_move_base/share/p2p_move_base/hook/cmake_prefix_path.ps1'
[334.940s] INFO:colcon.colcon_core.shell:Creating environment descriptor '/root/dddmr_navigation/install/p2p_move_base/share/p2p_move_base/hook/cmake_prefix_path.dsv'
[334.940s] INFO:colcon.colcon_core.shell:Creating environment hook '/root/dddmr_navigation/install/p2p_move_base/share/p2p_move_base/hook/cmake_prefix_path.sh'
[334.940s] Level 1:colcon.colcon_core.environment:checking '/root/dddmr_navigation/install/p2p_move_base/lib'
[334.940s] Level 1:colcon.colcon_core.shell:create_environment_hook('p2p_move_base', 'ld_library_path_lib')
[334.940s] INFO:colcon.colcon_core.shell:Creating environment hook '/root/dddmr_navigation/install/p2p_move_base/share/p2p_move_base/hook/ld_library_path_lib.ps1'
[334.941s] INFO:colcon.colcon_core.shell:Creating environment descriptor '/root/dddmr_navigation/install/p2p_move_base/share/p2p_move_base/hook/ld_library_path_lib.dsv'
[334.941s] INFO:colcon.colcon_core.shell:Creating environment hook '/root/dddmr_navigation/install/p2p_move_base/share/p2p_move_base/hook/ld_library_path_lib.sh'
[334.941s] Level 1:colcon.colcon_core.environment:checking '/root/dddmr_navigation/install/p2p_move_base/bin'
[334.941s] Level 1:colcon.colcon_core.environment:checking '/root/dddmr_navigation/install/p2p_move_base/lib/pkgconfig/p2p_move_base.pc'
[334.941s] Level 1:colcon.colcon_core.environment:checking '/root/dddmr_navigation/install/p2p_move_base/lib/python3.10/site-packages'
[334.941s] Level 1:colcon.colcon_core.environment:checking '/root/dddmr_navigation/install/p2p_move_base/bin'
[334.941s] INFO:colcon.colcon_core.shell:Creating package script '/root/dddmr_navigation/install/p2p_move_base/share/p2p_move_base/package.ps1'
[334.942s] INFO:colcon.colcon_core.shell:Creating package descriptor '/root/dddmr_navigation/install/p2p_move_base/share/p2p_move_base/package.dsv'
[334.942s] INFO:colcon.colcon_core.shell:Creating package script '/root/dddmr_navigation/install/p2p_move_base/share/p2p_move_base/package.sh'
[334.942s] INFO:colcon.colcon_core.shell:Creating package script '/root/dddmr_navigation/install/p2p_move_base/share/p2p_move_base/package.bash'
[334.942s] INFO:colcon.colcon_core.shell:Creating package script '/root/dddmr_navigation/install/p2p_move_base/share/p2p_move_base/package.zsh'
[334.943s] Level 1:colcon.colcon_core.environment:create_file_with_runtime_dependencies(/root/dddmr_navigation/install/p2p_move_base/share/colcon-core/packages/p2p_move_base)
[334.943s] DEBUG:colcon.colcon_parallel_executor.executor.parallel:closing loop
[334.944s] DEBUG:colcon.colcon_parallel_executor.executor.parallel:loop closed
[334.945s] DEBUG:colcon.colcon_parallel_executor.executor.parallel:run_until_complete finished with '0'
[334.945s] DEBUG:colcon.colcon_core.event_reactor:joining thread
[334.969s] INFO:colcon.colcon_core.plugin_system:Skipping extension 'colcon_notification.desktop_notification.notify_send': Could not find 'notify-send'
[334.969s] INFO:colcon.colcon_core.plugin_system:Skipping extension 'colcon_notification.desktop_notification.terminal_notifier': Not used on non-Darwin systems
[334.969s] INFO:colcon.colcon_core.plugin_system:Skipping extension 'colcon_notification.desktop_notification.win32': Not used on non-Windows systems
[334.970s] INFO:colcon.colcon_notification.desktop_notification:Sending desktop notification using 'notify2'
[334.974s] DEBUG:colcon.colcon_notification.desktop_notification.notify2:Failed to initialize notify2: org.freedesktop.DBus.Error.Spawn.ExecFailed: /usr/bin/dbus-launch terminated abnormally without any error message
[334.975s] DEBUG:colcon.colcon_core.event_reactor:joined thread
[334.976s] INFO:colcon.colcon_core.shell:Creating prefix script '/root/dddmr_navigation/install/local_setup.ps1'
[334.977s] INFO:colcon.colcon_core.shell:Creating prefix util module '/root/dddmr_navigation/install/_local_setup_util_ps1.py'
[334.978s] INFO:colcon.colcon_core.shell:Creating prefix chain script '/root/dddmr_navigation/install/setup.ps1'
[334.979s] INFO:colcon.colcon_core.shell:Creating prefix script '/root/dddmr_navigation/install/local_setup.sh'
[334.980s] INFO:colcon.colcon_core.shell:Creating prefix util module '/root/dddmr_navigation/install/_local_setup_util_sh.py'
[334.980s] INFO:colcon.colcon_core.shell:Creating prefix chain script '/root/dddmr_navigation/install/setup.sh'
[334.980s] INFO:colcon.colcon_core.shell:Creating prefix script '/root/dddmr_navigation/install/local_setup.bash'
[334.981s] INFO:colcon.colcon_core.shell:Creating prefix chain script '/root/dddmr_navigation/install/setup.bash'
[334.982s] INFO:colcon.colcon_core.shell:Creating prefix script '/root/dddmr_navigation/install/local_setup.zsh'
[334.982s] INFO:colcon.colcon_core.shell:Creating prefix chain script '/root/dddmr_navigation/install/setup.zsh'
