[0.000000] (-) TimerEvent: {}
[0.000299] (champ) JobQueued: {'identifier': 'champ', 'dependencies': OrderedDict()}
[0.000332] (champ_config) JobQueued: {'identifier': 'champ_config', 'dependencies': OrderedDict()}
[0.000372] (champ_description) JobQueued: {'identifier': 'champ_description', 'dependencies': OrderedDict()}
[0.000387] (champ_msgs) JobQueued: {'identifier': 'champ_msgs', 'dependencies': OrderedDict()}
[0.000407] (champ_navigation) JobQueued: {'identifier': 'champ_navigation', 'dependencies': OrderedDict()}
[0.000421] (go2_config) JobQueued: {'identifier': 'go2_config', 'dependencies': OrderedDict()}
[0.000498] (go2_description) JobQueued: {'identifier': 'go2_description', 'dependencies': OrderedDict()}
[0.000532] (champ_base) JobQueued: {'identifier': 'champ_base', 'dependencies': OrderedDict([('champ', '/ws_gz/install/champ'), ('champ_msgs', '/ws_gz/install/champ_msgs')])}
[0.000553] (champ_gazebo) JobQueued: {'identifier': 'champ_gazebo', 'dependencies': OrderedDict([('champ', '/ws_gz/install/champ'), ('champ_msgs', '/ws_gz/install/champ_msgs')])}
[0.000568] (champ_bringup) JobQueued: {'identifier': 'champ_bringup', 'dependencies': OrderedDict([('champ', '/ws_gz/install/champ'), ('champ_description', '/ws_gz/install/champ_description'), ('champ_msgs', '/ws_gz/install/champ_msgs'), ('champ_base', '/ws_gz/install/champ_base')])}
[0.000584] (champ) JobStarted: {'identifier': 'champ'}
[0.002708] (champ_msgs) JobStarted: {'identifier': 'champ_msgs'}
[0.004553] (champ_description) JobStarted: {'identifier': 'champ_description'}
[0.005489] (champ_config) JobStarted: {'identifier': 'champ_config'}
[0.006476] (champ_navigation) JobStarted: {'identifier': 'champ_navigation'}
[0.007726] (go2_config) JobStarted: {'identifier': 'go2_config'}
[0.008890] (go2_description) JobStarted: {'identifier': 'go2_description'}
[0.010739] (champ) JobProgress: {'identifier': 'champ', 'progress': 'cmake'}
[0.010950] (champ) Command: {'cmd': ['/usr/bin/cmake', '/ws_gz/src/gz_quadbot/champ/champ', '-DCMAKE_BUILD_TYPE=Release', '-DAMENT_CMAKE_SYMLINK_INSTALL=1', '-DCMAKE_INSTALL_PREFIX=/ws_gz/install/champ'], 'cwd': '/ws_gz/build/champ', 'env': OrderedDict([('LESSOPEN', '| /usr/bin/lesspipe %s'), ('HOSTNAME', 'jhr-Z790M-AORUS-ELITE-AX'), ('SHLVL', '1'), ('LD_LIBRARY_PATH', '/opt/ros/humble/opt/rviz_ogre_vendor/lib:/opt/ros/humble/lib/x86_64-linux-gnu:/opt/ros/humble/lib'), ('HOME', '/root'), ('ROS_PYTHON_VERSION', '3'), ('ROS_DISTRO', 'humble'), ('_', '/usr/bin/colcon'), ('ROS_VERSION', '2'), ('TERM', 'xterm'), ('ROS_LOCALHOST_ONLY', '0'), ('QT_X11_NO_MITSHM', '1'), ('PATH', '/opt/ros/humble/bin:/usr/local/sbin:/usr/local/bin:/usr/sbin:/usr/bin:/sbin:/bin'), ('DISPLAY', ':1'), ('LANG', 'en_US.UTF-8'), ('LS_COLORS', 'rs=0:di=01;34:ln=01;36:mh=00:pi=40;33:so=01;35:do=01;35:bd=40;33;01:cd=40;33;01:or=40;31;01:mi=00:su=37;41:sg=30;43:ca=30;41:tw=30;42:ow=34;42:st=37;44:ex=01;32:*.tar=01;31:*.tgz=01;31:*.arc=01;31:*.arj=01;31:*.taz=01;31:*.lha=01;31:*.lz4=01;31:*.lzh=01;31:*.lzma=01;31:*.tlz=01;31:*.txz=01;31:*.tzo=01;31:*.t7z=01;31:*.zip=01;31:*.z=01;31:*.dz=01;31:*.gz=01;31:*.lrz=01;31:*.lz=01;31:*.lzo=01;31:*.xz=01;31:*.zst=01;31:*.tzst=01;31:*.bz2=01;31:*.bz=01;31:*.tbz=01;31:*.tbz2=01;31:*.tz=01;31:*.deb=01;31:*.rpm=01;31:*.jar=01;31:*.war=01;31:*.ear=01;31:*.sar=01;31:*.rar=01;31:*.alz=01;31:*.ace=01;31:*.zoo=01;31:*.cpio=01;31:*.7z=01;31:*.rz=01;31:*.cab=01;31:*.wim=01;31:*.swm=01;31:*.dwm=01;31:*.esd=01;31:*.jpg=01;35:*.jpeg=01;35:*.mjpg=01;35:*.mjpeg=01;35:*.gif=01;35:*.bmp=01;35:*.pbm=01;35:*.pgm=01;35:*.ppm=01;35:*.tga=01;35:*.xbm=01;35:*.xpm=01;35:*.tif=01;35:*.tiff=01;35:*.png=01;35:*.svg=01;35:*.svgz=01;35:*.mng=01;35:*.pcx=01;35:*.mov=01;35:*.mpg=01;35:*.mpeg=01;35:*.m2v=01;35:*.mkv=01;35:*.webm=01;35:*.webp=01;35:*.ogm=01;35:*.mp4=01;35:*.m4v=01;35:*.mp4v=01;35:*.vob=01;35:*.qt=01;35:*.nuv=01;35:*.wmv=01;35:*.asf=01;35:*.rm=01;35:*.rmvb=01;35:*.flc=01;35:*.avi=01;35:*.fli=01;35:*.flv=01;35:*.gl=01;35:*.dl=01;35:*.xcf=01;35:*.xwd=01;35:*.yuv=01;35:*.cgm=01;35:*.emf=01;35:*.ogv=01;35:*.ogx=01;35:*.aac=00;36:*.au=00;36:*.flac=00;36:*.m4a=00;36:*.mid=00;36:*.midi=00;36:*.mka=00;36:*.mp3=00;36:*.mpc=00;36:*.ogg=00;36:*.ra=00;36:*.wav=00;36:*.oga=00;36:*.opus=00;36:*.spx=00;36:*.xspf=00;36:'), ('AMENT_PREFIX_PATH', '/opt/ros/humble'), ('LESSCLOSE', '/usr/bin/lesspipe %s %s'), ('PWD', '/ws_gz/build/champ'), ('PYTHONPATH', '/opt/ros/humble/lib/python3.10/site-packages:/opt/ros/humble/local/lib/python3.10/dist-packages'), ('COLCON', '1'), ('CMAKE_PREFIX_PATH', '/opt/ros/humble')]), 'shell': False}
[0.011851] (champ_msgs) JobProgress: {'identifier': 'champ_msgs', 'progress': 'cmake'}
[0.011996] (champ_msgs) Command: {'cmd': ['/usr/bin/cmake', '/ws_gz/src/gz_quadbot/champ/champ_msgs', '-DCMAKE_BUILD_TYPE=Release', '-DAMENT_CMAKE_SYMLINK_INSTALL=1', '-DCMAKE_INSTALL_PREFIX=/ws_gz/install/champ_msgs'], 'cwd': '/ws_gz/build/champ_msgs', 'env': OrderedDict([('LESSOPEN', '| /usr/bin/lesspipe %s'), ('HOSTNAME', 'jhr-Z790M-AORUS-ELITE-AX'), ('SHLVL', '1'), ('LD_LIBRARY_PATH', '/opt/ros/humble/opt/rviz_ogre_vendor/lib:/opt/ros/humble/lib/x86_64-linux-gnu:/opt/ros/humble/lib'), ('HOME', '/root'), ('ROS_PYTHON_VERSION', '3'), ('ROS_DISTRO', 'humble'), ('_', '/usr/bin/colcon'), ('ROS_VERSION', '2'), ('TERM', 'xterm'), ('ROS_LOCALHOST_ONLY', '0'), ('QT_X11_NO_MITSHM', '1'), ('PATH', '/opt/ros/humble/bin:/usr/local/sbin:/usr/local/bin:/usr/sbin:/usr/bin:/sbin:/bin'), ('DISPLAY', ':1'), ('LANG', 'en_US.UTF-8'), ('LS_COLORS', 'rs=0:di=01;34:ln=01;36:mh=00:pi=40;33:so=01;35:do=01;35:bd=40;33;01:cd=40;33;01:or=40;31;01:mi=00:su=37;41:sg=30;43:ca=30;41:tw=30;42:ow=34;42:st=37;44:ex=01;32:*.tar=01;31:*.tgz=01;31:*.arc=01;31:*.arj=01;31:*.taz=01;31:*.lha=01;31:*.lz4=01;31:*.lzh=01;31:*.lzma=01;31:*.tlz=01;31:*.txz=01;31:*.tzo=01;31:*.t7z=01;31:*.zip=01;31:*.z=01;31:*.dz=01;31:*.gz=01;31:*.lrz=01;31:*.lz=01;31:*.lzo=01;31:*.xz=01;31:*.zst=01;31:*.tzst=01;31:*.bz2=01;31:*.bz=01;31:*.tbz=01;31:*.tbz2=01;31:*.tz=01;31:*.deb=01;31:*.rpm=01;31:*.jar=01;31:*.war=01;31:*.ear=01;31:*.sar=01;31:*.rar=01;31:*.alz=01;31:*.ace=01;31:*.zoo=01;31:*.cpio=01;31:*.7z=01;31:*.rz=01;31:*.cab=01;31:*.wim=01;31:*.swm=01;31:*.dwm=01;31:*.esd=01;31:*.jpg=01;35:*.jpeg=01;35:*.mjpg=01;35:*.mjpeg=01;35:*.gif=01;35:*.bmp=01;35:*.pbm=01;35:*.pgm=01;35:*.ppm=01;35:*.tga=01;35:*.xbm=01;35:*.xpm=01;35:*.tif=01;35:*.tiff=01;35:*.png=01;35:*.svg=01;35:*.svgz=01;35:*.mng=01;35:*.pcx=01;35:*.mov=01;35:*.mpg=01;35:*.mpeg=01;35:*.m2v=01;35:*.mkv=01;35:*.webm=01;35:*.webp=01;35:*.ogm=01;35:*.mp4=01;35:*.m4v=01;35:*.mp4v=01;35:*.vob=01;35:*.qt=01;35:*.nuv=01;35:*.wmv=01;35:*.asf=01;35:*.rm=01;35:*.rmvb=01;35:*.flc=01;35:*.avi=01;35:*.fli=01;35:*.flv=01;35:*.gl=01;35:*.dl=01;35:*.xcf=01;35:*.xwd=01;35:*.yuv=01;35:*.cgm=01;35:*.emf=01;35:*.ogv=01;35:*.ogx=01;35:*.aac=00;36:*.au=00;36:*.flac=00;36:*.m4a=00;36:*.mid=00;36:*.midi=00;36:*.mka=00;36:*.mp3=00;36:*.mpc=00;36:*.ogg=00;36:*.ra=00;36:*.wav=00;36:*.oga=00;36:*.opus=00;36:*.spx=00;36:*.xspf=00;36:'), ('AMENT_PREFIX_PATH', '/opt/ros/humble'), ('LESSCLOSE', '/usr/bin/lesspipe %s %s'), ('PWD', '/ws_gz/build/champ_msgs'), ('PYTHONPATH', '/opt/ros/humble/lib/python3.10/site-packages:/opt/ros/humble/local/lib/python3.10/dist-packages'), ('COLCON', '1'), ('CMAKE_PREFIX_PATH', '/opt/ros/humble')]), 'shell': False}
[0.013219] (champ_description) JobProgress: {'identifier': 'champ_description', 'progress': 'cmake'}
[0.013245] (champ_description) Command: {'cmd': ['/usr/bin/cmake', '/ws_gz/src/gz_quadbot/champ/champ_description', '-DCMAKE_BUILD_TYPE=Release', '-DAMENT_CMAKE_SYMLINK_INSTALL=1', '-DCMAKE_INSTALL_PREFIX=/ws_gz/install/champ_description'], 'cwd': '/ws_gz/build/champ_description', 'env': OrderedDict([('LESSOPEN', '| /usr/bin/lesspipe %s'), ('HOSTNAME', 'jhr-Z790M-AORUS-ELITE-AX'), ('SHLVL', '1'), ('LD_LIBRARY_PATH', '/opt/ros/humble/opt/rviz_ogre_vendor/lib:/opt/ros/humble/lib/x86_64-linux-gnu:/opt/ros/humble/lib'), ('HOME', '/root'), ('ROS_PYTHON_VERSION', '3'), ('ROS_DISTRO', 'humble'), ('_', '/usr/bin/colcon'), ('ROS_VERSION', '2'), ('TERM', 'xterm'), ('ROS_LOCALHOST_ONLY', '0'), ('QT_X11_NO_MITSHM', '1'), ('PATH', '/opt/ros/humble/bin:/usr/local/sbin:/usr/local/bin:/usr/sbin:/usr/bin:/sbin:/bin'), ('DISPLAY', ':1'), ('LANG', 'en_US.UTF-8'), ('LS_COLORS', 'rs=0:di=01;34:ln=01;36:mh=00:pi=40;33:so=01;35:do=01;35:bd=40;33;01:cd=40;33;01:or=40;31;01:mi=00:su=37;41:sg=30;43:ca=30;41:tw=30;42:ow=34;42:st=37;44:ex=01;32:*.tar=01;31:*.tgz=01;31:*.arc=01;31:*.arj=01;31:*.taz=01;31:*.lha=01;31:*.lz4=01;31:*.lzh=01;31:*.lzma=01;31:*.tlz=01;31:*.txz=01;31:*.tzo=01;31:*.t7z=01;31:*.zip=01;31:*.z=01;31:*.dz=01;31:*.gz=01;31:*.lrz=01;31:*.lz=01;31:*.lzo=01;31:*.xz=01;31:*.zst=01;31:*.tzst=01;31:*.bz2=01;31:*.bz=01;31:*.tbz=01;31:*.tbz2=01;31:*.tz=01;31:*.deb=01;31:*.rpm=01;31:*.jar=01;31:*.war=01;31:*.ear=01;31:*.sar=01;31:*.rar=01;31:*.alz=01;31:*.ace=01;31:*.zoo=01;31:*.cpio=01;31:*.7z=01;31:*.rz=01;31:*.cab=01;31:*.wim=01;31:*.swm=01;31:*.dwm=01;31:*.esd=01;31:*.jpg=01;35:*.jpeg=01;35:*.mjpg=01;35:*.mjpeg=01;35:*.gif=01;35:*.bmp=01;35:*.pbm=01;35:*.pgm=01;35:*.ppm=01;35:*.tga=01;35:*.xbm=01;35:*.xpm=01;35:*.tif=01;35:*.tiff=01;35:*.png=01;35:*.svg=01;35:*.svgz=01;35:*.mng=01;35:*.pcx=01;35:*.mov=01;35:*.mpg=01;35:*.mpeg=01;35:*.m2v=01;35:*.mkv=01;35:*.webm=01;35:*.webp=01;35:*.ogm=01;35:*.mp4=01;35:*.m4v=01;35:*.mp4v=01;35:*.vob=01;35:*.qt=01;35:*.nuv=01;35:*.wmv=01;35:*.asf=01;35:*.rm=01;35:*.rmvb=01;35:*.flc=01;35:*.avi=01;35:*.fli=01;35:*.flv=01;35:*.gl=01;35:*.dl=01;35:*.xcf=01;35:*.xwd=01;35:*.yuv=01;35:*.cgm=01;35:*.emf=01;35:*.ogv=01;35:*.ogx=01;35:*.aac=00;36:*.au=00;36:*.flac=00;36:*.m4a=00;36:*.mid=00;36:*.midi=00;36:*.mka=00;36:*.mp3=00;36:*.mpc=00;36:*.ogg=00;36:*.ra=00;36:*.wav=00;36:*.oga=00;36:*.opus=00;36:*.spx=00;36:*.xspf=00;36:'), ('AMENT_PREFIX_PATH', '/opt/ros/humble'), ('LESSCLOSE', '/usr/bin/lesspipe %s %s'), ('PWD', '/ws_gz/build/champ_description'), ('PYTHONPATH', '/opt/ros/humble/lib/python3.10/site-packages:/opt/ros/humble/local/lib/python3.10/dist-packages'), ('COLCON', '1'), ('CMAKE_PREFIX_PATH', '/opt/ros/humble')]), 'shell': False}
[0.013963] (champ_config) JobProgress: {'identifier': 'champ_config', 'progress': 'cmake'}
[0.013986] (champ_config) Command: {'cmd': ['/usr/bin/cmake', '/ws_gz/src/gz_quadbot/champ/champ_config', '-DCMAKE_BUILD_TYPE=Release', '-DAMENT_CMAKE_SYMLINK_INSTALL=1', '-DCMAKE_INSTALL_PREFIX=/ws_gz/install/champ_config'], 'cwd': '/ws_gz/build/champ_config', 'env': OrderedDict([('LESSOPEN', '| /usr/bin/lesspipe %s'), ('HOSTNAME', 'jhr-Z790M-AORUS-ELITE-AX'), ('SHLVL', '1'), ('LD_LIBRARY_PATH', '/opt/ros/humble/opt/rviz_ogre_vendor/lib:/opt/ros/humble/lib/x86_64-linux-gnu:/opt/ros/humble/lib'), ('HOME', '/root'), ('ROS_PYTHON_VERSION', '3'), ('ROS_DISTRO', 'humble'), ('_', '/usr/bin/colcon'), ('ROS_VERSION', '2'), ('TERM', 'xterm'), ('ROS_LOCALHOST_ONLY', '0'), ('QT_X11_NO_MITSHM', '1'), ('PATH', '/opt/ros/humble/bin:/usr/local/sbin:/usr/local/bin:/usr/sbin:/usr/bin:/sbin:/bin'), ('DISPLAY', ':1'), ('LANG', 'en_US.UTF-8'), ('LS_COLORS', 'rs=0:di=01;34:ln=01;36:mh=00:pi=40;33:so=01;35:do=01;35:bd=40;33;01:cd=40;33;01:or=40;31;01:mi=00:su=37;41:sg=30;43:ca=30;41:tw=30;42:ow=34;42:st=37;44:ex=01;32:*.tar=01;31:*.tgz=01;31:*.arc=01;31:*.arj=01;31:*.taz=01;31:*.lha=01;31:*.lz4=01;31:*.lzh=01;31:*.lzma=01;31:*.tlz=01;31:*.txz=01;31:*.tzo=01;31:*.t7z=01;31:*.zip=01;31:*.z=01;31:*.dz=01;31:*.gz=01;31:*.lrz=01;31:*.lz=01;31:*.lzo=01;31:*.xz=01;31:*.zst=01;31:*.tzst=01;31:*.bz2=01;31:*.bz=01;31:*.tbz=01;31:*.tbz2=01;31:*.tz=01;31:*.deb=01;31:*.rpm=01;31:*.jar=01;31:*.war=01;31:*.ear=01;31:*.sar=01;31:*.rar=01;31:*.alz=01;31:*.ace=01;31:*.zoo=01;31:*.cpio=01;31:*.7z=01;31:*.rz=01;31:*.cab=01;31:*.wim=01;31:*.swm=01;31:*.dwm=01;31:*.esd=01;31:*.jpg=01;35:*.jpeg=01;35:*.mjpg=01;35:*.mjpeg=01;35:*.gif=01;35:*.bmp=01;35:*.pbm=01;35:*.pgm=01;35:*.ppm=01;35:*.tga=01;35:*.xbm=01;35:*.xpm=01;35:*.tif=01;35:*.tiff=01;35:*.png=01;35:*.svg=01;35:*.svgz=01;35:*.mng=01;35:*.pcx=01;35:*.mov=01;35:*.mpg=01;35:*.mpeg=01;35:*.m2v=01;35:*.mkv=01;35:*.webm=01;35:*.webp=01;35:*.ogm=01;35:*.mp4=01;35:*.m4v=01;35:*.mp4v=01;35:*.vob=01;35:*.qt=01;35:*.nuv=01;35:*.wmv=01;35:*.asf=01;35:*.rm=01;35:*.rmvb=01;35:*.flc=01;35:*.avi=01;35:*.fli=01;35:*.flv=01;35:*.gl=01;35:*.dl=01;35:*.xcf=01;35:*.xwd=01;35:*.yuv=01;35:*.cgm=01;35:*.emf=01;35:*.ogv=01;35:*.ogx=01;35:*.aac=00;36:*.au=00;36:*.flac=00;36:*.m4a=00;36:*.mid=00;36:*.midi=00;36:*.mka=00;36:*.mp3=00;36:*.mpc=00;36:*.ogg=00;36:*.ra=00;36:*.wav=00;36:*.oga=00;36:*.opus=00;36:*.spx=00;36:*.xspf=00;36:'), ('AMENT_PREFIX_PATH', '/opt/ros/humble'), ('LESSCLOSE', '/usr/bin/lesspipe %s %s'), ('PWD', '/ws_gz/build/champ_config'), ('PYTHONPATH', '/opt/ros/humble/lib/python3.10/site-packages:/opt/ros/humble/local/lib/python3.10/dist-packages'), ('COLCON', '1'), ('CMAKE_PREFIX_PATH', '/opt/ros/humble')]), 'shell': False}
[0.015574] (champ_navigation) JobProgress: {'identifier': 'champ_navigation', 'progress': 'cmake'}
[0.015587] (champ_navigation) Command: {'cmd': ['/usr/bin/cmake', '/ws_gz/src/gz_quadbot/champ/champ_navigation', '-DCMAKE_BUILD_TYPE=Release', '-DAMENT_CMAKE_SYMLINK_INSTALL=1', '-DCMAKE_INSTALL_PREFIX=/ws_gz/install/champ_navigation'], 'cwd': '/ws_gz/build/champ_navigation', 'env': OrderedDict([('LESSOPEN', '| /usr/bin/lesspipe %s'), ('HOSTNAME', 'jhr-Z790M-AORUS-ELITE-AX'), ('SHLVL', '1'), ('LD_LIBRARY_PATH', '/opt/ros/humble/opt/rviz_ogre_vendor/lib:/opt/ros/humble/lib/x86_64-linux-gnu:/opt/ros/humble/lib'), ('HOME', '/root'), ('ROS_PYTHON_VERSION', '3'), ('ROS_DISTRO', 'humble'), ('_', '/usr/bin/colcon'), ('ROS_VERSION', '2'), ('TERM', 'xterm'), ('ROS_LOCALHOST_ONLY', '0'), ('QT_X11_NO_MITSHM', '1'), ('PATH', '/opt/ros/humble/bin:/usr/local/sbin:/usr/local/bin:/usr/sbin:/usr/bin:/sbin:/bin'), ('DISPLAY', ':1'), ('LANG', 'en_US.UTF-8'), ('LS_COLORS', 'rs=0:di=01;34:ln=01;36:mh=00:pi=40;33:so=01;35:do=01;35:bd=40;33;01:cd=40;33;01:or=40;31;01:mi=00:su=37;41:sg=30;43:ca=30;41:tw=30;42:ow=34;42:st=37;44:ex=01;32:*.tar=01;31:*.tgz=01;31:*.arc=01;31:*.arj=01;31:*.taz=01;31:*.lha=01;31:*.lz4=01;31:*.lzh=01;31:*.lzma=01;31:*.tlz=01;31:*.txz=01;31:*.tzo=01;31:*.t7z=01;31:*.zip=01;31:*.z=01;31:*.dz=01;31:*.gz=01;31:*.lrz=01;31:*.lz=01;31:*.lzo=01;31:*.xz=01;31:*.zst=01;31:*.tzst=01;31:*.bz2=01;31:*.bz=01;31:*.tbz=01;31:*.tbz2=01;31:*.tz=01;31:*.deb=01;31:*.rpm=01;31:*.jar=01;31:*.war=01;31:*.ear=01;31:*.sar=01;31:*.rar=01;31:*.alz=01;31:*.ace=01;31:*.zoo=01;31:*.cpio=01;31:*.7z=01;31:*.rz=01;31:*.cab=01;31:*.wim=01;31:*.swm=01;31:*.dwm=01;31:*.esd=01;31:*.jpg=01;35:*.jpeg=01;35:*.mjpg=01;35:*.mjpeg=01;35:*.gif=01;35:*.bmp=01;35:*.pbm=01;35:*.pgm=01;35:*.ppm=01;35:*.tga=01;35:*.xbm=01;35:*.xpm=01;35:*.tif=01;35:*.tiff=01;35:*.png=01;35:*.svg=01;35:*.svgz=01;35:*.mng=01;35:*.pcx=01;35:*.mov=01;35:*.mpg=01;35:*.mpeg=01;35:*.m2v=01;35:*.mkv=01;35:*.webm=01;35:*.webp=01;35:*.ogm=01;35:*.mp4=01;35:*.m4v=01;35:*.mp4v=01;35:*.vob=01;35:*.qt=01;35:*.nuv=01;35:*.wmv=01;35:*.asf=01;35:*.rm=01;35:*.rmvb=01;35:*.flc=01;35:*.avi=01;35:*.fli=01;35:*.flv=01;35:*.gl=01;35:*.dl=01;35:*.xcf=01;35:*.xwd=01;35:*.yuv=01;35:*.cgm=01;35:*.emf=01;35:*.ogv=01;35:*.ogx=01;35:*.aac=00;36:*.au=00;36:*.flac=00;36:*.m4a=00;36:*.mid=00;36:*.midi=00;36:*.mka=00;36:*.mp3=00;36:*.mpc=00;36:*.ogg=00;36:*.ra=00;36:*.wav=00;36:*.oga=00;36:*.opus=00;36:*.spx=00;36:*.xspf=00;36:'), ('AMENT_PREFIX_PATH', '/opt/ros/humble'), ('LESSCLOSE', '/usr/bin/lesspipe %s %s'), ('PWD', '/ws_gz/build/champ_navigation'), ('PYTHONPATH', '/opt/ros/humble/lib/python3.10/site-packages:/opt/ros/humble/local/lib/python3.10/dist-packages'), ('COLCON', '1'), ('CMAKE_PREFIX_PATH', '/opt/ros/humble')]), 'shell': False}
[0.016182] (go2_config) JobProgress: {'identifier': 'go2_config', 'progress': 'cmake'}
[0.016192] (go2_config) Command: {'cmd': ['/usr/bin/cmake', '/ws_gz/src/gz_quadbot/robots/configs/go2_config', '-DCMAKE_BUILD_TYPE=Release', '-DAMENT_CMAKE_SYMLINK_INSTALL=1', '-DCMAKE_INSTALL_PREFIX=/ws_gz/install/go2_config'], 'cwd': '/ws_gz/build/go2_config', 'env': OrderedDict([('LESSOPEN', '| /usr/bin/lesspipe %s'), ('HOSTNAME', 'jhr-Z790M-AORUS-ELITE-AX'), ('SHLVL', '1'), ('LD_LIBRARY_PATH', '/opt/ros/humble/opt/rviz_ogre_vendor/lib:/opt/ros/humble/lib/x86_64-linux-gnu:/opt/ros/humble/lib'), ('HOME', '/root'), ('ROS_PYTHON_VERSION', '3'), ('ROS_DISTRO', 'humble'), ('_', '/usr/bin/colcon'), ('ROS_VERSION', '2'), ('TERM', 'xterm'), ('ROS_LOCALHOST_ONLY', '0'), ('QT_X11_NO_MITSHM', '1'), ('PATH', '/opt/ros/humble/bin:/usr/local/sbin:/usr/local/bin:/usr/sbin:/usr/bin:/sbin:/bin'), ('DISPLAY', ':1'), ('LANG', 'en_US.UTF-8'), ('LS_COLORS', 'rs=0:di=01;34:ln=01;36:mh=00:pi=40;33:so=01;35:do=01;35:bd=40;33;01:cd=40;33;01:or=40;31;01:mi=00:su=37;41:sg=30;43:ca=30;41:tw=30;42:ow=34;42:st=37;44:ex=01;32:*.tar=01;31:*.tgz=01;31:*.arc=01;31:*.arj=01;31:*.taz=01;31:*.lha=01;31:*.lz4=01;31:*.lzh=01;31:*.lzma=01;31:*.tlz=01;31:*.txz=01;31:*.tzo=01;31:*.t7z=01;31:*.zip=01;31:*.z=01;31:*.dz=01;31:*.gz=01;31:*.lrz=01;31:*.lz=01;31:*.lzo=01;31:*.xz=01;31:*.zst=01;31:*.tzst=01;31:*.bz2=01;31:*.bz=01;31:*.tbz=01;31:*.tbz2=01;31:*.tz=01;31:*.deb=01;31:*.rpm=01;31:*.jar=01;31:*.war=01;31:*.ear=01;31:*.sar=01;31:*.rar=01;31:*.alz=01;31:*.ace=01;31:*.zoo=01;31:*.cpio=01;31:*.7z=01;31:*.rz=01;31:*.cab=01;31:*.wim=01;31:*.swm=01;31:*.dwm=01;31:*.esd=01;31:*.jpg=01;35:*.jpeg=01;35:*.mjpg=01;35:*.mjpeg=01;35:*.gif=01;35:*.bmp=01;35:*.pbm=01;35:*.pgm=01;35:*.ppm=01;35:*.tga=01;35:*.xbm=01;35:*.xpm=01;35:*.tif=01;35:*.tiff=01;35:*.png=01;35:*.svg=01;35:*.svgz=01;35:*.mng=01;35:*.pcx=01;35:*.mov=01;35:*.mpg=01;35:*.mpeg=01;35:*.m2v=01;35:*.mkv=01;35:*.webm=01;35:*.webp=01;35:*.ogm=01;35:*.mp4=01;35:*.m4v=01;35:*.mp4v=01;35:*.vob=01;35:*.qt=01;35:*.nuv=01;35:*.wmv=01;35:*.asf=01;35:*.rm=01;35:*.rmvb=01;35:*.flc=01;35:*.avi=01;35:*.fli=01;35:*.flv=01;35:*.gl=01;35:*.dl=01;35:*.xcf=01;35:*.xwd=01;35:*.yuv=01;35:*.cgm=01;35:*.emf=01;35:*.ogv=01;35:*.ogx=01;35:*.aac=00;36:*.au=00;36:*.flac=00;36:*.m4a=00;36:*.mid=00;36:*.midi=00;36:*.mka=00;36:*.mp3=00;36:*.mpc=00;36:*.ogg=00;36:*.ra=00;36:*.wav=00;36:*.oga=00;36:*.opus=00;36:*.spx=00;36:*.xspf=00;36:'), ('AMENT_PREFIX_PATH', '/opt/ros/humble'), ('LESSCLOSE', '/usr/bin/lesspipe %s %s'), ('PWD', '/ws_gz/build/go2_config'), ('PYTHONPATH', '/opt/ros/humble/lib/python3.10/site-packages:/opt/ros/humble/local/lib/python3.10/dist-packages'), ('COLCON', '1'), ('CMAKE_PREFIX_PATH', '/opt/ros/humble')]), 'shell': False}
[0.017057] (go2_description) JobProgress: {'identifier': 'go2_description', 'progress': 'cmake'}
[0.017370] (go2_description) Command: {'cmd': ['/usr/bin/cmake', '/ws_gz/src/gz_quadbot/robots/descriptions/go2_description', '-DCMAKE_BUILD_TYPE=Release', '-DAMENT_CMAKE_SYMLINK_INSTALL=1', '-DCMAKE_INSTALL_PREFIX=/ws_gz/install/go2_description'], 'cwd': '/ws_gz/build/go2_description', 'env': OrderedDict([('LESSOPEN', '| /usr/bin/lesspipe %s'), ('HOSTNAME', 'jhr-Z790M-AORUS-ELITE-AX'), ('SHLVL', '1'), ('LD_LIBRARY_PATH', '/opt/ros/humble/opt/rviz_ogre_vendor/lib:/opt/ros/humble/lib/x86_64-linux-gnu:/opt/ros/humble/lib'), ('HOME', '/root'), ('ROS_PYTHON_VERSION', '3'), ('ROS_DISTRO', 'humble'), ('_', '/usr/bin/colcon'), ('ROS_VERSION', '2'), ('TERM', 'xterm'), ('ROS_LOCALHOST_ONLY', '0'), ('QT_X11_NO_MITSHM', '1'), ('PATH', '/opt/ros/humble/bin:/usr/local/sbin:/usr/local/bin:/usr/sbin:/usr/bin:/sbin:/bin'), ('DISPLAY', ':1'), ('LANG', 'en_US.UTF-8'), ('LS_COLORS', 'rs=0:di=01;34:ln=01;36:mh=00:pi=40;33:so=01;35:do=01;35:bd=40;33;01:cd=40;33;01:or=40;31;01:mi=00:su=37;41:sg=30;43:ca=30;41:tw=30;42:ow=34;42:st=37;44:ex=01;32:*.tar=01;31:*.tgz=01;31:*.arc=01;31:*.arj=01;31:*.taz=01;31:*.lha=01;31:*.lz4=01;31:*.lzh=01;31:*.lzma=01;31:*.tlz=01;31:*.txz=01;31:*.tzo=01;31:*.t7z=01;31:*.zip=01;31:*.z=01;31:*.dz=01;31:*.gz=01;31:*.lrz=01;31:*.lz=01;31:*.lzo=01;31:*.xz=01;31:*.zst=01;31:*.tzst=01;31:*.bz2=01;31:*.bz=01;31:*.tbz=01;31:*.tbz2=01;31:*.tz=01;31:*.deb=01;31:*.rpm=01;31:*.jar=01;31:*.war=01;31:*.ear=01;31:*.sar=01;31:*.rar=01;31:*.alz=01;31:*.ace=01;31:*.zoo=01;31:*.cpio=01;31:*.7z=01;31:*.rz=01;31:*.cab=01;31:*.wim=01;31:*.swm=01;31:*.dwm=01;31:*.esd=01;31:*.jpg=01;35:*.jpeg=01;35:*.mjpg=01;35:*.mjpeg=01;35:*.gif=01;35:*.bmp=01;35:*.pbm=01;35:*.pgm=01;35:*.ppm=01;35:*.tga=01;35:*.xbm=01;35:*.xpm=01;35:*.tif=01;35:*.tiff=01;35:*.png=01;35:*.svg=01;35:*.svgz=01;35:*.mng=01;35:*.pcx=01;35:*.mov=01;35:*.mpg=01;35:*.mpeg=01;35:*.m2v=01;35:*.mkv=01;35:*.webm=01;35:*.webp=01;35:*.ogm=01;35:*.mp4=01;35:*.m4v=01;35:*.mp4v=01;35:*.vob=01;35:*.qt=01;35:*.nuv=01;35:*.wmv=01;35:*.asf=01;35:*.rm=01;35:*.rmvb=01;35:*.flc=01;35:*.avi=01;35:*.fli=01;35:*.flv=01;35:*.gl=01;35:*.dl=01;35:*.xcf=01;35:*.xwd=01;35:*.yuv=01;35:*.cgm=01;35:*.emf=01;35:*.ogv=01;35:*.ogx=01;35:*.aac=00;36:*.au=00;36:*.flac=00;36:*.m4a=00;36:*.mid=00;36:*.midi=00;36:*.mka=00;36:*.mp3=00;36:*.mpc=00;36:*.ogg=00;36:*.ra=00;36:*.wav=00;36:*.oga=00;36:*.opus=00;36:*.spx=00;36:*.xspf=00;36:'), ('AMENT_PREFIX_PATH', '/opt/ros/humble'), ('LESSCLOSE', '/usr/bin/lesspipe %s %s'), ('PWD', '/ws_gz/build/go2_description'), ('PYTHONPATH', '/opt/ros/humble/lib/python3.10/site-packages:/opt/ros/humble/local/lib/python3.10/dist-packages'), ('COLCON', '1'), ('CMAKE_PREFIX_PATH', '/opt/ros/humble')]), 'shell': False}
[0.050216] (champ_description) StdoutLine: {'line': b'-- The C compiler identification is GNU 13.4.0\n'}
[0.053344] (champ_navigation) StdoutLine: {'line': b'-- The C compiler identification is GNU 13.4.0\n'}
[0.054060] (go2_description) StdoutLine: {'line': b'-- The C compiler identification is GNU 13.4.0\n'}
[0.054220] (champ_msgs) StdoutLine: {'line': b'-- The C compiler identification is GNU 13.4.0\n'}
[0.054357] (champ_config) StdoutLine: {'line': b'-- The C compiler identification is GNU 13.4.0\n'}
[0.054428] (champ) StdoutLine: {'line': b'-- The C compiler identification is GNU 13.4.0\n'}
[0.054612] (go2_config) StdoutLine: {'line': b'-- The C compiler identification is GNU 13.4.0\n'}
[0.085782] (champ_description) StdoutLine: {'line': b'-- The CXX compiler identification is GNU 13.4.0\n'}
[0.090359] (champ_config) StdoutLine: {'line': b'-- The CXX compiler identification is GNU 13.4.0\n'}
[0.091187] (go2_description) StdoutLine: {'line': b'-- The CXX compiler identification is GNU 13.4.0\n'}
[0.091252] (champ_msgs) StdoutLine: {'line': b'-- The CXX compiler identification is GNU 13.4.0\n'}
[0.091279] (champ_description) StdoutLine: {'line': b'-- Detecting C compiler ABI info\n'}
[0.091710] (champ_navigation) StdoutLine: {'line': b'-- The CXX compiler identification is GNU 13.4.0\n'}
[0.091984] (go2_config) StdoutLine: {'line': b'-- The CXX compiler identification is GNU 13.4.0\n'}
[0.093060] (champ) StdoutLine: {'line': b'-- The CXX compiler identification is GNU 13.4.0\n'}
[0.095287] (champ_config) StdoutLine: {'line': b'-- Detecting C compiler ABI info\n'}
[0.096150] (champ_msgs) StdoutLine: {'line': b'-- Detecting C compiler ABI info\n'}
[0.096193] (go2_description) StdoutLine: {'line': b'-- Detecting C compiler ABI info\n'}
[0.096572] (champ_navigation) StdoutLine: {'line': b'-- Detecting C compiler ABI info\n'}
[0.096855] (go2_config) StdoutLine: {'line': b'-- Detecting C compiler ABI info\n'}
[0.097863] (champ) StdoutLine: {'line': b'-- Detecting C compiler ABI info\n'}
[0.099986] (-) TimerEvent: {}
[0.137611] (go2_description) StdoutLine: {'line': b'-- Detecting C compiler ABI info - done\n'}
[0.138739] (champ) StdoutLine: {'line': b'-- Detecting C compiler ABI info - done\n'}
[0.140716] (champ_config) StdoutLine: {'line': b'-- Detecting C compiler ABI info - done\n'}
[0.140848] (champ_description) StdoutLine: {'line': b'-- Detecting C compiler ABI info - done\n'}
[0.141285] (champ_navigation) StdoutLine: {'line': b'-- Detecting C compiler ABI info - done\n'}
[0.141649] (champ_msgs) StdoutLine: {'line': b'-- Detecting C compiler ABI info - done\n'}
[0.141848] (go2_config) StdoutLine: {'line': b'-- Detecting C compiler ABI info - done\n'}
[0.143020] (go2_description) StdoutLine: {'line': b'-- Check for working C compiler: /usr/bin/cc - skipped\n'}
[0.143242] (go2_description) StdoutLine: {'line': b'-- Detecting C compile features\n'}
[0.143542] (go2_description) StdoutLine: {'line': b'-- Detecting C compile features - done\n'}
[0.144095] (champ) StdoutLine: {'line': b'-- Check for working C compiler: /usr/bin/cc - skipped\n'}
[0.144364] (champ) StdoutLine: {'line': b'-- Detecting C compile features\n'}
[0.144631] (champ) StdoutLine: {'line': b'-- Detecting C compile features - done\n'}
[0.145520] (champ_description) StdoutLine: {'line': b'-- Check for working C compiler: /usr/bin/cc - skipped\n'}
[0.145646] (champ_description) StdoutLine: {'line': b'-- Detecting C compile features\n'}
[0.145724] (go2_description) StdoutLine: {'line': b'-- Detecting CXX compiler ABI info\n'}
[0.145827] (champ_description) StdoutLine: {'line': b'-- Detecting C compile features - done\n'}
[0.146049] (champ_config) StdoutLine: {'line': b'-- Check for working C compiler: /usr/bin/cc - skipped\n'}
[0.146282] (champ_config) StdoutLine: {'line': b'-- Detecting C compile features\n'}
[0.146564] (champ_config) StdoutLine: {'line': b'-- Detecting C compile features - done\n'}
[0.146675] (champ) StdoutLine: {'line': b'-- Detecting CXX compiler ABI info\n'}
[0.146735] (champ_navigation) StdoutLine: {'line': b'-- Check for working C compiler: /usr/bin/cc - skipped\n'}
[0.146924] (champ_navigation) StdoutLine: {'line': b'-- Detecting C compile features\n'}
[0.147052] (champ_msgs) StdoutLine: {'line': b'-- Check for working C compiler: /usr/bin/cc - skipped\n'}
[0.147174] (champ_description) StdoutLine: {'line': b'-- Detecting CXX compiler ABI info\n'}
[0.147226] (champ_navigation) StdoutLine: {'line': b'-- Detecting C compile features - done\n'}
[0.147252] (champ_msgs) StdoutLine: {'line': b'-- Detecting C compile features\n'}
[0.147427] (go2_config) StdoutLine: {'line': b'-- Check for working C compiler: /usr/bin/cc - skipped\n'}
[0.147525] (champ_msgs) StdoutLine: {'line': b'-- Detecting C compile features - done\n'}
[0.147626] (go2_config) StdoutLine: {'line': b'-- Detecting C compile features\n'}
[0.147905] (go2_config) StdoutLine: {'line': b'-- Detecting C compile features - done\n'}
[0.148653] (champ_config) StdoutLine: {'line': b'-- Detecting CXX compiler ABI info\n'}
[0.149356] (champ_navigation) StdoutLine: {'line': b'-- Detecting CXX compiler ABI info\n'}
[0.149648] (champ_msgs) StdoutLine: {'line': b'-- Detecting CXX compiler ABI info\n'}
[0.150047] (go2_config) StdoutLine: {'line': b'-- Detecting CXX compiler ABI info\n'}
[0.199465] (go2_config) StdoutLine: {'line': b'-- Detecting CXX compiler ABI info - done\n'}
[0.199606] (champ) StdoutLine: {'line': b'-- Detecting CXX compiler ABI info - done\n'}
[0.199680] (go2_description) StdoutLine: {'line': b'-- Detecting CXX compiler ABI info - done\n'}
[0.199772] (champ_description) StdoutLine: {'line': b'-- Detecting CXX compiler ABI info - done\n'}
[0.199952] (champ_config) StdoutLine: {'line': b'-- Detecting CXX compiler ABI info - done\n'}
[0.200039] (-) TimerEvent: {}
[0.201720] (champ_navigation) StdoutLine: {'line': b'-- Detecting CXX compiler ABI info - done\n'}
[0.202410] (champ_msgs) StdoutLine: {'line': b'-- Detecting CXX compiler ABI info - done\n'}
[0.204374] (go2_config) StdoutLine: {'line': b'-- Check for working CXX compiler: /usr/bin/c++ - skipped\n'}
[0.204419] (go2_config) StdoutLine: {'line': b'-- Detecting CXX compile features\n'}
[0.204632] (go2_config) StdoutLine: {'line': b'-- Detecting CXX compile features - done\n'}
[0.205211] (go2_description) StdoutLine: {'line': b'-- Check for working CXX compiler: /usr/bin/c++ - skipped\n'}
[0.205232] (champ) StdoutLine: {'line': b'-- Check for working CXX compiler: /usr/bin/c++ - skipped\n'}
[0.205490] (champ_description) StdoutLine: {'line': b'-- Check for working CXX compiler: /usr/bin/c++ - skipped\n'}
[0.205531] (champ) StdoutLine: {'line': b'-- Detecting CXX compile features\n'}
[0.205551] (go2_description) StdoutLine: {'line': b'-- Detecting CXX compile features\n'}
[0.205579] (champ_config) StdoutLine: {'line': b'-- Check for working CXX compiler: /usr/bin/c++ - skipped\n'}
[0.205609] (champ_description) StdoutLine: {'line': b'-- Detecting CXX compile features\n'}
[0.205748] (champ_config) StdoutLine: {'line': b'-- Detecting CXX compile features\n'}
[0.205776] (champ) StdoutLine: {'line': b'-- Detecting CXX compile features - done\n'}
[0.205808] (go2_description) StdoutLine: {'line': b'-- Detecting CXX compile features - done\n'}
[0.205975] (champ_description) StdoutLine: {'line': b'-- Detecting CXX compile features - done\n'}
[0.206008] (go2_config) StdoutLine: {'line': b'-- Found ament_cmake: 1.3.14 (/opt/ros/humble/share/ament_cmake/cmake)\n'}
[0.206072] (champ_config) StdoutLine: {'line': b'-- Detecting CXX compile features - done\n'}
[0.207280] (champ_navigation) StdoutLine: {'line': b'-- Check for working CXX compiler: /usr/bin/c++ - skipped\n'}
[0.207490] (champ_navigation) StdoutLine: {'line': b'-- Detecting CXX compile features\n'}
[0.207637] (champ_description) StdoutLine: {'line': b'-- Found ament_cmake: 1.3.14 (/opt/ros/humble/share/ament_cmake/cmake)\n'}
[0.207665] (champ) StdoutLine: {'line': b'-- Found ament_cmake: 1.3.14 (/opt/ros/humble/share/ament_cmake/cmake)\n'}
[0.207699] (go2_description) StdoutLine: {'line': b'-- Found ament_cmake: 1.3.14 (/opt/ros/humble/share/ament_cmake/cmake)\n'}
[0.207902] (champ_navigation) StdoutLine: {'line': b'-- Detecting CXX compile features - done\n'}
[0.207954] (champ_config) StdoutLine: {'line': b'-- Found ament_cmake: 1.3.14 (/opt/ros/humble/share/ament_cmake/cmake)\n'}
[0.207973] (champ_msgs) StdoutLine: {'line': b'-- Check for working CXX compiler: /usr/bin/c++ - skipped\n'}
[0.208130] (champ_msgs) StdoutLine: {'line': b'-- Detecting CXX compile features\n'}
[0.208469] (champ_msgs) StdoutLine: {'line': b'-- Detecting CXX compile features - done\n'}
[0.209708] (champ_navigation) StdoutLine: {'line': b'-- Found ament_cmake: 1.3.14 (/opt/ros/humble/share/ament_cmake/cmake)\n'}
[0.210128] (champ_msgs) StdoutLine: {'line': b'-- Found ament_cmake: 1.3.14 (/opt/ros/humble/share/ament_cmake/cmake)\n'}
[0.297875] (go2_config) StdoutLine: {'line': b'-- Found Python3: /usr/bin/python3 (found version "3.10.12") found components: Interpreter \n'}
[0.300098] (-) TimerEvent: {}
[0.302874] (champ_navigation) StdoutLine: {'line': b'-- Found Python3: /usr/bin/python3 (found version "3.10.12") found components: Interpreter \n'}
[0.302947] (champ) StdoutLine: {'line': b'-- Found Python3: /usr/bin/python3 (found version "3.10.12") found components: Interpreter \n'}
[0.305658] (champ_description) StdoutLine: {'line': b'-- Found Python3: /usr/bin/python3 (found version "3.10.12") found components: Interpreter \n'}
[0.308329] (champ_config) StdoutLine: {'line': b'-- Found Python3: /usr/bin/python3 (found version "3.10.12") found components: Interpreter \n'}
[0.311751] (go2_description) StdoutLine: {'line': b'-- Found Python3: /usr/bin/python3 (found version "3.10.12") found components: Interpreter \n'}
[0.313777] (champ_msgs) StdoutLine: {'line': b'-- Found Python3: /usr/bin/python3 (found version "3.10.12") found components: Interpreter \n'}
[0.333429] (champ) StdoutLine: {'line': b'-- Override CMake install command with custom implementation using symlinks instead of copying resources\n'}
[0.339167] (champ_navigation) StdoutLine: {'line': b'-- Override CMake install command with custom implementation using symlinks instead of copying resources\n'}
[0.341200] (champ_description) StdoutLine: {'line': b'-- Override CMake install command with custom implementation using symlinks instead of copying resources\n'}
[0.342746] (go2_config) StdoutLine: {'line': b'-- Override CMake install command with custom implementation using symlinks instead of copying resources\n'}
[0.345408] (champ_msgs) StdoutLine: {'line': b'-- Override CMake install command with custom implementation using symlinks instead of copying resources\n'}
[0.346120] (champ_config) StdoutLine: {'line': b'-- Override CMake install command with custom implementation using symlinks instead of copying resources\n'}
[0.349527] (champ) StdoutLine: {'line': b'-- Found rclcpp: 16.0.19 (/opt/ros/humble/share/rclcpp/cmake)\n'}
[0.349732] (go2_description) StdoutLine: {'line': b'-- Override CMake install command with custom implementation using symlinks instead of copying resources\n'}
[0.362299] (champ_description) StdoutLine: {'line': b'-- Found ament_lint_auto: 0.12.15 (/opt/ros/humble/share/ament_lint_auto/cmake)\n'}
[0.366808] (champ_msgs) StdoutLine: {'line': b'-- Found rosidl_default_generators: 1.2.1 (/opt/ros/humble/share/rosidl_default_generators/cmake)\n'}
[0.369538] (champ_msgs) StdoutLine: {'line': b'-- Using all available rosidl_typesupport_c: rosidl_typesupport_fastrtps_c;rosidl_typesupport_introspection_c\n'}
[0.372028] (go2_description) StdoutLine: {'line': b'-- Found ament_lint_auto: 0.12.15 (/opt/ros/humble/share/ament_lint_auto/cmake)\n'}
[0.374508] (champ_msgs) StdoutLine: {'line': b'-- Found rosidl_adapter: 3.1.8 (/opt/ros/humble/share/rosidl_adapter/cmake)\n'}
[0.374741] (champ) StdoutLine: {'line': b'-- Found rosidl_generator_c: 3.1.8 (/opt/ros/humble/share/rosidl_generator_c/cmake)\n'}
[0.377180] (champ) StdoutLine: {'line': b'-- Found rosidl_adapter: 3.1.8 (/opt/ros/humble/share/rosidl_adapter/cmake)\n'}
[0.381524] (champ) StdoutLine: {'line': b'-- Found rosidl_generator_cpp: 3.1.8 (/opt/ros/humble/share/rosidl_generator_cpp/cmake)\n'}
[0.387474] (champ) StdoutLine: {'line': b'-- Using all available rosidl_typesupport_c: rosidl_typesupport_fastrtps_c;rosidl_typesupport_introspection_c\n'}
[0.390962] (champ_navigation) StdoutLine: {'line': b'-- Configuring done\n'}
[0.392143] (champ_navigation) StdoutLine: {'line': b'-- Generating done\n'}
[0.392768] (champ_navigation) StdoutLine: {'line': b'-- Build files have been written to: /ws_gz/build/champ_navigation\n'}
[0.394050] (champ_config) StdoutLine: {'line': b'-- Configuring done\n'}
[0.394840] (champ_navigation) CommandEnded: {'returncode': 0}
[0.395079] (champ) StdoutLine: {'line': b'-- Using all available rosidl_typesupport_cpp: rosidl_typesupport_fastrtps_cpp;rosidl_typesupport_introspection_cpp\n'}
[0.395235] (champ_navigation) JobProgress: {'identifier': 'champ_navigation', 'progress': 'build'}
[0.395816] (champ_navigation) Command: {'cmd': ['/usr/bin/cmake', '--build', '/ws_gz/build/champ_navigation', '--', '-j32', '-l32'], 'cwd': '/ws_gz/build/champ_navigation', 'env': OrderedDict([('LESSOPEN', '| /usr/bin/lesspipe %s'), ('HOSTNAME', 'jhr-Z790M-AORUS-ELITE-AX'), ('SHLVL', '1'), ('LD_LIBRARY_PATH', '/opt/ros/humble/opt/rviz_ogre_vendor/lib:/opt/ros/humble/lib/x86_64-linux-gnu:/opt/ros/humble/lib'), ('HOME', '/root'), ('ROS_PYTHON_VERSION', '3'), ('ROS_DISTRO', 'humble'), ('_', '/usr/bin/colcon'), ('ROS_VERSION', '2'), ('TERM', 'xterm'), ('ROS_LOCALHOST_ONLY', '0'), ('QT_X11_NO_MITSHM', '1'), ('PATH', '/opt/ros/humble/bin:/usr/local/sbin:/usr/local/bin:/usr/sbin:/usr/bin:/sbin:/bin'), ('DISPLAY', ':1'), ('LANG', 'en_US.UTF-8'), ('LS_COLORS', 'rs=0:di=01;34:ln=01;36:mh=00:pi=40;33:so=01;35:do=01;35:bd=40;33;01:cd=40;33;01:or=40;31;01:mi=00:su=37;41:sg=30;43:ca=30;41:tw=30;42:ow=34;42:st=37;44:ex=01;32:*.tar=01;31:*.tgz=01;31:*.arc=01;31:*.arj=01;31:*.taz=01;31:*.lha=01;31:*.lz4=01;31:*.lzh=01;31:*.lzma=01;31:*.tlz=01;31:*.txz=01;31:*.tzo=01;31:*.t7z=01;31:*.zip=01;31:*.z=01;31:*.dz=01;31:*.gz=01;31:*.lrz=01;31:*.lz=01;31:*.lzo=01;31:*.xz=01;31:*.zst=01;31:*.tzst=01;31:*.bz2=01;31:*.bz=01;31:*.tbz=01;31:*.tbz2=01;31:*.tz=01;31:*.deb=01;31:*.rpm=01;31:*.jar=01;31:*.war=01;31:*.ear=01;31:*.sar=01;31:*.rar=01;31:*.alz=01;31:*.ace=01;31:*.zoo=01;31:*.cpio=01;31:*.7z=01;31:*.rz=01;31:*.cab=01;31:*.wim=01;31:*.swm=01;31:*.dwm=01;31:*.esd=01;31:*.jpg=01;35:*.jpeg=01;35:*.mjpg=01;35:*.mjpeg=01;35:*.gif=01;35:*.bmp=01;35:*.pbm=01;35:*.pgm=01;35:*.ppm=01;35:*.tga=01;35:*.xbm=01;35:*.xpm=01;35:*.tif=01;35:*.tiff=01;35:*.png=01;35:*.svg=01;35:*.svgz=01;35:*.mng=01;35:*.pcx=01;35:*.mov=01;35:*.mpg=01;35:*.mpeg=01;35:*.m2v=01;35:*.mkv=01;35:*.webm=01;35:*.webp=01;35:*.ogm=01;35:*.mp4=01;35:*.m4v=01;35:*.mp4v=01;35:*.vob=01;35:*.qt=01;35:*.nuv=01;35:*.wmv=01;35:*.asf=01;35:*.rm=01;35:*.rmvb=01;35:*.flc=01;35:*.avi=01;35:*.fli=01;35:*.flv=01;35:*.gl=01;35:*.dl=01;35:*.xcf=01;35:*.xwd=01;35:*.yuv=01;35:*.cgm=01;35:*.emf=01;35:*.ogv=01;35:*.ogx=01;35:*.aac=00;36:*.au=00;36:*.flac=00;36:*.m4a=00;36:*.mid=00;36:*.midi=00;36:*.mka=00;36:*.mp3=00;36:*.mpc=00;36:*.ogg=00;36:*.ra=00;36:*.wav=00;36:*.oga=00;36:*.opus=00;36:*.spx=00;36:*.xspf=00;36:'), ('AMENT_PREFIX_PATH', '/opt/ros/humble'), ('LESSCLOSE', '/usr/bin/lesspipe %s %s'), ('PWD', '/ws_gz/build/champ_navigation'), ('PYTHONPATH', '/opt/ros/humble/lib/python3.10/site-packages:/opt/ros/humble/local/lib/python3.10/dist-packages'), ('COLCON', '1'), ('CMAKE_PREFIX_PATH', '/opt/ros/humble')]), 'shell': False}
[0.396466] (champ_config) StdoutLine: {'line': b'-- Generating done\n'}
[0.396903] (champ_config) StdoutLine: {'line': b'-- Build files have been written to: /ws_gz/build/champ_config\n'}
[0.398940] (champ_msgs) StdoutLine: {'line': b'-- Using all available rosidl_typesupport_cpp: rosidl_typesupport_fastrtps_cpp;rosidl_typesupport_introspection_cpp\n'}
[0.399945] (champ_config) CommandEnded: {'returncode': 0}
[0.400178] (-) TimerEvent: {}
[0.400293] (champ_config) JobProgress: {'identifier': 'champ_config', 'progress': 'build'}
[0.400500] (champ_config) Command: {'cmd': ['/usr/bin/cmake', '--build', '/ws_gz/build/champ_config', '--', '-j32', '-l32'], 'cwd': '/ws_gz/build/champ_config', 'env': OrderedDict([('LESSOPEN', '| /usr/bin/lesspipe %s'), ('HOSTNAME', 'jhr-Z790M-AORUS-ELITE-AX'), ('SHLVL', '1'), ('LD_LIBRARY_PATH', '/opt/ros/humble/opt/rviz_ogre_vendor/lib:/opt/ros/humble/lib/x86_64-linux-gnu:/opt/ros/humble/lib'), ('HOME', '/root'), ('ROS_PYTHON_VERSION', '3'), ('ROS_DISTRO', 'humble'), ('_', '/usr/bin/colcon'), ('ROS_VERSION', '2'), ('TERM', 'xterm'), ('ROS_LOCALHOST_ONLY', '0'), ('QT_X11_NO_MITSHM', '1'), ('PATH', '/opt/ros/humble/bin:/usr/local/sbin:/usr/local/bin:/usr/sbin:/usr/bin:/sbin:/bin'), ('DISPLAY', ':1'), ('LANG', 'en_US.UTF-8'), ('LS_COLORS', 'rs=0:di=01;34:ln=01;36:mh=00:pi=40;33:so=01;35:do=01;35:bd=40;33;01:cd=40;33;01:or=40;31;01:mi=00:su=37;41:sg=30;43:ca=30;41:tw=30;42:ow=34;42:st=37;44:ex=01;32:*.tar=01;31:*.tgz=01;31:*.arc=01;31:*.arj=01;31:*.taz=01;31:*.lha=01;31:*.lz4=01;31:*.lzh=01;31:*.lzma=01;31:*.tlz=01;31:*.txz=01;31:*.tzo=01;31:*.t7z=01;31:*.zip=01;31:*.z=01;31:*.dz=01;31:*.gz=01;31:*.lrz=01;31:*.lz=01;31:*.lzo=01;31:*.xz=01;31:*.zst=01;31:*.tzst=01;31:*.bz2=01;31:*.bz=01;31:*.tbz=01;31:*.tbz2=01;31:*.tz=01;31:*.deb=01;31:*.rpm=01;31:*.jar=01;31:*.war=01;31:*.ear=01;31:*.sar=01;31:*.rar=01;31:*.alz=01;31:*.ace=01;31:*.zoo=01;31:*.cpio=01;31:*.7z=01;31:*.rz=01;31:*.cab=01;31:*.wim=01;31:*.swm=01;31:*.dwm=01;31:*.esd=01;31:*.jpg=01;35:*.jpeg=01;35:*.mjpg=01;35:*.mjpeg=01;35:*.gif=01;35:*.bmp=01;35:*.pbm=01;35:*.pgm=01;35:*.ppm=01;35:*.tga=01;35:*.xbm=01;35:*.xpm=01;35:*.tif=01;35:*.tiff=01;35:*.png=01;35:*.svg=01;35:*.svgz=01;35:*.mng=01;35:*.pcx=01;35:*.mov=01;35:*.mpg=01;35:*.mpeg=01;35:*.m2v=01;35:*.mkv=01;35:*.webm=01;35:*.webp=01;35:*.ogm=01;35:*.mp4=01;35:*.m4v=01;35:*.mp4v=01;35:*.vob=01;35:*.qt=01;35:*.nuv=01;35:*.wmv=01;35:*.asf=01;35:*.rm=01;35:*.rmvb=01;35:*.flc=01;35:*.avi=01;35:*.fli=01;35:*.flv=01;35:*.gl=01;35:*.dl=01;35:*.xcf=01;35:*.xwd=01;35:*.yuv=01;35:*.cgm=01;35:*.emf=01;35:*.ogv=01;35:*.ogx=01;35:*.aac=00;36:*.au=00;36:*.flac=00;36:*.m4a=00;36:*.mid=00;36:*.midi=00;36:*.mka=00;36:*.mp3=00;36:*.mpc=00;36:*.ogg=00;36:*.ra=00;36:*.wav=00;36:*.oga=00;36:*.opus=00;36:*.spx=00;36:*.xspf=00;36:'), ('AMENT_PREFIX_PATH', '/opt/ros/humble'), ('LESSCLOSE', '/usr/bin/lesspipe %s %s'), ('PWD', '/ws_gz/build/champ_config'), ('PYTHONPATH', '/opt/ros/humble/lib/python3.10/site-packages:/opt/ros/humble/local/lib/python3.10/dist-packages'), ('COLCON', '1'), ('CMAKE_PREFIX_PATH', '/opt/ros/humble')]), 'shell': False}
[0.401186] (champ_description) StdoutLine: {'line': b'-- Configuring done\n'}
[0.402301] (champ_description) StdoutLine: {'line': b'-- Generating done\n'}
[0.402913] (champ_description) StdoutLine: {'line': b'-- Build files have been written to: /ws_gz/build/champ_description\n'}
[0.403471] (go2_description) StdoutLine: {'line': b'-- Configuring done\n'}
[0.405071] (champ_description) CommandEnded: {'returncode': 0}
[0.405441] (champ_description) JobProgress: {'identifier': 'champ_description', 'progress': 'build'}
[0.405720] (champ_description) Command: {'cmd': ['/usr/bin/cmake', '--build', '/ws_gz/build/champ_description', '--', '-j32', '-l32'], 'cwd': '/ws_gz/build/champ_description', 'env': OrderedDict([('LESSOPEN', '| /usr/bin/lesspipe %s'), ('HOSTNAME', 'jhr-Z790M-AORUS-ELITE-AX'), ('SHLVL', '1'), ('LD_LIBRARY_PATH', '/opt/ros/humble/opt/rviz_ogre_vendor/lib:/opt/ros/humble/lib/x86_64-linux-gnu:/opt/ros/humble/lib'), ('HOME', '/root'), ('ROS_PYTHON_VERSION', '3'), ('ROS_DISTRO', 'humble'), ('_', '/usr/bin/colcon'), ('ROS_VERSION', '2'), ('TERM', 'xterm'), ('ROS_LOCALHOST_ONLY', '0'), ('QT_X11_NO_MITSHM', '1'), ('PATH', '/opt/ros/humble/bin:/usr/local/sbin:/usr/local/bin:/usr/sbin:/usr/bin:/sbin:/bin'), ('DISPLAY', ':1'), ('LANG', 'en_US.UTF-8'), ('LS_COLORS', 'rs=0:di=01;34:ln=01;36:mh=00:pi=40;33:so=01;35:do=01;35:bd=40;33;01:cd=40;33;01:or=40;31;01:mi=00:su=37;41:sg=30;43:ca=30;41:tw=30;42:ow=34;42:st=37;44:ex=01;32:*.tar=01;31:*.tgz=01;31:*.arc=01;31:*.arj=01;31:*.taz=01;31:*.lha=01;31:*.lz4=01;31:*.lzh=01;31:*.lzma=01;31:*.tlz=01;31:*.txz=01;31:*.tzo=01;31:*.t7z=01;31:*.zip=01;31:*.z=01;31:*.dz=01;31:*.gz=01;31:*.lrz=01;31:*.lz=01;31:*.lzo=01;31:*.xz=01;31:*.zst=01;31:*.tzst=01;31:*.bz2=01;31:*.bz=01;31:*.tbz=01;31:*.tbz2=01;31:*.tz=01;31:*.deb=01;31:*.rpm=01;31:*.jar=01;31:*.war=01;31:*.ear=01;31:*.sar=01;31:*.rar=01;31:*.alz=01;31:*.ace=01;31:*.zoo=01;31:*.cpio=01;31:*.7z=01;31:*.rz=01;31:*.cab=01;31:*.wim=01;31:*.swm=01;31:*.dwm=01;31:*.esd=01;31:*.jpg=01;35:*.jpeg=01;35:*.mjpg=01;35:*.mjpeg=01;35:*.gif=01;35:*.bmp=01;35:*.pbm=01;35:*.pgm=01;35:*.ppm=01;35:*.tga=01;35:*.xbm=01;35:*.xpm=01;35:*.tif=01;35:*.tiff=01;35:*.png=01;35:*.svg=01;35:*.svgz=01;35:*.mng=01;35:*.pcx=01;35:*.mov=01;35:*.mpg=01;35:*.mpeg=01;35:*.m2v=01;35:*.mkv=01;35:*.webm=01;35:*.webp=01;35:*.ogm=01;35:*.mp4=01;35:*.m4v=01;35:*.mp4v=01;35:*.vob=01;35:*.qt=01;35:*.nuv=01;35:*.wmv=01;35:*.asf=01;35:*.rm=01;35:*.rmvb=01;35:*.flc=01;35:*.avi=01;35:*.fli=01;35:*.flv=01;35:*.gl=01;35:*.dl=01;35:*.xcf=01;35:*.xwd=01;35:*.yuv=01;35:*.cgm=01;35:*.emf=01;35:*.ogv=01;35:*.ogx=01;35:*.aac=00;36:*.au=00;36:*.flac=00;36:*.m4a=00;36:*.mid=00;36:*.midi=00;36:*.mka=00;36:*.mp3=00;36:*.mpc=00;36:*.ogg=00;36:*.ra=00;36:*.wav=00;36:*.oga=00;36:*.opus=00;36:*.spx=00;36:*.xspf=00;36:'), ('AMENT_PREFIX_PATH', '/opt/ros/humble'), ('LESSCLOSE', '/usr/bin/lesspipe %s %s'), ('PWD', '/ws_gz/build/champ_description'), ('PYTHONPATH', '/opt/ros/humble/lib/python3.10/site-packages:/opt/ros/humble/local/lib/python3.10/dist-packages'), ('COLCON', '1'), ('CMAKE_PREFIX_PATH', '/opt/ros/humble')]), 'shell': False}
[0.406384] (go2_description) StdoutLine: {'line': b'-- Generating done\n'}
[0.406621] (go2_description) StdoutLine: {'line': b'-- Build files have been written to: /ws_gz/build/go2_description\n'}
[0.410011] (go2_description) CommandEnded: {'returncode': 0}
[0.410272] (go2_description) JobProgress: {'identifier': 'go2_description', 'progress': 'build'}
[0.410512] (go2_description) Command: {'cmd': ['/usr/bin/cmake', '--build', '/ws_gz/build/go2_description', '--', '-j32', '-l32'], 'cwd': '/ws_gz/build/go2_description', 'env': OrderedDict([('LESSOPEN', '| /usr/bin/lesspipe %s'), ('HOSTNAME', 'jhr-Z790M-AORUS-ELITE-AX'), ('SHLVL', '1'), ('LD_LIBRARY_PATH', '/opt/ros/humble/opt/rviz_ogre_vendor/lib:/opt/ros/humble/lib/x86_64-linux-gnu:/opt/ros/humble/lib'), ('HOME', '/root'), ('ROS_PYTHON_VERSION', '3'), ('ROS_DISTRO', 'humble'), ('_', '/usr/bin/colcon'), ('ROS_VERSION', '2'), ('TERM', 'xterm'), ('ROS_LOCALHOST_ONLY', '0'), ('QT_X11_NO_MITSHM', '1'), ('PATH', '/opt/ros/humble/bin:/usr/local/sbin:/usr/local/bin:/usr/sbin:/usr/bin:/sbin:/bin'), ('DISPLAY', ':1'), ('LANG', 'en_US.UTF-8'), ('LS_COLORS', 'rs=0:di=01;34:ln=01;36:mh=00:pi=40;33:so=01;35:do=01;35:bd=40;33;01:cd=40;33;01:or=40;31;01:mi=00:su=37;41:sg=30;43:ca=30;41:tw=30;42:ow=34;42:st=37;44:ex=01;32:*.tar=01;31:*.tgz=01;31:*.arc=01;31:*.arj=01;31:*.taz=01;31:*.lha=01;31:*.lz4=01;31:*.lzh=01;31:*.lzma=01;31:*.tlz=01;31:*.txz=01;31:*.tzo=01;31:*.t7z=01;31:*.zip=01;31:*.z=01;31:*.dz=01;31:*.gz=01;31:*.lrz=01;31:*.lz=01;31:*.lzo=01;31:*.xz=01;31:*.zst=01;31:*.tzst=01;31:*.bz2=01;31:*.bz=01;31:*.tbz=01;31:*.tbz2=01;31:*.tz=01;31:*.deb=01;31:*.rpm=01;31:*.jar=01;31:*.war=01;31:*.ear=01;31:*.sar=01;31:*.rar=01;31:*.alz=01;31:*.ace=01;31:*.zoo=01;31:*.cpio=01;31:*.7z=01;31:*.rz=01;31:*.cab=01;31:*.wim=01;31:*.swm=01;31:*.dwm=01;31:*.esd=01;31:*.jpg=01;35:*.jpeg=01;35:*.mjpg=01;35:*.mjpeg=01;35:*.gif=01;35:*.bmp=01;35:*.pbm=01;35:*.pgm=01;35:*.ppm=01;35:*.tga=01;35:*.xbm=01;35:*.xpm=01;35:*.tif=01;35:*.tiff=01;35:*.png=01;35:*.svg=01;35:*.svgz=01;35:*.mng=01;35:*.pcx=01;35:*.mov=01;35:*.mpg=01;35:*.mpeg=01;35:*.m2v=01;35:*.mkv=01;35:*.webm=01;35:*.webp=01;35:*.ogm=01;35:*.mp4=01;35:*.m4v=01;35:*.mp4v=01;35:*.vob=01;35:*.qt=01;35:*.nuv=01;35:*.wmv=01;35:*.asf=01;35:*.rm=01;35:*.rmvb=01;35:*.flc=01;35:*.avi=01;35:*.fli=01;35:*.flv=01;35:*.gl=01;35:*.dl=01;35:*.xcf=01;35:*.xwd=01;35:*.yuv=01;35:*.cgm=01;35:*.emf=01;35:*.ogv=01;35:*.ogx=01;35:*.aac=00;36:*.au=00;36:*.flac=00;36:*.m4a=00;36:*.mid=00;36:*.midi=00;36:*.mka=00;36:*.mp3=00;36:*.mpc=00;36:*.ogg=00;36:*.ra=00;36:*.wav=00;36:*.oga=00;36:*.opus=00;36:*.spx=00;36:*.xspf=00;36:'), ('AMENT_PREFIX_PATH', '/opt/ros/humble'), ('LESSCLOSE', '/usr/bin/lesspipe %s %s'), ('PWD', '/ws_gz/build/go2_description'), ('PYTHONPATH', '/opt/ros/humble/lib/python3.10/site-packages:/opt/ros/humble/local/lib/python3.10/dist-packages'), ('COLCON', '1'), ('CMAKE_PREFIX_PATH', '/opt/ros/humble')]), 'shell': False}
[0.416546] (champ) StdoutLine: {'line': b'-- Found rmw_implementation_cmake: 6.1.2 (/opt/ros/humble/share/rmw_implementation_cmake/cmake)\n'}
[0.417002] (champ_msgs) StdoutLine: {'line': b'-- Found std_msgs: 4.9.1 (/opt/ros/humble/share/std_msgs/cmake)\n'}
[0.418081] (champ) StdoutLine: {'line': b'-- Found rmw_fastrtps_cpp: 6.2.10 (/opt/ros/humble/share/rmw_fastrtps_cpp/cmake)\n'}
[0.420321] (champ_navigation) CommandEnded: {'returncode': 0}
[0.420703] (champ_navigation) JobProgress: {'identifier': 'champ_navigation', 'progress': 'install'}
[0.426290] (champ_navigation) Command: {'cmd': ['/usr/bin/cmake', '--install', '/ws_gz/build/champ_navigation'], 'cwd': '/ws_gz/build/champ_navigation', 'env': OrderedDict([('LESSOPEN', '| /usr/bin/lesspipe %s'), ('HOSTNAME', 'jhr-Z790M-AORUS-ELITE-AX'), ('SHLVL', '1'), ('LD_LIBRARY_PATH', '/opt/ros/humble/opt/rviz_ogre_vendor/lib:/opt/ros/humble/lib/x86_64-linux-gnu:/opt/ros/humble/lib'), ('HOME', '/root'), ('ROS_PYTHON_VERSION', '3'), ('ROS_DISTRO', 'humble'), ('_', '/usr/bin/colcon'), ('ROS_VERSION', '2'), ('TERM', 'xterm'), ('ROS_LOCALHOST_ONLY', '0'), ('QT_X11_NO_MITSHM', '1'), ('PATH', '/opt/ros/humble/bin:/usr/local/sbin:/usr/local/bin:/usr/sbin:/usr/bin:/sbin:/bin'), ('DISPLAY', ':1'), ('LANG', 'en_US.UTF-8'), ('LS_COLORS', 'rs=0:di=01;34:ln=01;36:mh=00:pi=40;33:so=01;35:do=01;35:bd=40;33;01:cd=40;33;01:or=40;31;01:mi=00:su=37;41:sg=30;43:ca=30;41:tw=30;42:ow=34;42:st=37;44:ex=01;32:*.tar=01;31:*.tgz=01;31:*.arc=01;31:*.arj=01;31:*.taz=01;31:*.lha=01;31:*.lz4=01;31:*.lzh=01;31:*.lzma=01;31:*.tlz=01;31:*.txz=01;31:*.tzo=01;31:*.t7z=01;31:*.zip=01;31:*.z=01;31:*.dz=01;31:*.gz=01;31:*.lrz=01;31:*.lz=01;31:*.lzo=01;31:*.xz=01;31:*.zst=01;31:*.tzst=01;31:*.bz2=01;31:*.bz=01;31:*.tbz=01;31:*.tbz2=01;31:*.tz=01;31:*.deb=01;31:*.rpm=01;31:*.jar=01;31:*.war=01;31:*.ear=01;31:*.sar=01;31:*.rar=01;31:*.alz=01;31:*.ace=01;31:*.zoo=01;31:*.cpio=01;31:*.7z=01;31:*.rz=01;31:*.cab=01;31:*.wim=01;31:*.swm=01;31:*.dwm=01;31:*.esd=01;31:*.jpg=01;35:*.jpeg=01;35:*.mjpg=01;35:*.mjpeg=01;35:*.gif=01;35:*.bmp=01;35:*.pbm=01;35:*.pgm=01;35:*.ppm=01;35:*.tga=01;35:*.xbm=01;35:*.xpm=01;35:*.tif=01;35:*.tiff=01;35:*.png=01;35:*.svg=01;35:*.svgz=01;35:*.mng=01;35:*.pcx=01;35:*.mov=01;35:*.mpg=01;35:*.mpeg=01;35:*.m2v=01;35:*.mkv=01;35:*.webm=01;35:*.webp=01;35:*.ogm=01;35:*.mp4=01;35:*.m4v=01;35:*.mp4v=01;35:*.vob=01;35:*.qt=01;35:*.nuv=01;35:*.wmv=01;35:*.asf=01;35:*.rm=01;35:*.rmvb=01;35:*.flc=01;35:*.avi=01;35:*.fli=01;35:*.flv=01;35:*.gl=01;35:*.dl=01;35:*.xcf=01;35:*.xwd=01;35:*.yuv=01;35:*.cgm=01;35:*.emf=01;35:*.ogv=01;35:*.ogx=01;35:*.aac=00;36:*.au=00;36:*.flac=00;36:*.m4a=00;36:*.mid=00;36:*.midi=00;36:*.mka=00;36:*.mp3=00;36:*.mpc=00;36:*.ogg=00;36:*.ra=00;36:*.wav=00;36:*.oga=00;36:*.opus=00;36:*.spx=00;36:*.xspf=00;36:'), ('AMENT_PREFIX_PATH', '/opt/ros/humble'), ('LESSCLOSE', '/usr/bin/lesspipe %s %s'), ('PWD', '/ws_gz/build/champ_navigation'), ('PYTHONPATH', '/opt/ros/humble/lib/python3.10/site-packages:/opt/ros/humble/local/lib/python3.10/dist-packages'), ('COLCON', '1'), ('CMAKE_PREFIX_PATH', '/opt/ros/humble')]), 'shell': False}
[0.427316] (champ_config) CommandEnded: {'returncode': 0}
[0.427625] (champ_config) JobProgress: {'identifier': 'champ_config', 'progress': 'install'}
[0.428000] (champ_config) Command: {'cmd': ['/usr/bin/cmake', '--install', '/ws_gz/build/champ_config'], 'cwd': '/ws_gz/build/champ_config', 'env': OrderedDict([('LESSOPEN', '| /usr/bin/lesspipe %s'), ('HOSTNAME', 'jhr-Z790M-AORUS-ELITE-AX'), ('SHLVL', '1'), ('LD_LIBRARY_PATH', '/opt/ros/humble/opt/rviz_ogre_vendor/lib:/opt/ros/humble/lib/x86_64-linux-gnu:/opt/ros/humble/lib'), ('HOME', '/root'), ('ROS_PYTHON_VERSION', '3'), ('ROS_DISTRO', 'humble'), ('_', '/usr/bin/colcon'), ('ROS_VERSION', '2'), ('TERM', 'xterm'), ('ROS_LOCALHOST_ONLY', '0'), ('QT_X11_NO_MITSHM', '1'), ('PATH', '/opt/ros/humble/bin:/usr/local/sbin:/usr/local/bin:/usr/sbin:/usr/bin:/sbin:/bin'), ('DISPLAY', ':1'), ('LANG', 'en_US.UTF-8'), ('LS_COLORS', 'rs=0:di=01;34:ln=01;36:mh=00:pi=40;33:so=01;35:do=01;35:bd=40;33;01:cd=40;33;01:or=40;31;01:mi=00:su=37;41:sg=30;43:ca=30;41:tw=30;42:ow=34;42:st=37;44:ex=01;32:*.tar=01;31:*.tgz=01;31:*.arc=01;31:*.arj=01;31:*.taz=01;31:*.lha=01;31:*.lz4=01;31:*.lzh=01;31:*.lzma=01;31:*.tlz=01;31:*.txz=01;31:*.tzo=01;31:*.t7z=01;31:*.zip=01;31:*.z=01;31:*.dz=01;31:*.gz=01;31:*.lrz=01;31:*.lz=01;31:*.lzo=01;31:*.xz=01;31:*.zst=01;31:*.tzst=01;31:*.bz2=01;31:*.bz=01;31:*.tbz=01;31:*.tbz2=01;31:*.tz=01;31:*.deb=01;31:*.rpm=01;31:*.jar=01;31:*.war=01;31:*.ear=01;31:*.sar=01;31:*.rar=01;31:*.alz=01;31:*.ace=01;31:*.zoo=01;31:*.cpio=01;31:*.7z=01;31:*.rz=01;31:*.cab=01;31:*.wim=01;31:*.swm=01;31:*.dwm=01;31:*.esd=01;31:*.jpg=01;35:*.jpeg=01;35:*.mjpg=01;35:*.mjpeg=01;35:*.gif=01;35:*.bmp=01;35:*.pbm=01;35:*.pgm=01;35:*.ppm=01;35:*.tga=01;35:*.xbm=01;35:*.xpm=01;35:*.tif=01;35:*.tiff=01;35:*.png=01;35:*.svg=01;35:*.svgz=01;35:*.mng=01;35:*.pcx=01;35:*.mov=01;35:*.mpg=01;35:*.mpeg=01;35:*.m2v=01;35:*.mkv=01;35:*.webm=01;35:*.webp=01;35:*.ogm=01;35:*.mp4=01;35:*.m4v=01;35:*.mp4v=01;35:*.vob=01;35:*.qt=01;35:*.nuv=01;35:*.wmv=01;35:*.asf=01;35:*.rm=01;35:*.rmvb=01;35:*.flc=01;35:*.avi=01;35:*.fli=01;35:*.flv=01;35:*.gl=01;35:*.dl=01;35:*.xcf=01;35:*.xwd=01;35:*.yuv=01;35:*.cgm=01;35:*.emf=01;35:*.ogv=01;35:*.ogx=01;35:*.aac=00;36:*.au=00;36:*.flac=00;36:*.m4a=00;36:*.mid=00;36:*.midi=00;36:*.mka=00;36:*.mp3=00;36:*.mpc=00;36:*.ogg=00;36:*.ra=00;36:*.wav=00;36:*.oga=00;36:*.opus=00;36:*.spx=00;36:*.xspf=00;36:'), ('AMENT_PREFIX_PATH', '/opt/ros/humble'), ('LESSCLOSE', '/usr/bin/lesspipe %s %s'), ('PWD', '/ws_gz/build/champ_config'), ('PYTHONPATH', '/opt/ros/humble/lib/python3.10/site-packages:/opt/ros/humble/local/lib/python3.10/dist-packages'), ('COLCON', '1'), ('CMAKE_PREFIX_PATH', '/opt/ros/humble')]), 'shell': False}
[0.429468] (champ_description) CommandEnded: {'returncode': 0}
[0.429673] (champ_msgs) StdoutLine: {'line': b'-- Found geometry_msgs: 4.9.1 (/opt/ros/humble/share/geometry_msgs/cmake)\n'}
[0.429889] (champ_description) JobProgress: {'identifier': 'champ_description', 'progress': 'install'}
[0.430092] (champ_description) Command: {'cmd': ['/usr/bin/cmake', '--install', '/ws_gz/build/champ_description'], 'cwd': '/ws_gz/build/champ_description', 'env': OrderedDict([('LESSOPEN', '| /usr/bin/lesspipe %s'), ('HOSTNAME', 'jhr-Z790M-AORUS-ELITE-AX'), ('SHLVL', '1'), ('LD_LIBRARY_PATH', '/opt/ros/humble/opt/rviz_ogre_vendor/lib:/opt/ros/humble/lib/x86_64-linux-gnu:/opt/ros/humble/lib'), ('HOME', '/root'), ('ROS_PYTHON_VERSION', '3'), ('ROS_DISTRO', 'humble'), ('_', '/usr/bin/colcon'), ('ROS_VERSION', '2'), ('TERM', 'xterm'), ('ROS_LOCALHOST_ONLY', '0'), ('QT_X11_NO_MITSHM', '1'), ('PATH', '/opt/ros/humble/bin:/usr/local/sbin:/usr/local/bin:/usr/sbin:/usr/bin:/sbin:/bin'), ('DISPLAY', ':1'), ('LANG', 'en_US.UTF-8'), ('LS_COLORS', 'rs=0:di=01;34:ln=01;36:mh=00:pi=40;33:so=01;35:do=01;35:bd=40;33;01:cd=40;33;01:or=40;31;01:mi=00:su=37;41:sg=30;43:ca=30;41:tw=30;42:ow=34;42:st=37;44:ex=01;32:*.tar=01;31:*.tgz=01;31:*.arc=01;31:*.arj=01;31:*.taz=01;31:*.lha=01;31:*.lz4=01;31:*.lzh=01;31:*.lzma=01;31:*.tlz=01;31:*.txz=01;31:*.tzo=01;31:*.t7z=01;31:*.zip=01;31:*.z=01;31:*.dz=01;31:*.gz=01;31:*.lrz=01;31:*.lz=01;31:*.lzo=01;31:*.xz=01;31:*.zst=01;31:*.tzst=01;31:*.bz2=01;31:*.bz=01;31:*.tbz=01;31:*.tbz2=01;31:*.tz=01;31:*.deb=01;31:*.rpm=01;31:*.jar=01;31:*.war=01;31:*.ear=01;31:*.sar=01;31:*.rar=01;31:*.alz=01;31:*.ace=01;31:*.zoo=01;31:*.cpio=01;31:*.7z=01;31:*.rz=01;31:*.cab=01;31:*.wim=01;31:*.swm=01;31:*.dwm=01;31:*.esd=01;31:*.jpg=01;35:*.jpeg=01;35:*.mjpg=01;35:*.mjpeg=01;35:*.gif=01;35:*.bmp=01;35:*.pbm=01;35:*.pgm=01;35:*.ppm=01;35:*.tga=01;35:*.xbm=01;35:*.xpm=01;35:*.tif=01;35:*.tiff=01;35:*.png=01;35:*.svg=01;35:*.svgz=01;35:*.mng=01;35:*.pcx=01;35:*.mov=01;35:*.mpg=01;35:*.mpeg=01;35:*.m2v=01;35:*.mkv=01;35:*.webm=01;35:*.webp=01;35:*.ogm=01;35:*.mp4=01;35:*.m4v=01;35:*.mp4v=01;35:*.vob=01;35:*.qt=01;35:*.nuv=01;35:*.wmv=01;35:*.asf=01;35:*.rm=01;35:*.rmvb=01;35:*.flc=01;35:*.avi=01;35:*.fli=01;35:*.flv=01;35:*.gl=01;35:*.dl=01;35:*.xcf=01;35:*.xwd=01;35:*.yuv=01;35:*.cgm=01;35:*.emf=01;35:*.ogv=01;35:*.ogx=01;35:*.aac=00;36:*.au=00;36:*.flac=00;36:*.m4a=00;36:*.mid=00;36:*.midi=00;36:*.mka=00;36:*.mp3=00;36:*.mpc=00;36:*.ogg=00;36:*.ra=00;36:*.wav=00;36:*.oga=00;36:*.opus=00;36:*.spx=00;36:*.xspf=00;36:'), ('AMENT_PREFIX_PATH', '/opt/ros/humble'), ('LESSCLOSE', '/usr/bin/lesspipe %s %s'), ('PWD', '/ws_gz/build/champ_description'), ('PYTHONPATH', '/opt/ros/humble/lib/python3.10/site-packages:/opt/ros/humble/local/lib/python3.10/dist-packages'), ('COLCON', '1'), ('CMAKE_PREFIX_PATH', '/opt/ros/humble')]), 'shell': False}
[0.431111] (champ_navigation) StdoutLine: {'line': b'-- Install configuration: "Release"\n'}
[0.431469] (champ_navigation) StdoutLine: {'line': b'-- Execute custom install script\n'}
[0.431901] (champ_navigation) StdoutLine: {'line': b'-- Symlinking: /ws_gz/install/champ_navigation/share/champ_navigation/launch/navigate.launch.py\n'}
[0.432137] (champ_config) StdoutLine: {'line': b'-- Install configuration: "Release"\n'}
[0.432496] (champ_config) StdoutLine: {'line': b'-- Execute custom install script\n'}
[0.432928] (champ_config) StdoutLine: {'line': b'-- Symlinking: /ws_gz/install/champ_config/share/champ_config/launch/bringup.launch.py\n'}
[0.433710] (go2_description) CommandEnded: {'returncode': 0}
[0.434027] (go2_description) JobProgress: {'identifier': 'go2_description', 'progress': 'install'}
[0.434238] (go2_description) Command: {'cmd': ['/usr/bin/cmake', '--install', '/ws_gz/build/go2_description'], 'cwd': '/ws_gz/build/go2_description', 'env': OrderedDict([('LESSOPEN', '| /usr/bin/lesspipe %s'), ('HOSTNAME', 'jhr-Z790M-AORUS-ELITE-AX'), ('SHLVL', '1'), ('LD_LIBRARY_PATH', '/opt/ros/humble/opt/rviz_ogre_vendor/lib:/opt/ros/humble/lib/x86_64-linux-gnu:/opt/ros/humble/lib'), ('HOME', '/root'), ('ROS_PYTHON_VERSION', '3'), ('ROS_DISTRO', 'humble'), ('_', '/usr/bin/colcon'), ('ROS_VERSION', '2'), ('TERM', 'xterm'), ('ROS_LOCALHOST_ONLY', '0'), ('QT_X11_NO_MITSHM', '1'), ('PATH', '/opt/ros/humble/bin:/usr/local/sbin:/usr/local/bin:/usr/sbin:/usr/bin:/sbin:/bin'), ('DISPLAY', ':1'), ('LANG', 'en_US.UTF-8'), ('LS_COLORS', 'rs=0:di=01;34:ln=01;36:mh=00:pi=40;33:so=01;35:do=01;35:bd=40;33;01:cd=40;33;01:or=40;31;01:mi=00:su=37;41:sg=30;43:ca=30;41:tw=30;42:ow=34;42:st=37;44:ex=01;32:*.tar=01;31:*.tgz=01;31:*.arc=01;31:*.arj=01;31:*.taz=01;31:*.lha=01;31:*.lz4=01;31:*.lzh=01;31:*.lzma=01;31:*.tlz=01;31:*.txz=01;31:*.tzo=01;31:*.t7z=01;31:*.zip=01;31:*.z=01;31:*.dz=01;31:*.gz=01;31:*.lrz=01;31:*.lz=01;31:*.lzo=01;31:*.xz=01;31:*.zst=01;31:*.tzst=01;31:*.bz2=01;31:*.bz=01;31:*.tbz=01;31:*.tbz2=01;31:*.tz=01;31:*.deb=01;31:*.rpm=01;31:*.jar=01;31:*.war=01;31:*.ear=01;31:*.sar=01;31:*.rar=01;31:*.alz=01;31:*.ace=01;31:*.zoo=01;31:*.cpio=01;31:*.7z=01;31:*.rz=01;31:*.cab=01;31:*.wim=01;31:*.swm=01;31:*.dwm=01;31:*.esd=01;31:*.jpg=01;35:*.jpeg=01;35:*.mjpg=01;35:*.mjpeg=01;35:*.gif=01;35:*.bmp=01;35:*.pbm=01;35:*.pgm=01;35:*.ppm=01;35:*.tga=01;35:*.xbm=01;35:*.xpm=01;35:*.tif=01;35:*.tiff=01;35:*.png=01;35:*.svg=01;35:*.svgz=01;35:*.mng=01;35:*.pcx=01;35:*.mov=01;35:*.mpg=01;35:*.mpeg=01;35:*.m2v=01;35:*.mkv=01;35:*.webm=01;35:*.webp=01;35:*.ogm=01;35:*.mp4=01;35:*.m4v=01;35:*.mp4v=01;35:*.vob=01;35:*.qt=01;35:*.nuv=01;35:*.wmv=01;35:*.asf=01;35:*.rm=01;35:*.rmvb=01;35:*.flc=01;35:*.avi=01;35:*.fli=01;35:*.flv=01;35:*.gl=01;35:*.dl=01;35:*.xcf=01;35:*.xwd=01;35:*.yuv=01;35:*.cgm=01;35:*.emf=01;35:*.ogv=01;35:*.ogx=01;35:*.aac=00;36:*.au=00;36:*.flac=00;36:*.m4a=00;36:*.mid=00;36:*.midi=00;36:*.mka=00;36:*.mp3=00;36:*.mpc=00;36:*.ogg=00;36:*.ra=00;36:*.wav=00;36:*.oga=00;36:*.opus=00;36:*.spx=00;36:*.xspf=00;36:'), ('AMENT_PREFIX_PATH', '/opt/ros/humble'), ('LESSCLOSE', '/usr/bin/lesspipe %s %s'), ('PWD', '/ws_gz/build/go2_description'), ('PYTHONPATH', '/opt/ros/humble/lib/python3.10/site-packages:/opt/ros/humble/local/lib/python3.10/dist-packages'), ('COLCON', '1'), ('CMAKE_PREFIX_PATH', '/opt/ros/humble')]), 'shell': False}
[0.434748] (champ_description) StdoutLine: {'line': b'-- Install configuration: "Release"\n'}
[0.434869] (champ_description) StdoutLine: {'line': b'-- Execute custom install script\n'}
[0.434973] (champ_description) StdoutLine: {'line': b'-- Symlinking: /ws_gz/install/champ_description/share/champ_description/launch/description.launch\n'}
[0.437277] (champ_navigation) StdoutLine: {'line': b'-- Symlinking: /ws_gz/install/champ_navigation/share/champ_navigation/launch/slam.launch.py\n'}
[0.438395] (champ_config) StdoutLine: {'line': b'-- Symlinking: /ws_gz/install/champ_config/share/champ_config/launch/gazebo.launch.py\n'}
[0.438829] (go2_description) StdoutLine: {'line': b'-- Install configuration: "Release"\n'}
[0.439247] (go2_description) StdoutLine: {'line': b'-- Execute custom install script\n'}
[0.439681] (go2_description) StdoutLine: {'line': b'-- Symlinking: /ws_gz/install/go2_description/share/go2_description/config/_joint_names_go2_description.yaml\n'}
[0.440345] (champ_description) StdoutLine: {'line': b'-- Symlinking: /ws_gz/install/champ_description/share/champ_description/launch/description.launch.py\n'}
[0.441204] (champ_navigation) StdoutLine: {'line': b'-- Symlinking: /ws_gz/install/champ_navigation/share/champ_navigation/rviz/navigation.rviz\n'}
[0.442343] (champ_config) StdoutLine: {'line': b'-- Symlinking: /ws_gz/install/champ_config/share/champ_config/launch/navigate.launch.py\n'}
[0.445361] (go2_description) StdoutLine: {'line': b'-- Symlinking: /ws_gz/install/go2_description/share/go2_description/config/_robot_control.yaml\n'}
[0.445695] (champ_description) StdoutLine: {'line': b'-- Symlinking: /ws_gz/install/champ_description/share/champ_description/launch/view_urdf.launch\n'}
[0.446598] (champ_navigation) StdoutLine: {'line': b'-- Symlinking: /ws_gz/install/champ_navigation/share/champ_navigation/rviz/navigation_minimal.rviz\n'}
[0.447843] (champ_config) StdoutLine: {'line': b'-- Symlinking: /ws_gz/install/champ_config/share/champ_config/launch/slam.launch.py\n'}
[0.449364] (go2_config) StdoutLine: {'line': b'-- Configuring done\n'}
[0.450973] (go2_description) StdoutLine: {'line': b'-- Symlinking: /ws_gz/install/go2_description/share/go2_description/config/ros_control/ros_control.yaml\n'}
[0.451475] (champ_description) StdoutLine: {'line': b'-- Symlinking: /ws_gz/install/champ_description/share/champ_description/rviz/urdf_viewer.rviz\n'}
[0.452016] (champ_navigation) StdoutLine: {'line': b'-- Symlinking: /ws_gz/install/champ_navigation/share/champ_navigation/rviz/slam.rviz\n'}
[0.452360] (go2_config) StdoutLine: {'line': b'-- Generating done\n'}
[0.453749] (champ_config) StdoutLine: {'line': b'-- Symlinking: /ws_gz/install/champ_config/share/champ_config/config/autonomy/navigation.yaml\n'}
[0.453794] (go2_config) StdoutLine: {'line': b'-- Build files have been written to: /ws_gz/build/go2_config\n'}
[0.455580] (champ_description) StdoutLine: {'line': b'-- Symlinking: /ws_gz/install/champ_description/share/champ_description/meshes/arm/base.stl\n'}
[0.456413] (go2_description) StdoutLine: {'line': b'-- Symlinking: /ws_gz/install/go2_description/share/go2_description/dae/base.dae\n'}
[0.457830] (go2_config) CommandEnded: {'returncode': 0}
[0.457983] (go2_config) JobProgress: {'identifier': 'go2_config', 'progress': 'build'}
[0.458031] (go2_config) Command: {'cmd': ['/usr/bin/cmake', '--build', '/ws_gz/build/go2_config', '--', '-j32', '-l32'], 'cwd': '/ws_gz/build/go2_config', 'env': OrderedDict([('LESSOPEN', '| /usr/bin/lesspipe %s'), ('HOSTNAME', 'jhr-Z790M-AORUS-ELITE-AX'), ('SHLVL', '1'), ('LD_LIBRARY_PATH', '/opt/ros/humble/opt/rviz_ogre_vendor/lib:/opt/ros/humble/lib/x86_64-linux-gnu:/opt/ros/humble/lib'), ('HOME', '/root'), ('ROS_PYTHON_VERSION', '3'), ('ROS_DISTRO', 'humble'), ('_', '/usr/bin/colcon'), ('ROS_VERSION', '2'), ('TERM', 'xterm'), ('ROS_LOCALHOST_ONLY', '0'), ('QT_X11_NO_MITSHM', '1'), ('PATH', '/opt/ros/humble/bin:/usr/local/sbin:/usr/local/bin:/usr/sbin:/usr/bin:/sbin:/bin'), ('DISPLAY', ':1'), ('LANG', 'en_US.UTF-8'), ('LS_COLORS', 'rs=0:di=01;34:ln=01;36:mh=00:pi=40;33:so=01;35:do=01;35:bd=40;33;01:cd=40;33;01:or=40;31;01:mi=00:su=37;41:sg=30;43:ca=30;41:tw=30;42:ow=34;42:st=37;44:ex=01;32:*.tar=01;31:*.tgz=01;31:*.arc=01;31:*.arj=01;31:*.taz=01;31:*.lha=01;31:*.lz4=01;31:*.lzh=01;31:*.lzma=01;31:*.tlz=01;31:*.txz=01;31:*.tzo=01;31:*.t7z=01;31:*.zip=01;31:*.z=01;31:*.dz=01;31:*.gz=01;31:*.lrz=01;31:*.lz=01;31:*.lzo=01;31:*.xz=01;31:*.zst=01;31:*.tzst=01;31:*.bz2=01;31:*.bz=01;31:*.tbz=01;31:*.tbz2=01;31:*.tz=01;31:*.deb=01;31:*.rpm=01;31:*.jar=01;31:*.war=01;31:*.ear=01;31:*.sar=01;31:*.rar=01;31:*.alz=01;31:*.ace=01;31:*.zoo=01;31:*.cpio=01;31:*.7z=01;31:*.rz=01;31:*.cab=01;31:*.wim=01;31:*.swm=01;31:*.dwm=01;31:*.esd=01;31:*.jpg=01;35:*.jpeg=01;35:*.mjpg=01;35:*.mjpeg=01;35:*.gif=01;35:*.bmp=01;35:*.pbm=01;35:*.pgm=01;35:*.ppm=01;35:*.tga=01;35:*.xbm=01;35:*.xpm=01;35:*.tif=01;35:*.tiff=01;35:*.png=01;35:*.svg=01;35:*.svgz=01;35:*.mng=01;35:*.pcx=01;35:*.mov=01;35:*.mpg=01;35:*.mpeg=01;35:*.m2v=01;35:*.mkv=01;35:*.webm=01;35:*.webp=01;35:*.ogm=01;35:*.mp4=01;35:*.m4v=01;35:*.mp4v=01;35:*.vob=01;35:*.qt=01;35:*.nuv=01;35:*.wmv=01;35:*.asf=01;35:*.rm=01;35:*.rmvb=01;35:*.flc=01;35:*.avi=01;35:*.fli=01;35:*.flv=01;35:*.gl=01;35:*.dl=01;35:*.xcf=01;35:*.xwd=01;35:*.yuv=01;35:*.cgm=01;35:*.emf=01;35:*.ogv=01;35:*.ogx=01;35:*.aac=00;36:*.au=00;36:*.flac=00;36:*.m4a=00;36:*.mid=00;36:*.midi=00;36:*.mka=00;36:*.mp3=00;36:*.mpc=00;36:*.ogg=00;36:*.ra=00;36:*.wav=00;36:*.oga=00;36:*.opus=00;36:*.spx=00;36:*.xspf=00;36:'), ('AMENT_PREFIX_PATH', '/opt/ros/humble'), ('LESSCLOSE', '/usr/bin/lesspipe %s %s'), ('PWD', '/ws_gz/build/go2_config'), ('PYTHONPATH', '/opt/ros/humble/lib/python3.10/site-packages:/opt/ros/humble/local/lib/python3.10/dist-packages'), ('COLCON', '1'), ('CMAKE_PREFIX_PATH', '/opt/ros/humble')]), 'shell': False}
[0.458111] (champ_navigation) StdoutLine: {'line': b'-- Symlinking: /ws_gz/install/champ_navigation/share/ament_index/resource_index/package_run_dependencies/champ_navigation\n'}
[0.459259] (champ_config) StdoutLine: {'line': b'-- Symlinking: /ws_gz/install/champ_config/share/champ_config/config/autonomy/slam.yaml\n'}
[0.461203] (champ_description) StdoutLine: {'line': b'-- Symlinking: /ws_gz/install/champ_description/share/champ_description/meshes/arm/lower_arm.stl\n'}
[0.461982] (go2_description) StdoutLine: {'line': b'-- Symlinking: /ws_gz/install/go2_description/share/go2_description/dae/calf.dae\n'}
[0.462956] (champ_navigation) StdoutLine: {'line': b'-- Symlinking: /ws_gz/install/champ_navigation/share/ament_index/resource_index/parent_prefix_path/champ_navigation\n'}
[0.464604] (champ_config) StdoutLine: {'line': b'-- Symlinking: /ws_gz/install/champ_config/share/champ_config/config/gait/gait.yaml\n'}
[0.465247] (go2_description) StdoutLine: {'line': b'-- Symlinking: /ws_gz/install/go2_description/share/go2_description/dae/calf_mirror.dae\n'}
[0.466583] (champ_description) StdoutLine: {'line': b'-- Symlinking: /ws_gz/install/champ_description/share/champ_description/meshes/arm/upper_arm.stl\n'}
[0.468469] (champ_navigation) StdoutLine: {'line': b'-- Symlinking: /ws_gz/install/champ_navigation/share/champ_navigation/environment/ament_prefix_path.sh\n'}
[0.468660] (champ_config) StdoutLine: {'line': b'-- Symlinking: /ws_gz/install/champ_config/share/champ_config/config/joints/joints.yaml\n'}
[0.470343] (go2_description) StdoutLine: {'line': b'-- Symlinking: /ws_gz/install/go2_description/share/go2_description/dae/foot.dae\n'}
[0.471939] (champ_description) StdoutLine: {'line': b'-- Symlinking: /ws_gz/install/champ_description/share/champ_description/meshes/arm/wrist1.stl\n'}
[0.472391] (champ) StdoutLine: {'line': b'-- Found OpenSSL: /usr/lib/x86_64-linux-gnu/libcrypto.so (found version "3.0.2")  \n'}
[0.473817] (champ_navigation) StdoutLine: {'line': b'-- Symlinking: /ws_gz/install/champ_navigation/share/champ_navigation/environment/ament_prefix_path.dsv\n'}
[0.473968] (champ_config) StdoutLine: {'line': b'-- Symlinking: /ws_gz/install/champ_config/share/champ_config/config/links/links.yaml\n'}
[0.475278] (go2_description) StdoutLine: {'line': b'-- Symlinking: /ws_gz/install/go2_description/share/go2_description/dae/hip.dae\n'}
[0.477396] (champ_description) StdoutLine: {'line': b'-- Symlinking: /ws_gz/install/champ_description/share/champ_description/meshes/arm/wrist2.stl\n'}
[0.479097] (champ_navigation) StdoutLine: {'line': b'-- Symlinking: /ws_gz/install/champ_navigation/share/champ_navigation/environment/path.sh\n'}
[0.479318] (champ_config) StdoutLine: {'line': b'-- Symlinking: /ws_gz/install/champ_config/share/champ_config/maps/map.pgm\n'}
[0.480470] (go2_description) StdoutLine: {'line': b'-- Symlinking: /ws_gz/install/go2_description/share/go2_description/dae/thigh.dae\n'}
[0.482499] (champ_description) StdoutLine: {'line': b'-- Symlinking: /ws_gz/install/champ_description/share/champ_description/meshes/asus_camera_simple.dae\n'}
[0.484251] (champ_config) StdoutLine: {'line': b'-- Symlinking: /ws_gz/install/champ_config/share/champ_config/maps/map.yaml\n'}
[0.484345] (champ_navigation) StdoutLine: {'line': b'-- Symlinking: /ws_gz/install/champ_navigation/share/champ_navigation/environment/path.dsv\n'}
[0.486054] (go2_description) StdoutLine: {'line': b'-- Symlinking: /ws_gz/install/go2_description/share/go2_description/dae/thigh_mirror.dae\n'}
[0.488067] (champ_description) StdoutLine: {'line': b'-- Symlinking: /ws_gz/install/champ_description/share/champ_description/meshes/base.stl\n'}
[0.489714] (champ_config) StdoutLine: {'line': b'-- Symlinking: /ws_gz/install/champ_config/share/champ_config/maps/playground.pgm\n'}
[0.490034] (champ_navigation) StdoutLine: {'line': b'-- Symlinking: /ws_gz/install/champ_navigation/share/champ_navigation/local_setup.bash\n'}
[0.490774] (go2_config) StdoutLine: {'line': b'Built target ament_cmake_python_symlink_go2_config\n'}
[0.491517] (go2_description) StdoutLine: {'line': b'-- Symlinking: /ws_gz/install/go2_description/share/go2_description/launch/description.launch.py\n'}
[0.491708] (champ) StdoutLine: {'line': b'-- Found FastRTPS: /opt/ros/humble/include  \n'}
[0.493257] (champ_description) StdoutLine: {'line': b'-- Symlinking: /ws_gz/install/champ_description/share/champ_description/meshes/base_simple.stl\n'}
[0.494951] (champ_config) StdoutLine: {'line': b'-- Symlinking: /ws_gz/install/champ_config/share/champ_config/maps/playground.yaml\n'}
[0.495602] (champ_navigation) StdoutLine: {'line': b'-- Symlinking: /ws_gz/install/champ_navigation/share/champ_navigation/local_setup.sh\n'}
[0.496936] (go2_description) StdoutLine: {'line': b'-- Symlinking: /ws_gz/install/go2_description/share/go2_description/meshes/calf.dae\n'}
[0.498639] (champ_description) StdoutLine: {'line': b'-- Symlinking: /ws_gz/install/champ_description/share/champ_description/meshes/hip.stl\n'}
[0.499304] (champ_navigation) StdoutLine: {'line': b'-- Symlinking: /ws_gz/install/champ_navigation/share/champ_navigation/local_setup.zsh\n'}
[0.500277] (champ_config) StdoutLine: {'line': b'-- Symlinking: /ws_gz/install/champ_config/share/champ_config/worlds/default.world\n'}
[0.500332] (-) TimerEvent: {}
[0.501971] (go2_description) StdoutLine: {'line': b'-- Symlinking: /ws_gz/install/go2_description/share/go2_description/meshes/calf_mirror.dae\n'}
[0.503704] (champ_navigation) StdoutLine: {'line': b'-- Symlinking: /ws_gz/install/champ_navigation/share/champ_navigation/local_setup.dsv\n'}
[0.503765] (champ_description) StdoutLine: {'line': b'-- Symlinking: /ws_gz/install/champ_description/share/champ_description/meshes/hokuyo_utm_30lx.dae\n'}
[0.505431] (champ_config) StdoutLine: {'line': b'-- Symlinking: /ws_gz/install/champ_config/share/champ_config/worlds/outdoor.world\n'}
[0.506906] (go2_description) StdoutLine: {'line': b'-- Symlinking: /ws_gz/install/go2_description/share/go2_description/meshes/foot.dae\n'}
[0.509133] (champ_description) StdoutLine: {'line': b'-- Symlinking: /ws_gz/install/champ_description/share/champ_description/meshes/lower_leg.stl\n'}
[0.509216] (champ_navigation) StdoutLine: {'line': b'-- Symlinking: /ws_gz/install/champ_navigation/share/champ_navigation/package.dsv\n'}
[0.510466] (champ_config) StdoutLine: {'line': b'-- Symlinking: /ws_gz/install/champ_config/share/champ_config/worlds/playground.world\n'}
[0.512048] (go2_description) StdoutLine: {'line': b'-- Symlinking: /ws_gz/install/go2_description/share/go2_description/meshes/hip.dae\n'}
[0.514236] (champ_description) StdoutLine: {'line': b'-- Symlinking: /ws_gz/install/champ_description/share/champ_description/meshes/lower_leg_simple.stl\n'}
[0.514563] (champ_navigation) StdoutLine: {'line': b'-- Symlinking: /ws_gz/install/champ_navigation/share/ament_index/resource_index/packages/champ_navigation\n'}
[0.515549] (champ_config) StdoutLine: {'line': b'-- Symlinking: /ws_gz/install/champ_config/share/ament_index/resource_index/package_run_dependencies/champ_config\n'}
[0.516950] (go2_description) StdoutLine: {'line': b'-- Symlinking: /ws_gz/install/go2_description/share/go2_description/meshes/hokuyo.dae\n'}
[0.518771] (champ_navigation) StdoutLine: {'line': b'-- Symlinking: /ws_gz/install/champ_navigation/share/champ_navigation/cmake/champ_navigationConfig.cmake\n'}
[0.519599] (champ_description) StdoutLine: {'line': b'-- Symlinking: /ws_gz/install/champ_description/share/champ_description/meshes/upper_leg.stl\n'}
[0.520264] (go2_description) StdoutLine: {'line': b'-- Symlinking: /ws_gz/install/go2_description/share/go2_description/meshes/thigh.dae\n'}
[0.520962] (champ_config) StdoutLine: {'line': b'-- Symlinking: /ws_gz/install/champ_config/share/ament_index/resource_index/parent_prefix_path/champ_config\n'}
[0.524371] (champ_navigation) StdoutLine: {'line': b'-- Symlinking: /ws_gz/install/champ_navigation/share/champ_navigation/cmake/champ_navigationConfig-version.cmake\n'}
[0.524976] (champ_description) StdoutLine: {'line': b'-- Symlinking: /ws_gz/install/champ_description/share/champ_description/meshes/upper_leg_simple.stl\n'}
[0.525410] (go2_description) StdoutLine: {'line': b'-- Symlinking: /ws_gz/install/go2_description/share/go2_description/meshes/thigh_mirror.dae\n'}
[0.526442] (champ_config) StdoutLine: {'line': b'-- Symlinking: /ws_gz/install/champ_config/share/champ_config/environment/ament_prefix_path.sh\n'}
[0.530054] (champ_navigation) StdoutLine: {'line': b'-- Symlinking: /ws_gz/install/champ_navigation/share/champ_navigation/package.xml\n'}
[0.530203] (champ) StdoutLine: {'line': b"-- Using RMW implementation 'rmw_fastrtps_cpp' as default\n"}
[0.530345] (go2_description) StdoutLine: {'line': b'-- Symlinking: /ws_gz/install/go2_description/share/go2_description/meshes/trunk.dae\n'}
[0.530640] (champ_description) StdoutLine: {'line': b'-- Symlinking: /ws_gz/install/champ_description/share/champ_description/urdf/accessories.urdf.xacro\n'}
[0.530709] (champ_config) StdoutLine: {'line': b'-- Symlinking: /ws_gz/install/champ_config/share/champ_config/environment/ament_prefix_path.dsv\n'}
[0.535825] (champ_config) StdoutLine: {'line': b'-- Symlinking: /ws_gz/install/champ_config/share/champ_config/environment/path.sh\n'}
[0.536030] (champ_navigation) CommandEnded: {'returncode': 0}
[0.536183] (go2_description) StdoutLine: {'line': b'-- Symlinking: /ws_gz/install/go2_description/share/go2_description/urdf/.history/go2_description_20230904144240.urdf\n'}
[0.536216] (champ_description) StdoutLine: {'line': b'-- Symlinking: /ws_gz/install/champ_description/share/champ_description/urdf/asus_camera.urdf.xacro\n'}
[0.537737] (champ) StdoutLine: {'line': b'-- Looking for pthread.h\n'}
[0.541339] (champ_config) StdoutLine: {'line': b'-- Symlinking: /ws_gz/install/champ_config/share/champ_config/environment/path.dsv\n'}
[0.541404] (go2_description) StdoutLine: {'line': b'-- Symlinking: /ws_gz/install/go2_description/share/go2_description/urdf/.history/go2_description_20230904182446.urdf\n'}
[0.541458] (champ_description) StdoutLine: {'line': b'-- Symlinking: /ws_gz/install/champ_description/share/champ_description/urdf/champ.urdf\n'}
[0.546932] (champ_description) StdoutLine: {'line': b'-- Symlinking: /ws_gz/install/champ_description/share/champ_description/urdf/champ.urdf.xacro\n'}
[0.546991] (champ_config) StdoutLine: {'line': b'-- Symlinking: /ws_gz/install/champ_config/share/champ_config/local_setup.bash\n'}
[0.547577] (go2_description) StdoutLine: {'line': b'-- Symlinking: /ws_gz/install/go2_description/share/go2_description/urdf/.history/go2_description_20230904193628.urdf\n'}
[0.549112] (champ_navigation) JobEnded: {'identifier': 'champ_navigation', 'rc': 0}
[0.551158] (go2_description) StdoutLine: {'line': b'-- Symlinking: /ws_gz/install/go2_description/share/go2_description/urdf/.history/go2_description_20230904193644.urdf\n'}
[0.551584] (champ_description) StdoutLine: {'line': b'-- Symlinking: /ws_gz/install/champ_description/share/champ_description/urdf/champ_arm.urdf\n'}
[0.552177] (champ_config) StdoutLine: {'line': b'-- Symlinking: /ws_gz/install/champ_config/share/champ_config/local_setup.sh\n'}
[0.556475] (go2_description) StdoutLine: {'line': b'-- Symlinking: /ws_gz/install/go2_description/share/go2_description/urdf/.history/go2_description_20230904193653.urdf\n'}
[0.556686] (champ_description) StdoutLine: {'line': b'-- Symlinking: /ws_gz/install/champ_description/share/champ_description/urdf/champ_velodyne.urdf\n'}
[0.557237] (champ_config) StdoutLine: {'line': b'-- Symlinking: /ws_gz/install/champ_config/share/champ_config/local_setup.zsh\n'}
[0.560873] (champ_description) StdoutLine: {'line': b'-- Symlinking: /ws_gz/install/champ_description/share/champ_description/urdf/gen_urdf\n'}
[0.561398] (go2_description) StdoutLine: {'line': b'-- Symlinking: /ws_gz/install/go2_description/share/go2_description/urdf/.history/go2_description_20230904193705.urdf\n'}
[0.562435] (champ_config) StdoutLine: {'line': b'-- Symlinking: /ws_gz/install/champ_config/share/champ_config/local_setup.dsv\n'}
[0.566134] (champ_description) StdoutLine: {'line': b'-- Symlinking: /ws_gz/install/champ_description/share/champ_description/urdf/hokuyo_utm30lx.urdf.xacro\n'}
[0.566618] (go2_description) StdoutLine: {'line': b'-- Symlinking: /ws_gz/install/go2_description/share/go2_description/urdf/.history/go2_description_20230904193710.urdf\n'}
[0.567725] (champ_config) StdoutLine: {'line': b'-- Symlinking: /ws_gz/install/champ_config/share/champ_config/package.dsv\n'}
[0.569916] (champ_description) StdoutLine: {'line': b'-- Symlinking: /ws_gz/install/champ_description/share/champ_description/urdf/leg.urdf.xacro\n'}
[0.571608] (go2_description) StdoutLine: {'line': b'-- Symlinking: /ws_gz/install/go2_description/share/go2_description/urdf/.history/go2_description_20230904193711.urdf\n'}
[0.573148] (champ_config) StdoutLine: {'line': b'-- Symlinking: /ws_gz/install/champ_config/share/ament_index/resource_index/packages/champ_config\n'}
[0.575144] (champ_description) StdoutLine: {'line': b'-- Symlinking: /ws_gz/install/champ_description/share/champ_description/urdf/properties.urdf.xacro\n'}
[0.576464] (go2_description) StdoutLine: {'line': b'-- Symlinking: /ws_gz/install/go2_description/share/go2_description/urdf/.history/go2_description_20230905112047.urdf\n'}
[0.578575] (champ_config) StdoutLine: {'line': b'-- Symlinking: /ws_gz/install/champ_config/share/champ_config/cmake/champ_configConfig.cmake\n'}
[0.580474] (champ_description) StdoutLine: {'line': b'-- Symlinking: /ws_gz/install/champ_description/share/ament_index/resource_index/package_run_dependencies/champ_description\n'}
[0.581281] (go2_description) StdoutLine: {'line': b'-- Symlinking: /ws_gz/install/go2_description/share/go2_description/urdf/.history/go2_description_20230905112143.urdf\n'}
[0.583735] (champ_config) StdoutLine: {'line': b'-- Symlinking: /ws_gz/install/champ_config/share/champ_config/cmake/champ_configConfig-version.cmake\n'}
[0.585010] (champ_description) StdoutLine: {'line': b'-- Symlinking: /ws_gz/install/champ_description/share/ament_index/resource_index/parent_prefix_path/champ_description\n'}
[0.586283] (go2_description) StdoutLine: {'line': b'-- Symlinking: /ws_gz/install/go2_description/share/go2_description/urdf/.history/go2_description_20230905112217.urdf\n'}
[0.586604] (champ) StdoutLine: {'line': b'-- Looking for pthread.h - found\n'}
[0.586967] (champ) StdoutLine: {'line': b'-- Performing Test CMAKE_HAVE_LIBC_PTHREAD\n'}
[0.588829] (champ_config) StdoutLine: {'line': b'-- Symlinking: /ws_gz/install/champ_config/share/champ_config/package.xml\n'}
[0.590261] (champ_description) StdoutLine: {'line': b'-- Symlinking: /ws_gz/install/champ_description/share/champ_description/environment/ament_prefix_path.sh\n'}
[0.591258] (go2_description) StdoutLine: {'line': b'-- Symlinking: /ws_gz/install/go2_description/share/go2_description/urdf/.history/go2_description_20230905112735.urdf\n'}
[0.594190] (champ_config) CommandEnded: {'returncode': 0}
[0.594889] (go2_description) StdoutLine: {'line': b'-- Symlinking: /ws_gz/install/go2_description/share/go2_description/urdf/.history/go2_description_20230905112749.urdf\n'}
[0.595742] (champ_description) StdoutLine: {'line': b'-- Symlinking: /ws_gz/install/champ_description/share/champ_description/environment/ament_prefix_path.dsv\n'}
[0.600091] (go2_description) StdoutLine: {'line': b'-- Symlinking: /ws_gz/install/go2_description/share/go2_description/urdf/.history/go2_description_20230905112752.urdf\n'}
[0.600403] (-) TimerEvent: {}
[0.601123] (champ_description) StdoutLine: {'line': b'-- Symlinking: /ws_gz/install/champ_description/share/champ_description/environment/path.sh\n'}
[0.603355] (champ_config) JobEnded: {'identifier': 'champ_config', 'rc': 0}
[0.604977] (go2_description) StdoutLine: {'line': b'-- Symlinking: /ws_gz/install/go2_description/share/go2_description/urdf/.history/go2_description_20230905112944.urdf\n'}
[0.606203] (champ_description) StdoutLine: {'line': b'-- Symlinking: /ws_gz/install/champ_description/share/champ_description/environment/path.dsv\n'}
[0.610249] (go2_description) StdoutLine: {'line': b'-- Symlinking: /ws_gz/install/go2_description/share/go2_description/urdf/.history/go2_description_20230905113000.urdf\n'}
[0.611270] (champ_description) StdoutLine: {'line': b'-- Symlinking: /ws_gz/install/champ_description/share/champ_description/local_setup.bash\n'}
[0.615412] (go2_description) StdoutLine: {'line': b'-- Symlinking: /ws_gz/install/go2_description/share/go2_description/urdf/.history/go2_description_20230905113059.urdf\n'}
[0.615545] (champ_description) StdoutLine: {'line': b'-- Symlinking: /ws_gz/install/champ_description/share/champ_description/local_setup.sh\n'}
[0.619114] (champ_description) StdoutLine: {'line': b'-- Symlinking: /ws_gz/install/champ_description/share/champ_description/local_setup.zsh\n'}
[0.620437] (go2_description) StdoutLine: {'line': b'-- Symlinking: /ws_gz/install/go2_description/share/go2_description/urdf/.history/go2_description_20230905113633.urdf\n'}
[0.623808] (champ_description) StdoutLine: {'line': b'-- Symlinking: /ws_gz/install/champ_description/share/champ_description/local_setup.dsv\n'}
[0.625374] (go2_description) StdoutLine: {'line': b'-- Symlinking: /ws_gz/install/go2_description/share/go2_description/urdf/.history/go2_description_20230905113754.urdf\n'}
[0.627261] (champ_description) StdoutLine: {'line': b'-- Symlinking: /ws_gz/install/champ_description/share/champ_description/package.dsv\n'}
[0.630424] (go2_description) StdoutLine: {'line': b'-- Symlinking: /ws_gz/install/go2_description/share/go2_description/urdf/.history/go2_description_20230905113755.urdf\n'}
[0.631478] (champ) StdoutLine: {'line': b'-- Performing Test CMAKE_HAVE_LIBC_PTHREAD - Success\n'}
[0.631815] (champ_description) StdoutLine: {'line': b'-- Symlinking: /ws_gz/install/champ_description/share/ament_index/resource_index/packages/champ_description\n'}
[0.632318] (champ) StdoutLine: {'line': b'-- Found Threads: TRUE  \n'}
[0.633994] (go2_description) StdoutLine: {'line': b'-- Symlinking: /ws_gz/install/go2_description/share/go2_description/urdf/.history/go2_description_20230905113839.urdf\n'}
[0.637026] (champ_description) StdoutLine: {'line': b'-- Symlinking: /ws_gz/install/champ_description/share/champ_description/cmake/champ_descriptionConfig.cmake\n'}
[0.638813] (go2_description) StdoutLine: {'line': b'-- Symlinking: /ws_gz/install/go2_description/share/go2_description/urdf/.history/go2_description_20230905113840.urdf\n'}
[0.641965] (champ_description) StdoutLine: {'line': b'-- Symlinking: /ws_gz/install/champ_description/share/champ_description/cmake/champ_descriptionConfig-version.cmake\n'}
[0.643721] (go2_description) StdoutLine: {'line': b'-- Symlinking: /ws_gz/install/go2_description/share/go2_description/urdf/.history/go2_description_20230905114759.urdf\n'}
[0.646970] (champ_description) StdoutLine: {'line': b'-- Symlinking: /ws_gz/install/champ_description/share/champ_description/package.xml\n'}
[0.647578] (go2_description) StdoutLine: {'line': b'-- Symlinking: /ws_gz/install/go2_description/share/go2_description/urdf/.history/go2_description_20230905114819.urdf\n'}
[0.651052] (go2_description) StdoutLine: {'line': b'-- Symlinking: /ws_gz/install/go2_description/share/go2_description/urdf/.history/go2_description_20230905115021.urdf\n'}
[0.653651] (champ_description) CommandEnded: {'returncode': 0}
[0.655649] (go2_description) StdoutLine: {'line': b'-- Symlinking: /ws_gz/install/go2_description/share/go2_description/urdf/.history/go2_description_20230905115022.urdf\n'}
[0.656794] (go2_config) StdoutLine: {'line': b'running egg_info\n'}
[0.657129] (go2_config) StdoutLine: {'line': b'creating go2_config.egg-info\n'}
[0.657483] (go2_config) StdoutLine: {'line': b'writing go2_config.egg-info/PKG-INFO\n'}
[0.657634] (go2_config) StdoutLine: {'line': b'writing dependency_links to go2_config.egg-info/dependency_links.txt\n'}
[0.658166] (go2_config) StdoutLine: {'line': b'writing top-level names to go2_config.egg-info/top_level.txt\n'}
[0.658234] (go2_config) StdoutLine: {'line': b"writing manifest file 'go2_config.egg-info/SOURCES.txt'\n"}
[0.658825] (go2_config) StdoutLine: {'line': b"reading manifest file 'go2_config.egg-info/SOURCES.txt'\n"}
[0.659043] (go2_description) StdoutLine: {'line': b'-- Symlinking: /ws_gz/install/go2_description/share/go2_description/urdf/.history/go2_description_20230905115040.urdf\n'}
[0.659183] (go2_config) StdoutLine: {'line': b"writing manifest file 'go2_config.egg-info/SOURCES.txt'\n"}
[0.659469] (champ_description) JobEnded: {'identifier': 'champ_description', 'rc': 0}
[0.663893] (go2_description) StdoutLine: {'line': b'-- Symlinking: /ws_gz/install/go2_description/share/go2_description/urdf/.history/go2_description_20230905115215.urdf\n'}
[0.667157] (go2_description) StdoutLine: {'line': b'-- Symlinking: /ws_gz/install/go2_description/share/go2_description/urdf/.history/go2_description_20230905115226.urdf\n'}
[0.672173] (go2_description) StdoutLine: {'line': b'-- Symlinking: /ws_gz/install/go2_description/share/go2_description/urdf/.history/go2_description_20230905115300.urdf\n'}
[0.673776] (champ) StdoutLine: {'line': b'-- Found ament_lint_auto: 0.12.15 (/opt/ros/humble/share/ament_lint_auto/cmake)\n'}
[0.675468] (go2_config) StdoutLine: {'line': b'Built target ament_cmake_python_build_go2_config_egg\n'}
[0.677131] (go2_description) StdoutLine: {'line': b'-- Symlinking: /ws_gz/install/go2_description/share/go2_description/urdf/.history/go2_description_20230905115313.urdf\n'}
[0.681674] (go2_config) CommandEnded: {'returncode': 0}
[0.681890] (go2_description) StdoutLine: {'line': b'-- Symlinking: /ws_gz/install/go2_description/share/go2_description/urdf/Amended_collision_model.png\n'}
[0.682228] (go2_config) JobProgress: {'identifier': 'go2_config', 'progress': 'install'}
[0.682590] (go2_config) Command: {'cmd': ['/usr/bin/cmake', '--install', '/ws_gz/build/go2_config'], 'cwd': '/ws_gz/build/go2_config', 'env': OrderedDict([('LESSOPEN', '| /usr/bin/lesspipe %s'), ('HOSTNAME', 'jhr-Z790M-AORUS-ELITE-AX'), ('SHLVL', '1'), ('LD_LIBRARY_PATH', '/opt/ros/humble/opt/rviz_ogre_vendor/lib:/opt/ros/humble/lib/x86_64-linux-gnu:/opt/ros/humble/lib'), ('HOME', '/root'), ('ROS_PYTHON_VERSION', '3'), ('ROS_DISTRO', 'humble'), ('_', '/usr/bin/colcon'), ('ROS_VERSION', '2'), ('TERM', 'xterm'), ('ROS_LOCALHOST_ONLY', '0'), ('QT_X11_NO_MITSHM', '1'), ('PATH', '/opt/ros/humble/bin:/usr/local/sbin:/usr/local/bin:/usr/sbin:/usr/bin:/sbin:/bin'), ('DISPLAY', ':1'), ('LANG', 'en_US.UTF-8'), ('LS_COLORS', 'rs=0:di=01;34:ln=01;36:mh=00:pi=40;33:so=01;35:do=01;35:bd=40;33;01:cd=40;33;01:or=40;31;01:mi=00:su=37;41:sg=30;43:ca=30;41:tw=30;42:ow=34;42:st=37;44:ex=01;32:*.tar=01;31:*.tgz=01;31:*.arc=01;31:*.arj=01;31:*.taz=01;31:*.lha=01;31:*.lz4=01;31:*.lzh=01;31:*.lzma=01;31:*.tlz=01;31:*.txz=01;31:*.tzo=01;31:*.t7z=01;31:*.zip=01;31:*.z=01;31:*.dz=01;31:*.gz=01;31:*.lrz=01;31:*.lz=01;31:*.lzo=01;31:*.xz=01;31:*.zst=01;31:*.tzst=01;31:*.bz2=01;31:*.bz=01;31:*.tbz=01;31:*.tbz2=01;31:*.tz=01;31:*.deb=01;31:*.rpm=01;31:*.jar=01;31:*.war=01;31:*.ear=01;31:*.sar=01;31:*.rar=01;31:*.alz=01;31:*.ace=01;31:*.zoo=01;31:*.cpio=01;31:*.7z=01;31:*.rz=01;31:*.cab=01;31:*.wim=01;31:*.swm=01;31:*.dwm=01;31:*.esd=01;31:*.jpg=01;35:*.jpeg=01;35:*.mjpg=01;35:*.mjpeg=01;35:*.gif=01;35:*.bmp=01;35:*.pbm=01;35:*.pgm=01;35:*.ppm=01;35:*.tga=01;35:*.xbm=01;35:*.xpm=01;35:*.tif=01;35:*.tiff=01;35:*.png=01;35:*.svg=01;35:*.svgz=01;35:*.mng=01;35:*.pcx=01;35:*.mov=01;35:*.mpg=01;35:*.mpeg=01;35:*.m2v=01;35:*.mkv=01;35:*.webm=01;35:*.webp=01;35:*.ogm=01;35:*.mp4=01;35:*.m4v=01;35:*.mp4v=01;35:*.vob=01;35:*.qt=01;35:*.nuv=01;35:*.wmv=01;35:*.asf=01;35:*.rm=01;35:*.rmvb=01;35:*.flc=01;35:*.avi=01;35:*.fli=01;35:*.flv=01;35:*.gl=01;35:*.dl=01;35:*.xcf=01;35:*.xwd=01;35:*.yuv=01;35:*.cgm=01;35:*.emf=01;35:*.ogv=01;35:*.ogx=01;35:*.aac=00;36:*.au=00;36:*.flac=00;36:*.m4a=00;36:*.mid=00;36:*.midi=00;36:*.mka=00;36:*.mp3=00;36:*.mpc=00;36:*.ogg=00;36:*.ra=00;36:*.wav=00;36:*.oga=00;36:*.opus=00;36:*.spx=00;36:*.xspf=00;36:'), ('AMENT_PREFIX_PATH', '/opt/ros/humble'), ('LESSCLOSE', '/usr/bin/lesspipe %s %s'), ('PWD', '/ws_gz/build/go2_config'), ('PYTHONPATH', '/opt/ros/humble/lib/python3.10/site-packages:/opt/ros/humble/local/lib/python3.10/dist-packages'), ('COLCON', '1'), ('CMAKE_PREFIX_PATH', '/opt/ros/humble')]), 'shell': False}
[0.686779] (go2_description) StdoutLine: {'line': b'-- Symlinking: /ws_gz/install/go2_description/share/go2_description/urdf/Normal_collision_model.png\n'}
[0.687321] (go2_config) StdoutLine: {'line': b'-- Install configuration: "Release"\n'}
[0.687686] (go2_config) StdoutLine: {'line': b'-- Execute custom install script\n'}
[0.688172] (go2_config) StdoutLine: {'line': b'-- Symlinking: /ws_gz/install/go2_config/share/go2_config/launch/gazebo.launch.py\n'}
[0.691571] (go2_description) StdoutLine: {'line': b'-- Symlinking: /ws_gz/install/go2_description/share/go2_description/urdf/go2_description.urdf\n'}
[0.693303] (go2_config) StdoutLine: {'line': b'-- Symlinking: /ws_gz/install/go2_config/share/go2_config/launch/gazebo_velodyne.launch.py\n'}
[0.696570] (go2_description) StdoutLine: {'line': b'-- Symlinking: /ws_gz/install/go2_description/share/go2_description/xacro/const.xacro\n'}
[0.697570] (go2_config) StdoutLine: {'line': b'-- Symlinking: /ws_gz/install/go2_config/share/go2_config/launch/gz_lidar_odom.launch.py\n'}
[0.700466] (-) TimerEvent: {}
[0.701444] (go2_description) StdoutLine: {'line': b'-- Symlinking: /ws_gz/install/go2_description/share/go2_description/xacro/gazebo.xacro\n'}
[0.703482] (go2_config) StdoutLine: {'line': b'-- Symlinking: /ws_gz/install/go2_config/share/go2_config/config/autonomy/navigation.yaml\n'}
[0.706975] (go2_description) StdoutLine: {'line': b'-- Symlinking: /ws_gz/install/go2_description/share/go2_description/xacro/laser.xacro\n'}
[0.707412] (champ_msgs) StdoutLine: {'line': b'-- Found ament_cmake_ros: 0.10.0 (/opt/ros/humble/share/ament_cmake_ros/cmake)\n'}
[0.708612] (go2_config) StdoutLine: {'line': b'-- Symlinking: /ws_gz/install/go2_config/share/go2_config/config/autonomy/slam.yaml\n'}
[0.711054] (champ) StdoutLine: {'line': b'-- Configuring done\n'}
[0.711996] (go2_description) StdoutLine: {'line': b'-- Symlinking: /ws_gz/install/go2_description/share/go2_description/xacro/leg.xacro\n'}
[0.713650] (go2_config) StdoutLine: {'line': b'-- Symlinking: /ws_gz/install/go2_config/share/go2_config/config/gait/gait.yaml\n'}
[0.714385] (champ) StdoutLine: {'line': b'-- Generating done\n'}
[0.715815] (champ) StdoutLine: {'line': b'-- Build files have been written to: /ws_gz/build/champ\n'}
[0.716946] (go2_description) StdoutLine: {'line': b'-- Symlinking: /ws_gz/install/go2_description/share/go2_description/xacro/materials.xacro\n'}
[0.718828] (go2_config) StdoutLine: {'line': b'-- Symlinking: /ws_gz/install/go2_config/share/go2_config/config/joints/joints.yaml\n'}
[0.720930] (go2_description) StdoutLine: {'line': b'-- Symlinking: /ws_gz/install/go2_description/share/go2_description/xacro/robot.xacro\n'}
[0.722249] (champ) CommandEnded: {'returncode': 0}
[0.722569] (champ) JobProgress: {'identifier': 'champ', 'progress': 'build'}
[0.722876] (champ) Command: {'cmd': ['/usr/bin/cmake', '--build', '/ws_gz/build/champ', '--', '-j32', '-l32'], 'cwd': '/ws_gz/build/champ', 'env': OrderedDict([('LESSOPEN', '| /usr/bin/lesspipe %s'), ('HOSTNAME', 'jhr-Z790M-AORUS-ELITE-AX'), ('SHLVL', '1'), ('LD_LIBRARY_PATH', '/opt/ros/humble/opt/rviz_ogre_vendor/lib:/opt/ros/humble/lib/x86_64-linux-gnu:/opt/ros/humble/lib'), ('HOME', '/root'), ('ROS_PYTHON_VERSION', '3'), ('ROS_DISTRO', 'humble'), ('_', '/usr/bin/colcon'), ('ROS_VERSION', '2'), ('TERM', 'xterm'), ('ROS_LOCALHOST_ONLY', '0'), ('QT_X11_NO_MITSHM', '1'), ('PATH', '/opt/ros/humble/bin:/usr/local/sbin:/usr/local/bin:/usr/sbin:/usr/bin:/sbin:/bin'), ('DISPLAY', ':1'), ('LANG', 'en_US.UTF-8'), ('LS_COLORS', 'rs=0:di=01;34:ln=01;36:mh=00:pi=40;33:so=01;35:do=01;35:bd=40;33;01:cd=40;33;01:or=40;31;01:mi=00:su=37;41:sg=30;43:ca=30;41:tw=30;42:ow=34;42:st=37;44:ex=01;32:*.tar=01;31:*.tgz=01;31:*.arc=01;31:*.arj=01;31:*.taz=01;31:*.lha=01;31:*.lz4=01;31:*.lzh=01;31:*.lzma=01;31:*.tlz=01;31:*.txz=01;31:*.tzo=01;31:*.t7z=01;31:*.zip=01;31:*.z=01;31:*.dz=01;31:*.gz=01;31:*.lrz=01;31:*.lz=01;31:*.lzo=01;31:*.xz=01;31:*.zst=01;31:*.tzst=01;31:*.bz2=01;31:*.bz=01;31:*.tbz=01;31:*.tbz2=01;31:*.tz=01;31:*.deb=01;31:*.rpm=01;31:*.jar=01;31:*.war=01;31:*.ear=01;31:*.sar=01;31:*.rar=01;31:*.alz=01;31:*.ace=01;31:*.zoo=01;31:*.cpio=01;31:*.7z=01;31:*.rz=01;31:*.cab=01;31:*.wim=01;31:*.swm=01;31:*.dwm=01;31:*.esd=01;31:*.jpg=01;35:*.jpeg=01;35:*.mjpg=01;35:*.mjpeg=01;35:*.gif=01;35:*.bmp=01;35:*.pbm=01;35:*.pgm=01;35:*.ppm=01;35:*.tga=01;35:*.xbm=01;35:*.xpm=01;35:*.tif=01;35:*.tiff=01;35:*.png=01;35:*.svg=01;35:*.svgz=01;35:*.mng=01;35:*.pcx=01;35:*.mov=01;35:*.mpg=01;35:*.mpeg=01;35:*.m2v=01;35:*.mkv=01;35:*.webm=01;35:*.webp=01;35:*.ogm=01;35:*.mp4=01;35:*.m4v=01;35:*.mp4v=01;35:*.vob=01;35:*.qt=01;35:*.nuv=01;35:*.wmv=01;35:*.asf=01;35:*.rm=01;35:*.rmvb=01;35:*.flc=01;35:*.avi=01;35:*.fli=01;35:*.flv=01;35:*.gl=01;35:*.dl=01;35:*.xcf=01;35:*.xwd=01;35:*.yuv=01;35:*.cgm=01;35:*.emf=01;35:*.ogv=01;35:*.ogx=01;35:*.aac=00;36:*.au=00;36:*.flac=00;36:*.m4a=00;36:*.mid=00;36:*.midi=00;36:*.mka=00;36:*.mp3=00;36:*.mpc=00;36:*.ogg=00;36:*.ra=00;36:*.wav=00;36:*.oga=00;36:*.opus=00;36:*.spx=00;36:*.xspf=00;36:'), ('AMENT_PREFIX_PATH', '/opt/ros/humble'), ('LESSCLOSE', '/usr/bin/lesspipe %s %s'), ('PWD', '/ws_gz/build/champ'), ('PYTHONPATH', '/opt/ros/humble/lib/python3.10/site-packages:/opt/ros/humble/local/lib/python3.10/dist-packages'), ('COLCON', '1'), ('CMAKE_PREFIX_PATH', '/opt/ros/humble')]), 'shell': False}
[0.723016] (go2_config) StdoutLine: {'line': b'-- Symlinking: /ws_gz/install/go2_config/share/go2_config/config/links/links.yaml\n'}
[0.725690] (go2_description) StdoutLine: {'line': b'-- Symlinking: /ws_gz/install/go2_description/share/go2_description/xacro/robot_VLP.xacro\n'}
[0.728076] (go2_config) StdoutLine: {'line': b'-- Symlinking: /ws_gz/install/go2_config/share/go2_config/config/ros_control/ros_control.yaml\n'}
[0.729937] (go2_description) StdoutLine: {'line': b'-- Symlinking: /ws_gz/install/go2_description/share/go2_description/xacro/transmission.xacro\n'}
[0.733712] (go2_config) StdoutLine: {'line': b'-- Symlinking: /ws_gz/install/go2_config/share/go2_config/maps/map.pgm\n'}
[0.735036] (go2_description) StdoutLine: {'line': b'-- Symlinking: /ws_gz/install/go2_description/share/go2_description/xacro/velodyne.xacro\n'}
[0.739466] (go2_config) StdoutLine: {'line': b'-- Symlinking: /ws_gz/install/go2_config/share/go2_config/maps/map.yaml\n'}
[0.740062] (go2_description) StdoutLine: {'line': b'-- Symlinking: /ws_gz/install/go2_description/share/ament_index/resource_index/package_run_dependencies/go2_description\n'}
[0.745103] (go2_config) StdoutLine: {'line': b'-- Symlinking: /ws_gz/install/go2_config/share/go2_config/maps/playground.pgm\n'}
[0.745346] (go2_description) StdoutLine: {'line': b'-- Symlinking: /ws_gz/install/go2_description/share/ament_index/resource_index/parent_prefix_path/go2_description\n'}
[0.746509] (champ) CommandEnded: {'returncode': 0}
[0.746891] (champ) JobProgress: {'identifier': 'champ', 'progress': 'install'}
[0.747230] (champ) Command: {'cmd': ['/usr/bin/cmake', '--install', '/ws_gz/build/champ'], 'cwd': '/ws_gz/build/champ', 'env': OrderedDict([('LESSOPEN', '| /usr/bin/lesspipe %s'), ('HOSTNAME', 'jhr-Z790M-AORUS-ELITE-AX'), ('SHLVL', '1'), ('LD_LIBRARY_PATH', '/opt/ros/humble/opt/rviz_ogre_vendor/lib:/opt/ros/humble/lib/x86_64-linux-gnu:/opt/ros/humble/lib'), ('HOME', '/root'), ('ROS_PYTHON_VERSION', '3'), ('ROS_DISTRO', 'humble'), ('_', '/usr/bin/colcon'), ('ROS_VERSION', '2'), ('TERM', 'xterm'), ('ROS_LOCALHOST_ONLY', '0'), ('QT_X11_NO_MITSHM', '1'), ('PATH', '/opt/ros/humble/bin:/usr/local/sbin:/usr/local/bin:/usr/sbin:/usr/bin:/sbin:/bin'), ('DISPLAY', ':1'), ('LANG', 'en_US.UTF-8'), ('LS_COLORS', 'rs=0:di=01;34:ln=01;36:mh=00:pi=40;33:so=01;35:do=01;35:bd=40;33;01:cd=40;33;01:or=40;31;01:mi=00:su=37;41:sg=30;43:ca=30;41:tw=30;42:ow=34;42:st=37;44:ex=01;32:*.tar=01;31:*.tgz=01;31:*.arc=01;31:*.arj=01;31:*.taz=01;31:*.lha=01;31:*.lz4=01;31:*.lzh=01;31:*.lzma=01;31:*.tlz=01;31:*.txz=01;31:*.tzo=01;31:*.t7z=01;31:*.zip=01;31:*.z=01;31:*.dz=01;31:*.gz=01;31:*.lrz=01;31:*.lz=01;31:*.lzo=01;31:*.xz=01;31:*.zst=01;31:*.tzst=01;31:*.bz2=01;31:*.bz=01;31:*.tbz=01;31:*.tbz2=01;31:*.tz=01;31:*.deb=01;31:*.rpm=01;31:*.jar=01;31:*.war=01;31:*.ear=01;31:*.sar=01;31:*.rar=01;31:*.alz=01;31:*.ace=01;31:*.zoo=01;31:*.cpio=01;31:*.7z=01;31:*.rz=01;31:*.cab=01;31:*.wim=01;31:*.swm=01;31:*.dwm=01;31:*.esd=01;31:*.jpg=01;35:*.jpeg=01;35:*.mjpg=01;35:*.mjpeg=01;35:*.gif=01;35:*.bmp=01;35:*.pbm=01;35:*.pgm=01;35:*.ppm=01;35:*.tga=01;35:*.xbm=01;35:*.xpm=01;35:*.tif=01;35:*.tiff=01;35:*.png=01;35:*.svg=01;35:*.svgz=01;35:*.mng=01;35:*.pcx=01;35:*.mov=01;35:*.mpg=01;35:*.mpeg=01;35:*.m2v=01;35:*.mkv=01;35:*.webm=01;35:*.webp=01;35:*.ogm=01;35:*.mp4=01;35:*.m4v=01;35:*.mp4v=01;35:*.vob=01;35:*.qt=01;35:*.nuv=01;35:*.wmv=01;35:*.asf=01;35:*.rm=01;35:*.rmvb=01;35:*.flc=01;35:*.avi=01;35:*.fli=01;35:*.flv=01;35:*.gl=01;35:*.dl=01;35:*.xcf=01;35:*.xwd=01;35:*.yuv=01;35:*.cgm=01;35:*.emf=01;35:*.ogv=01;35:*.ogx=01;35:*.aac=00;36:*.au=00;36:*.flac=00;36:*.m4a=00;36:*.mid=00;36:*.midi=00;36:*.mka=00;36:*.mp3=00;36:*.mpc=00;36:*.ogg=00;36:*.ra=00;36:*.wav=00;36:*.oga=00;36:*.opus=00;36:*.spx=00;36:*.xspf=00;36:'), ('AMENT_PREFIX_PATH', '/opt/ros/humble'), ('LESSCLOSE', '/usr/bin/lesspipe %s %s'), ('PWD', '/ws_gz/build/champ'), ('PYTHONPATH', '/opt/ros/humble/lib/python3.10/site-packages:/opt/ros/humble/local/lib/python3.10/dist-packages'), ('COLCON', '1'), ('CMAKE_PREFIX_PATH', '/opt/ros/humble')]), 'shell': False}
[0.749001] (go2_description) StdoutLine: {'line': b'-- Symlinking: /ws_gz/install/go2_description/share/go2_description/environment/ament_prefix_path.sh\n'}
[0.750413] (go2_config) StdoutLine: {'line': b'-- Symlinking: /ws_gz/install/go2_config/share/go2_config/maps/playground.yaml\n'}
[0.751871] (champ) StdoutLine: {'line': b'-- Install configuration: "Release"\n'}
[0.752107] (champ) StdoutLine: {'line': b'-- Execute custom install script\n'}
[0.753381] (champ) StdoutLine: {'line': b'-- Symlinking: /ws_gz/install/champ/include/champ/LICENSE\n'}
[0.754077] (go2_description) StdoutLine: {'line': b'-- Symlinking: /ws_gz/install/go2_description/share/go2_description/environment/ament_prefix_path.dsv\n'}
[0.755310] (go2_config) StdoutLine: {'line': b'-- Symlinking: /ws_gz/install/go2_config/share/go2_config/worlds/default.world\n'}
[0.757794] (champ) StdoutLine: {'line': b'-- Symlinking: /ws_gz/install/champ/include/champ/README.md\n'}
[0.759096] (go2_description) StdoutLine: {'line': b'-- Symlinking: /ws_gz/install/go2_description/share/go2_description/environment/path.sh\n'}
[0.760039] (go2_config) StdoutLine: {'line': b'-- Symlinking: /ws_gz/install/go2_config/share/go2_config/worlds/outdoor.world\n'}
[0.761620] (champ) StdoutLine: {'line': b'-- Symlinking: /ws_gz/install/champ/include/champ/bla/basic_linear_algebra.h\n'}
[0.763164] (go2_description) StdoutLine: {'line': b'-- Symlinking: /ws_gz/install/go2_description/share/go2_description/environment/path.dsv\n'}
[0.764708] (go2_config) StdoutLine: {'line': b'-- Symlinking: /ws_gz/install/go2_config/share/go2_config/worlds/playground.world\n'}
[0.766700] (champ) StdoutLine: {'line': b'-- Symlinking: /ws_gz/install/champ/include/champ/bla/memory_delegate.h\n'}
[0.768237] (go2_description) StdoutLine: {'line': b'-- Symlinking: /ws_gz/install/go2_description/share/go2_description/local_setup.bash\n'}
[0.769438] (go2_config) StdoutLine: {'line': b'-- Symlinking: /ws_gz/install/go2_config/share/go2_config/worlds/slope_with_pillar_2.world\n'}
[0.771516] (champ) StdoutLine: {'line': b'-- Symlinking: /ws_gz/install/champ/include/champ/body_controller/body_controller.h\n'}
[0.772945] (go2_description) StdoutLine: {'line': b'-- Symlinking: /ws_gz/install/go2_description/share/go2_description/local_setup.sh\n'}
[0.774204] (go2_config) StdoutLine: {'line': b'-- Symlinking: /ws_gz/install/go2_config/share/go2_config/environment/pythonpath.sh\n'}
[0.776342] (champ) StdoutLine: {'line': b'-- Symlinking: /ws_gz/install/champ/include/champ/geometry/geometry.h\n'}
[0.777604] (go2_description) StdoutLine: {'line': b'-- Symlinking: /ws_gz/install/go2_description/share/go2_description/local_setup.zsh\n'}
[0.778853] (go2_config) StdoutLine: {'line': b'-- Symlinking: /ws_gz/install/go2_config/share/go2_config/environment/pythonpath.dsv\n'}
[0.780539] (champ) StdoutLine: {'line': b'-- Symlinking: /ws_gz/install/champ/include/champ/kinematics/kinematics.h\n'}
[0.782531] (go2_description) StdoutLine: {'line': b'-- Symlinking: /ws_gz/install/go2_description/share/go2_description/local_setup.dsv\n'}
[0.783782] (go2_config) StdoutLine: {'line': b'-- Symlinking: /ws_gz/install/go2_config/local/lib/python3.10/dist-packages/go2_config-0.1.0-py3.10.egg-info/PKG-INFO\n'}
[0.784864] (champ) StdoutLine: {'line': b'-- Symlinking: /ws_gz/install/champ/include/champ/leg_controller/leg_controller.h\n'}
[0.787199] (go2_config) StdoutLine: {'line': b'-- Symlinking: /ws_gz/install/go2_config/local/lib/python3.10/dist-packages/go2_config-0.1.0-py3.10.egg-info/SOURCES.txt\n'}
[0.787551] (go2_description) StdoutLine: {'line': b'-- Symlinking: /ws_gz/install/go2_description/share/go2_description/package.dsv\n'}
[0.789774] (champ) StdoutLine: {'line': b'-- Symlinking: /ws_gz/install/champ/include/champ/leg_controller/phase_generator.h\n'}
[0.791247] (go2_config) StdoutLine: {'line': b'-- Symlinking: /ws_gz/install/go2_config/local/lib/python3.10/dist-packages/go2_config-0.1.0-py3.10.egg-info/dependency_links.txt\n'}
[0.792510] (go2_description) StdoutLine: {'line': b'-- Symlinking: /ws_gz/install/go2_description/share/ament_index/resource_index/packages/go2_description\n'}
[0.794091] (champ) StdoutLine: {'line': b'-- Symlinking: /ws_gz/install/champ/include/champ/leg_controller/trajectory_planner.h\n'}
[0.795921] (go2_description) StdoutLine: {'line': b'-- Symlinking: /ws_gz/install/go2_description/share/go2_description/cmake/go2_descriptionConfig.cmake\n'}
[0.796018] (go2_config) StdoutLine: {'line': b'-- Symlinking: /ws_gz/install/go2_config/local/lib/python3.10/dist-packages/go2_config-0.1.0-py3.10.egg-info/top_level.txt\n'}
[0.799091] (champ) StdoutLine: {'line': b'-- Symlinking: /ws_gz/install/champ/include/champ/macros/macros.h\n'}
[0.800533] (-) TimerEvent: {}
[0.800874] (go2_description) StdoutLine: {'line': b'-- Symlinking: /ws_gz/install/go2_description/share/go2_description/cmake/go2_descriptionConfig-version.cmake\n'}
[0.801261] (go2_config) StdoutLine: {'line': b'-- Symlinking: /ws_gz/install/go2_config/local/lib/python3.10/dist-packages/go2_config/__init__.py\n'}
[0.804247] (champ) StdoutLine: {'line': b'-- Symlinking: /ws_gz/install/champ/include/champ/odometry/odometry.h\n'}
[0.805767] (go2_description) StdoutLine: {'line': b'-- Symlinking: /ws_gz/install/go2_description/share/go2_description/package.xml\n'}
[0.806171] (go2_config) StdoutLine: {'line': b'-- Symlinking: /ws_gz/install/go2_config/lib/go2_config/gz_pose_to_ros2.py\n'}
[0.809228] (champ) StdoutLine: {'line': b'-- Symlinking: /ws_gz/install/champ/include/champ/quadruped_base/quadruped_base.h\n'}
[0.811346] (go2_config) StdoutLine: {'line': b'-- Symlinking: /ws_gz/install/go2_config/share/ament_index/resource_index/package_run_dependencies/go2_config\n'}
[0.811874] (go2_description) CommandEnded: {'returncode': 0}
[0.814047] (champ) StdoutLine: {'line': b'-- Symlinking: /ws_gz/install/champ/include/champ/quadruped_base/quadruped_components.h\n'}
[0.815996] (go2_config) StdoutLine: {'line': b'-- Symlinking: /ws_gz/install/go2_config/share/ament_index/resource_index/parent_prefix_path/go2_config\n'}
[0.816784] (go2_description) JobEnded: {'identifier': 'go2_description', 'rc': 0}
[0.818586] (champ) StdoutLine: {'line': b'-- Symlinking: /ws_gz/install/champ/include/champ/quadruped_base/quadruped_joint.h\n'}
[0.819993] (go2_config) StdoutLine: {'line': b'-- Symlinking: /ws_gz/install/go2_config/share/go2_config/environment/ament_prefix_path.sh\n'}
[0.822899] (champ) StdoutLine: {'line': b'-- Symlinking: /ws_gz/install/champ/include/champ/quadruped_base/quadruped_leg.h\n'}
[0.824800] (go2_config) StdoutLine: {'line': b'-- Symlinking: /ws_gz/install/go2_config/share/go2_config/environment/ament_prefix_path.dsv\n'}
[0.826809] (champ) StdoutLine: {'line': b'-- Symlinking: /ws_gz/install/champ/include/champ/utils/urdf_loader.h\n'}
[0.828486] (go2_config) StdoutLine: {'line': b'-- Symlinking: /ws_gz/install/go2_config/share/go2_config/environment/path.sh\n'}
[0.831680] (champ) StdoutLine: {'line': b'-- Symlinking: /ws_gz/install/champ/include/champ/utils/xmlrpc_helpers.h\n'}
[0.833338] (go2_config) StdoutLine: {'line': b'-- Symlinking: /ws_gz/install/go2_config/share/go2_config/environment/path.dsv\n'}
[0.836831] (champ) StdoutLine: {'line': b'-- Symlinking: /ws_gz/install/champ/share/ament_index/resource_index/package_run_dependencies/champ\n'}
[0.838175] (go2_config) StdoutLine: {'line': b'-- Symlinking: /ws_gz/install/go2_config/share/go2_config/local_setup.bash\n'}
[0.841929] (champ) StdoutLine: {'line': b'-- Symlinking: /ws_gz/install/champ/share/ament_index/resource_index/parent_prefix_path/champ\n'}
[0.843004] (go2_config) StdoutLine: {'line': b'-- Symlinking: /ws_gz/install/go2_config/share/go2_config/local_setup.sh\n'}
[0.846951] (champ) StdoutLine: {'line': b'-- Symlinking: /ws_gz/install/champ/share/champ/environment/ament_prefix_path.sh\n'}
[0.847749] (go2_config) StdoutLine: {'line': b'-- Symlinking: /ws_gz/install/go2_config/share/go2_config/local_setup.zsh\n'}
[0.850908] (champ) StdoutLine: {'line': b'-- Symlinking: /ws_gz/install/champ/share/champ/environment/ament_prefix_path.dsv\n'}
[0.852594] (go2_config) StdoutLine: {'line': b'-- Symlinking: /ws_gz/install/go2_config/share/go2_config/local_setup.dsv\n'}
[0.855623] (champ) StdoutLine: {'line': b'-- Symlinking: /ws_gz/install/champ/share/champ/environment/path.sh\n'}
[0.857411] (go2_config) StdoutLine: {'line': b'-- Symlinking: /ws_gz/install/go2_config/share/go2_config/package.dsv\n'}
[0.859044] (champ) StdoutLine: {'line': b'-- Symlinking: /ws_gz/install/champ/share/champ/environment/path.dsv\n'}
[0.861028] (go2_config) StdoutLine: {'line': b'-- Symlinking: /ws_gz/install/go2_config/share/ament_index/resource_index/packages/go2_config\n'}
[0.864240] (champ) StdoutLine: {'line': b'-- Symlinking: /ws_gz/install/champ/share/champ/local_setup.bash\n'}
[0.864380] (champ_msgs) StdoutLine: {'line': b'-- Using all available rosidl_typesupport_c: rosidl_typesupport_fastrtps_c;rosidl_typesupport_introspection_c\n'}
[0.865942] (go2_config) StdoutLine: {'line': b'-- Symlinking: /ws_gz/install/go2_config/share/go2_config/cmake/go2_configConfig.cmake\n'}
[0.869131] (champ) StdoutLine: {'line': b'-- Symlinking: /ws_gz/install/champ/share/champ/local_setup.sh\n'}
[0.870707] (go2_config) StdoutLine: {'line': b'-- Symlinking: /ws_gz/install/go2_config/share/go2_config/cmake/go2_configConfig-version.cmake\n'}
[0.874131] (champ) StdoutLine: {'line': b'-- Symlinking: /ws_gz/install/champ/share/champ/local_setup.zsh\n'}
[0.875524] (go2_config) StdoutLine: {'line': b'-- Symlinking: /ws_gz/install/go2_config/share/go2_config/package.xml\n'}
[0.879131] (champ) StdoutLine: {'line': b'-- Symlinking: /ws_gz/install/champ/share/champ/local_setup.dsv\n'}
[0.884064] (champ) StdoutLine: {'line': b'-- Symlinking: /ws_gz/install/champ/share/champ/package.dsv\n'}
[0.888852] (champ) StdoutLine: {'line': b'-- Symlinking: /ws_gz/install/champ/share/ament_index/resource_index/packages/champ\n'}
[0.893002] (champ) StdoutLine: {'line': b'-- Symlinking: /ws_gz/install/champ/share/champ/cmake/ament_cmake_export_include_directories-extras.cmake\n'}
[0.896245] (go2_config) StdoutLine: {'line': b"Listing '/ws_gz/install/go2_config/local/lib/python3.10/dist-packages/go2_config'...\n"}
[0.896320] (go2_config) StdoutLine: {'line': b"Compiling '/ws_gz/install/go2_config/local/lib/python3.10/dist-packages/go2_config/__init__.py'...\n"}
[0.898370] (champ) StdoutLine: {'line': b'-- Symlinking: /ws_gz/install/champ/share/champ/cmake/champConfig.cmake\n'}
[0.899151] (go2_config) CommandEnded: {'returncode': 0}
[0.900790] (-) TimerEvent: {}
[0.903504] (champ) StdoutLine: {'line': b'-- Symlinking: /ws_gz/install/champ/share/champ/cmake/champConfig-version.cmake\n'}
[0.908682] (go2_config) JobEnded: {'identifier': 'go2_config', 'rc': 0}
[0.908892] (champ) StdoutLine: {'line': b'-- Symlinking: /ws_gz/install/champ/share/champ/package.xml\n'}
[0.914206] (champ) CommandEnded: {'returncode': 0}
[0.920053] (champ) JobEnded: {'identifier': 'champ', 'rc': 0}
[1.000881] (-) TimerEvent: {}
[1.071399] (champ_msgs) StdoutLine: {'line': b'-- Using all available rosidl_typesupport_cpp: rosidl_typesupport_fastrtps_cpp;rosidl_typesupport_introspection_cpp\n'}
[1.087945] (champ_msgs) StdoutLine: {'line': b'-- Found PythonInterp: /usr/bin/python3 (found suitable version "3.10.12", minimum required is "3.6") \n'}
[1.090007] (champ_msgs) StdoutLine: {'line': b'-- Found python_cmake_module: 0.10.0 (/opt/ros/humble/share/python_cmake_module/cmake)\n'}
[1.100959] (-) TimerEvent: {}
[1.117226] (champ_msgs) StdoutLine: {'line': b'-- Found PythonLibs: /usr/lib/x86_64-linux-gnu/libpython3.10.so (found suitable version "3.10.12", minimum required is "3.5") \n'}
[1.117485] (champ_msgs) StdoutLine: {'line': b'-- Using PYTHON_EXECUTABLE: /usr/bin/python3\n'}
[1.117563] (champ_msgs) StdoutLine: {'line': b'-- Using PYTHON_INCLUDE_DIRS: /usr/include/python3.10\n'}
[1.117611] (champ_msgs) StdoutLine: {'line': b'-- Using PYTHON_LIBRARIES: /usr/lib/x86_64-linux-gnu/libpython3.10.so\n'}
[1.133664] (champ_msgs) StdoutLine: {'line': b'-- Found PythonExtra: .so  \n'}
[1.201113] (-) TimerEvent: {}
[1.221971] (champ_msgs) StdoutLine: {'line': b'-- Found ament_lint_auto: 0.12.15 (/opt/ros/humble/share/ament_lint_auto/cmake)\n'}
[1.226971] (champ_msgs) StdoutLine: {'line': b'-- Configuring done\n'}
[1.247388] (champ_msgs) StdoutLine: {'line': b'-- Generating done\n'}
[1.252950] (champ_msgs) StdoutLine: {'line': b'-- Build files have been written to: /ws_gz/build/champ_msgs\n'}
[1.257088] (champ_msgs) CommandEnded: {'returncode': 0}
[1.257908] (champ_msgs) JobProgress: {'identifier': 'champ_msgs', 'progress': 'build'}
[1.257932] (champ_msgs) Command: {'cmd': ['/usr/bin/cmake', '--build', '/ws_gz/build/champ_msgs', '--', '-j32', '-l32'], 'cwd': '/ws_gz/build/champ_msgs', 'env': OrderedDict([('LESSOPEN', '| /usr/bin/lesspipe %s'), ('HOSTNAME', 'jhr-Z790M-AORUS-ELITE-AX'), ('SHLVL', '1'), ('LD_LIBRARY_PATH', '/opt/ros/humble/opt/rviz_ogre_vendor/lib:/opt/ros/humble/lib/x86_64-linux-gnu:/opt/ros/humble/lib'), ('HOME', '/root'), ('ROS_PYTHON_VERSION', '3'), ('ROS_DISTRO', 'humble'), ('_', '/usr/bin/colcon'), ('ROS_VERSION', '2'), ('TERM', 'xterm'), ('ROS_LOCALHOST_ONLY', '0'), ('QT_X11_NO_MITSHM', '1'), ('PATH', '/opt/ros/humble/bin:/usr/local/sbin:/usr/local/bin:/usr/sbin:/usr/bin:/sbin:/bin'), ('DISPLAY', ':1'), ('LANG', 'en_US.UTF-8'), ('LS_COLORS', 'rs=0:di=01;34:ln=01;36:mh=00:pi=40;33:so=01;35:do=01;35:bd=40;33;01:cd=40;33;01:or=40;31;01:mi=00:su=37;41:sg=30;43:ca=30;41:tw=30;42:ow=34;42:st=37;44:ex=01;32:*.tar=01;31:*.tgz=01;31:*.arc=01;31:*.arj=01;31:*.taz=01;31:*.lha=01;31:*.lz4=01;31:*.lzh=01;31:*.lzma=01;31:*.tlz=01;31:*.txz=01;31:*.tzo=01;31:*.t7z=01;31:*.zip=01;31:*.z=01;31:*.dz=01;31:*.gz=01;31:*.lrz=01;31:*.lz=01;31:*.lzo=01;31:*.xz=01;31:*.zst=01;31:*.tzst=01;31:*.bz2=01;31:*.bz=01;31:*.tbz=01;31:*.tbz2=01;31:*.tz=01;31:*.deb=01;31:*.rpm=01;31:*.jar=01;31:*.war=01;31:*.ear=01;31:*.sar=01;31:*.rar=01;31:*.alz=01;31:*.ace=01;31:*.zoo=01;31:*.cpio=01;31:*.7z=01;31:*.rz=01;31:*.cab=01;31:*.wim=01;31:*.swm=01;31:*.dwm=01;31:*.esd=01;31:*.jpg=01;35:*.jpeg=01;35:*.mjpg=01;35:*.mjpeg=01;35:*.gif=01;35:*.bmp=01;35:*.pbm=01;35:*.pgm=01;35:*.ppm=01;35:*.tga=01;35:*.xbm=01;35:*.xpm=01;35:*.tif=01;35:*.tiff=01;35:*.png=01;35:*.svg=01;35:*.svgz=01;35:*.mng=01;35:*.pcx=01;35:*.mov=01;35:*.mpg=01;35:*.mpeg=01;35:*.m2v=01;35:*.mkv=01;35:*.webm=01;35:*.webp=01;35:*.ogm=01;35:*.mp4=01;35:*.m4v=01;35:*.mp4v=01;35:*.vob=01;35:*.qt=01;35:*.nuv=01;35:*.wmv=01;35:*.asf=01;35:*.rm=01;35:*.rmvb=01;35:*.flc=01;35:*.avi=01;35:*.fli=01;35:*.flv=01;35:*.gl=01;35:*.dl=01;35:*.xcf=01;35:*.xwd=01;35:*.yuv=01;35:*.cgm=01;35:*.emf=01;35:*.ogv=01;35:*.ogx=01;35:*.aac=00;36:*.au=00;36:*.flac=00;36:*.m4a=00;36:*.mid=00;36:*.midi=00;36:*.mka=00;36:*.mp3=00;36:*.mpc=00;36:*.ogg=00;36:*.ra=00;36:*.wav=00;36:*.oga=00;36:*.opus=00;36:*.spx=00;36:*.xspf=00;36:'), ('AMENT_PREFIX_PATH', '/opt/ros/humble'), ('LESSCLOSE', '/usr/bin/lesspipe %s %s'), ('PWD', '/ws_gz/build/champ_msgs'), ('PYTHONPATH', '/opt/ros/humble/lib/python3.10/site-packages:/opt/ros/humble/local/lib/python3.10/dist-packages'), ('COLCON', '1'), ('CMAKE_PREFIX_PATH', '/opt/ros/humble')]), 'shell': False}
[1.288039] (champ_msgs) StdoutLine: {'line': b'[  1%] \x1b[34m\x1b[1mGenerating C code for ROS interfaces\x1b[0m\n'}
[1.294871] (champ_msgs) StdoutLine: {'line': b'[  2%] \x1b[34m\x1b[1mGenerating Rust code for ROS interfaces\x1b[0m\n'}
[1.295401] (champ_msgs) StdoutLine: {'line': b'[  3%] \x1b[34m\x1b[1mGenerating C++ code for ROS interfaces\x1b[0m\n'}
[1.299416] (champ_msgs) StdoutLine: {'line': b'[  3%] Built target ament_cmake_python_symlink_champ_msgs\n'}
[1.301242] (-) TimerEvent: {}
[1.396370] (champ_msgs) StdoutLine: {'line': b'running egg_info\n'}
[1.396663] (champ_msgs) StdoutLine: {'line': b'creating champ_msgs.egg-info\n'}
[1.396784] (champ_msgs) StdoutLine: {'line': b'writing champ_msgs.egg-info/PKG-INFO\n'}
[1.396933] (champ_msgs) StdoutLine: {'line': b'writing dependency_links to champ_msgs.egg-info/dependency_links.txt\n'}
[1.396988] (champ_msgs) StdoutLine: {'line': b'writing top-level names to champ_msgs.egg-info/top_level.txt\n'}
[1.397034] (champ_msgs) StdoutLine: {'line': b"writing manifest file 'champ_msgs.egg-info/SOURCES.txt'\n"}
[1.397651] (champ_msgs) StdoutLine: {'line': b"reading manifest file 'champ_msgs.egg-info/SOURCES.txt'\n"}
[1.397866] (champ_msgs) StdoutLine: {'line': b"writing manifest file 'champ_msgs.egg-info/SOURCES.txt'\n"}
[1.401321] (-) TimerEvent: {}
[1.409417] (champ_msgs) StdoutLine: {'line': b'[  3%] Built target ament_cmake_python_build_champ_msgs_egg\n'}
[1.446513] (champ_msgs) StdoutLine: {'line': b'[  3%] Built target champ_msgs__rs\n'}
[1.501413] (-) TimerEvent: {}
[1.554135] (champ_msgs) StdoutLine: {'line': b'[  3%] Built target champ_msgs__cpp\n'}
[1.561954] (champ_msgs) StdoutLine: {'line': b'[  5%] \x1b[34m\x1b[1mGenerating C++ introspection for ROS interfaces\x1b[0m\n'}
[1.562134] (champ_msgs) StdoutLine: {'line': b'[  5%] \x1b[34m\x1b[1mGenerating C++ type support for eProsima Fast-RTPS\x1b[0m\n'}
[1.562192] (champ_msgs) StdoutLine: {'line': b'[  6%] \x1b[34m\x1b[1mGenerating C++ type support dispatch for ROS interfaces\x1b[0m\n'}
[1.572951] (champ_msgs) StdoutLine: {'line': b'[  9%] \x1b[32mBuilding C object CMakeFiles/champ_msgs__rosidl_generator_c.dir/rosidl_generator_c/champ_msgs/msg/detail/contacts_stamped__functions.c.o\x1b[0m\n'}
[1.573110] (champ_msgs) StdoutLine: {'line': b'[  9%] \x1b[32mBuilding C object CMakeFiles/champ_msgs__rosidl_generator_c.dir/rosidl_generator_c/champ_msgs/msg/detail/point__functions.c.o\x1b[0m\n'}
[1.573183] (champ_msgs) StdoutLine: {'line': b'[  9%] \x1b[32mBuilding C object CMakeFiles/champ_msgs__rosidl_generator_c.dir/rosidl_generator_c/champ_msgs/msg/detail/contacts__functions.c.o\x1b[0m\n'}
[1.573621] (champ_msgs) StdoutLine: {'line': b'[ 10%] \x1b[32mBuilding C object CMakeFiles/champ_msgs__rosidl_generator_c.dir/rosidl_generator_c/champ_msgs/msg/detail/velocities__functions.c.o\x1b[0m\n'}
[1.573731] (champ_msgs) StdoutLine: {'line': b'[ 11%] \x1b[32mBuilding C object CMakeFiles/champ_msgs__rosidl_generator_c.dir/rosidl_generator_c/champ_msgs/msg/detail/pid__functions.c.o\x1b[0m\n'}
[1.573840] (champ_msgs) StdoutLine: {'line': b'[ 12%] \x1b[32mBuilding C object CMakeFiles/champ_msgs__rosidl_generator_c.dir/rosidl_generator_c/champ_msgs/msg/detail/imu__functions.c.o\x1b[0m\n'}
[1.573982] (champ_msgs) StdoutLine: {'line': b'[ 13%] \x1b[32mBuilding C object CMakeFiles/champ_msgs__rosidl_generator_c.dir/rosidl_generator_c/champ_msgs/msg/detail/point_array__functions.c.o\x1b[0m\n'}
[1.574282] (champ_msgs) StdoutLine: {'line': b'[ 14%] \x1b[32mBuilding C object CMakeFiles/champ_msgs__rosidl_generator_c.dir/rosidl_generator_c/champ_msgs/msg/detail/joints__functions.c.o\x1b[0m\n'}
[1.574966] (champ_msgs) StdoutLine: {'line': b'[ 15%] \x1b[32mBuilding C object CMakeFiles/champ_msgs__rosidl_generator_c.dir/rosidl_generator_c/champ_msgs/msg/detail/pose__functions.c.o\x1b[0m\n'}
[1.601501] (-) TimerEvent: {}
[1.642390] (champ_msgs) StdoutLine: {'line': b'[ 16%] \x1b[32m\x1b[1mLinking C shared library libchamp_msgs__rosidl_generator_c.so\x1b[0m\n'}
[1.666902] (champ_msgs) StdoutLine: {'line': b'[ 16%] Built target champ_msgs__rosidl_generator_c\n'}
[1.673616] (champ_msgs) StdoutLine: {'line': b'[ 17%] \x1b[34m\x1b[1mGenerating C type support for eProsima Fast-RTPS\x1b[0m\n'}
[1.673941] (champ_msgs) StdoutLine: {'line': b'[ 18%] \x1b[34m\x1b[1mGenerating C type support dispatch for ROS interfaces\x1b[0m\n'}
[1.674009] (champ_msgs) StdoutLine: {'line': b'[ 19%] \x1b[34m\x1b[1mGenerating C introspection for ROS interfaces\x1b[0m\n'}
[1.701584] (-) TimerEvent: {}
[1.728463] (champ_msgs) StdoutLine: {'line': b'[ 20%] \x1b[32mBuilding CXX object CMakeFiles/champ_msgs__rosidl_typesupport_cpp.dir/rosidl_typesupport_cpp/champ_msgs/msg/pose__type_support.cpp.o\x1b[0m\n'}
[1.729061] (champ_msgs) StdoutLine: {'line': b'[ 22%] \x1b[32mBuilding CXX object CMakeFiles/champ_msgs__rosidl_typesupport_cpp.dir/rosidl_typesupport_cpp/champ_msgs/msg/velocities__type_support.cpp.o\x1b[0m\n'}
[1.729162] (champ_msgs) StdoutLine: {'line': b'[ 25%] \x1b[32mBuilding CXX object CMakeFiles/champ_msgs__rosidl_typesupport_cpp.dir/rosidl_typesupport_cpp/champ_msgs/msg/pid__type_support.cpp.o\x1b[0m\n'}
[1.729224] (champ_msgs) StdoutLine: {'line': b'[ 25%] \x1b[32mBuilding CXX object CMakeFiles/champ_msgs__rosidl_typesupport_cpp.dir/rosidl_typesupport_cpp/champ_msgs/msg/point__type_support.cpp.o\x1b[0m\n'}
[1.729273] (champ_msgs) StdoutLine: {'line': b'[ 25%] \x1b[32mBuilding CXX object CMakeFiles/champ_msgs__rosidl_typesupport_cpp.dir/rosidl_typesupport_cpp/champ_msgs/msg/imu__type_support.cpp.o\x1b[0m\n'}
[1.729329] (champ_msgs) StdoutLine: {'line': b'[ 26%] \x1b[32mBuilding CXX object CMakeFiles/champ_msgs__rosidl_typesupport_cpp.dir/rosidl_typesupport_cpp/champ_msgs/msg/point_array__type_support.cpp.o\x1b[0m\n'}
[1.729391] (champ_msgs) StdoutLine: {'line': b'[ 27%] \x1b[32mBuilding CXX object CMakeFiles/champ_msgs__rosidl_typesupport_cpp.dir/rosidl_typesupport_cpp/champ_msgs/msg/joints__type_support.cpp.o\x1b[0m\n'}
[1.729662] (champ_msgs) StdoutLine: {'line': b'[ 28%] \x1b[32mBuilding CXX object CMakeFiles/champ_msgs__rosidl_typesupport_cpp.dir/rosidl_typesupport_cpp/champ_msgs/msg/contacts__type_support.cpp.o\x1b[0m\n'}
[1.729770] (champ_msgs) StdoutLine: {'line': b'[ 29%] \x1b[32mBuilding CXX object CMakeFiles/champ_msgs__rosidl_typesupport_cpp.dir/rosidl_typesupport_cpp/champ_msgs/msg/contacts_stamped__type_support.cpp.o\x1b[0m\n'}
[1.797028] (champ_msgs) StdoutLine: {'line': b'[ 31%] \x1b[32mBuilding CXX object CMakeFiles/champ_msgs__rosidl_typesupport_introspection_cpp.dir/rosidl_typesupport_introspection_cpp/champ_msgs/msg/detail/point__type_support.cpp.o\x1b[0m\n'}
[1.797209] (champ_msgs) StdoutLine: {'line': b'[ 31%] \x1b[32mBuilding CXX object CMakeFiles/champ_msgs__rosidl_typesupport_introspection_cpp.dir/rosidl_typesupport_introspection_cpp/champ_msgs/msg/detail/velocities__type_support.cpp.o\x1b[0m\n'}
[1.797359] (champ_msgs) StdoutLine: {'line': b'[ 32%] \x1b[32mBuilding CXX object CMakeFiles/champ_msgs__rosidl_typesupport_introspection_cpp.dir/rosidl_typesupport_introspection_cpp/champ_msgs/msg/detail/pid__type_support.cpp.o\x1b[0m\n'}
[1.797450] (champ_msgs) StdoutLine: {'line': b'[ 33%] \x1b[32mBuilding CXX object CMakeFiles/champ_msgs__rosidl_typesupport_introspection_cpp.dir/rosidl_typesupport_introspection_cpp/champ_msgs/msg/detail/imu__type_support.cpp.o\x1b[0m\n'}
[1.797574] (champ_msgs) StdoutLine: {'line': b'[ 34%] \x1b[32mBuilding CXX object CMakeFiles/champ_msgs__rosidl_typesupport_introspection_cpp.dir/rosidl_typesupport_introspection_cpp/champ_msgs/msg/detail/point_array__type_support.cpp.o\x1b[0m\n'}
[1.797875] (champ_msgs) StdoutLine: {'line': b'[ 36%] \x1b[32mBuilding CXX object CMakeFiles/champ_msgs__rosidl_typesupport_introspection_cpp.dir/rosidl_typesupport_introspection_cpp/champ_msgs/msg/detail/contacts__type_support.cpp.o\x1b[0m\n'}
[1.797984] (champ_msgs) StdoutLine: {'line': b'[ 37%] \x1b[32mBuilding CXX object CMakeFiles/champ_msgs__rosidl_typesupport_introspection_cpp.dir/rosidl_typesupport_introspection_cpp/champ_msgs/msg/detail/contacts_stamped__type_support.cpp.o\x1b[0m\n'}
[1.798028] (champ_msgs) StdoutLine: {'line': b'[ 38%] \x1b[32mBuilding CXX object CMakeFiles/champ_msgs__rosidl_typesupport_introspection_cpp.dir/rosidl_typesupport_introspection_cpp/champ_msgs/msg/detail/pose__type_support.cpp.o\x1b[0m\n'}
[1.798086] (champ_msgs) StdoutLine: {'line': b'[ 38%] \x1b[32mBuilding CXX object CMakeFiles/champ_msgs__rosidl_typesupport_introspection_cpp.dir/rosidl_typesupport_introspection_cpp/champ_msgs/msg/detail/joints__type_support.cpp.o\x1b[0m\n'}
[1.801668] (-) TimerEvent: {}
[1.850192] (champ_msgs) StdoutLine: {'line': b'[ 42%] \x1b[32mBuilding CXX object CMakeFiles/champ_msgs__rosidl_typesupport_fastrtps_cpp.dir/rosidl_typesupport_fastrtps_cpp/champ_msgs/msg/detail/dds_fastrtps/imu__type_support.cpp.o\x1b[0m\n'}
[1.850859] (champ_msgs) StdoutLine: {'line': b'[ 42%] \x1b[32mBuilding CXX object CMakeFiles/champ_msgs__rosidl_typesupport_fastrtps_cpp.dir/rosidl_typesupport_fastrtps_cpp/champ_msgs/msg/detail/dds_fastrtps/velocities__type_support.cpp.o\x1b[0m\n'}
[1.850947] (champ_msgs) StdoutLine: {'line': b'[ 42%] \x1b[32mBuilding CXX object CMakeFiles/champ_msgs__rosidl_typesupport_fastrtps_cpp.dir/rosidl_typesupport_fastrtps_cpp/champ_msgs/msg/detail/dds_fastrtps/point__type_support.cpp.o\x1b[0m\n'}
[1.850993] (champ_msgs) StdoutLine: {'line': b'[ 42%] \x1b[32mBuilding CXX object CMakeFiles/champ_msgs__rosidl_typesupport_fastrtps_cpp.dir/rosidl_typesupport_fastrtps_cpp/champ_msgs/msg/detail/dds_fastrtps/pid__type_support.cpp.o\x1b[0m\n'}
[1.851037] (champ_msgs) StdoutLine: {'line': b'[ 43%] \x1b[32mBuilding CXX object CMakeFiles/champ_msgs__rosidl_typesupport_fastrtps_cpp.dir/rosidl_typesupport_fastrtps_cpp/champ_msgs/msg/detail/dds_fastrtps/point_array__type_support.cpp.o\x1b[0m\n'}
[1.851077] (champ_msgs) StdoutLine: {'line': b'[ 44%] \x1b[32mBuilding CXX object CMakeFiles/champ_msgs__rosidl_typesupport_fastrtps_cpp.dir/rosidl_typesupport_fastrtps_cpp/champ_msgs/msg/detail/dds_fastrtps/contacts__type_support.cpp.o\x1b[0m\n'}
[1.851136] (champ_msgs) StdoutLine: {'line': b'[ 46%] \x1b[32mBuilding CXX object CMakeFiles/champ_msgs__rosidl_typesupport_fastrtps_cpp.dir/rosidl_typesupport_fastrtps_cpp/champ_msgs/msg/detail/dds_fastrtps/contacts_stamped__type_support.cpp.o\x1b[0m\n'}
[1.851216] (champ_msgs) StdoutLine: {'line': b'[ 46%] \x1b[32mBuilding CXX object CMakeFiles/champ_msgs__rosidl_typesupport_fastrtps_cpp.dir/rosidl_typesupport_fastrtps_cpp/champ_msgs/msg/detail/dds_fastrtps/pose__type_support.cpp.o\x1b[0m\n'}
[1.852698] (champ_msgs) StdoutLine: {'line': b'[ 47%] \x1b[32mBuilding CXX object CMakeFiles/champ_msgs__rosidl_typesupport_fastrtps_cpp.dir/rosidl_typesupport_fastrtps_cpp/champ_msgs/msg/detail/dds_fastrtps/joints__type_support.cpp.o\x1b[0m\n'}
[1.882424] (champ_msgs) StdoutLine: {'line': b'[ 51%] \x1b[32mBuilding CXX object CMakeFiles/champ_msgs__rosidl_typesupport_c.dir/rosidl_typesupport_c/champ_msgs/msg/pid__type_support.cpp.o\x1b[0m\n'}
[1.882581] (champ_msgs) StdoutLine: {'line': b'[ 50%] \x1b[32mBuilding CXX object CMakeFiles/champ_msgs__rosidl_typesupport_c.dir/rosidl_typesupport_c/champ_msgs/msg/point__type_support.cpp.o\x1b[0m\n'}
[1.882632] (champ_msgs) StdoutLine: {'line': b'[ 52%] \x1b[32mBuilding CXX object CMakeFiles/champ_msgs__rosidl_typesupport_c.dir/rosidl_typesupport_c/champ_msgs/msg/imu__type_support.cpp.o\x1b[0m\n'}
[1.882675] (champ_msgs) StdoutLine: {'line': b'[ 51%] \x1b[32mBuilding CXX object CMakeFiles/champ_msgs__rosidl_typesupport_c.dir/rosidl_typesupport_c/champ_msgs/msg/velocities__type_support.cpp.o\x1b[0m\n'}
[1.902004] (-) TimerEvent: {}
[1.907073] (champ_msgs) StdoutLine: {'line': b'[ 53%] \x1b[32mBuilding CXX object CMakeFiles/champ_msgs__rosidl_typesupport_c.dir/rosidl_typesupport_c/champ_msgs/msg/joints__type_support.cpp.o\x1b[0m\n'}
[1.907235] (champ_msgs) StdoutLine: {'line': b'[ 54%] \x1b[32mBuilding CXX object CMakeFiles/champ_msgs__rosidl_typesupport_c.dir/rosidl_typesupport_c/champ_msgs/msg/point_array__type_support.cpp.o\x1b[0m\n'}
[1.909439] (champ_msgs) StdoutLine: {'line': b'[ 55%] \x1b[32mBuilding CXX object CMakeFiles/champ_msgs__rosidl_typesupport_c.dir/rosidl_typesupport_c/champ_msgs/msg/contacts__type_support.cpp.o\x1b[0m\n'}
[1.924413] (champ_msgs) StdoutLine: {'line': b'[ 57%] \x1b[32mBuilding CXX object CMakeFiles/champ_msgs__rosidl_typesupport_c.dir/rosidl_typesupport_c/champ_msgs/msg/pose__type_support.cpp.o\x1b[0m\n'}
[1.924605] (champ_msgs) StdoutLine: {'line': b'[ 57%] \x1b[32mBuilding CXX object CMakeFiles/champ_msgs__rosidl_typesupport_c.dir/rosidl_typesupport_c/champ_msgs/msg/contacts_stamped__type_support.cpp.o\x1b[0m\n'}
[1.952974] (champ_msgs) StdoutLine: {'line': b'[ 58%] \x1b[32m\x1b[1mLinking CXX shared library libchamp_msgs__rosidl_typesupport_c.so\x1b[0m\n'}
[1.960399] (champ_msgs) StdoutLine: {'line': b'[ 60%] \x1b[32mBuilding C object CMakeFiles/champ_msgs__rosidl_typesupport_introspection_c.dir/rosidl_typesupport_introspection_c/champ_msgs/msg/detail/imu__type_support.c.o\x1b[0m\n'}
[1.960571] (champ_msgs) StdoutLine: {'line': b'[ 60%] \x1b[32mBuilding C object CMakeFiles/champ_msgs__rosidl_typesupport_introspection_c.dir/rosidl_typesupport_introspection_c/champ_msgs/msg/detail/velocities__type_support.c.o\x1b[0m\n'}
[1.960622] (champ_msgs) StdoutLine: {'line': b'[ 61%] \x1b[32mBuilding C object CMakeFiles/champ_msgs__rosidl_typesupport_introspection_c.dir/rosidl_typesupport_introspection_c/champ_msgs/msg/detail/pid__type_support.c.o\x1b[0m\n'}
[1.965355] (champ_msgs) StdoutLine: {'line': b'[ 62%] \x1b[32mBuilding C object CMakeFiles/champ_msgs__rosidl_typesupport_introspection_c.dir/rosidl_typesupport_introspection_c/champ_msgs/msg/detail/point__type_support.c.o\x1b[0m\n'}
[1.965566] (champ_msgs) StdoutLine: {'line': b'[ 63%] \x1b[32mBuilding C object CMakeFiles/champ_msgs__rosidl_typesupport_introspection_c.dir/rosidl_typesupport_introspection_c/champ_msgs/msg/detail/point_array__type_support.c.o\x1b[0m\n'}
[1.969196] (champ_msgs) StdoutLine: {'line': b'[ 64%] \x1b[32mBuilding C object CMakeFiles/champ_msgs__rosidl_typesupport_introspection_c.dir/rosidl_typesupport_introspection_c/champ_msgs/msg/detail/joints__type_support.c.o\x1b[0m\n'}
[1.970404] (champ_msgs) StdoutLine: {'line': b'[ 65%] \x1b[32mBuilding C object CMakeFiles/champ_msgs__rosidl_typesupport_introspection_c.dir/rosidl_typesupport_introspection_c/champ_msgs/msg/detail/contacts__type_support.c.o\x1b[0m\n'}
[1.975978] (champ_msgs) StdoutLine: {'line': b'[ 67%] \x1b[32mBuilding C object CMakeFiles/champ_msgs__rosidl_typesupport_introspection_c.dir/rosidl_typesupport_introspection_c/champ_msgs/msg/detail/contacts_stamped__type_support.c.o\x1b[0m\n'}
[1.976194] (champ_msgs) StdoutLine: {'line': b'[ 67%] \x1b[32mBuilding C object CMakeFiles/champ_msgs__rosidl_typesupport_introspection_c.dir/rosidl_typesupport_introspection_c/champ_msgs/msg/detail/pose__type_support.c.o\x1b[0m\n'}
[1.980227] (champ_msgs) StdoutLine: {'line': b'[ 68%] \x1b[32m\x1b[1mLinking CXX shared library libchamp_msgs__rosidl_typesupport_cpp.so\x1b[0m\n'}
[1.981605] (champ_msgs) StdoutLine: {'line': b'[ 70%] \x1b[32mBuilding CXX object CMakeFiles/champ_msgs__rosidl_typesupport_fastrtps_c.dir/rosidl_typesupport_fastrtps_c/champ_msgs/msg/detail/imu__type_support_c.cpp.o\x1b[0m\n'}
[1.981758] (champ_msgs) StdoutLine: {'line': b'[ 70%] \x1b[32mBuilding CXX object CMakeFiles/champ_msgs__rosidl_typesupport_fastrtps_c.dir/rosidl_typesupport_fastrtps_c/champ_msgs/msg/detail/velocities__type_support_c.cpp.o\x1b[0m\n'}
[1.984077] (champ_msgs) StdoutLine: {'line': b'[ 71%] \x1b[32mBuilding CXX object CMakeFiles/champ_msgs__rosidl_typesupport_fastrtps_c.dir/rosidl_typesupport_fastrtps_c/champ_msgs/msg/detail/pid__type_support_c.cpp.o\x1b[0m\n'}
[1.990973] (champ_msgs) StdoutLine: {'line': b'[ 71%] Built target champ_msgs__rosidl_typesupport_c\n'}
[1.999768] (champ_msgs) StdoutLine: {'line': b'[ 72%] \x1b[32mBuilding CXX object CMakeFiles/champ_msgs__rosidl_typesupport_fastrtps_c.dir/rosidl_typesupport_fastrtps_c/champ_msgs/msg/detail/point__type_support_c.cpp.o\x1b[0m\n'}
[1.999968] (champ_msgs) StdoutLine: {'line': b'[ 75%] \x1b[32mBuilding CXX object CMakeFiles/champ_msgs__rosidl_typesupport_fastrtps_c.dir/rosidl_typesupport_fastrtps_c/champ_msgs/msg/detail/point_array__type_support_c.cpp.o\x1b[0m\n'}
[2.000022] (champ_msgs) StdoutLine: {'line': b'[ 75%] \x1b[32mBuilding CXX object CMakeFiles/champ_msgs__rosidl_typesupport_fastrtps_c.dir/rosidl_typesupport_fastrtps_c/champ_msgs/msg/detail/joints__type_support_c.cpp.o\x1b[0m\n'}
[2.000068] (champ_msgs) StdoutLine: {'line': b'[ 76%] \x1b[32mBuilding CXX object CMakeFiles/champ_msgs__rosidl_typesupport_fastrtps_c.dir/rosidl_typesupport_fastrtps_c/champ_msgs/msg/detail/contacts__type_support_c.cpp.o\x1b[0m\n'}
[2.000167] (champ_msgs) StdoutLine: {'line': b'[ 77%] \x1b[32mBuilding CXX object CMakeFiles/champ_msgs__rosidl_typesupport_fastrtps_c.dir/rosidl_typesupport_fastrtps_c/champ_msgs/msg/detail/contacts_stamped__type_support_c.cpp.o\x1b[0m\n'}
[2.001092] (champ_msgs) StdoutLine: {'line': b'[ 78%] \x1b[32mBuilding CXX object CMakeFiles/champ_msgs__rosidl_typesupport_fastrtps_c.dir/rosidl_typesupport_fastrtps_c/champ_msgs/msg/detail/pose__type_support_c.cpp.o\x1b[0m\n'}
[2.002084] (-) TimerEvent: {}
[2.012956] (champ_msgs) StdoutLine: {'line': b'[ 78%] Built target champ_msgs__rosidl_typesupport_cpp\n'}
[2.016742] (champ_msgs) StdoutLine: {'line': b'[ 79%] \x1b[32m\x1b[1mLinking C shared library libchamp_msgs__rosidl_typesupport_introspection_c.so\x1b[0m\n'}
[2.035168] (champ_msgs) StdoutLine: {'line': b'[ 79%] Built target champ_msgs__rosidl_typesupport_introspection_c\n'}
[2.102192] (-) TimerEvent: {}
[2.170283] (champ_msgs) StdoutLine: {'line': b'[ 80%] \x1b[32m\x1b[1mLinking CXX shared library libchamp_msgs__rosidl_typesupport_introspection_cpp.so\x1b[0m\n'}
[2.202279] (-) TimerEvent: {}
[2.215539] (champ_msgs) StdoutLine: {'line': b'[ 81%] \x1b[32m\x1b[1mLinking CXX shared library libchamp_msgs__rosidl_typesupport_fastrtps_cpp.so\x1b[0m\n'}
[2.218901] (champ_msgs) StdoutLine: {'line': b'[ 81%] Built target champ_msgs__rosidl_typesupport_introspection_cpp\n'}
[2.257664] (champ_msgs) StdoutLine: {'line': b'[ 81%] Built target champ_msgs__rosidl_typesupport_fastrtps_cpp\n'}
[2.283030] (champ_msgs) StdoutLine: {'line': b'[ 82%] \x1b[32m\x1b[1mLinking CXX shared library libchamp_msgs__rosidl_typesupport_fastrtps_c.so\x1b[0m\n'}
[2.302370] (-) TimerEvent: {}
[2.332208] (champ_msgs) StdoutLine: {'line': b'[ 82%] Built target champ_msgs__rosidl_typesupport_fastrtps_c\n'}
[2.344799] (champ_msgs) StdoutLine: {'line': b'[ 82%] Built target champ_msgs\n'}
[2.365203] (champ_msgs) StdoutLine: {'line': b'[ 83%] \x1b[34m\x1b[1mGenerating Python code for ROS interfaces\x1b[0m\n'}
[2.402497] (-) TimerEvent: {}
[2.502828] (-) TimerEvent: {}
[2.603114] (-) TimerEvent: {}
[2.703465] (-) TimerEvent: {}
[2.758110] (champ_msgs) StdoutLine: {'line': b'[ 83%] Built target champ_msgs__py\n'}
[2.771535] (champ_msgs) StdoutLine: {'line': b'[ 84%] \x1b[32mBuilding C object CMakeFiles/champ_msgs__rosidl_generator_py.dir/rosidl_generator_py/champ_msgs/msg/_velocities_s.c.o\x1b[0m\n'}
[2.771861] (champ_msgs) StdoutLine: {'line': b'[ 85%] \x1b[32mBuilding C object CMakeFiles/champ_msgs__rosidl_generator_py.dir/rosidl_generator_py/champ_msgs/msg/_point_s.c.o\x1b[0m\n'}
[2.772071] (champ_msgs) StdoutLine: {'line': b'[ 86%] \x1b[32mBuilding C object CMakeFiles/champ_msgs__rosidl_generator_py.dir/rosidl_generator_py/champ_msgs/msg/_joints_s.c.o\x1b[0m\n'}
[2.773277] (champ_msgs) StdoutLine: {'line': b'[ 87%] \x1b[32mBuilding C object CMakeFiles/champ_msgs__rosidl_generator_py.dir/rosidl_generator_py/champ_msgs/msg/_contacts_s.c.o\x1b[0m\n'}
[2.773310] (champ_msgs) StdoutLine: {'line': b'[ 88%] \x1b[32mBuilding C object CMakeFiles/champ_msgs__rosidl_generator_py.dir/rosidl_generator_py/champ_msgs/msg/_pid_s.c.o\x1b[0m\n'}
[2.773606] (champ_msgs) StdoutLine: {'line': b'[ 89%] \x1b[32mBuilding C object CMakeFiles/champ_msgs__rosidl_generator_py.dir/rosidl_generator_py/champ_msgs/msg/_point_array_s.c.o\x1b[0m\n'}
[2.774341] (champ_msgs) StdoutLine: {'line': b'[ 90%] \x1b[32mBuilding C object CMakeFiles/champ_msgs__rosidl_generator_py.dir/rosidl_generator_py/champ_msgs/msg/_imu_s.c.o\x1b[0m\n'}
[2.774700] (champ_msgs) StdoutLine: {'line': b'[ 92%] \x1b[32mBuilding C object CMakeFiles/champ_msgs__rosidl_generator_py.dir/rosidl_generator_py/champ_msgs/msg/_pose_s.c.o\x1b[0m\n'}
[2.774731] (champ_msgs) StdoutLine: {'line': b'[ 92%] \x1b[32mBuilding C object CMakeFiles/champ_msgs__rosidl_generator_py.dir/rosidl_generator_py/champ_msgs/msg/_contacts_stamped_s.c.o\x1b[0m\n'}
[2.803544] (-) TimerEvent: {}
[2.869093] (champ_msgs) StdoutLine: {'line': b'[ 93%] \x1b[32m\x1b[1mLinking C shared library rosidl_generator_py/champ_msgs/libchamp_msgs__rosidl_generator_py.so\x1b[0m\n'}
[2.894688] (champ_msgs) StdoutLine: {'line': b'[ 93%] Built target champ_msgs__rosidl_generator_py\n'}
[2.903683] (-) TimerEvent: {}
[2.909457] (champ_msgs) StdoutLine: {'line': b'[ 94%] \x1b[32mBuilding C object CMakeFiles/champ_msgs__rosidl_typesupport_fastrtps_c__pyext.dir/rosidl_generator_py/champ_msgs/_champ_msgs_s.ep.rosidl_typesupport_fastrtps_c.c.o\x1b[0m\n'}
[2.909676] (champ_msgs) StdoutLine: {'line': b'[ 95%] \x1b[32mBuilding C object CMakeFiles/champ_msgs__rosidl_typesupport_c__pyext.dir/rosidl_generator_py/champ_msgs/_champ_msgs_s.ep.rosidl_typesupport_c.c.o\x1b[0m\n'}
[2.909731] (champ_msgs) StdoutLine: {'line': b'[ 96%] \x1b[32mBuilding C object CMakeFiles/champ_msgs__rosidl_typesupport_introspection_c__pyext.dir/rosidl_generator_py/champ_msgs/_champ_msgs_s.ep.rosidl_typesupport_introspection_c.c.o\x1b[0m\n'}
[3.003825] (-) TimerEvent: {}
[3.006303] (champ_msgs) StdoutLine: {'line': b'[ 97%] \x1b[32m\x1b[1mLinking C shared library rosidl_generator_py/champ_msgs/champ_msgs_s__rosidl_typesupport_introspection_c.cpython-310-x86_64-linux-gnu.so\x1b[0m\n'}
[3.007280] (champ_msgs) StdoutLine: {'line': b'[ 98%] \x1b[32m\x1b[1mLinking C shared library rosidl_generator_py/champ_msgs/champ_msgs_s__rosidl_typesupport_fastrtps_c.cpython-310-x86_64-linux-gnu.so\x1b[0m\n'}
[3.007806] (champ_msgs) StdoutLine: {'line': b'[100%] \x1b[32m\x1b[1mLinking C shared library rosidl_generator_py/champ_msgs/champ_msgs_s__rosidl_typesupport_c.cpython-310-x86_64-linux-gnu.so\x1b[0m\n'}
[3.032792] (champ_msgs) StdoutLine: {'line': b'[100%] Built target champ_msgs__rosidl_typesupport_fastrtps_c__pyext\n'}
[3.032869] (champ_msgs) StdoutLine: {'line': b'[100%] Built target champ_msgs__rosidl_typesupport_introspection_c__pyext\n'}
[3.034414] (champ_msgs) StdoutLine: {'line': b'[100%] Built target champ_msgs__rosidl_typesupport_c__pyext\n'}
[3.042122] (champ_msgs) CommandEnded: {'returncode': 0}
[3.042475] (champ_msgs) JobProgress: {'identifier': 'champ_msgs', 'progress': 'install'}
[3.042585] (champ_msgs) Command: {'cmd': ['/usr/bin/cmake', '--install', '/ws_gz/build/champ_msgs'], 'cwd': '/ws_gz/build/champ_msgs', 'env': OrderedDict([('LESSOPEN', '| /usr/bin/lesspipe %s'), ('HOSTNAME', 'jhr-Z790M-AORUS-ELITE-AX'), ('SHLVL', '1'), ('LD_LIBRARY_PATH', '/opt/ros/humble/opt/rviz_ogre_vendor/lib:/opt/ros/humble/lib/x86_64-linux-gnu:/opt/ros/humble/lib'), ('HOME', '/root'), ('ROS_PYTHON_VERSION', '3'), ('ROS_DISTRO', 'humble'), ('_', '/usr/bin/colcon'), ('ROS_VERSION', '2'), ('TERM', 'xterm'), ('ROS_LOCALHOST_ONLY', '0'), ('QT_X11_NO_MITSHM', '1'), ('PATH', '/opt/ros/humble/bin:/usr/local/sbin:/usr/local/bin:/usr/sbin:/usr/bin:/sbin:/bin'), ('DISPLAY', ':1'), ('LANG', 'en_US.UTF-8'), ('LS_COLORS', 'rs=0:di=01;34:ln=01;36:mh=00:pi=40;33:so=01;35:do=01;35:bd=40;33;01:cd=40;33;01:or=40;31;01:mi=00:su=37;41:sg=30;43:ca=30;41:tw=30;42:ow=34;42:st=37;44:ex=01;32:*.tar=01;31:*.tgz=01;31:*.arc=01;31:*.arj=01;31:*.taz=01;31:*.lha=01;31:*.lz4=01;31:*.lzh=01;31:*.lzma=01;31:*.tlz=01;31:*.txz=01;31:*.tzo=01;31:*.t7z=01;31:*.zip=01;31:*.z=01;31:*.dz=01;31:*.gz=01;31:*.lrz=01;31:*.lz=01;31:*.lzo=01;31:*.xz=01;31:*.zst=01;31:*.tzst=01;31:*.bz2=01;31:*.bz=01;31:*.tbz=01;31:*.tbz2=01;31:*.tz=01;31:*.deb=01;31:*.rpm=01;31:*.jar=01;31:*.war=01;31:*.ear=01;31:*.sar=01;31:*.rar=01;31:*.alz=01;31:*.ace=01;31:*.zoo=01;31:*.cpio=01;31:*.7z=01;31:*.rz=01;31:*.cab=01;31:*.wim=01;31:*.swm=01;31:*.dwm=01;31:*.esd=01;31:*.jpg=01;35:*.jpeg=01;35:*.mjpg=01;35:*.mjpeg=01;35:*.gif=01;35:*.bmp=01;35:*.pbm=01;35:*.pgm=01;35:*.ppm=01;35:*.tga=01;35:*.xbm=01;35:*.xpm=01;35:*.tif=01;35:*.tiff=01;35:*.png=01;35:*.svg=01;35:*.svgz=01;35:*.mng=01;35:*.pcx=01;35:*.mov=01;35:*.mpg=01;35:*.mpeg=01;35:*.m2v=01;35:*.mkv=01;35:*.webm=01;35:*.webp=01;35:*.ogm=01;35:*.mp4=01;35:*.m4v=01;35:*.mp4v=01;35:*.vob=01;35:*.qt=01;35:*.nuv=01;35:*.wmv=01;35:*.asf=01;35:*.rm=01;35:*.rmvb=01;35:*.flc=01;35:*.avi=01;35:*.fli=01;35:*.flv=01;35:*.gl=01;35:*.dl=01;35:*.xcf=01;35:*.xwd=01;35:*.yuv=01;35:*.cgm=01;35:*.emf=01;35:*.ogv=01;35:*.ogx=01;35:*.aac=00;36:*.au=00;36:*.flac=00;36:*.m4a=00;36:*.mid=00;36:*.midi=00;36:*.mka=00;36:*.mp3=00;36:*.mpc=00;36:*.ogg=00;36:*.ra=00;36:*.wav=00;36:*.oga=00;36:*.opus=00;36:*.spx=00;36:*.xspf=00;36:'), ('AMENT_PREFIX_PATH', '/opt/ros/humble'), ('LESSCLOSE', '/usr/bin/lesspipe %s %s'), ('PWD', '/ws_gz/build/champ_msgs'), ('PYTHONPATH', '/opt/ros/humble/lib/python3.10/site-packages:/opt/ros/humble/local/lib/python3.10/dist-packages'), ('COLCON', '1'), ('CMAKE_PREFIX_PATH', '/opt/ros/humble')]), 'shell': False}
[3.047698] (champ_msgs) StdoutLine: {'line': b'-- Install configuration: "Release"\n'}
[3.048257] (champ_msgs) StdoutLine: {'line': b'-- Execute custom install script\n'}
[3.048527] (champ_msgs) StdoutLine: {'line': b'-- Symlinking: /ws_gz/install/champ_msgs/share/ament_index/resource_index/rosidl_interfaces/champ_msgs\n'}
[3.055281] (champ_msgs) StdoutLine: {'line': b'-- Symlinking: /ws_gz/install/champ_msgs/include/champ_msgs/champ_msgs/msg/contacts.h\n'}
[3.062051] (champ_msgs) StdoutLine: {'line': b'-- Symlinking: /ws_gz/install/champ_msgs/include/champ_msgs/champ_msgs/msg/contacts_stamped.h\n'}
[3.072109] (champ_msgs) StdoutLine: {'line': b'-- Symlinking: /ws_gz/install/champ_msgs/include/champ_msgs/champ_msgs/msg/detail/contacts__functions.h\n'}
[3.084053] (champ_msgs) StdoutLine: {'line': b'-- Symlinking: /ws_gz/install/champ_msgs/include/champ_msgs/champ_msgs/msg/detail/contacts__struct.h\n'}
[3.090477] (champ_msgs) StdoutLine: {'line': b'-- Symlinking: /ws_gz/install/champ_msgs/include/champ_msgs/champ_msgs/msg/detail/contacts__type_support.h\n'}
[3.103808] (champ_msgs) StdoutLine: {'line': b'-- Symlinking: /ws_gz/install/champ_msgs/include/champ_msgs/champ_msgs/msg/detail/contacts_stamped__functions.h\n'}
[3.103931] (-) TimerEvent: {}
[3.117989] (champ_msgs) StdoutLine: {'line': b'-- Symlinking: /ws_gz/install/champ_msgs/include/champ_msgs/champ_msgs/msg/detail/contacts_stamped__struct.h\n'}
[3.123832] (champ_msgs) StdoutLine: {'line': b'-- Symlinking: /ws_gz/install/champ_msgs/include/champ_msgs/champ_msgs/msg/detail/contacts_stamped__type_support.h\n'}
[3.128380] (champ_msgs) StdoutLine: {'line': b'-- Symlinking: /ws_gz/install/champ_msgs/include/champ_msgs/champ_msgs/msg/detail/imu__functions.h\n'}
[3.133052] (champ_msgs) StdoutLine: {'line': b'-- Symlinking: /ws_gz/install/champ_msgs/include/champ_msgs/champ_msgs/msg/detail/imu__struct.h\n'}
[3.142427] (champ_msgs) StdoutLine: {'line': b'-- Symlinking: /ws_gz/install/champ_msgs/include/champ_msgs/champ_msgs/msg/detail/imu__type_support.h\n'}
[3.156086] (champ_msgs) StdoutLine: {'line': b'-- Symlinking: /ws_gz/install/champ_msgs/include/champ_msgs/champ_msgs/msg/detail/joints__functions.h\n'}
[3.172166] (champ_msgs) StdoutLine: {'line': b'-- Symlinking: /ws_gz/install/champ_msgs/include/champ_msgs/champ_msgs/msg/detail/joints__struct.h\n'}
[3.187273] (champ_msgs) StdoutLine: {'line': b'-- Symlinking: /ws_gz/install/champ_msgs/include/champ_msgs/champ_msgs/msg/detail/joints__type_support.h\n'}
[3.196564] (champ_msgs) StdoutLine: {'line': b'-- Symlinking: /ws_gz/install/champ_msgs/include/champ_msgs/champ_msgs/msg/detail/pid__functions.h\n'}
[3.204021] (-) TimerEvent: {}
[3.206785] (champ_msgs) StdoutLine: {'line': b'-- Symlinking: /ws_gz/install/champ_msgs/include/champ_msgs/champ_msgs/msg/detail/pid__struct.h\n'}
[3.213199] (champ_msgs) StdoutLine: {'line': b'-- Symlinking: /ws_gz/install/champ_msgs/include/champ_msgs/champ_msgs/msg/detail/pid__type_support.h\n'}
[3.223675] (champ_msgs) StdoutLine: {'line': b'-- Symlinking: /ws_gz/install/champ_msgs/include/champ_msgs/champ_msgs/msg/detail/point__functions.h\n'}
[3.235880] (champ_msgs) StdoutLine: {'line': b'-- Symlinking: /ws_gz/install/champ_msgs/include/champ_msgs/champ_msgs/msg/detail/point__struct.h\n'}
[3.243467] (champ_msgs) StdoutLine: {'line': b'-- Symlinking: /ws_gz/install/champ_msgs/include/champ_msgs/champ_msgs/msg/detail/point__type_support.h\n'}
[3.254061] (champ_msgs) StdoutLine: {'line': b'-- Symlinking: /ws_gz/install/champ_msgs/include/champ_msgs/champ_msgs/msg/detail/point_array__functions.h\n'}
[3.265529] (champ_msgs) StdoutLine: {'line': b'-- Symlinking: /ws_gz/install/champ_msgs/include/champ_msgs/champ_msgs/msg/detail/point_array__struct.h\n'}
[3.275825] (champ_msgs) StdoutLine: {'line': b'-- Symlinking: /ws_gz/install/champ_msgs/include/champ_msgs/champ_msgs/msg/detail/point_array__type_support.h\n'}
[3.282879] (champ_msgs) StdoutLine: {'line': b'-- Symlinking: /ws_gz/install/champ_msgs/include/champ_msgs/champ_msgs/msg/detail/pose__functions.h\n'}
[3.288539] (champ_msgs) StdoutLine: {'line': b'-- Symlinking: /ws_gz/install/champ_msgs/include/champ_msgs/champ_msgs/msg/detail/pose__struct.h\n'}
[3.294983] (champ_msgs) StdoutLine: {'line': b'-- Symlinking: /ws_gz/install/champ_msgs/include/champ_msgs/champ_msgs/msg/detail/pose__type_support.h\n'}
[3.304166] (-) TimerEvent: {}
[3.304785] (champ_msgs) StdoutLine: {'line': b'-- Symlinking: /ws_gz/install/champ_msgs/include/champ_msgs/champ_msgs/msg/detail/velocities__functions.h\n'}
[3.312392] (champ_msgs) StdoutLine: {'line': b'-- Symlinking: /ws_gz/install/champ_msgs/include/champ_msgs/champ_msgs/msg/detail/velocities__struct.h\n'}
[3.320568] (champ_msgs) StdoutLine: {'line': b'-- Symlinking: /ws_gz/install/champ_msgs/include/champ_msgs/champ_msgs/msg/detail/velocities__type_support.h\n'}
[3.331097] (champ_msgs) StdoutLine: {'line': b'-- Symlinking: /ws_gz/install/champ_msgs/include/champ_msgs/champ_msgs/msg/imu.h\n'}
[3.340776] (champ_msgs) StdoutLine: {'line': b'-- Symlinking: /ws_gz/install/champ_msgs/include/champ_msgs/champ_msgs/msg/joints.h\n'}
[3.349877] (champ_msgs) StdoutLine: {'line': b'-- Symlinking: /ws_gz/install/champ_msgs/include/champ_msgs/champ_msgs/msg/pid.h\n'}
[3.364973] (champ_msgs) StdoutLine: {'line': b'-- Symlinking: /ws_gz/install/champ_msgs/include/champ_msgs/champ_msgs/msg/point.h\n'}
[3.381907] (champ_msgs) StdoutLine: {'line': b'-- Symlinking: /ws_gz/install/champ_msgs/include/champ_msgs/champ_msgs/msg/point_array.h\n'}
[3.396973] (champ_msgs) StdoutLine: {'line': b'-- Symlinking: /ws_gz/install/champ_msgs/include/champ_msgs/champ_msgs/msg/pose.h\n'}
[3.404405] (-) TimerEvent: {}
[3.414536] (champ_msgs) StdoutLine: {'line': b'-- Symlinking: /ws_gz/install/champ_msgs/include/champ_msgs/champ_msgs/msg/rosidl_generator_c__visibility_control.h\n'}
[3.429980] (champ_msgs) StdoutLine: {'line': b'-- Symlinking: /ws_gz/install/champ_msgs/include/champ_msgs/champ_msgs/msg/velocities.h\n'}
[3.446252] (champ_msgs) StdoutLine: {'line': b'-- Symlinking: /ws_gz/install/champ_msgs/share/champ_msgs/environment/library_path.sh\n'}
[3.461486] (champ_msgs) StdoutLine: {'line': b'-- Symlinking: /ws_gz/install/champ_msgs/share/champ_msgs/environment/library_path.dsv\n'}
[3.472345] (champ_msgs) StdoutLine: {'line': b'-- Symlinking: /ws_gz/install/champ_msgs/include/champ_msgs/champ_msgs/msg/detail/contacts__rosidl_typesupport_fastrtps_c.h\n'}
[3.487765] (champ_msgs) StdoutLine: {'line': b'-- Symlinking: /ws_gz/install/champ_msgs/include/champ_msgs/champ_msgs/msg/detail/contacts_stamped__rosidl_typesupport_fastrtps_c.h\n'}
[3.496737] (champ_msgs) StdoutLine: {'line': b'-- Symlinking: /ws_gz/install/champ_msgs/include/champ_msgs/champ_msgs/msg/detail/imu__rosidl_typesupport_fastrtps_c.h\n'}
[3.504582] (-) TimerEvent: {}
[3.505944] (champ_msgs) StdoutLine: {'line': b'-- Symlinking: /ws_gz/install/champ_msgs/include/champ_msgs/champ_msgs/msg/detail/joints__rosidl_typesupport_fastrtps_c.h\n'}
[3.517809] (champ_msgs) StdoutLine: {'line': b'-- Symlinking: /ws_gz/install/champ_msgs/include/champ_msgs/champ_msgs/msg/detail/pid__rosidl_typesupport_fastrtps_c.h\n'}
[3.531351] (champ_msgs) StdoutLine: {'line': b'-- Symlinking: /ws_gz/install/champ_msgs/include/champ_msgs/champ_msgs/msg/detail/point__rosidl_typesupport_fastrtps_c.h\n'}
[3.537816] (champ_msgs) StdoutLine: {'line': b'-- Symlinking: /ws_gz/install/champ_msgs/include/champ_msgs/champ_msgs/msg/detail/point_array__rosidl_typesupport_fastrtps_c.h\n'}
[3.545237] (champ_msgs) StdoutLine: {'line': b'-- Symlinking: /ws_gz/install/champ_msgs/include/champ_msgs/champ_msgs/msg/detail/pose__rosidl_typesupport_fastrtps_c.h\n'}
[3.552544] (champ_msgs) StdoutLine: {'line': b'-- Symlinking: /ws_gz/install/champ_msgs/include/champ_msgs/champ_msgs/msg/detail/velocities__rosidl_typesupport_fastrtps_c.h\n'}
[3.561419] (champ_msgs) StdoutLine: {'line': b'-- Symlinking: /ws_gz/install/champ_msgs/include/champ_msgs/champ_msgs/msg/rosidl_typesupport_fastrtps_c__visibility_control.h\n'}
[3.566296] (champ_msgs) StdoutLine: {'line': b'-- Symlinking: /ws_gz/install/champ_msgs/include/champ_msgs/champ_msgs/msg/detail/contacts__rosidl_typesupport_introspection_c.h\n'}
[3.571018] (champ_msgs) StdoutLine: {'line': b'-- Symlinking: /ws_gz/install/champ_msgs/include/champ_msgs/champ_msgs/msg/detail/contacts_stamped__rosidl_typesupport_introspection_c.h\n'}
[3.575883] (champ_msgs) StdoutLine: {'line': b'-- Symlinking: /ws_gz/install/champ_msgs/include/champ_msgs/champ_msgs/msg/detail/imu__rosidl_typesupport_introspection_c.h\n'}
[3.579706] (champ_msgs) StdoutLine: {'line': b'-- Symlinking: /ws_gz/install/champ_msgs/include/champ_msgs/champ_msgs/msg/detail/joints__rosidl_typesupport_introspection_c.h\n'}
[3.584775] (champ_msgs) StdoutLine: {'line': b'-- Symlinking: /ws_gz/install/champ_msgs/include/champ_msgs/champ_msgs/msg/detail/pid__rosidl_typesupport_introspection_c.h\n'}
[3.589550] (champ_msgs) StdoutLine: {'line': b'-- Symlinking: /ws_gz/install/champ_msgs/include/champ_msgs/champ_msgs/msg/detail/point__rosidl_typesupport_introspection_c.h\n'}
[3.594399] (champ_msgs) StdoutLine: {'line': b'-- Symlinking: /ws_gz/install/champ_msgs/include/champ_msgs/champ_msgs/msg/detail/point_array__rosidl_typesupport_introspection_c.h\n'}
[3.599407] (champ_msgs) StdoutLine: {'line': b'-- Symlinking: /ws_gz/install/champ_msgs/include/champ_msgs/champ_msgs/msg/detail/pose__rosidl_typesupport_introspection_c.h\n'}
[3.603749] (champ_msgs) StdoutLine: {'line': b'-- Symlinking: /ws_gz/install/champ_msgs/include/champ_msgs/champ_msgs/msg/detail/velocities__rosidl_typesupport_introspection_c.h\n'}
[3.604709] (-) TimerEvent: {}
[3.608712] (champ_msgs) StdoutLine: {'line': b'-- Symlinking: /ws_gz/install/champ_msgs/include/champ_msgs/champ_msgs/msg/rosidl_typesupport_introspection_c__visibility_control.h\n'}
[3.612383] (champ_msgs) StdoutLine: {'line': b'-- Symlinking: /ws_gz/install/champ_msgs/include/champ_msgs/champ_msgs/msg/contacts.hpp\n'}
[3.617766] (champ_msgs) StdoutLine: {'line': b'-- Symlinking: /ws_gz/install/champ_msgs/include/champ_msgs/champ_msgs/msg/contacts_stamped.hpp\n'}
[3.623870] (champ_msgs) StdoutLine: {'line': b'-- Symlinking: /ws_gz/install/champ_msgs/include/champ_msgs/champ_msgs/msg/detail/contacts__builder.hpp\n'}
[3.628550] (champ_msgs) StdoutLine: {'line': b'-- Symlinking: /ws_gz/install/champ_msgs/include/champ_msgs/champ_msgs/msg/detail/contacts__struct.hpp\n'}
[3.633704] (champ_msgs) StdoutLine: {'line': b'-- Symlinking: /ws_gz/install/champ_msgs/include/champ_msgs/champ_msgs/msg/detail/contacts__traits.hpp\n'}
[3.639523] (champ_msgs) StdoutLine: {'line': b'-- Symlinking: /ws_gz/install/champ_msgs/include/champ_msgs/champ_msgs/msg/detail/contacts__type_support.hpp\n'}
[3.648657] (champ_msgs) StdoutLine: {'line': b'-- Symlinking: /ws_gz/install/champ_msgs/include/champ_msgs/champ_msgs/msg/detail/contacts_stamped__builder.hpp\n'}
[3.658706] (champ_msgs) StdoutLine: {'line': b'-- Symlinking: /ws_gz/install/champ_msgs/include/champ_msgs/champ_msgs/msg/detail/contacts_stamped__struct.hpp\n'}
[3.664787] (champ_msgs) StdoutLine: {'line': b'-- Symlinking: /ws_gz/install/champ_msgs/include/champ_msgs/champ_msgs/msg/detail/contacts_stamped__traits.hpp\n'}
[3.671950] (champ_msgs) StdoutLine: {'line': b'-- Symlinking: /ws_gz/install/champ_msgs/include/champ_msgs/champ_msgs/msg/detail/contacts_stamped__type_support.hpp\n'}
[3.682914] (champ_msgs) StdoutLine: {'line': b'-- Symlinking: /ws_gz/install/champ_msgs/include/champ_msgs/champ_msgs/msg/detail/imu__builder.hpp\n'}
[3.694415] (champ_msgs) StdoutLine: {'line': b'-- Symlinking: /ws_gz/install/champ_msgs/include/champ_msgs/champ_msgs/msg/detail/imu__struct.hpp\n'}
[3.699228] (champ_msgs) StdoutLine: {'line': b'-- Symlinking: /ws_gz/install/champ_msgs/include/champ_msgs/champ_msgs/msg/detail/imu__traits.hpp\n'}
[3.704499] (champ_msgs) StdoutLine: {'line': b'-- Symlinking: /ws_gz/install/champ_msgs/include/champ_msgs/champ_msgs/msg/detail/imu__type_support.hpp\n'}
[3.704770] (-) TimerEvent: {}
[3.710905] (champ_msgs) StdoutLine: {'line': b'-- Symlinking: /ws_gz/install/champ_msgs/include/champ_msgs/champ_msgs/msg/detail/joints__builder.hpp\n'}
[3.720705] (champ_msgs) StdoutLine: {'line': b'-- Symlinking: /ws_gz/install/champ_msgs/include/champ_msgs/champ_msgs/msg/detail/joints__struct.hpp\n'}
[3.727499] (champ_msgs) StdoutLine: {'line': b'-- Symlinking: /ws_gz/install/champ_msgs/include/champ_msgs/champ_msgs/msg/detail/joints__traits.hpp\n'}
[3.735049] (champ_msgs) StdoutLine: {'line': b'-- Symlinking: /ws_gz/install/champ_msgs/include/champ_msgs/champ_msgs/msg/detail/joints__type_support.hpp\n'}
[3.743997] (champ_msgs) StdoutLine: {'line': b'-- Symlinking: /ws_gz/install/champ_msgs/include/champ_msgs/champ_msgs/msg/detail/pid__builder.hpp\n'}
[3.751345] (champ_msgs) StdoutLine: {'line': b'-- Symlinking: /ws_gz/install/champ_msgs/include/champ_msgs/champ_msgs/msg/detail/pid__struct.hpp\n'}
[3.760576] (champ_msgs) StdoutLine: {'line': b'-- Symlinking: /ws_gz/install/champ_msgs/include/champ_msgs/champ_msgs/msg/detail/pid__traits.hpp\n'}
[3.766727] (champ_msgs) StdoutLine: {'line': b'-- Symlinking: /ws_gz/install/champ_msgs/include/champ_msgs/champ_msgs/msg/detail/pid__type_support.hpp\n'}
[3.775079] (champ_msgs) StdoutLine: {'line': b'-- Symlinking: /ws_gz/install/champ_msgs/include/champ_msgs/champ_msgs/msg/detail/point__builder.hpp\n'}
[3.790207] (champ_msgs) StdoutLine: {'line': b'-- Symlinking: /ws_gz/install/champ_msgs/include/champ_msgs/champ_msgs/msg/detail/point__struct.hpp\n'}
[3.796247] (champ_msgs) StdoutLine: {'line': b'-- Symlinking: /ws_gz/install/champ_msgs/include/champ_msgs/champ_msgs/msg/detail/point__traits.hpp\n'}
[3.800905] (champ_msgs) StdoutLine: {'line': b'-- Symlinking: /ws_gz/install/champ_msgs/include/champ_msgs/champ_msgs/msg/detail/point__type_support.hpp\n'}
[3.804831] (-) TimerEvent: {}
[3.805175] (champ_msgs) StdoutLine: {'line': b'-- Symlinking: /ws_gz/install/champ_msgs/include/champ_msgs/champ_msgs/msg/detail/point_array__builder.hpp\n'}
[3.810475] (champ_msgs) StdoutLine: {'line': b'-- Symlinking: /ws_gz/install/champ_msgs/include/champ_msgs/champ_msgs/msg/detail/point_array__struct.hpp\n'}
[3.815257] (champ_msgs) StdoutLine: {'line': b'-- Symlinking: /ws_gz/install/champ_msgs/include/champ_msgs/champ_msgs/msg/detail/point_array__traits.hpp\n'}
[3.819795] (champ_msgs) StdoutLine: {'line': b'-- Symlinking: /ws_gz/install/champ_msgs/include/champ_msgs/champ_msgs/msg/detail/point_array__type_support.hpp\n'}
[3.824001] (champ_msgs) StdoutLine: {'line': b'-- Symlinking: /ws_gz/install/champ_msgs/include/champ_msgs/champ_msgs/msg/detail/pose__builder.hpp\n'}
[3.827697] (champ_msgs) StdoutLine: {'line': b'-- Symlinking: /ws_gz/install/champ_msgs/include/champ_msgs/champ_msgs/msg/detail/pose__struct.hpp\n'}
[3.832621] (champ_msgs) StdoutLine: {'line': b'-- Symlinking: /ws_gz/install/champ_msgs/include/champ_msgs/champ_msgs/msg/detail/pose__traits.hpp\n'}
[3.836509] (champ_msgs) StdoutLine: {'line': b'-- Symlinking: /ws_gz/install/champ_msgs/include/champ_msgs/champ_msgs/msg/detail/pose__type_support.hpp\n'}
[3.841892] (champ_msgs) StdoutLine: {'line': b'-- Symlinking: /ws_gz/install/champ_msgs/include/champ_msgs/champ_msgs/msg/detail/velocities__builder.hpp\n'}
[3.849407] (champ_msgs) StdoutLine: {'line': b'-- Symlinking: /ws_gz/install/champ_msgs/include/champ_msgs/champ_msgs/msg/detail/velocities__struct.hpp\n'}
[3.857074] (champ_msgs) StdoutLine: {'line': b'-- Symlinking: /ws_gz/install/champ_msgs/include/champ_msgs/champ_msgs/msg/detail/velocities__traits.hpp\n'}
[3.871546] (champ_msgs) StdoutLine: {'line': b'-- Symlinking: /ws_gz/install/champ_msgs/include/champ_msgs/champ_msgs/msg/detail/velocities__type_support.hpp\n'}
[3.886364] (champ_msgs) StdoutLine: {'line': b'-- Symlinking: /ws_gz/install/champ_msgs/include/champ_msgs/champ_msgs/msg/imu.hpp\n'}
[3.892216] (champ_msgs) StdoutLine: {'line': b'-- Symlinking: /ws_gz/install/champ_msgs/include/champ_msgs/champ_msgs/msg/joints.hpp\n'}
[3.899501] (champ_msgs) StdoutLine: {'line': b'-- Symlinking: /ws_gz/install/champ_msgs/include/champ_msgs/champ_msgs/msg/pid.hpp\n'}
[3.904896] (-) TimerEvent: {}
[3.906958] (champ_msgs) StdoutLine: {'line': b'-- Symlinking: /ws_gz/install/champ_msgs/include/champ_msgs/champ_msgs/msg/point.hpp\n'}
[3.910922] (champ_msgs) StdoutLine: {'line': b'-- Symlinking: /ws_gz/install/champ_msgs/include/champ_msgs/champ_msgs/msg/point_array.hpp\n'}
[3.915968] (champ_msgs) StdoutLine: {'line': b'-- Symlinking: /ws_gz/install/champ_msgs/include/champ_msgs/champ_msgs/msg/pose.hpp\n'}
[3.920457] (champ_msgs) StdoutLine: {'line': b'-- Symlinking: /ws_gz/install/champ_msgs/include/champ_msgs/champ_msgs/msg/rosidl_generator_cpp__visibility_control.hpp\n'}
[3.924894] (champ_msgs) StdoutLine: {'line': b'-- Symlinking: /ws_gz/install/champ_msgs/include/champ_msgs/champ_msgs/msg/velocities.hpp\n'}
[3.930198] (champ_msgs) StdoutLine: {'line': b'-- Symlinking: /ws_gz/install/champ_msgs/include/champ_msgs/champ_msgs/msg/detail/contacts__rosidl_typesupport_fastrtps_cpp.hpp\n'}
[3.935045] (champ_msgs) StdoutLine: {'line': b'-- Symlinking: /ws_gz/install/champ_msgs/include/champ_msgs/champ_msgs/msg/detail/contacts_stamped__rosidl_typesupport_fastrtps_cpp.hpp\n'}
[3.939997] (champ_msgs) StdoutLine: {'line': b'-- Symlinking: /ws_gz/install/champ_msgs/include/champ_msgs/champ_msgs/msg/detail/imu__rosidl_typesupport_fastrtps_cpp.hpp\n'}
[3.944735] (champ_msgs) StdoutLine: {'line': b'-- Symlinking: /ws_gz/install/champ_msgs/include/champ_msgs/champ_msgs/msg/detail/joints__rosidl_typesupport_fastrtps_cpp.hpp\n'}
[3.949397] (champ_msgs) StdoutLine: {'line': b'-- Symlinking: /ws_gz/install/champ_msgs/include/champ_msgs/champ_msgs/msg/detail/pid__rosidl_typesupport_fastrtps_cpp.hpp\n'}
[3.953294] (champ_msgs) StdoutLine: {'line': b'-- Symlinking: /ws_gz/install/champ_msgs/include/champ_msgs/champ_msgs/msg/detail/point__rosidl_typesupport_fastrtps_cpp.hpp\n'}
[3.957533] (champ_msgs) StdoutLine: {'line': b'-- Symlinking: /ws_gz/install/champ_msgs/include/champ_msgs/champ_msgs/msg/detail/point_array__rosidl_typesupport_fastrtps_cpp.hpp\n'}
[3.963619] (champ_msgs) StdoutLine: {'line': b'-- Symlinking: /ws_gz/install/champ_msgs/include/champ_msgs/champ_msgs/msg/detail/pose__rosidl_typesupport_fastrtps_cpp.hpp\n'}
[3.971202] (champ_msgs) StdoutLine: {'line': b'-- Symlinking: /ws_gz/install/champ_msgs/include/champ_msgs/champ_msgs/msg/detail/velocities__rosidl_typesupport_fastrtps_cpp.hpp\n'}
[3.976202] (champ_msgs) StdoutLine: {'line': b'-- Symlinking: /ws_gz/install/champ_msgs/include/champ_msgs/champ_msgs/msg/rosidl_typesupport_fastrtps_cpp__visibility_control.h\n'}
[3.984096] (champ_msgs) StdoutLine: {'line': b'-- Symlinking: /ws_gz/install/champ_msgs/include/champ_msgs/champ_msgs/msg/detail/contacts__rosidl_typesupport_introspection_cpp.hpp\n'}
[3.993792] (champ_msgs) StdoutLine: {'line': b'-- Symlinking: /ws_gz/install/champ_msgs/include/champ_msgs/champ_msgs/msg/detail/contacts_stamped__rosidl_typesupport_introspection_cpp.hpp\n'}
[4.004972] (-) TimerEvent: {}
[4.005910] (champ_msgs) StdoutLine: {'line': b'-- Symlinking: /ws_gz/install/champ_msgs/include/champ_msgs/champ_msgs/msg/detail/imu__rosidl_typesupport_introspection_cpp.hpp\n'}
[4.012219] (champ_msgs) StdoutLine: {'line': b'-- Symlinking: /ws_gz/install/champ_msgs/include/champ_msgs/champ_msgs/msg/detail/joints__rosidl_typesupport_introspection_cpp.hpp\n'}
[4.022369] (champ_msgs) StdoutLine: {'line': b'-- Symlinking: /ws_gz/install/champ_msgs/include/champ_msgs/champ_msgs/msg/detail/pid__rosidl_typesupport_introspection_cpp.hpp\n'}
[4.035045] (champ_msgs) StdoutLine: {'line': b'-- Symlinking: /ws_gz/install/champ_msgs/include/champ_msgs/champ_msgs/msg/detail/point__rosidl_typesupport_introspection_cpp.hpp\n'}
[4.044548] (champ_msgs) StdoutLine: {'line': b'-- Symlinking: /ws_gz/install/champ_msgs/include/champ_msgs/champ_msgs/msg/detail/point_array__rosidl_typesupport_introspection_cpp.hpp\n'}
[4.050621] (champ_msgs) StdoutLine: {'line': b'-- Symlinking: /ws_gz/install/champ_msgs/include/champ_msgs/champ_msgs/msg/detail/pose__rosidl_typesupport_introspection_cpp.hpp\n'}
[4.058184] (champ_msgs) StdoutLine: {'line': b'-- Symlinking: /ws_gz/install/champ_msgs/include/champ_msgs/champ_msgs/msg/detail/velocities__rosidl_typesupport_introspection_cpp.hpp\n'}
[4.065109] (champ_msgs) StdoutLine: {'line': b'-- Symlinking: /ws_gz/install/champ_msgs/share/champ_msgs/environment/pythonpath.sh\n'}
[4.073236] (champ_msgs) StdoutLine: {'line': b'-- Symlinking: /ws_gz/install/champ_msgs/share/champ_msgs/environment/pythonpath.dsv\n'}
[4.077998] (champ_msgs) StdoutLine: {'line': b'-- Symlinking: /ws_gz/install/champ_msgs/local/lib/python3.10/dist-packages/champ_msgs-0.1.0-py3.10.egg-info/PKG-INFO\n'}
[4.081938] (champ_msgs) StdoutLine: {'line': b'-- Symlinking: /ws_gz/install/champ_msgs/local/lib/python3.10/dist-packages/champ_msgs-0.1.0-py3.10.egg-info/SOURCES.txt\n'}
[4.085576] (champ_msgs) StdoutLine: {'line': b'-- Symlinking: /ws_gz/install/champ_msgs/local/lib/python3.10/dist-packages/champ_msgs-0.1.0-py3.10.egg-info/dependency_links.txt\n'}
[4.090916] (champ_msgs) StdoutLine: {'line': b'-- Symlinking: /ws_gz/install/champ_msgs/local/lib/python3.10/dist-packages/champ_msgs-0.1.0-py3.10.egg-info/top_level.txt\n'}
[4.098383] (champ_msgs) StdoutLine: {'line': b'-- Symlinking: /ws_gz/install/champ_msgs/local/lib/python3.10/dist-packages/champ_msgs/__init__.py\n'}
[4.103145] (champ_msgs) StdoutLine: {'line': b'-- Symlinking: /ws_gz/install/champ_msgs/local/lib/python3.10/dist-packages/champ_msgs/_champ_msgs_s.ep.rosidl_typesupport_c.c\n'}
[4.105024] (-) TimerEvent: {}
[4.107918] (champ_msgs) StdoutLine: {'line': b'-- Symlinking: /ws_gz/install/champ_msgs/local/lib/python3.10/dist-packages/champ_msgs/_champ_msgs_s.ep.rosidl_typesupport_fastrtps_c.c\n'}
[4.112992] (champ_msgs) StdoutLine: {'line': b'-- Symlinking: /ws_gz/install/champ_msgs/local/lib/python3.10/dist-packages/champ_msgs/_champ_msgs_s.ep.rosidl_typesupport_introspection_c.c\n'}
[4.118774] (champ_msgs) StdoutLine: {'line': b'-- Symlinking: /ws_gz/install/champ_msgs/local/lib/python3.10/dist-packages/champ_msgs/champ_msgs_s__rosidl_typesupport_c.cpython-310-x86_64-linux-gnu.so\n'}
[4.127424] (champ_msgs) StdoutLine: {'line': b'-- Symlinking: /ws_gz/install/champ_msgs/local/lib/python3.10/dist-packages/champ_msgs/champ_msgs_s__rosidl_typesupport_fastrtps_c.cpython-310-x86_64-linux-gnu.so\n'}
[4.138199] (champ_msgs) StdoutLine: {'line': b'-- Symlinking: /ws_gz/install/champ_msgs/local/lib/python3.10/dist-packages/champ_msgs/champ_msgs_s__rosidl_typesupport_introspection_c.cpython-310-x86_64-linux-gnu.so\n'}
[4.143278] (champ_msgs) StdoutLine: {'line': b'-- Symlinking: /ws_gz/install/champ_msgs/local/lib/python3.10/dist-packages/champ_msgs/libchamp_msgs__rosidl_generator_py.so\n'}
[4.146878] (champ_msgs) StdoutLine: {'line': b'-- Symlinking: /ws_gz/install/champ_msgs/local/lib/python3.10/dist-packages/champ_msgs/msg/__init__.py\n'}
[4.151405] (champ_msgs) StdoutLine: {'line': b'-- Symlinking: /ws_gz/install/champ_msgs/local/lib/python3.10/dist-packages/champ_msgs/msg/_contacts.py\n'}
[4.157417] (champ_msgs) StdoutLine: {'line': b'-- Symlinking: /ws_gz/install/champ_msgs/local/lib/python3.10/dist-packages/champ_msgs/msg/_contacts_s.c\n'}
[4.164697] (champ_msgs) StdoutLine: {'line': b'-- Symlinking: /ws_gz/install/champ_msgs/local/lib/python3.10/dist-packages/champ_msgs/msg/_contacts_stamped.py\n'}
[4.169854] (champ_msgs) StdoutLine: {'line': b'-- Symlinking: /ws_gz/install/champ_msgs/local/lib/python3.10/dist-packages/champ_msgs/msg/_contacts_stamped_s.c\n'}
[4.175576] (champ_msgs) StdoutLine: {'line': b'-- Symlinking: /ws_gz/install/champ_msgs/local/lib/python3.10/dist-packages/champ_msgs/msg/_imu.py\n'}
[4.179034] (champ_msgs) StdoutLine: {'line': b'-- Symlinking: /ws_gz/install/champ_msgs/local/lib/python3.10/dist-packages/champ_msgs/msg/_imu_s.c\n'}
[4.182932] (champ_msgs) StdoutLine: {'line': b'-- Symlinking: /ws_gz/install/champ_msgs/local/lib/python3.10/dist-packages/champ_msgs/msg/_joints.py\n'}
[4.187370] (champ_msgs) StdoutLine: {'line': b'-- Symlinking: /ws_gz/install/champ_msgs/local/lib/python3.10/dist-packages/champ_msgs/msg/_joints_s.c\n'}
[4.192363] (champ_msgs) StdoutLine: {'line': b'-- Symlinking: /ws_gz/install/champ_msgs/local/lib/python3.10/dist-packages/champ_msgs/msg/_pid.py\n'}
[4.198454] (champ_msgs) StdoutLine: {'line': b'-- Symlinking: /ws_gz/install/champ_msgs/local/lib/python3.10/dist-packages/champ_msgs/msg/_pid_s.c\n'}
[4.203277] (champ_msgs) StdoutLine: {'line': b'-- Symlinking: /ws_gz/install/champ_msgs/local/lib/python3.10/dist-packages/champ_msgs/msg/_point.py\n'}
[4.205088] (-) TimerEvent: {}
[4.209111] (champ_msgs) StdoutLine: {'line': b'-- Symlinking: /ws_gz/install/champ_msgs/local/lib/python3.10/dist-packages/champ_msgs/msg/_point_array.py\n'}
[4.214096] (champ_msgs) StdoutLine: {'line': b'-- Symlinking: /ws_gz/install/champ_msgs/local/lib/python3.10/dist-packages/champ_msgs/msg/_point_array_s.c\n'}
[4.217645] (champ_msgs) StdoutLine: {'line': b'-- Symlinking: /ws_gz/install/champ_msgs/local/lib/python3.10/dist-packages/champ_msgs/msg/_point_s.c\n'}
[4.222669] (champ_msgs) StdoutLine: {'line': b'-- Symlinking: /ws_gz/install/champ_msgs/local/lib/python3.10/dist-packages/champ_msgs/msg/_pose.py\n'}
[4.231018] (champ_msgs) StdoutLine: {'line': b'-- Symlinking: /ws_gz/install/champ_msgs/local/lib/python3.10/dist-packages/champ_msgs/msg/_pose_s.c\n'}
[4.238239] (champ_msgs) StdoutLine: {'line': b'-- Symlinking: /ws_gz/install/champ_msgs/local/lib/python3.10/dist-packages/champ_msgs/msg/_velocities.py\n'}
[4.243899] (champ_msgs) StdoutLine: {'line': b'-- Symlinking: /ws_gz/install/champ_msgs/local/lib/python3.10/dist-packages/champ_msgs/msg/_velocities_s.c\n'}
[4.252941] (champ_msgs) StdoutLine: {'line': b'-- Up-to-date symlink: /ws_gz/install/champ_msgs/local/lib/python3.10/dist-packages/champ_msgs/champ_msgs_s__rosidl_typesupport_fastrtps_c.cpython-310-x86_64-linux-gnu.so\n'}
[4.252984] (champ_msgs) StdoutLine: {'line': b'-- Up-to-date symlink: /ws_gz/install/champ_msgs/local/lib/python3.10/dist-packages/champ_msgs/champ_msgs_s__rosidl_typesupport_introspection_c.cpython-310-x86_64-linux-gnu.so\n'}
[4.253106] (champ_msgs) StdoutLine: {'line': b'-- Up-to-date symlink: /ws_gz/install/champ_msgs/local/lib/python3.10/dist-packages/champ_msgs/champ_msgs_s__rosidl_typesupport_c.cpython-310-x86_64-linux-gnu.so\n'}
[4.253200] (champ_msgs) StdoutLine: {'line': b'-- Symlinking: /ws_gz/install/champ_msgs/share/ament_index/resource_index/rust_packages/champ_msgs\n'}
[4.263383] (champ_msgs) StdoutLine: {'line': b'-- Symlinking: /ws_gz/install/champ_msgs/share/champ_msgs/rust/Cargo.toml\n'}
[4.269499] (champ_msgs) StdoutLine: {'line': b'-- Symlinking: /ws_gz/install/champ_msgs/share/champ_msgs/rust/build.rs\n'}
[4.273796] (champ_msgs) StdoutLine: {'line': b'-- Symlinking: /ws_gz/install/champ_msgs/share/champ_msgs/rust/src/lib.rs\n'}
[4.278470] (champ_msgs) StdoutLine: {'line': b'-- Symlinking: /ws_gz/install/champ_msgs/share/champ_msgs/rust/src/msg.rs\n'}
[4.282435] (champ_msgs) StdoutLine: {'line': b'-- Symlinking: /ws_gz/install/champ_msgs/share/champ_msgs/rust/src/msg/rmw.rs\n'}
[4.286953] (champ_msgs) StdoutLine: {'line': b'-- Symlinking: /ws_gz/install/champ_msgs/share/champ_msgs/msg/Velocities.idl\n'}
[4.291984] (champ_msgs) StdoutLine: {'line': b'-- Symlinking: /ws_gz/install/champ_msgs/share/champ_msgs/msg/PID.idl\n'}
[4.296806] (champ_msgs) StdoutLine: {'line': b'-- Symlinking: /ws_gz/install/champ_msgs/share/champ_msgs/msg/Imu.idl\n'}
[4.301829] (champ_msgs) StdoutLine: {'line': b'-- Symlinking: /ws_gz/install/champ_msgs/share/champ_msgs/msg/Point.idl\n'}
[4.305149] (-) TimerEvent: {}
[4.307011] (champ_msgs) StdoutLine: {'line': b'-- Symlinking: /ws_gz/install/champ_msgs/share/champ_msgs/msg/PointArray.idl\n'}
[4.312339] (champ_msgs) StdoutLine: {'line': b'-- Symlinking: /ws_gz/install/champ_msgs/share/champ_msgs/msg/Joints.idl\n'}
[4.318405] (champ_msgs) StdoutLine: {'line': b'-- Symlinking: /ws_gz/install/champ_msgs/share/champ_msgs/msg/Contacts.idl\n'}
[4.326954] (champ_msgs) StdoutLine: {'line': b'-- Symlinking: /ws_gz/install/champ_msgs/share/champ_msgs/msg/ContactsStamped.idl\n'}
[4.333211] (champ_msgs) StdoutLine: {'line': b'-- Symlinking: /ws_gz/install/champ_msgs/share/champ_msgs/msg/Pose.idl\n'}
[4.338460] (champ_msgs) StdoutLine: {'line': b'-- Symlinking: /ws_gz/install/champ_msgs/share/champ_msgs/msg/Velocities.msg\n'}
[4.343260] (champ_msgs) StdoutLine: {'line': b'-- Symlinking: /ws_gz/install/champ_msgs/share/champ_msgs/msg/PID.msg\n'}
[4.347387] (champ_msgs) StdoutLine: {'line': b'-- Symlinking: /ws_gz/install/champ_msgs/share/champ_msgs/msg/Imu.msg\n'}
[4.352300] (champ_msgs) StdoutLine: {'line': b'-- Symlinking: /ws_gz/install/champ_msgs/share/champ_msgs/msg/Point.msg\n'}
[4.358035] (champ_msgs) StdoutLine: {'line': b'-- Symlinking: /ws_gz/install/champ_msgs/share/champ_msgs/msg/PointArray.msg\n'}
[4.363181] (champ_msgs) StdoutLine: {'line': b'-- Symlinking: /ws_gz/install/champ_msgs/share/champ_msgs/msg/Joints.msg\n'}
[4.367999] (champ_msgs) StdoutLine: {'line': b'-- Symlinking: /ws_gz/install/champ_msgs/share/champ_msgs/msg/Contacts.msg\n'}
[4.371828] (champ_msgs) StdoutLine: {'line': b'-- Symlinking: /ws_gz/install/champ_msgs/share/champ_msgs/msg/ContactsStamped.msg\n'}
[4.376255] (champ_msgs) StdoutLine: {'line': b'-- Symlinking: /ws_gz/install/champ_msgs/share/champ_msgs/msg/Pose.msg\n'}
[4.380281] (champ_msgs) StdoutLine: {'line': b'-- Symlinking: /ws_gz/install/champ_msgs/share/ament_index/resource_index/package_run_dependencies/champ_msgs\n'}
[4.385027] (champ_msgs) StdoutLine: {'line': b'-- Symlinking: /ws_gz/install/champ_msgs/share/ament_index/resource_index/parent_prefix_path/champ_msgs\n'}
[4.390210] (champ_msgs) StdoutLine: {'line': b'-- Symlinking: /ws_gz/install/champ_msgs/share/champ_msgs/environment/ament_prefix_path.sh\n'}
[4.395244] (champ_msgs) StdoutLine: {'line': b'-- Symlinking: /ws_gz/install/champ_msgs/share/champ_msgs/environment/ament_prefix_path.dsv\n'}
[4.400031] (champ_msgs) StdoutLine: {'line': b'-- Symlinking: /ws_gz/install/champ_msgs/share/champ_msgs/environment/path.sh\n'}
[4.404435] (champ_msgs) StdoutLine: {'line': b'-- Symlinking: /ws_gz/install/champ_msgs/share/champ_msgs/environment/path.dsv\n'}
[4.405164] (-) TimerEvent: {}
[4.410136] (champ_msgs) StdoutLine: {'line': b'-- Symlinking: /ws_gz/install/champ_msgs/share/champ_msgs/local_setup.bash\n'}
[4.418525] (champ_msgs) StdoutLine: {'line': b'-- Symlinking: /ws_gz/install/champ_msgs/share/champ_msgs/local_setup.sh\n'}
[4.427643] (champ_msgs) StdoutLine: {'line': b'-- Symlinking: /ws_gz/install/champ_msgs/share/champ_msgs/local_setup.zsh\n'}
[4.434454] (champ_msgs) StdoutLine: {'line': b'-- Symlinking: /ws_gz/install/champ_msgs/share/champ_msgs/local_setup.dsv\n'}
[4.440798] (champ_msgs) StdoutLine: {'line': b'-- Symlinking: /ws_gz/install/champ_msgs/share/champ_msgs/package.dsv\n'}
[4.449379] (champ_msgs) StdoutLine: {'line': b'-- Symlinking: /ws_gz/install/champ_msgs/share/ament_index/resource_index/packages/champ_msgs\n'}
[4.458447] (champ_msgs) StdoutLine: {'line': b'-- Symlinking: /ws_gz/install/champ_msgs/share/champ_msgs/cmake/rosidl_cmake-extras.cmake\n'}
[4.463863] (champ_msgs) StdoutLine: {'line': b'-- Symlinking: /ws_gz/install/champ_msgs/share/champ_msgs/cmake/ament_cmake_export_dependencies-extras.cmake\n'}
[4.470346] (champ_msgs) StdoutLine: {'line': b'-- Symlinking: /ws_gz/install/champ_msgs/share/champ_msgs/cmake/ament_cmake_export_include_directories-extras.cmake\n'}
[4.478913] (champ_msgs) StdoutLine: {'line': b'-- Symlinking: /ws_gz/install/champ_msgs/share/champ_msgs/cmake/ament_cmake_export_libraries-extras.cmake\n'}
[4.489068] (champ_msgs) StdoutLine: {'line': b'-- Symlinking: /ws_gz/install/champ_msgs/share/champ_msgs/cmake/ament_cmake_export_targets-extras.cmake\n'}
[4.495588] (champ_msgs) StdoutLine: {'line': b'-- Symlinking: /ws_gz/install/champ_msgs/share/champ_msgs/cmake/rosidl_cmake_export_typesupport_targets-extras.cmake\n'}
[4.502684] (champ_msgs) StdoutLine: {'line': b'-- Symlinking: /ws_gz/install/champ_msgs/share/champ_msgs/cmake/rosidl_cmake_export_typesupport_libraries-extras.cmake\n'}
[4.505261] (-) TimerEvent: {}
[4.512017] (champ_msgs) StdoutLine: {'line': b'-- Symlinking: /ws_gz/install/champ_msgs/share/champ_msgs/cmake/champ_msgsConfig.cmake\n'}
[4.522371] (champ_msgs) StdoutLine: {'line': b'-- Symlinking: /ws_gz/install/champ_msgs/share/champ_msgs/cmake/champ_msgsConfig-version.cmake\n'}
[4.527281] (champ_msgs) StdoutLine: {'line': b'-- Symlinking: /ws_gz/install/champ_msgs/share/champ_msgs/package.xml\n'}
[4.531959] (champ_msgs) StdoutLine: {'line': b'-- Installing: /ws_gz/install/champ_msgs/lib/libchamp_msgs__rosidl_generator_c.so\n'}
[4.532113] (champ_msgs) StdoutLine: {'line': b'-- Set runtime path of "/ws_gz/install/champ_msgs/lib/libchamp_msgs__rosidl_generator_c.so" to ""\n'}
[4.532145] (champ_msgs) StdoutLine: {'line': b'-- Installing: /ws_gz/install/champ_msgs/lib/libchamp_msgs__rosidl_typesupport_fastrtps_c.so\n'}
[4.532384] (champ_msgs) StdoutLine: {'line': b'-- Set runtime path of "/ws_gz/install/champ_msgs/lib/libchamp_msgs__rosidl_typesupport_fastrtps_c.so" to ""\n'}
[4.532410] (champ_msgs) StdoutLine: {'line': b'-- Installing: /ws_gz/install/champ_msgs/lib/libchamp_msgs__rosidl_typesupport_introspection_c.so\n'}
[4.532504] (champ_msgs) StdoutLine: {'line': b'-- Set runtime path of "/ws_gz/install/champ_msgs/lib/libchamp_msgs__rosidl_typesupport_introspection_c.so" to ""\n'}
[4.532528] (champ_msgs) StdoutLine: {'line': b'-- Installing: /ws_gz/install/champ_msgs/lib/libchamp_msgs__rosidl_typesupport_c.so\n'}
[4.532686] (champ_msgs) StdoutLine: {'line': b'-- Set runtime path of "/ws_gz/install/champ_msgs/lib/libchamp_msgs__rosidl_typesupport_c.so" to ""\n'}
[4.532711] (champ_msgs) StdoutLine: {'line': b'-- Installing: /ws_gz/install/champ_msgs/lib/libchamp_msgs__rosidl_typesupport_fastrtps_cpp.so\n'}
[4.532786] (champ_msgs) StdoutLine: {'line': b'-- Set runtime path of "/ws_gz/install/champ_msgs/lib/libchamp_msgs__rosidl_typesupport_fastrtps_cpp.so" to ""\n'}
[4.532809] (champ_msgs) StdoutLine: {'line': b'-- Installing: /ws_gz/install/champ_msgs/lib/libchamp_msgs__rosidl_typesupport_introspection_cpp.so\n'}
[4.532943] (champ_msgs) StdoutLine: {'line': b'-- Set runtime path of "/ws_gz/install/champ_msgs/lib/libchamp_msgs__rosidl_typesupport_introspection_cpp.so" to ""\n'}
[4.532969] (champ_msgs) StdoutLine: {'line': b'-- Installing: /ws_gz/install/champ_msgs/lib/libchamp_msgs__rosidl_typesupport_cpp.so\n'}
[4.533055] (champ_msgs) StdoutLine: {'line': b'-- Set runtime path of "/ws_gz/install/champ_msgs/lib/libchamp_msgs__rosidl_typesupport_cpp.so" to ""\n'}
[4.567845] (champ_msgs) StdoutLine: {'line': b"Listing '/ws_gz/install/champ_msgs/local/lib/python3.10/dist-packages/champ_msgs'...\n"}
[4.567940] (champ_msgs) StdoutLine: {'line': b"Compiling '/ws_gz/install/champ_msgs/local/lib/python3.10/dist-packages/champ_msgs/__init__.py'...\n"}
[4.567962] (champ_msgs) StdoutLine: {'line': b"Listing '/ws_gz/install/champ_msgs/local/lib/python3.10/dist-packages/champ_msgs/msg'...\n"}
[4.567981] (champ_msgs) StdoutLine: {'line': b"Compiling '/ws_gz/install/champ_msgs/local/lib/python3.10/dist-packages/champ_msgs/msg/__init__.py'...\n"}
[4.568001] (champ_msgs) StdoutLine: {'line': b"Compiling '/ws_gz/install/champ_msgs/local/lib/python3.10/dist-packages/champ_msgs/msg/_contacts.py'...\n"}
[4.568024] (champ_msgs) StdoutLine: {'line': b"Compiling '/ws_gz/install/champ_msgs/local/lib/python3.10/dist-packages/champ_msgs/msg/_contacts_stamped.py'...\n"}
[4.568042] (champ_msgs) StdoutLine: {'line': b"Compiling '/ws_gz/install/champ_msgs/local/lib/python3.10/dist-packages/champ_msgs/msg/_imu.py'...\n"}
[4.568060] (champ_msgs) StdoutLine: {'line': b"Compiling '/ws_gz/install/champ_msgs/local/lib/python3.10/dist-packages/champ_msgs/msg/_joints.py'...\n"}
[4.568078] (champ_msgs) StdoutLine: {'line': b"Compiling '/ws_gz/install/champ_msgs/local/lib/python3.10/dist-packages/champ_msgs/msg/_pid.py'...\n"}
[4.568095] (champ_msgs) StdoutLine: {'line': b"Compiling '/ws_gz/install/champ_msgs/local/lib/python3.10/dist-packages/champ_msgs/msg/_point.py'...\n"}
[4.568113] (champ_msgs) StdoutLine: {'line': b"Compiling '/ws_gz/install/champ_msgs/local/lib/python3.10/dist-packages/champ_msgs/msg/_point_array.py'...\n"}
[4.568130] (champ_msgs) StdoutLine: {'line': b"Compiling '/ws_gz/install/champ_msgs/local/lib/python3.10/dist-packages/champ_msgs/msg/_pose.py'...\n"}
[4.568147] (champ_msgs) StdoutLine: {'line': b"Compiling '/ws_gz/install/champ_msgs/local/lib/python3.10/dist-packages/champ_msgs/msg/_velocities.py'...\n"}
[4.569903] (champ_msgs) StdoutLine: {'line': b'-- Installing: /ws_gz/install/champ_msgs/lib/libchamp_msgs__rosidl_generator_py.so\n'}
[4.570111] (champ_msgs) StdoutLine: {'line': b'-- Set runtime path of "/ws_gz/install/champ_msgs/lib/libchamp_msgs__rosidl_generator_py.so" to ""\n'}
[4.570131] (champ_msgs) StdoutLine: {'line': b'-- Installing: /ws_gz/install/champ_msgs/share/champ_msgs/cmake/export_champ_msgs__rosidl_generator_cExport.cmake\n'}
[4.570168] (champ_msgs) StdoutLine: {'line': b'-- Installing: /ws_gz/install/champ_msgs/share/champ_msgs/cmake/export_champ_msgs__rosidl_generator_cExport-release.cmake\n'}
[4.570221] (champ_msgs) StdoutLine: {'line': b'-- Installing: /ws_gz/install/champ_msgs/share/champ_msgs/cmake/export_champ_msgs__rosidl_typesupport_fastrtps_cExport.cmake\n'}
[4.570268] (champ_msgs) StdoutLine: {'line': b'-- Installing: /ws_gz/install/champ_msgs/share/champ_msgs/cmake/export_champ_msgs__rosidl_typesupport_fastrtps_cExport-release.cmake\n'}
[4.570318] (champ_msgs) StdoutLine: {'line': b'-- Installing: /ws_gz/install/champ_msgs/share/champ_msgs/cmake/champ_msgs__rosidl_typesupport_introspection_cExport.cmake\n'}
[4.570368] (champ_msgs) StdoutLine: {'line': b'-- Installing: /ws_gz/install/champ_msgs/share/champ_msgs/cmake/champ_msgs__rosidl_typesupport_introspection_cExport-release.cmake\n'}
[4.570412] (champ_msgs) StdoutLine: {'line': b'-- Installing: /ws_gz/install/champ_msgs/share/champ_msgs/cmake/champ_msgs__rosidl_typesupport_cExport.cmake\n'}
[4.570456] (champ_msgs) StdoutLine: {'line': b'-- Installing: /ws_gz/install/champ_msgs/share/champ_msgs/cmake/champ_msgs__rosidl_typesupport_cExport-release.cmake\n'}
[4.570503] (champ_msgs) StdoutLine: {'line': b'-- Installing: /ws_gz/install/champ_msgs/share/champ_msgs/cmake/export_champ_msgs__rosidl_generator_cppExport.cmake\n'}
[4.570556] (champ_msgs) StdoutLine: {'line': b'-- Installing: /ws_gz/install/champ_msgs/share/champ_msgs/cmake/export_champ_msgs__rosidl_typesupport_fastrtps_cppExport.cmake\n'}
[4.570604] (champ_msgs) StdoutLine: {'line': b'-- Installing: /ws_gz/install/champ_msgs/share/champ_msgs/cmake/export_champ_msgs__rosidl_typesupport_fastrtps_cppExport-release.cmake\n'}
[4.570655] (champ_msgs) StdoutLine: {'line': b'-- Installing: /ws_gz/install/champ_msgs/share/champ_msgs/cmake/champ_msgs__rosidl_typesupport_introspection_cppExport.cmake\n'}
[4.570699] (champ_msgs) StdoutLine: {'line': b'-- Installing: /ws_gz/install/champ_msgs/share/champ_msgs/cmake/champ_msgs__rosidl_typesupport_introspection_cppExport-release.cmake\n'}
[4.570747] (champ_msgs) StdoutLine: {'line': b'-- Installing: /ws_gz/install/champ_msgs/share/champ_msgs/cmake/champ_msgs__rosidl_typesupport_cppExport.cmake\n'}
[4.570792] (champ_msgs) StdoutLine: {'line': b'-- Installing: /ws_gz/install/champ_msgs/share/champ_msgs/cmake/champ_msgs__rosidl_typesupport_cppExport-release.cmake\n'}
[4.570840] (champ_msgs) StdoutLine: {'line': b'-- Installing: /ws_gz/install/champ_msgs/share/champ_msgs/cmake/export_champ_msgs__rosidl_generator_pyExport.cmake\n'}
[4.570885] (champ_msgs) StdoutLine: {'line': b'-- Installing: /ws_gz/install/champ_msgs/share/champ_msgs/cmake/export_champ_msgs__rosidl_generator_pyExport-release.cmake\n'}
[4.572236] (champ_msgs) CommandEnded: {'returncode': 0}
[4.580746] (champ_msgs) JobEnded: {'identifier': 'champ_msgs', 'rc': 0}
[4.581013] (champ_base) JobStarted: {'identifier': 'champ_base'}
[4.582033] (champ_gazebo) JobStarted: {'identifier': 'champ_gazebo'}
[4.585139] (champ_base) JobProgress: {'identifier': 'champ_base', 'progress': 'cmake'}
[4.585438] (champ_base) Command: {'cmd': ['/usr/bin/cmake', '/ws_gz/src/gz_quadbot/champ/champ_base', '-DCMAKE_BUILD_TYPE=Release', '-DAMENT_CMAKE_SYMLINK_INSTALL=1', '-DCMAKE_INSTALL_PREFIX=/ws_gz/install/champ_base'], 'cwd': '/ws_gz/build/champ_base', 'env': OrderedDict([('LESSOPEN', '| /usr/bin/lesspipe %s'), ('HOSTNAME', 'jhr-Z790M-AORUS-ELITE-AX'), ('SHLVL', '1'), ('LD_LIBRARY_PATH', '/ws_gz/install/champ_msgs/lib:/opt/ros/humble/opt/rviz_ogre_vendor/lib:/opt/ros/humble/lib/x86_64-linux-gnu:/opt/ros/humble/lib'), ('HOME', '/root'), ('ROS_PYTHON_VERSION', '3'), ('ROS_DISTRO', 'humble'), ('_', '/usr/bin/colcon'), ('ROS_VERSION', '2'), ('TERM', 'xterm'), ('ROS_LOCALHOST_ONLY', '0'), ('QT_X11_NO_MITSHM', '1'), ('PATH', '/opt/ros/humble/bin:/usr/local/sbin:/usr/local/bin:/usr/sbin:/usr/bin:/sbin:/bin'), ('DISPLAY', ':1'), ('LANG', 'en_US.UTF-8'), ('LS_COLORS', 'rs=0:di=01;34:ln=01;36:mh=00:pi=40;33:so=01;35:do=01;35:bd=40;33;01:cd=40;33;01:or=40;31;01:mi=00:su=37;41:sg=30;43:ca=30;41:tw=30;42:ow=34;42:st=37;44:ex=01;32:*.tar=01;31:*.tgz=01;31:*.arc=01;31:*.arj=01;31:*.taz=01;31:*.lha=01;31:*.lz4=01;31:*.lzh=01;31:*.lzma=01;31:*.tlz=01;31:*.txz=01;31:*.tzo=01;31:*.t7z=01;31:*.zip=01;31:*.z=01;31:*.dz=01;31:*.gz=01;31:*.lrz=01;31:*.lz=01;31:*.lzo=01;31:*.xz=01;31:*.zst=01;31:*.tzst=01;31:*.bz2=01;31:*.bz=01;31:*.tbz=01;31:*.tbz2=01;31:*.tz=01;31:*.deb=01;31:*.rpm=01;31:*.jar=01;31:*.war=01;31:*.ear=01;31:*.sar=01;31:*.rar=01;31:*.alz=01;31:*.ace=01;31:*.zoo=01;31:*.cpio=01;31:*.7z=01;31:*.rz=01;31:*.cab=01;31:*.wim=01;31:*.swm=01;31:*.dwm=01;31:*.esd=01;31:*.jpg=01;35:*.jpeg=01;35:*.mjpg=01;35:*.mjpeg=01;35:*.gif=01;35:*.bmp=01;35:*.pbm=01;35:*.pgm=01;35:*.ppm=01;35:*.tga=01;35:*.xbm=01;35:*.xpm=01;35:*.tif=01;35:*.tiff=01;35:*.png=01;35:*.svg=01;35:*.svgz=01;35:*.mng=01;35:*.pcx=01;35:*.mov=01;35:*.mpg=01;35:*.mpeg=01;35:*.m2v=01;35:*.mkv=01;35:*.webm=01;35:*.webp=01;35:*.ogm=01;35:*.mp4=01;35:*.m4v=01;35:*.mp4v=01;35:*.vob=01;35:*.qt=01;35:*.nuv=01;35:*.wmv=01;35:*.asf=01;35:*.rm=01;35:*.rmvb=01;35:*.flc=01;35:*.avi=01;35:*.fli=01;35:*.flv=01;35:*.gl=01;35:*.dl=01;35:*.xcf=01;35:*.xwd=01;35:*.yuv=01;35:*.cgm=01;35:*.emf=01;35:*.ogv=01;35:*.ogx=01;35:*.aac=00;36:*.au=00;36:*.flac=00;36:*.m4a=00;36:*.mid=00;36:*.midi=00;36:*.mka=00;36:*.mp3=00;36:*.mpc=00;36:*.ogg=00;36:*.ra=00;36:*.wav=00;36:*.oga=00;36:*.opus=00;36:*.spx=00;36:*.xspf=00;36:'), ('AMENT_PREFIX_PATH', '/ws_gz/install/champ_msgs:/ws_gz/install/champ:/opt/ros/humble'), ('LESSCLOSE', '/usr/bin/lesspipe %s %s'), ('PWD', '/ws_gz/build/champ_base'), ('PYTHONPATH', '/ws_gz/install/champ_msgs/local/lib/python3.10/dist-packages:/opt/ros/humble/lib/python3.10/site-packages:/opt/ros/humble/local/lib/python3.10/dist-packages'), ('COLCON', '1'), ('CMAKE_PREFIX_PATH', '/ws_gz/install/champ_msgs:/ws_gz/install/champ:/opt/ros/humble')]), 'shell': False}
[4.586830] (champ_gazebo) JobProgress: {'identifier': 'champ_gazebo', 'progress': 'cmake'}
[4.587038] (champ_gazebo) Command: {'cmd': ['/usr/bin/cmake', '/ws_gz/src/gz_quadbot/champ/champ_gazebo', '-DCMAKE_BUILD_TYPE=Release', '-DAMENT_CMAKE_SYMLINK_INSTALL=1', '-DCMAKE_INSTALL_PREFIX=/ws_gz/install/champ_gazebo'], 'cwd': '/ws_gz/build/champ_gazebo', 'env': OrderedDict([('LESSOPEN', '| /usr/bin/lesspipe %s'), ('HOSTNAME', 'jhr-Z790M-AORUS-ELITE-AX'), ('SHLVL', '1'), ('LD_LIBRARY_PATH', '/ws_gz/install/champ_msgs/lib:/opt/ros/humble/opt/rviz_ogre_vendor/lib:/opt/ros/humble/lib/x86_64-linux-gnu:/opt/ros/humble/lib'), ('HOME', '/root'), ('ROS_PYTHON_VERSION', '3'), ('ROS_DISTRO', 'humble'), ('_', '/usr/bin/colcon'), ('ROS_VERSION', '2'), ('TERM', 'xterm'), ('ROS_LOCALHOST_ONLY', '0'), ('QT_X11_NO_MITSHM', '1'), ('PATH', '/opt/ros/humble/bin:/usr/local/sbin:/usr/local/bin:/usr/sbin:/usr/bin:/sbin:/bin'), ('DISPLAY', ':1'), ('LANG', 'en_US.UTF-8'), ('LS_COLORS', 'rs=0:di=01;34:ln=01;36:mh=00:pi=40;33:so=01;35:do=01;35:bd=40;33;01:cd=40;33;01:or=40;31;01:mi=00:su=37;41:sg=30;43:ca=30;41:tw=30;42:ow=34;42:st=37;44:ex=01;32:*.tar=01;31:*.tgz=01;31:*.arc=01;31:*.arj=01;31:*.taz=01;31:*.lha=01;31:*.lz4=01;31:*.lzh=01;31:*.lzma=01;31:*.tlz=01;31:*.txz=01;31:*.tzo=01;31:*.t7z=01;31:*.zip=01;31:*.z=01;31:*.dz=01;31:*.gz=01;31:*.lrz=01;31:*.lz=01;31:*.lzo=01;31:*.xz=01;31:*.zst=01;31:*.tzst=01;31:*.bz2=01;31:*.bz=01;31:*.tbz=01;31:*.tbz2=01;31:*.tz=01;31:*.deb=01;31:*.rpm=01;31:*.jar=01;31:*.war=01;31:*.ear=01;31:*.sar=01;31:*.rar=01;31:*.alz=01;31:*.ace=01;31:*.zoo=01;31:*.cpio=01;31:*.7z=01;31:*.rz=01;31:*.cab=01;31:*.wim=01;31:*.swm=01;31:*.dwm=01;31:*.esd=01;31:*.jpg=01;35:*.jpeg=01;35:*.mjpg=01;35:*.mjpeg=01;35:*.gif=01;35:*.bmp=01;35:*.pbm=01;35:*.pgm=01;35:*.ppm=01;35:*.tga=01;35:*.xbm=01;35:*.xpm=01;35:*.tif=01;35:*.tiff=01;35:*.png=01;35:*.svg=01;35:*.svgz=01;35:*.mng=01;35:*.pcx=01;35:*.mov=01;35:*.mpg=01;35:*.mpeg=01;35:*.m2v=01;35:*.mkv=01;35:*.webm=01;35:*.webp=01;35:*.ogm=01;35:*.mp4=01;35:*.m4v=01;35:*.mp4v=01;35:*.vob=01;35:*.qt=01;35:*.nuv=01;35:*.wmv=01;35:*.asf=01;35:*.rm=01;35:*.rmvb=01;35:*.flc=01;35:*.avi=01;35:*.fli=01;35:*.flv=01;35:*.gl=01;35:*.dl=01;35:*.xcf=01;35:*.xwd=01;35:*.yuv=01;35:*.cgm=01;35:*.emf=01;35:*.ogv=01;35:*.ogx=01;35:*.aac=00;36:*.au=00;36:*.flac=00;36:*.m4a=00;36:*.mid=00;36:*.midi=00;36:*.mka=00;36:*.mp3=00;36:*.mpc=00;36:*.ogg=00;36:*.ra=00;36:*.wav=00;36:*.oga=00;36:*.opus=00;36:*.spx=00;36:*.xspf=00;36:'), ('AMENT_PREFIX_PATH', '/ws_gz/install/champ_msgs:/ws_gz/install/champ:/opt/ros/humble'), ('LESSCLOSE', '/usr/bin/lesspipe %s %s'), ('PWD', '/ws_gz/build/champ_gazebo'), ('PYTHONPATH', '/ws_gz/install/champ_msgs/local/lib/python3.10/dist-packages:/opt/ros/humble/lib/python3.10/site-packages:/opt/ros/humble/local/lib/python3.10/dist-packages'), ('COLCON', '1'), ('CMAKE_PREFIX_PATH', '/ws_gz/install/champ_msgs:/ws_gz/install/champ:/opt/ros/humble')]), 'shell': False}
[4.605337] (-) TimerEvent: {}
[4.622186] (champ_gazebo) StdoutLine: {'line': b'-- The C compiler identification is GNU 13.4.0\n'}
[4.622733] (champ_base) StdoutLine: {'line': b'-- The C compiler identification is GNU 13.4.0\n'}
[4.649524] (champ_gazebo) StdoutLine: {'line': b'-- The CXX compiler identification is GNU 13.4.0\n'}
[4.652955] (champ_gazebo) StdoutLine: {'line': b'-- Detecting C compiler ABI info\n'}
[4.657822] (champ_base) StdoutLine: {'line': b'-- The CXX compiler identification is GNU 13.4.0\n'}
[4.661244] (champ_base) StdoutLine: {'line': b'-- Detecting C compiler ABI info\n'}
[4.691908] (champ_gazebo) StdoutLine: {'line': b'-- Detecting C compiler ABI info - done\n'}
[4.695306] (champ_gazebo) StdoutLine: {'line': b'-- Check for working C compiler: /usr/bin/cc - skipped\n'}
[4.695440] (champ_gazebo) StdoutLine: {'line': b'-- Detecting C compile features\n'}
[4.695622] (champ_gazebo) StdoutLine: {'line': b'-- Detecting C compile features - done\n'}
[4.696982] (champ_gazebo) StdoutLine: {'line': b'-- Detecting CXX compiler ABI info\n'}
[4.699606] (champ_base) StdoutLine: {'line': b'-- Detecting C compiler ABI info - done\n'}
[4.705408] (-) TimerEvent: {}
[4.705723] (champ_base) StdoutLine: {'line': b'-- Check for working C compiler: /usr/bin/cc - skipped\n'}
[4.705790] (champ_base) StdoutLine: {'line': b'-- Detecting C compile features\n'}
[4.705814] (champ_base) StdoutLine: {'line': b'-- Detecting C compile features - done\n'}
[4.705835] (champ_base) StdoutLine: {'line': b'-- Detecting CXX compiler ABI info\n'}
[4.740909] (champ_gazebo) StdoutLine: {'line': b'-- Detecting CXX compiler ABI info - done\n'}
[4.745348] (champ_gazebo) StdoutLine: {'line': b'-- Check for working CXX compiler: /usr/bin/c++ - skipped\n'}
[4.745516] (champ_gazebo) StdoutLine: {'line': b'-- Detecting CXX compile features\n'}
[4.745865] (champ_gazebo) StdoutLine: {'line': b'-- Detecting CXX compile features - done\n'}
[4.747583] (champ_gazebo) StdoutLine: {'line': b'-- Found ament_cmake: 1.3.14 (/opt/ros/humble/share/ament_cmake/cmake)\n'}
[4.747649] (champ_base) StdoutLine: {'line': b'-- Detecting CXX compiler ABI info - done\n'}
[4.753681] (champ_base) StdoutLine: {'line': b'-- Check for working CXX compiler: /usr/bin/c++ - skipped\n'}
[4.753852] (champ_base) StdoutLine: {'line': b'-- Detecting CXX compile features\n'}
[4.754068] (champ_base) StdoutLine: {'line': b'-- Detecting CXX compile features - done\n'}
[4.755462] (champ_base) StdoutLine: {'line': b'-- Found ament_cmake: 1.3.14 (/opt/ros/humble/share/ament_cmake/cmake)\n'}
[4.805507] (-) TimerEvent: {}
[4.838650] (champ_gazebo) StdoutLine: {'line': b'-- Found Python3: /usr/bin/python3 (found version "3.10.12") found components: Interpreter \n'}
[4.845790] (champ_base) StdoutLine: {'line': b'-- Found Python3: /usr/bin/python3 (found version "3.10.12") found components: Interpreter \n'}
[4.871893] (champ_gazebo) StdoutLine: {'line': b'-- Override CMake install command with custom implementation using symlinks instead of copying resources\n'}
[4.877219] (champ_base) StdoutLine: {'line': b'-- Override CMake install command with custom implementation using symlinks instead of copying resources\n'}
[4.887256] (champ_gazebo) StdoutLine: {'line': b'-- Found rclcpp: 16.0.19 (/opt/ros/humble/share/rclcpp/cmake)\n'}
[4.896498] (champ_base) StdoutLine: {'line': b'-- Found rclcpp: 16.0.19 (/opt/ros/humble/share/rclcpp/cmake)\n'}
[4.905550] (-) TimerEvent: {}
[4.908940] (champ_gazebo) StdoutLine: {'line': b'-- Found rosidl_generator_c: 3.1.8 (/opt/ros/humble/share/rosidl_generator_c/cmake)\n'}
[4.911400] (champ_gazebo) StdoutLine: {'line': b'-- Found rosidl_adapter: 3.1.8 (/opt/ros/humble/share/rosidl_adapter/cmake)\n'}
[4.915386] (champ_gazebo) StdoutLine: {'line': b'-- Found rosidl_generator_cpp: 3.1.8 (/opt/ros/humble/share/rosidl_generator_cpp/cmake)\n'}
[4.916507] (champ_base) StdoutLine: {'line': b'-- Found rosidl_generator_c: 3.1.8 (/opt/ros/humble/share/rosidl_generator_c/cmake)\n'}
[4.918867] (champ_base) StdoutLine: {'line': b'-- Found rosidl_adapter: 3.1.8 (/opt/ros/humble/share/rosidl_adapter/cmake)\n'}
[4.920966] (champ_gazebo) StdoutLine: {'line': b'-- Using all available rosidl_typesupport_c: rosidl_typesupport_fastrtps_c;rosidl_typesupport_introspection_c\n'}
[4.922916] (champ_base) StdoutLine: {'line': b'-- Found rosidl_generator_cpp: 3.1.8 (/opt/ros/humble/share/rosidl_generator_cpp/cmake)\n'}
[4.928592] (champ_base) StdoutLine: {'line': b'-- Using all available rosidl_typesupport_c: rosidl_typesupport_fastrtps_c;rosidl_typesupport_introspection_c\n'}
[4.928888] (champ_gazebo) StdoutLine: {'line': b'-- Using all available rosidl_typesupport_cpp: rosidl_typesupport_fastrtps_cpp;rosidl_typesupport_introspection_cpp\n'}
[4.936087] (champ_base) StdoutLine: {'line': b'-- Using all available rosidl_typesupport_cpp: rosidl_typesupport_fastrtps_cpp;rosidl_typesupport_introspection_cpp\n'}
[4.949613] (champ_gazebo) StdoutLine: {'line': b'-- Found rmw_implementation_cmake: 6.1.2 (/opt/ros/humble/share/rmw_implementation_cmake/cmake)\n'}
[4.950890] (champ_gazebo) StdoutLine: {'line': b'-- Found rmw_fastrtps_cpp: 6.2.10 (/opt/ros/humble/share/rmw_fastrtps_cpp/cmake)\n'}
[4.956572] (champ_base) StdoutLine: {'line': b'-- Found rmw_implementation_cmake: 6.1.2 (/opt/ros/humble/share/rmw_implementation_cmake/cmake)\n'}
[4.957858] (champ_base) StdoutLine: {'line': b'-- Found rmw_fastrtps_cpp: 6.2.10 (/opt/ros/humble/share/rmw_fastrtps_cpp/cmake)\n'}
[5.005657] (-) TimerEvent: {}
[5.012732] (champ_gazebo) StdoutLine: {'line': b'-- Found OpenSSL: /usr/lib/x86_64-linux-gnu/libcrypto.so (found version "3.0.2")  \n'}
[5.023494] (champ_base) StdoutLine: {'line': b'-- Found OpenSSL: /usr/lib/x86_64-linux-gnu/libcrypto.so (found version "3.0.2")  \n'}
[5.037913] (champ_gazebo) StdoutLine: {'line': b'-- Found FastRTPS: /opt/ros/humble/include  \n'}
[5.042018] (champ_base) StdoutLine: {'line': b'-- Found FastRTPS: /opt/ros/humble/include  \n'}
[5.065158] (champ_gazebo) StdoutLine: {'line': b"-- Using RMW implementation 'rmw_fastrtps_cpp' as default\n"}
[5.072218] (champ_gazebo) StdoutLine: {'line': b'-- Looking for pthread.h\n'}
[5.074695] (champ_base) StdoutLine: {'line': b"-- Using RMW implementation 'rmw_fastrtps_cpp' as default\n"}
[5.081859] (champ_base) StdoutLine: {'line': b'-- Looking for pthread.h\n'}
[5.105719] (-) TimerEvent: {}
[5.114780] (champ_gazebo) StdoutLine: {'line': b'-- Looking for pthread.h - found\n'}
[5.115129] (champ_gazebo) StdoutLine: {'line': b'-- Performing Test CMAKE_HAVE_LIBC_PTHREAD\n'}
[5.129258] (champ_base) StdoutLine: {'line': b'-- Looking for pthread.h - found\n'}
[5.129584] (champ_base) StdoutLine: {'line': b'-- Performing Test CMAKE_HAVE_LIBC_PTHREAD\n'}
[5.162618] (champ_gazebo) StdoutLine: {'line': b'-- Performing Test CMAKE_HAVE_LIBC_PTHREAD - Success\n'}
[5.163426] (champ_gazebo) StdoutLine: {'line': b'-- Found Threads: TRUE  \n'}
[5.176600] (champ_base) StdoutLine: {'line': b'-- Performing Test CMAKE_HAVE_LIBC_PTHREAD - Success\n'}
[5.177322] (champ_base) StdoutLine: {'line': b'-- Found Threads: TRUE  \n'}
[5.193674] (champ_gazebo) StdoutLine: {'line': b'-- Found urdf: 2.6.1 (/opt/ros/humble/share/urdf/cmake)\n'}
[5.203051] (champ_base) StdoutLine: {'line': b'-- Found rclpy: 3.3.21 (/opt/ros/humble/share/rclpy/cmake)\n'}
[5.203176] (champ_base) StdoutLine: {'line': b'-- Found champ_msgs: 0.1.0 (/ws_gz/install/champ_msgs/share/champ_msgs/cmake)\n'}
[5.205772] (-) TimerEvent: {}
[5.213383] (champ_gazebo) StdoutLine: {'line': b'-- Found champ: 0.1.0 (/ws_gz/install/champ/share/champ/cmake)\n'}
[5.213979] (champ_gazebo) StdoutLine: {'line': b'-- Found champ_msgs: 0.1.0 (/ws_gz/install/champ_msgs/share/champ_msgs/cmake)\n'}
[5.216432] (champ_base) StdoutLine: {'line': b'-- Found visualization_msgs: 4.9.1 (/opt/ros/humble/share/visualization_msgs/cmake)\n'}
[5.226992] (champ_gazebo) StdoutLine: {'line': b'-- Found gazebo_ros2_control: 0.4.10 (/opt/ros/humble/share/gazebo_ros2_control/cmake)\n'}
[5.234465] (champ_base) StdoutLine: {'line': b'-- Found trajectory_msgs: 4.9.1 (/opt/ros/humble/share/trajectory_msgs/cmake)\n'}
[5.242360] (champ_base) StdoutLine: {'line': b'-- Found nav_msgs: 4.9.1 (/opt/ros/humble/share/nav_msgs/cmake)\n'}
[5.250231] (champ_base) StdoutLine: {'line': b'-- Found tf2_ros: 0.25.20 (/opt/ros/humble/share/tf2_ros/cmake)\n'}
[5.297612] (champ_base) StdoutLine: {'line': b'-- Found urdf: 2.6.1 (/opt/ros/humble/share/urdf/cmake)\n'}
[5.303336] (champ_gazebo) StdoutLine: {'line': b'-- Found PkgConfig: /usr/bin/pkg-config (found version "0.29.2") \n'}
[5.304097] (champ_gazebo) StdoutLine: {'line': b"-- Checking for module 'bullet>=2.82'\n"}
[5.305827] (-) TimerEvent: {}
[5.311719] (champ_base) StdoutLine: {'line': b'-- Found champ: 0.1.0 (/ws_gz/install/champ/share/champ/cmake)\n'}
[5.312673] (champ_gazebo) StdoutLine: {'line': b'--   Found bullet, version 3.05\n'}
[5.352263] (champ_base) StdoutLine: {'line': b'-- Configuring done\n'}
[5.371891] (champ_base) StdoutLine: {'line': b'-- Generating done\n'}
[5.379085] (champ_base) StdoutLine: {'line': b'-- Build files have been written to: /ws_gz/build/champ_base\n'}
[5.380464] (champ_gazebo) StdoutLine: {'line': b'-- Found fcl: /usr/include (found suitable version "0.7.0", minimum required is "0.5.0") \n'}
[5.384621] (champ_base) CommandEnded: {'returncode': 0}
[5.384843] (champ_base) JobProgress: {'identifier': 'champ_base', 'progress': 'build'}
[5.385031] (champ_base) Command: {'cmd': ['/usr/bin/cmake', '--build', '/ws_gz/build/champ_base', '--', '-j32', '-l32'], 'cwd': '/ws_gz/build/champ_base', 'env': OrderedDict([('LESSOPEN', '| /usr/bin/lesspipe %s'), ('HOSTNAME', 'jhr-Z790M-AORUS-ELITE-AX'), ('SHLVL', '1'), ('LD_LIBRARY_PATH', '/ws_gz/install/champ_msgs/lib:/opt/ros/humble/opt/rviz_ogre_vendor/lib:/opt/ros/humble/lib/x86_64-linux-gnu:/opt/ros/humble/lib'), ('HOME', '/root'), ('ROS_PYTHON_VERSION', '3'), ('ROS_DISTRO', 'humble'), ('_', '/usr/bin/colcon'), ('ROS_VERSION', '2'), ('TERM', 'xterm'), ('ROS_LOCALHOST_ONLY', '0'), ('QT_X11_NO_MITSHM', '1'), ('PATH', '/opt/ros/humble/bin:/usr/local/sbin:/usr/local/bin:/usr/sbin:/usr/bin:/sbin:/bin'), ('DISPLAY', ':1'), ('LANG', 'en_US.UTF-8'), ('LS_COLORS', 'rs=0:di=01;34:ln=01;36:mh=00:pi=40;33:so=01;35:do=01;35:bd=40;33;01:cd=40;33;01:or=40;31;01:mi=00:su=37;41:sg=30;43:ca=30;41:tw=30;42:ow=34;42:st=37;44:ex=01;32:*.tar=01;31:*.tgz=01;31:*.arc=01;31:*.arj=01;31:*.taz=01;31:*.lha=01;31:*.lz4=01;31:*.lzh=01;31:*.lzma=01;31:*.tlz=01;31:*.txz=01;31:*.tzo=01;31:*.t7z=01;31:*.zip=01;31:*.z=01;31:*.dz=01;31:*.gz=01;31:*.lrz=01;31:*.lz=01;31:*.lzo=01;31:*.xz=01;31:*.zst=01;31:*.tzst=01;31:*.bz2=01;31:*.bz=01;31:*.tbz=01;31:*.tbz2=01;31:*.tz=01;31:*.deb=01;31:*.rpm=01;31:*.jar=01;31:*.war=01;31:*.ear=01;31:*.sar=01;31:*.rar=01;31:*.alz=01;31:*.ace=01;31:*.zoo=01;31:*.cpio=01;31:*.7z=01;31:*.rz=01;31:*.cab=01;31:*.wim=01;31:*.swm=01;31:*.dwm=01;31:*.esd=01;31:*.jpg=01;35:*.jpeg=01;35:*.mjpg=01;35:*.mjpeg=01;35:*.gif=01;35:*.bmp=01;35:*.pbm=01;35:*.pgm=01;35:*.ppm=01;35:*.tga=01;35:*.xbm=01;35:*.xpm=01;35:*.tif=01;35:*.tiff=01;35:*.png=01;35:*.svg=01;35:*.svgz=01;35:*.mng=01;35:*.pcx=01;35:*.mov=01;35:*.mpg=01;35:*.mpeg=01;35:*.m2v=01;35:*.mkv=01;35:*.webm=01;35:*.webp=01;35:*.ogm=01;35:*.mp4=01;35:*.m4v=01;35:*.mp4v=01;35:*.vob=01;35:*.qt=01;35:*.nuv=01;35:*.wmv=01;35:*.asf=01;35:*.rm=01;35:*.rmvb=01;35:*.flc=01;35:*.avi=01;35:*.fli=01;35:*.flv=01;35:*.gl=01;35:*.dl=01;35:*.xcf=01;35:*.xwd=01;35:*.yuv=01;35:*.cgm=01;35:*.emf=01;35:*.ogv=01;35:*.ogx=01;35:*.aac=00;36:*.au=00;36:*.flac=00;36:*.m4a=00;36:*.mid=00;36:*.midi=00;36:*.mka=00;36:*.mp3=00;36:*.mpc=00;36:*.ogg=00;36:*.ra=00;36:*.wav=00;36:*.oga=00;36:*.opus=00;36:*.spx=00;36:*.xspf=00;36:'), ('AMENT_PREFIX_PATH', '/ws_gz/install/champ_msgs:/ws_gz/install/champ:/opt/ros/humble'), ('LESSCLOSE', '/usr/bin/lesspipe %s %s'), ('PWD', '/ws_gz/build/champ_base'), ('PYTHONPATH', '/ws_gz/install/champ_msgs/local/lib/python3.10/dist-packages:/opt/ros/humble/lib/python3.10/site-packages:/opt/ros/humble/local/lib/python3.10/dist-packages'), ('COLCON', '1'), ('CMAKE_PREFIX_PATH', '/ws_gz/install/champ_msgs:/ws_gz/install/champ:/opt/ros/humble')]), 'shell': False}
[5.405901] (-) TimerEvent: {}
[5.412660] (champ_gazebo) StdoutLine: {'line': b'-- Found assimp: /usr/include (found version "5.2.0") \n'}
[5.419263] (champ_base) StdoutLine: {'line': b'[  8%] \x1b[32mBuilding CXX object CMakeFiles/quadruped_controller.dir/src/quadruped_controller.cpp.o\x1b[0m\n'}
[5.419311] (champ_base) StdoutLine: {'line': b'[ 16%] \x1b[32mBuilding CXX object CMakeFiles/message_relay.dir/src/message_relay.cpp.o\x1b[0m\n'}
[5.419622] (champ_base) StdoutLine: {'line': b'[ 25%] \x1b[32mBuilding CXX object CMakeFiles/state_estimation.dir/src/state_estimation.cpp.o\x1b[0m\n'}
[5.430836] (champ_gazebo) StdoutLine: {'line': b'-- Found DART: /usr/include (Required is at least version "6.6") found components: dart \n'}
[5.446706] (champ_gazebo) StdoutLine: {'line': b'-- Found Boost: /usr/lib/x86_64-linux-gnu/cmake/Boost-1.74.0/BoostConfig.cmake (found suitable version "1.74.0", minimum required is "1.40.0") found components: thread system filesystem program_options regex iostreams date_time \n'}
[5.453758] (champ_gazebo) StdoutLine: {'line': b'-- Found Protobuf: /usr/lib/x86_64-linux-gnu/libprotobuf.so (found version "3.12.4") \n'}
[5.458418] (champ_gazebo) StdoutLine: {'line': b'-- Looking for ignition-math6 -- found version 6.15.1\n'}
[5.463489] (champ_gazebo) StdoutLine: {'line': b'-- Searching for dependencies of ignition-math6\n'}
[5.464558] (champ_gazebo) StdoutLine: {'line': b'-- Looking for OGRE...\n'}
[5.464768] (champ_gazebo) StdoutLine: {'line': b'-- OGRE_PREFIX_WATCH changed.\n'}
[5.468161] (champ_gazebo) StdoutLine: {'line': b"-- Checking for module 'OGRE'\n"}
[5.476620] (champ_gazebo) StdoutLine: {'line': b'--   Found OGRE, version 1.9.0\n'}
[5.498004] (champ_gazebo) StdoutLine: {'line': b'-- Found Ogre Ghadamon (1.9.0)\n'}
[5.500610] (champ_gazebo) StdoutLine: {'line': b'-- Found OGRE: optimized;/usr/lib/x86_64-linux-gnu/libOgreMain.so;debug;/usr/lib/x86_64-linux-gnu/libOgreMain.so\n'}
[5.505731] (champ_gazebo) StdoutLine: {'line': b'-- Looking for OGRE_Paging...\n'}
[5.505952] (-) TimerEvent: {}
[5.507561] (champ_gazebo) StdoutLine: {'line': b'-- Found OGRE_Paging: optimized;/usr/lib/x86_64-linux-gnu/libOgrePaging.so;debug;/usr/lib/x86_64-linux-gnu/libOgrePaging.so\n'}
[5.507602] (champ_gazebo) StdoutLine: {'line': b'-- Looking for OGRE_Terrain...\n'}
[5.509237] (champ_gazebo) StdoutLine: {'line': b'-- Found OGRE_Terrain: optimized;/usr/lib/x86_64-linux-gnu/libOgreTerrain.so;debug;/usr/lib/x86_64-linux-gnu/libOgreTerrain.so\n'}
[5.509272] (champ_gazebo) StdoutLine: {'line': b'-- Looking for OGRE_Property...\n'}
[5.510920] (champ_gazebo) StdoutLine: {'line': b'-- Found OGRE_Property: optimized;/usr/lib/x86_64-linux-gnu/libOgreProperty.so;debug;/usr/lib/x86_64-linux-gnu/libOgreProperty.so\n'}
[5.510953] (champ_gazebo) StdoutLine: {'line': b'-- Looking for OGRE_RTShaderSystem...\n'}
[5.512601] (champ_gazebo) StdoutLine: {'line': b'-- Found OGRE_RTShaderSystem: optimized;/usr/lib/x86_64-linux-gnu/libOgreRTShaderSystem.so;debug;/usr/lib/x86_64-linux-gnu/libOgreRTShaderSystem.so\n'}
[5.512634] (champ_gazebo) StdoutLine: {'line': b'-- Looking for OGRE_Volume...\n'}
[5.514297] (champ_gazebo) StdoutLine: {'line': b'-- Found OGRE_Volume: optimized;/usr/lib/x86_64-linux-gnu/libOgreVolume.so;debug;/usr/lib/x86_64-linux-gnu/libOgreVolume.so\n'}
[5.514334] (champ_gazebo) StdoutLine: {'line': b'-- Looking for OGRE_Overlay...\n'}
[5.515958] (champ_gazebo) StdoutLine: {'line': b'-- Found OGRE_Overlay: optimized;/usr/lib/x86_64-linux-gnu/libOgreOverlay.so;debug;/usr/lib/x86_64-linux-gnu/libOgreOverlay.so\n'}
[5.553735] (champ_gazebo) StdoutLine: {'line': b'-- Looking for ignition-math6 -- found version 6.15.1\n'}
[5.555129] (champ_gazebo) StdoutLine: {'line': b'-- Looking for ignition-transport8 -- found version 8.2.1\n'}
[5.555362] (champ_gazebo) StdoutLine: {'line': b'-- Searching for dependencies of ignition-transport8\n'}
[5.567015] (champ_gazebo) StdoutLine: {'line': b'-- Found Protobuf: /usr/lib/x86_64-linux-gnu/libprotobuf.so (found suitable version "3.12.4", minimum required is "3") \n'}
[5.574330] (champ_gazebo) StdoutLine: {'line': b'-- Config-file not installed for ZeroMQ -- checking for pkg-config\n'}
[5.577485] (champ_gazebo) StdoutLine: {'line': b"-- Checking for module 'libzmq >= 4'\n"}
[5.587725] (champ_gazebo) StdoutLine: {'line': b'--   Found libzmq , version 4.3.4\n'}
[5.606023] (-) TimerEvent: {}
[5.613070] (champ_gazebo) StdoutLine: {'line': b'-- Found ZeroMQ: TRUE (Required is at least version "4") \n'}
[5.617097] (champ_gazebo) StdoutLine: {'line': b"-- Checking for module 'uuid'\n"}
[5.625459] (champ_gazebo) StdoutLine: {'line': b'--   Found uuid, version 2.37.2\n'}
[5.647088] (champ_gazebo) StdoutLine: {'line': b'-- Found UUID: TRUE  \n'}
[5.649455] (champ_gazebo) StdoutLine: {'line': b'-- Looking for ignition-msgs5 -- found version 5.8.1\n'}
[5.649795] (champ_gazebo) StdoutLine: {'line': b'-- Searching for dependencies of ignition-msgs5\n'}
[5.665638] (champ_gazebo) StdoutLine: {'line': b'-- Looking for ignition-math6 -- found version 6.15.1\n'}
[5.669333] (champ_gazebo) StdoutLine: {'line': b"-- Checking for module 'tinyxml2'\n"}
[5.678036] (champ_gazebo) StdoutLine: {'line': b'--   Found tinyxml2, version 9.0.0\n'}
[5.700175] (champ_gazebo) StdoutLine: {'line': b'-- Looking for ignition-msgs5 -- found version 5.8.1\n'}
[5.702553] (champ_gazebo) StdoutLine: {'line': b'-- Looking for ignition-common3 -- found version 3.14.0\n'}
[5.702896] (champ_gazebo) StdoutLine: {'line': b'-- Searching for dependencies of ignition-common3\n'}
[5.703260] (champ_gazebo) StdoutLine: {'line': b'-- Looking for dlfcn.h - found\n'}
[5.703814] (champ_gazebo) StdoutLine: {'line': b'-- Looking for libdl - found\n'}
[5.704840] (champ_gazebo) StdoutLine: {'line': b'-- Found DL: TRUE  \n'}
[5.706078] (-) TimerEvent: {}
[5.713648] (champ_gazebo) StdoutLine: {'line': b'-- Found tinyobjloader: /usr/lib/x86_64-linux-gnu/cmake/tinyobjloader/tinyobjloader-config.cmake (found version "2.0.0") \n'}
[5.714018] (champ_gazebo) StdoutLine: {'line': b'-- Searching for <ignition-common3> component [graphics]\n'}
[5.716111] (champ_gazebo) StdoutLine: {'line': b'-- Looking for ignition-common3-graphics -- found version 3.14.0\n'}
[5.716483] (champ_gazebo) StdoutLine: {'line': b'-- Searching for dependencies of ignition-common3-graphics\n'}
[5.716710] (champ_gazebo) StdoutLine: {'line': b'-- Looking for ignition-math6 -- found version 6.15.1\n'}
[5.719204] (champ_gazebo) StdoutLine: {'line': b'-- Looking for ignition-fuel_tools4 -- found version 4.4.0\n'}
[5.719508] (champ_gazebo) StdoutLine: {'line': b'-- Searching for dependencies of ignition-fuel_tools4\n'}
[5.770340] (champ_gazebo) StdoutLine: {'line': b'-- Found CURL: /usr/lib/x86_64-linux-gnu/libcurl.so (found version "7.81.0")  \n'}
[5.777542] (champ_gazebo) StdoutLine: {'line': b"-- Checking for module 'jsoncpp'\n"}
[5.785943] (champ_gazebo) StdoutLine: {'line': b'--   Found jsoncpp, version 1.9.5\n'}
[5.806147] (-) TimerEvent: {}
[5.807261] (champ_gazebo) StdoutLine: {'line': b'-- Found JSONCPP: TRUE  \n'}
[5.811220] (champ_gazebo) StdoutLine: {'line': b"-- Checking for module 'libzip'\n"}
[5.819785] (champ_gazebo) StdoutLine: {'line': b'--   Found libzip, version 1.7.3\n'}
[5.842127] (champ_gazebo) StdoutLine: {'line': b'-- Found ZIP: TRUE  \n'}
[5.842438] (champ_gazebo) StdoutLine: {'line': b'-- Looking for ignition-common3 -- found version 3.14.0\n'}
[5.842732] (champ_gazebo) StdoutLine: {'line': b'-- Looking for ignition-math6 -- found version 6.15.1\n'}
[5.843030] (champ_gazebo) StdoutLine: {'line': b'-- Looking for ignition-msgs5 -- found version 5.8.1\n'}
[5.846445] (champ_gazebo) StdoutLine: {'line': b'-- Gazebo version: 11.10\n'}
[5.846697] (champ_gazebo) StdoutLine: {'line': b"-- Checking for module 'tbb'\n"}
[5.854982] (champ_gazebo) StdoutLine: {'line': b'--   Found tbb, version 2021.5.0\n'}
[5.906201] (-) TimerEvent: {}
[5.931509] (champ_gazebo) StdoutLine: {'line': b'-- Configuring done\n'}
[5.948871] (champ_gazebo) StdoutLine: {'line': b'-- Generating done\n'}
[5.952192] (champ_gazebo) StdoutLine: {'line': b'-- Build files have been written to: /ws_gz/build/champ_gazebo\n'}
[5.959171] (champ_gazebo) CommandEnded: {'returncode': 0}
[5.959680] (champ_gazebo) JobProgress: {'identifier': 'champ_gazebo', 'progress': 'build'}
[5.959980] (champ_gazebo) Command: {'cmd': ['/usr/bin/cmake', '--build', '/ws_gz/build/champ_gazebo', '--', '-j32', '-l32'], 'cwd': '/ws_gz/build/champ_gazebo', 'env': OrderedDict([('LESSOPEN', '| /usr/bin/lesspipe %s'), ('HOSTNAME', 'jhr-Z790M-AORUS-ELITE-AX'), ('SHLVL', '1'), ('LD_LIBRARY_PATH', '/ws_gz/install/champ_msgs/lib:/opt/ros/humble/opt/rviz_ogre_vendor/lib:/opt/ros/humble/lib/x86_64-linux-gnu:/opt/ros/humble/lib'), ('HOME', '/root'), ('ROS_PYTHON_VERSION', '3'), ('ROS_DISTRO', 'humble'), ('_', '/usr/bin/colcon'), ('ROS_VERSION', '2'), ('TERM', 'xterm'), ('ROS_LOCALHOST_ONLY', '0'), ('QT_X11_NO_MITSHM', '1'), ('PATH', '/opt/ros/humble/bin:/usr/local/sbin:/usr/local/bin:/usr/sbin:/usr/bin:/sbin:/bin'), ('DISPLAY', ':1'), ('LANG', 'en_US.UTF-8'), ('LS_COLORS', 'rs=0:di=01;34:ln=01;36:mh=00:pi=40;33:so=01;35:do=01;35:bd=40;33;01:cd=40;33;01:or=40;31;01:mi=00:su=37;41:sg=30;43:ca=30;41:tw=30;42:ow=34;42:st=37;44:ex=01;32:*.tar=01;31:*.tgz=01;31:*.arc=01;31:*.arj=01;31:*.taz=01;31:*.lha=01;31:*.lz4=01;31:*.lzh=01;31:*.lzma=01;31:*.tlz=01;31:*.txz=01;31:*.tzo=01;31:*.t7z=01;31:*.zip=01;31:*.z=01;31:*.dz=01;31:*.gz=01;31:*.lrz=01;31:*.lz=01;31:*.lzo=01;31:*.xz=01;31:*.zst=01;31:*.tzst=01;31:*.bz2=01;31:*.bz=01;31:*.tbz=01;31:*.tbz2=01;31:*.tz=01;31:*.deb=01;31:*.rpm=01;31:*.jar=01;31:*.war=01;31:*.ear=01;31:*.sar=01;31:*.rar=01;31:*.alz=01;31:*.ace=01;31:*.zoo=01;31:*.cpio=01;31:*.7z=01;31:*.rz=01;31:*.cab=01;31:*.wim=01;31:*.swm=01;31:*.dwm=01;31:*.esd=01;31:*.jpg=01;35:*.jpeg=01;35:*.mjpg=01;35:*.mjpeg=01;35:*.gif=01;35:*.bmp=01;35:*.pbm=01;35:*.pgm=01;35:*.ppm=01;35:*.tga=01;35:*.xbm=01;35:*.xpm=01;35:*.tif=01;35:*.tiff=01;35:*.png=01;35:*.svg=01;35:*.svgz=01;35:*.mng=01;35:*.pcx=01;35:*.mov=01;35:*.mpg=01;35:*.mpeg=01;35:*.m2v=01;35:*.mkv=01;35:*.webm=01;35:*.webp=01;35:*.ogm=01;35:*.mp4=01;35:*.m4v=01;35:*.mp4v=01;35:*.vob=01;35:*.qt=01;35:*.nuv=01;35:*.wmv=01;35:*.asf=01;35:*.rm=01;35:*.rmvb=01;35:*.flc=01;35:*.avi=01;35:*.fli=01;35:*.flv=01;35:*.gl=01;35:*.dl=01;35:*.xcf=01;35:*.xwd=01;35:*.yuv=01;35:*.cgm=01;35:*.emf=01;35:*.ogv=01;35:*.ogx=01;35:*.aac=00;36:*.au=00;36:*.flac=00;36:*.m4a=00;36:*.mid=00;36:*.midi=00;36:*.mka=00;36:*.mp3=00;36:*.mpc=00;36:*.ogg=00;36:*.ra=00;36:*.wav=00;36:*.oga=00;36:*.opus=00;36:*.spx=00;36:*.xspf=00;36:'), ('AMENT_PREFIX_PATH', '/ws_gz/install/champ_msgs:/ws_gz/install/champ:/opt/ros/humble'), ('LESSCLOSE', '/usr/bin/lesspipe %s %s'), ('PWD', '/ws_gz/build/champ_gazebo'), ('PYTHONPATH', '/ws_gz/install/champ_msgs/local/lib/python3.10/dist-packages:/opt/ros/humble/lib/python3.10/site-packages:/opt/ros/humble/local/lib/python3.10/dist-packages'), ('COLCON', '1'), ('CMAKE_PREFIX_PATH', '/ws_gz/install/champ_msgs:/ws_gz/install/champ:/opt/ros/humble')]), 'shell': False}
[5.998484] (champ_gazebo) StdoutLine: {'line': b'[ 50%] \x1b[32mBuilding CXX object CMakeFiles/contact_sensor.dir/src/contact_sensor.cpp.o\x1b[0m\n'}
[6.006330] (-) TimerEvent: {}
[6.106538] (-) TimerEvent: {}
[6.206869] (-) TimerEvent: {}
[6.307218] (-) TimerEvent: {}
[6.407558] (-) TimerEvent: {}
[6.507899] (-) TimerEvent: {}
[6.608177] (-) TimerEvent: {}
[6.708513] (-) TimerEvent: {}
[6.808803] (-) TimerEvent: {}
[6.909138] (-) TimerEvent: {}
[7.009514] (-) TimerEvent: {}
[7.109798] (-) TimerEvent: {}
[7.210072] (-) TimerEvent: {}
[7.310358] (-) TimerEvent: {}
[7.410625] (-) TimerEvent: {}
[7.510897] (-) TimerEvent: {}
[7.611180] (-) TimerEvent: {}
[7.711414] (-) TimerEvent: {}
[7.811641] (-) TimerEvent: {}
[7.911860] (-) TimerEvent: {}
[8.012075] (-) TimerEvent: {}
[8.112293] (-) TimerEvent: {}
[8.212513] (-) TimerEvent: {}
[8.312739] (-) TimerEvent: {}
[8.412962] (-) TimerEvent: {}
[8.513185] (-) TimerEvent: {}
[8.613403] (-) TimerEvent: {}
[8.713602] (-) TimerEvent: {}
[8.813782] (-) TimerEvent: {}
[8.913961] (-) TimerEvent: {}
[9.014129] (-) TimerEvent: {}
[9.114374] (-) TimerEvent: {}
[9.214645] (-) TimerEvent: {}
[9.314910] (-) TimerEvent: {}
[9.415223] (-) TimerEvent: {}
[9.515483] (-) TimerEvent: {}
[9.615750] (-) TimerEvent: {}
[9.687494] (champ_gazebo) StderrLine: {'line': b'In file included from \x1b[01m\x1b[K/usr/include/gazebo-11/gazebo/common/common.hh:16\x1b[m\x1b[K,\n'}
[9.687635] (champ_gazebo) StderrLine: {'line': b'                 from \x1b[01m\x1b[K/usr/include/gazebo-11/gazebo/gazebo_client.hh:23\x1b[m\x1b[K,\n'}
[9.687663] (champ_gazebo) StderrLine: {'line': b'                 from \x1b[01m\x1b[K/ws_gz/src/gz_quadbot/champ/champ_gazebo/src/contact_sensor.cpp:22\x1b[m\x1b[K:\n'}
[9.687686] (champ_gazebo) StderrLine: {'line': b'\x1b[01m\x1b[K/usr/include/gazebo-11/gazebo/common/EnumIface.hh:180:12:\x1b[m\x1b[K \x1b[01;35m\x1b[Kwarning: \x1b[m\x1b[K\xe2\x80\x98\x1b[01m\x1b[Ktemplate<class _Category, class _Tp, class _Distance, class _Pointer, class _Reference> struct std::iterator\x1b[m\x1b[K\xe2\x80\x99 is deprecated [\x1b[01;35m\x1b[K-Wdeprecated-declarations\x1b[m\x1b[K]\n'}
[9.687708] (champ_gazebo) StderrLine: {'line': b'  180 |     : std::\x1b[01;35m\x1b[Kiterator\x1b[m\x1b[K<std::bidirectional_iterator_tag, Enum>\n'}
[9.687728] (champ_gazebo) StderrLine: {'line': b'      |            \x1b[01;35m\x1b[K^~~~~~~~\x1b[m\x1b[K\n'}
[9.687748] (champ_gazebo) StderrLine: {'line': b'In file included from \x1b[01m\x1b[K/usr/include/c++/13/bits/stl_construct.h:61\x1b[m\x1b[K,\n'}
[9.687767] (champ_gazebo) StderrLine: {'line': b'                 from \x1b[01m\x1b[K/usr/include/c++/13/bits/stl_tempbuf.h:61\x1b[m\x1b[K,\n'}
[9.687785] (champ_gazebo) StderrLine: {'line': b'                 from \x1b[01m\x1b[K/usr/include/c++/13/memory:66\x1b[m\x1b[K,\n'}
[9.687803] (champ_gazebo) StderrLine: {'line': b'                 from \x1b[01m\x1b[K/opt/ros/humble/include/rclcpp/rclcpp/rclcpp.hpp:153\x1b[m\x1b[K,\n'}
[9.687823] (champ_gazebo) StderrLine: {'line': b'                 from \x1b[01m\x1b[K/ws_gz/src/gz_quadbot/champ/champ_gazebo/src/contact_sensor.cpp:17\x1b[m\x1b[K:\n'}
[9.687841] (champ_gazebo) StderrLine: {'line': b'\x1b[01m\x1b[K/usr/include/c++/13/bits/stl_iterator_base_types.h:127:34:\x1b[m\x1b[K \x1b[01;36m\x1b[Knote: \x1b[m\x1b[Kdeclared here\n'}
[9.687859] (champ_gazebo) StderrLine: {'line': b'  127 |     struct _GLIBCXX17_DEPRECATED \x1b[01;36m\x1b[Kiterator\x1b[m\x1b[K\n'}
[9.687877] (champ_gazebo) StderrLine: {'line': b'      |                                  \x1b[01;36m\x1b[K^~~~~~~~\x1b[m\x1b[K\n'}
[9.715837] (-) TimerEvent: {}
[9.816051] (-) TimerEvent: {}
[9.916284] (-) TimerEvent: {}
[10.016503] (-) TimerEvent: {}
[10.116712] (-) TimerEvent: {}
[10.216925] (-) TimerEvent: {}
[10.317130] (-) TimerEvent: {}
[10.417559] (-) TimerEvent: {}
[10.517780] (-) TimerEvent: {}
[10.617999] (-) TimerEvent: {}
[10.718208] (-) TimerEvent: {}
[10.818433] (-) TimerEvent: {}
[10.918656] (-) TimerEvent: {}
[11.018888] (-) TimerEvent: {}
[11.119132] (-) TimerEvent: {}
[11.219376] (-) TimerEvent: {}
[11.319608] (-) TimerEvent: {}
[11.419819] (-) TimerEvent: {}
[11.520033] (-) TimerEvent: {}
[11.620289] (-) TimerEvent: {}
[11.720506] (-) TimerEvent: {}
[11.820688] (-) TimerEvent: {}
[11.920826] (-) TimerEvent: {}
[12.020953] (-) TimerEvent: {}
[12.121067] (-) TimerEvent: {}
[12.221167] (-) TimerEvent: {}
[12.321300] (-) TimerEvent: {}
[12.421484] (-) TimerEvent: {}
[12.521692] (-) TimerEvent: {}
[12.621909] (-) TimerEvent: {}
[12.722124] (-) TimerEvent: {}
[12.822339] (-) TimerEvent: {}
[12.922595] (-) TimerEvent: {}
[12.976927] (champ_base) StdoutLine: {'line': b'[ 33%] \x1b[32m\x1b[1mLinking CXX shared library libquadruped_controller.so\x1b[0m\n'}
[13.022686] (-) TimerEvent: {}
[13.086350] (champ_base) StdoutLine: {'line': b'[ 33%] Built target quadruped_controller\n'}
[13.100736] (champ_base) StdoutLine: {'line': b'[ 41%] \x1b[32mBuilding CXX object CMakeFiles/quadruped_controller_node.dir/src/quadruped_controller_node.cpp.o\x1b[0m\n'}
[13.122758] (-) TimerEvent: {}
[13.222939] (-) TimerEvent: {}
[13.323122] (-) TimerEvent: {}
[13.423254] (-) TimerEvent: {}
[13.523385] (-) TimerEvent: {}
[13.623544] (-) TimerEvent: {}
[13.723674] (-) TimerEvent: {}
[13.823811] (-) TimerEvent: {}
[13.923957] (-) TimerEvent: {}
[14.024100] (-) TimerEvent: {}
[14.124253] (-) TimerEvent: {}
[14.224387] (-) TimerEvent: {}
[14.324525] (-) TimerEvent: {}
[14.424653] (-) TimerEvent: {}
[14.524806] (-) TimerEvent: {}
[14.554445] (champ_base) StdoutLine: {'line': b'[ 50%] \x1b[32m\x1b[1mLinking CXX executable quadruped_controller_node\x1b[0m\n'}
[14.624885] (-) TimerEvent: {}
[14.630713] (champ_base) StdoutLine: {'line': b'[ 50%] Built target quadruped_controller_node\n'}
[14.682346] (champ_base) StdoutLine: {'line': b'[ 58%] \x1b[32m\x1b[1mLinking CXX shared library libmessage_relay.so\x1b[0m\n'}
[14.687619] (champ_gazebo) StdoutLine: {'line': b'[100%] \x1b[32m\x1b[1mLinking CXX executable contact_sensor\x1b[0m\n'}
[14.724956] (-) TimerEvent: {}
[14.795018] (champ_base) StdoutLine: {'line': b'[ 58%] Built target message_relay\n'}
[14.808592] (champ_base) StdoutLine: {'line': b'[ 66%] \x1b[32mBuilding CXX object CMakeFiles/message_relay_node.dir/src/message_relay_node.cpp.o\x1b[0m\n'}
[14.825050] (-) TimerEvent: {}
[14.925272] (-) TimerEvent: {}
[15.025461] (-) TimerEvent: {}
[15.125640] (-) TimerEvent: {}
[15.139755] (champ_gazebo) StdoutLine: {'line': b'[100%] Built target contact_sensor\n'}
[15.147838] (champ_gazebo) CommandEnded: {'returncode': 0}
[15.148192] (champ_gazebo) JobProgress: {'identifier': 'champ_gazebo', 'progress': 'install'}
[15.148442] (champ_gazebo) Command: {'cmd': ['/usr/bin/cmake', '--install', '/ws_gz/build/champ_gazebo'], 'cwd': '/ws_gz/build/champ_gazebo', 'env': OrderedDict([('LESSOPEN', '| /usr/bin/lesspipe %s'), ('HOSTNAME', 'jhr-Z790M-AORUS-ELITE-AX'), ('SHLVL', '1'), ('LD_LIBRARY_PATH', '/ws_gz/install/champ_msgs/lib:/opt/ros/humble/opt/rviz_ogre_vendor/lib:/opt/ros/humble/lib/x86_64-linux-gnu:/opt/ros/humble/lib'), ('HOME', '/root'), ('ROS_PYTHON_VERSION', '3'), ('ROS_DISTRO', 'humble'), ('_', '/usr/bin/colcon'), ('ROS_VERSION', '2'), ('TERM', 'xterm'), ('ROS_LOCALHOST_ONLY', '0'), ('QT_X11_NO_MITSHM', '1'), ('PATH', '/opt/ros/humble/bin:/usr/local/sbin:/usr/local/bin:/usr/sbin:/usr/bin:/sbin:/bin'), ('DISPLAY', ':1'), ('LANG', 'en_US.UTF-8'), ('LS_COLORS', 'rs=0:di=01;34:ln=01;36:mh=00:pi=40;33:so=01;35:do=01;35:bd=40;33;01:cd=40;33;01:or=40;31;01:mi=00:su=37;41:sg=30;43:ca=30;41:tw=30;42:ow=34;42:st=37;44:ex=01;32:*.tar=01;31:*.tgz=01;31:*.arc=01;31:*.arj=01;31:*.taz=01;31:*.lha=01;31:*.lz4=01;31:*.lzh=01;31:*.lzma=01;31:*.tlz=01;31:*.txz=01;31:*.tzo=01;31:*.t7z=01;31:*.zip=01;31:*.z=01;31:*.dz=01;31:*.gz=01;31:*.lrz=01;31:*.lz=01;31:*.lzo=01;31:*.xz=01;31:*.zst=01;31:*.tzst=01;31:*.bz2=01;31:*.bz=01;31:*.tbz=01;31:*.tbz2=01;31:*.tz=01;31:*.deb=01;31:*.rpm=01;31:*.jar=01;31:*.war=01;31:*.ear=01;31:*.sar=01;31:*.rar=01;31:*.alz=01;31:*.ace=01;31:*.zoo=01;31:*.cpio=01;31:*.7z=01;31:*.rz=01;31:*.cab=01;31:*.wim=01;31:*.swm=01;31:*.dwm=01;31:*.esd=01;31:*.jpg=01;35:*.jpeg=01;35:*.mjpg=01;35:*.mjpeg=01;35:*.gif=01;35:*.bmp=01;35:*.pbm=01;35:*.pgm=01;35:*.ppm=01;35:*.tga=01;35:*.xbm=01;35:*.xpm=01;35:*.tif=01;35:*.tiff=01;35:*.png=01;35:*.svg=01;35:*.svgz=01;35:*.mng=01;35:*.pcx=01;35:*.mov=01;35:*.mpg=01;35:*.mpeg=01;35:*.m2v=01;35:*.mkv=01;35:*.webm=01;35:*.webp=01;35:*.ogm=01;35:*.mp4=01;35:*.m4v=01;35:*.mp4v=01;35:*.vob=01;35:*.qt=01;35:*.nuv=01;35:*.wmv=01;35:*.asf=01;35:*.rm=01;35:*.rmvb=01;35:*.flc=01;35:*.avi=01;35:*.fli=01;35:*.flv=01;35:*.gl=01;35:*.dl=01;35:*.xcf=01;35:*.xwd=01;35:*.yuv=01;35:*.cgm=01;35:*.emf=01;35:*.ogv=01;35:*.ogx=01;35:*.aac=00;36:*.au=00;36:*.flac=00;36:*.m4a=00;36:*.mid=00;36:*.midi=00;36:*.mka=00;36:*.mp3=00;36:*.mpc=00;36:*.ogg=00;36:*.ra=00;36:*.wav=00;36:*.oga=00;36:*.opus=00;36:*.spx=00;36:*.xspf=00;36:'), ('AMENT_PREFIX_PATH', '/ws_gz/install/champ_msgs:/ws_gz/install/champ:/opt/ros/humble'), ('LESSCLOSE', '/usr/bin/lesspipe %s %s'), ('PWD', '/ws_gz/build/champ_gazebo'), ('PYTHONPATH', '/ws_gz/install/champ_msgs/local/lib/python3.10/dist-packages:/opt/ros/humble/lib/python3.10/site-packages:/opt/ros/humble/local/lib/python3.10/dist-packages'), ('COLCON', '1'), ('CMAKE_PREFIX_PATH', '/ws_gz/install/champ_msgs:/ws_gz/install/champ:/opt/ros/humble')]), 'shell': False}
[15.154025] (champ_gazebo) StdoutLine: {'line': b'-- Install configuration: "Release"\n'}
[15.154443] (champ_gazebo) StdoutLine: {'line': b'-- Execute custom install script\n'}
[15.154599] (champ_gazebo) StdoutLine: {'line': b'-- Symlinking: /ws_gz/install/champ_gazebo/bin/imu_sensor.py\n'}
[15.160258] (champ_gazebo) StdoutLine: {'line': b'-- Symlinking: /ws_gz/install/champ_gazebo/bin/odometry_tf.py\n'}
[15.165605] (champ_gazebo) StdoutLine: {'line': b'-- Symlinking: /ws_gz/install/champ_gazebo/bin/odometry.py\n'}
[15.170292] (champ_gazebo) StdoutLine: {'line': b'-- Symlinking: /ws_gz/install/champ_gazebo/lib/champ_gazebo/contact_sensor\n'}
[15.184123] (champ_gazebo) StdoutLine: {'line': b'-- Symlinking: /ws_gz/install/champ_gazebo/share/champ_gazebo/launch/gazebo.launch\n'}
[15.188169] (champ_gazebo) StdoutLine: {'line': b'-- Symlinking: /ws_gz/install/champ_gazebo/share/champ_gazebo/launch/gazebo.launch.py\n'}
[15.193364] (champ_gazebo) StdoutLine: {'line': b'-- Symlinking: /ws_gz/install/champ_gazebo/share/champ_gazebo/launch/spawn_robot.launch\n'}
[15.197892] (champ_gazebo) StdoutLine: {'line': b'-- Symlinking: /ws_gz/install/champ_gazebo/share/champ_gazebo/launch/spawn_world.launch\n'}
[15.202484] (champ_gazebo) StdoutLine: {'line': b'-- Symlinking: /ws_gz/install/champ_gazebo/share/champ_gazebo/config/gazebo.yaml\n'}
[15.206118] (champ_gazebo) StdoutLine: {'line': b'-- Symlinking: /ws_gz/install/champ_gazebo/share/champ_gazebo/config/ros_control.yaml\n'}
[15.211547] (champ_gazebo) StdoutLine: {'line': b'-- Symlinking: /ws_gz/install/champ_gazebo/share/champ_gazebo/worlds/default.world\n'}
[15.216597] (champ_gazebo) StdoutLine: {'line': b'-- Symlinking: /ws_gz/install/champ_gazebo/share/champ_gazebo/worlds/outdoor.world\n'}
[15.220377] (champ_gazebo) StdoutLine: {'line': b'-- Symlinking: /ws_gz/install/champ_gazebo/share/champ_gazebo/worlds/playground.world\n'}
[15.225692] (-) TimerEvent: {}
[15.225787] (champ_gazebo) StdoutLine: {'line': b'-- Symlinking: /ws_gz/install/champ_gazebo/share/ament_index/resource_index/package_run_dependencies/champ_gazebo\n'}
[15.230455] (champ_gazebo) StdoutLine: {'line': b'-- Symlinking: /ws_gz/install/champ_gazebo/share/ament_index/resource_index/parent_prefix_path/champ_gazebo\n'}
[15.234862] (champ_gazebo) StdoutLine: {'line': b'-- Symlinking: /ws_gz/install/champ_gazebo/share/champ_gazebo/environment/ament_prefix_path.sh\n'}
[15.238549] (champ_gazebo) StdoutLine: {'line': b'-- Symlinking: /ws_gz/install/champ_gazebo/share/champ_gazebo/environment/ament_prefix_path.dsv\n'}
[15.243932] (champ_gazebo) StdoutLine: {'line': b'-- Symlinking: /ws_gz/install/champ_gazebo/share/champ_gazebo/environment/path.sh\n'}
[15.249454] (champ_gazebo) StdoutLine: {'line': b'-- Symlinking: /ws_gz/install/champ_gazebo/share/champ_gazebo/environment/path.dsv\n'}
[15.254748] (champ_gazebo) StdoutLine: {'line': b'-- Symlinking: /ws_gz/install/champ_gazebo/share/champ_gazebo/local_setup.bash\n'}
[15.259905] (champ_gazebo) StdoutLine: {'line': b'-- Symlinking: /ws_gz/install/champ_gazebo/share/champ_gazebo/local_setup.sh\n'}
[15.263353] (champ_gazebo) StdoutLine: {'line': b'-- Symlinking: /ws_gz/install/champ_gazebo/share/champ_gazebo/local_setup.zsh\n'}
[15.267069] (champ_gazebo) StdoutLine: {'line': b'-- Symlinking: /ws_gz/install/champ_gazebo/share/champ_gazebo/local_setup.dsv\n'}
[15.272073] (champ_gazebo) StdoutLine: {'line': b'-- Symlinking: /ws_gz/install/champ_gazebo/share/champ_gazebo/package.dsv\n'}
[15.276987] (champ_gazebo) StdoutLine: {'line': b'-- Symlinking: /ws_gz/install/champ_gazebo/share/ament_index/resource_index/packages/champ_gazebo\n'}
[15.281935] (champ_gazebo) StdoutLine: {'line': b'-- Symlinking: /ws_gz/install/champ_gazebo/share/champ_gazebo/cmake/ament_cmake_export_include_directories-extras.cmake\n'}
[15.287460] (champ_gazebo) StdoutLine: {'line': b'-- Symlinking: /ws_gz/install/champ_gazebo/share/champ_gazebo/cmake/ament_cmake_export_dependencies-extras.cmake\n'}
[15.293028] (champ_gazebo) StdoutLine: {'line': b'-- Symlinking: /ws_gz/install/champ_gazebo/share/champ_gazebo/cmake/champ_gazeboConfig.cmake\n'}
[15.298040] (champ_gazebo) StdoutLine: {'line': b'-- Symlinking: /ws_gz/install/champ_gazebo/share/champ_gazebo/cmake/champ_gazeboConfig-version.cmake\n'}
[15.302265] (champ_gazebo) StdoutLine: {'line': b'-- Symlinking: /ws_gz/install/champ_gazebo/share/champ_gazebo/package.xml\n'}
[15.308938] (champ_gazebo) CommandEnded: {'returncode': 0}
[15.317999] (champ_gazebo) JobEnded: {'identifier': 'champ_gazebo', 'rc': 0}
[15.325759] (-) TimerEvent: {}
[15.425901] (-) TimerEvent: {}
[15.526100] (-) TimerEvent: {}
[15.626311] (-) TimerEvent: {}
[15.726510] (-) TimerEvent: {}
[15.826711] (-) TimerEvent: {}
[15.926879] (-) TimerEvent: {}
[16.026991] (-) TimerEvent: {}
[16.127100] (-) TimerEvent: {}
[16.227166] (-) TimerEvent: {}
[16.293148] (champ_base) StdoutLine: {'line': b'[ 75%] \x1b[32m\x1b[1mLinking CXX executable message_relay_node\x1b[0m\n'}
[16.327233] (-) TimerEvent: {}
[16.375143] (champ_base) StdoutLine: {'line': b'[ 75%] Built target message_relay_node\n'}
[16.427295] (-) TimerEvent: {}
[16.527434] (-) TimerEvent: {}
[16.627668] (-) TimerEvent: {}
[16.705971] (champ_base) StdoutLine: {'line': b'[ 83%] \x1b[32m\x1b[1mLinking CXX shared library libstate_estimation.so\x1b[0m\n'}
[16.727741] (-) TimerEvent: {}
[16.828008] (-) TimerEvent: {}
[16.835375] (champ_base) StdoutLine: {'line': b'[ 83%] Built target state_estimation\n'}
[16.848914] (champ_base) StdoutLine: {'line': b'[ 91%] \x1b[32mBuilding CXX object CMakeFiles/state_estimation_node.dir/src/state_estimation_node.cpp.o\x1b[0m\n'}
[16.928141] (-) TimerEvent: {}
[17.028423] (-) TimerEvent: {}
[17.128673] (-) TimerEvent: {}
[17.228898] (-) TimerEvent: {}
[17.329113] (-) TimerEvent: {}
[17.429446] (-) TimerEvent: {}
[17.529669] (-) TimerEvent: {}
[17.629884] (-) TimerEvent: {}
[17.730132] (-) TimerEvent: {}
[17.830494] (-) TimerEvent: {}
[17.930716] (-) TimerEvent: {}
[18.031013] (-) TimerEvent: {}
[18.131314] (-) TimerEvent: {}
[18.231569] (-) TimerEvent: {}
[18.331784] (-) TimerEvent: {}
[18.432039] (-) TimerEvent: {}
[18.532310] (-) TimerEvent: {}
[18.632548] (-) TimerEvent: {}
[18.732835] (-) TimerEvent: {}
[18.833093] (-) TimerEvent: {}
[18.933344] (-) TimerEvent: {}
[19.033580] (-) TimerEvent: {}
[19.133804] (-) TimerEvent: {}
[19.234008] (-) TimerEvent: {}
[19.334195] (-) TimerEvent: {}
[19.434405] (-) TimerEvent: {}
[19.534622] (-) TimerEvent: {}
[19.634831] (-) TimerEvent: {}
[19.735028] (-) TimerEvent: {}
[19.835199] (-) TimerEvent: {}
[19.935400] (-) TimerEvent: {}
[20.035624] (-) TimerEvent: {}
[20.135817] (-) TimerEvent: {}
[20.213320] (champ_base) StdoutLine: {'line': b'[100%] \x1b[32m\x1b[1mLinking CXX executable state_estimation_node\x1b[0m\n'}
[20.235921] (-) TimerEvent: {}
[20.296420] (champ_base) StdoutLine: {'line': b'[100%] Built target state_estimation_node\n'}
[20.304185] (champ_base) CommandEnded: {'returncode': 0}
[20.304603] (champ_base) JobProgress: {'identifier': 'champ_base', 'progress': 'install'}
[20.305052] (champ_base) Command: {'cmd': ['/usr/bin/cmake', '--install', '/ws_gz/build/champ_base'], 'cwd': '/ws_gz/build/champ_base', 'env': OrderedDict([('LESSOPEN', '| /usr/bin/lesspipe %s'), ('HOSTNAME', 'jhr-Z790M-AORUS-ELITE-AX'), ('SHLVL', '1'), ('LD_LIBRARY_PATH', '/ws_gz/install/champ_msgs/lib:/opt/ros/humble/opt/rviz_ogre_vendor/lib:/opt/ros/humble/lib/x86_64-linux-gnu:/opt/ros/humble/lib'), ('HOME', '/root'), ('ROS_PYTHON_VERSION', '3'), ('ROS_DISTRO', 'humble'), ('_', '/usr/bin/colcon'), ('ROS_VERSION', '2'), ('TERM', 'xterm'), ('ROS_LOCALHOST_ONLY', '0'), ('QT_X11_NO_MITSHM', '1'), ('PATH', '/opt/ros/humble/bin:/usr/local/sbin:/usr/local/bin:/usr/sbin:/usr/bin:/sbin:/bin'), ('DISPLAY', ':1'), ('LANG', 'en_US.UTF-8'), ('LS_COLORS', 'rs=0:di=01;34:ln=01;36:mh=00:pi=40;33:so=01;35:do=01;35:bd=40;33;01:cd=40;33;01:or=40;31;01:mi=00:su=37;41:sg=30;43:ca=30;41:tw=30;42:ow=34;42:st=37;44:ex=01;32:*.tar=01;31:*.tgz=01;31:*.arc=01;31:*.arj=01;31:*.taz=01;31:*.lha=01;31:*.lz4=01;31:*.lzh=01;31:*.lzma=01;31:*.tlz=01;31:*.txz=01;31:*.tzo=01;31:*.t7z=01;31:*.zip=01;31:*.z=01;31:*.dz=01;31:*.gz=01;31:*.lrz=01;31:*.lz=01;31:*.lzo=01;31:*.xz=01;31:*.zst=01;31:*.tzst=01;31:*.bz2=01;31:*.bz=01;31:*.tbz=01;31:*.tbz2=01;31:*.tz=01;31:*.deb=01;31:*.rpm=01;31:*.jar=01;31:*.war=01;31:*.ear=01;31:*.sar=01;31:*.rar=01;31:*.alz=01;31:*.ace=01;31:*.zoo=01;31:*.cpio=01;31:*.7z=01;31:*.rz=01;31:*.cab=01;31:*.wim=01;31:*.swm=01;31:*.dwm=01;31:*.esd=01;31:*.jpg=01;35:*.jpeg=01;35:*.mjpg=01;35:*.mjpeg=01;35:*.gif=01;35:*.bmp=01;35:*.pbm=01;35:*.pgm=01;35:*.ppm=01;35:*.tga=01;35:*.xbm=01;35:*.xpm=01;35:*.tif=01;35:*.tiff=01;35:*.png=01;35:*.svg=01;35:*.svgz=01;35:*.mng=01;35:*.pcx=01;35:*.mov=01;35:*.mpg=01;35:*.mpeg=01;35:*.m2v=01;35:*.mkv=01;35:*.webm=01;35:*.webp=01;35:*.ogm=01;35:*.mp4=01;35:*.m4v=01;35:*.mp4v=01;35:*.vob=01;35:*.qt=01;35:*.nuv=01;35:*.wmv=01;35:*.asf=01;35:*.rm=01;35:*.rmvb=01;35:*.flc=01;35:*.avi=01;35:*.fli=01;35:*.flv=01;35:*.gl=01;35:*.dl=01;35:*.xcf=01;35:*.xwd=01;35:*.yuv=01;35:*.cgm=01;35:*.emf=01;35:*.ogv=01;35:*.ogx=01;35:*.aac=00;36:*.au=00;36:*.flac=00;36:*.m4a=00;36:*.mid=00;36:*.midi=00;36:*.mka=00;36:*.mp3=00;36:*.mpc=00;36:*.ogg=00;36:*.ra=00;36:*.wav=00;36:*.oga=00;36:*.opus=00;36:*.spx=00;36:*.xspf=00;36:'), ('AMENT_PREFIX_PATH', '/ws_gz/install/champ_msgs:/ws_gz/install/champ:/opt/ros/humble'), ('LESSCLOSE', '/usr/bin/lesspipe %s %s'), ('PWD', '/ws_gz/build/champ_base'), ('PYTHONPATH', '/ws_gz/install/champ_msgs/local/lib/python3.10/dist-packages:/opt/ros/humble/lib/python3.10/site-packages:/opt/ros/humble/local/lib/python3.10/dist-packages'), ('COLCON', '1'), ('CMAKE_PREFIX_PATH', '/ws_gz/install/champ_msgs:/ws_gz/install/champ:/opt/ros/humble')]), 'shell': False}
[20.309858] (champ_base) StdoutLine: {'line': b'-- Install configuration: "Release"\n'}
[20.310344] (champ_base) StdoutLine: {'line': b'-- Execute custom install script\n'}
[20.311238] (champ_base) StdoutLine: {'line': b'-- Symlinking: /ws_gz/install/champ_base/share/champ_base/config/ekf/base_to_footprint.yaml\n'}
[20.318437] (champ_base) StdoutLine: {'line': b'-- Symlinking: /ws_gz/install/champ_base/share/champ_base/config/ekf/footprint_to_odom.yaml\n'}
[20.329567] (champ_base) StdoutLine: {'line': b'-- Symlinking: /ws_gz/install/champ_base/share/champ_base/config/velocity_smoother/velocity_smoother.yaml\n'}
[20.336065] (-) TimerEvent: {}
[20.340664] (champ_base) StdoutLine: {'line': b'-- Symlinking: /ws_gz/install/champ_base/lib/libquadruped_controller.so\n'}
[20.350356] (champ_base) StdoutLine: {'line': b'-- Symlinking: /ws_gz/install/champ_base/bin/quadruped_controller_node\n'}
[20.366466] (champ_base) StdoutLine: {'line': b'-- Symlinking: /ws_gz/install/champ_base/lib/libmessage_relay.so\n'}
[20.377624] (champ_base) StdoutLine: {'line': b'-- Symlinking: /ws_gz/install/champ_base/bin/message_relay_node\n'}
[20.385357] (champ_base) StdoutLine: {'line': b'-- Symlinking: /ws_gz/install/champ_base/lib/libstate_estimation.so\n'}
[20.395511] (champ_base) StdoutLine: {'line': b'-- Symlinking: /ws_gz/install/champ_base/bin/state_estimation_node\n'}
[20.411262] (champ_base) StdoutLine: {'line': b'-- Symlinking: /ws_gz/install/champ_base/lib/champ_base/quadruped_controller_node\n'}
[20.416950] (champ_base) StdoutLine: {'line': b'-- Symlinking: /ws_gz/install/champ_base/lib/champ_base/message_relay_node\n'}
[20.420442] (champ_base) StdoutLine: {'line': b'-- Symlinking: /ws_gz/install/champ_base/lib/champ_base/state_estimation_node\n'}
[20.425538] (champ_base) StdoutLine: {'line': b'-- Symlinking: /ws_gz/install/champ_base/share/ament_index/resource_index/package_run_dependencies/champ_base\n'}
[20.430607] (champ_base) StdoutLine: {'line': b'-- Symlinking: /ws_gz/install/champ_base/share/ament_index/resource_index/parent_prefix_path/champ_base\n'}
[20.435516] (champ_base) StdoutLine: {'line': b'-- Symlinking: /ws_gz/install/champ_base/share/champ_base/environment/ament_prefix_path.sh\n'}
[20.436110] (-) TimerEvent: {}
[20.440290] (champ_base) StdoutLine: {'line': b'-- Symlinking: /ws_gz/install/champ_base/share/champ_base/environment/ament_prefix_path.dsv\n'}
[20.444738] (champ_base) StdoutLine: {'line': b'-- Symlinking: /ws_gz/install/champ_base/share/champ_base/environment/path.sh\n'}
[20.449812] (champ_base) StdoutLine: {'line': b'-- Symlinking: /ws_gz/install/champ_base/share/champ_base/environment/path.dsv\n'}
[20.453793] (champ_base) StdoutLine: {'line': b'-- Symlinking: /ws_gz/install/champ_base/share/champ_base/local_setup.bash\n'}
[20.457315] (champ_base) StdoutLine: {'line': b'-- Symlinking: /ws_gz/install/champ_base/share/champ_base/local_setup.sh\n'}
[20.462380] (champ_base) StdoutLine: {'line': b'-- Symlinking: /ws_gz/install/champ_base/share/champ_base/local_setup.zsh\n'}
[20.468074] (champ_base) StdoutLine: {'line': b'-- Symlinking: /ws_gz/install/champ_base/share/champ_base/local_setup.dsv\n'}
[20.472901] (champ_base) StdoutLine: {'line': b'-- Symlinking: /ws_gz/install/champ_base/share/champ_base/package.dsv\n'}
[20.478117] (champ_base) StdoutLine: {'line': b'-- Symlinking: /ws_gz/install/champ_base/share/ament_index/resource_index/packages/champ_base\n'}
[20.486060] (champ_base) StdoutLine: {'line': b'-- Symlinking: /ws_gz/install/champ_base/share/champ_base/cmake/ament_cmake_export_include_directories-extras.cmake\n'}
[20.495715] (champ_base) StdoutLine: {'line': b'-- Symlinking: /ws_gz/install/champ_base/share/champ_base/cmake/ament_cmake_export_dependencies-extras.cmake\n'}
[20.503766] (champ_base) StdoutLine: {'line': b'-- Symlinking: /ws_gz/install/champ_base/share/champ_base/cmake/champ_baseConfig.cmake\n'}
[20.510641] (champ_base) StdoutLine: {'line': b'-- Symlinking: /ws_gz/install/champ_base/share/champ_base/cmake/champ_baseConfig-version.cmake\n'}
[20.523620] (champ_base) StdoutLine: {'line': b'-- Symlinking: /ws_gz/install/champ_base/share/champ_base/package.xml\n'}
[20.534200] (champ_base) CommandEnded: {'returncode': 0}
[20.536257] (-) TimerEvent: {}
[20.567595] (champ_base) JobEnded: {'identifier': 'champ_base', 'rc': 0}
[20.568239] (champ_bringup) JobStarted: {'identifier': 'champ_bringup'}
[20.578470] (champ_bringup) JobProgress: {'identifier': 'champ_bringup', 'progress': 'cmake'}
[20.578971] (champ_bringup) Command: {'cmd': ['/usr/bin/cmake', '/ws_gz/src/gz_quadbot/champ/champ_bringup', '-DCMAKE_BUILD_TYPE=Release', '-DAMENT_CMAKE_SYMLINK_INSTALL=1', '-DCMAKE_INSTALL_PREFIX=/ws_gz/install/champ_bringup'], 'cwd': '/ws_gz/build/champ_bringup', 'env': OrderedDict([('LESSOPEN', '| /usr/bin/lesspipe %s'), ('HOSTNAME', 'jhr-Z790M-AORUS-ELITE-AX'), ('SHLVL', '1'), ('LD_LIBRARY_PATH', '/ws_gz/install/champ_base/lib:/ws_gz/install/champ_msgs/lib:/opt/ros/humble/opt/rviz_ogre_vendor/lib:/opt/ros/humble/lib/x86_64-linux-gnu:/opt/ros/humble/lib'), ('HOME', '/root'), ('ROS_PYTHON_VERSION', '3'), ('ROS_DISTRO', 'humble'), ('_', '/usr/bin/colcon'), ('ROS_VERSION', '2'), ('TERM', 'xterm'), ('ROS_LOCALHOST_ONLY', '0'), ('QT_X11_NO_MITSHM', '1'), ('PATH', '/ws_gz/install/champ_base/bin:/opt/ros/humble/bin:/usr/local/sbin:/usr/local/bin:/usr/sbin:/usr/bin:/sbin:/bin'), ('DISPLAY', ':1'), ('LANG', 'en_US.UTF-8'), ('LS_COLORS', 'rs=0:di=01;34:ln=01;36:mh=00:pi=40;33:so=01;35:do=01;35:bd=40;33;01:cd=40;33;01:or=40;31;01:mi=00:su=37;41:sg=30;43:ca=30;41:tw=30;42:ow=34;42:st=37;44:ex=01;32:*.tar=01;31:*.tgz=01;31:*.arc=01;31:*.arj=01;31:*.taz=01;31:*.lha=01;31:*.lz4=01;31:*.lzh=01;31:*.lzma=01;31:*.tlz=01;31:*.txz=01;31:*.tzo=01;31:*.t7z=01;31:*.zip=01;31:*.z=01;31:*.dz=01;31:*.gz=01;31:*.lrz=01;31:*.lz=01;31:*.lzo=01;31:*.xz=01;31:*.zst=01;31:*.tzst=01;31:*.bz2=01;31:*.bz=01;31:*.tbz=01;31:*.tbz2=01;31:*.tz=01;31:*.deb=01;31:*.rpm=01;31:*.jar=01;31:*.war=01;31:*.ear=01;31:*.sar=01;31:*.rar=01;31:*.alz=01;31:*.ace=01;31:*.zoo=01;31:*.cpio=01;31:*.7z=01;31:*.rz=01;31:*.cab=01;31:*.wim=01;31:*.swm=01;31:*.dwm=01;31:*.esd=01;31:*.jpg=01;35:*.jpeg=01;35:*.mjpg=01;35:*.mjpeg=01;35:*.gif=01;35:*.bmp=01;35:*.pbm=01;35:*.pgm=01;35:*.ppm=01;35:*.tga=01;35:*.xbm=01;35:*.xpm=01;35:*.tif=01;35:*.tiff=01;35:*.png=01;35:*.svg=01;35:*.svgz=01;35:*.mng=01;35:*.pcx=01;35:*.mov=01;35:*.mpg=01;35:*.mpeg=01;35:*.m2v=01;35:*.mkv=01;35:*.webm=01;35:*.webp=01;35:*.ogm=01;35:*.mp4=01;35:*.m4v=01;35:*.mp4v=01;35:*.vob=01;35:*.qt=01;35:*.nuv=01;35:*.wmv=01;35:*.asf=01;35:*.rm=01;35:*.rmvb=01;35:*.flc=01;35:*.avi=01;35:*.fli=01;35:*.flv=01;35:*.gl=01;35:*.dl=01;35:*.xcf=01;35:*.xwd=01;35:*.yuv=01;35:*.cgm=01;35:*.emf=01;35:*.ogv=01;35:*.ogx=01;35:*.aac=00;36:*.au=00;36:*.flac=00;36:*.m4a=00;36:*.mid=00;36:*.midi=00;36:*.mka=00;36:*.mp3=00;36:*.mpc=00;36:*.ogg=00;36:*.ra=00;36:*.wav=00;36:*.oga=00;36:*.opus=00;36:*.spx=00;36:*.xspf=00;36:'), ('AMENT_PREFIX_PATH', '/ws_gz/install/champ_base:/ws_gz/install/champ_msgs:/ws_gz/install/champ_description:/ws_gz/install/champ:/opt/ros/humble'), ('LESSCLOSE', '/usr/bin/lesspipe %s %s'), ('PWD', '/ws_gz/build/champ_bringup'), ('PYTHONPATH', '/ws_gz/install/champ_msgs/local/lib/python3.10/dist-packages:/opt/ros/humble/lib/python3.10/site-packages:/opt/ros/humble/local/lib/python3.10/dist-packages'), ('COLCON', '1'), ('CMAKE_PREFIX_PATH', '/ws_gz/install/champ_base:/ws_gz/install/champ_msgs:/ws_gz/install/champ_description:/ws_gz/install/champ:/opt/ros/humble')]), 'shell': False}
[20.636366] (-) TimerEvent: {}
[20.643746] (champ_bringup) StdoutLine: {'line': b'-- The C compiler identification is GNU 13.4.0\n'}
[20.708423] (champ_bringup) StdoutLine: {'line': b'-- The CXX compiler identification is GNU 13.4.0\n'}
[20.716327] (champ_bringup) StdoutLine: {'line': b'-- Detecting C compiler ABI info\n'}
[20.736490] (-) TimerEvent: {}
[20.817473] (champ_bringup) StdoutLine: {'line': b'-- Detecting C compiler ABI info - done\n'}
[20.822970] (champ_bringup) StdoutLine: {'line': b'-- Check for working C compiler: /usr/bin/cc - skipped\n'}
[20.823120] (champ_bringup) StdoutLine: {'line': b'-- Detecting C compile features\n'}
[20.823443] (champ_bringup) StdoutLine: {'line': b'-- Detecting C compile features - done\n'}
[20.825526] (champ_bringup) StdoutLine: {'line': b'-- Detecting CXX compiler ABI info\n'}
[20.836532] (-) TimerEvent: {}
[20.880341] (champ_bringup) StdoutLine: {'line': b'-- Detecting CXX compiler ABI info - done\n'}
[20.886587] (champ_bringup) StdoutLine: {'line': b'-- Check for working CXX compiler: /usr/bin/c++ - skipped\n'}
[20.886903] (champ_bringup) StdoutLine: {'line': b'-- Detecting CXX compile features\n'}
[20.887453] (champ_bringup) StdoutLine: {'line': b'-- Detecting CXX compile features - done\n'}
[20.889894] (champ_bringup) StdoutLine: {'line': b'-- Found ament_cmake: 1.3.14 (/opt/ros/humble/share/ament_cmake/cmake)\n'}
[20.936610] (-) TimerEvent: {}
[20.987203] (champ_bringup) StdoutLine: {'line': b'-- Found Python3: /usr/bin/python3 (found version "3.10.12") found components: Interpreter \n'}
[21.020614] (champ_bringup) StdoutLine: {'line': b'-- Override CMake install command with custom implementation using symlinks instead of copying resources\n'}
[21.036664] (-) TimerEvent: {}
[21.112583] (champ_bringup) StdoutLine: {'line': b'-- Configuring done\n'}
[21.115343] (champ_bringup) StdoutLine: {'line': b'-- Generating done\n'}
[21.116650] (champ_bringup) StdoutLine: {'line': b'-- Build files have been written to: /ws_gz/build/champ_bringup\n'}
[21.119646] (champ_bringup) CommandEnded: {'returncode': 0}
[21.120048] (champ_bringup) JobProgress: {'identifier': 'champ_bringup', 'progress': 'build'}
[21.120258] (champ_bringup) Command: {'cmd': ['/usr/bin/cmake', '--build', '/ws_gz/build/champ_bringup', '--', '-j32', '-l32'], 'cwd': '/ws_gz/build/champ_bringup', 'env': OrderedDict([('LESSOPEN', '| /usr/bin/lesspipe %s'), ('HOSTNAME', 'jhr-Z790M-AORUS-ELITE-AX'), ('SHLVL', '1'), ('LD_LIBRARY_PATH', '/ws_gz/install/champ_base/lib:/ws_gz/install/champ_msgs/lib:/opt/ros/humble/opt/rviz_ogre_vendor/lib:/opt/ros/humble/lib/x86_64-linux-gnu:/opt/ros/humble/lib'), ('HOME', '/root'), ('ROS_PYTHON_VERSION', '3'), ('ROS_DISTRO', 'humble'), ('_', '/usr/bin/colcon'), ('ROS_VERSION', '2'), ('TERM', 'xterm'), ('ROS_LOCALHOST_ONLY', '0'), ('QT_X11_NO_MITSHM', '1'), ('PATH', '/ws_gz/install/champ_base/bin:/opt/ros/humble/bin:/usr/local/sbin:/usr/local/bin:/usr/sbin:/usr/bin:/sbin:/bin'), ('DISPLAY', ':1'), ('LANG', 'en_US.UTF-8'), ('LS_COLORS', 'rs=0:di=01;34:ln=01;36:mh=00:pi=40;33:so=01;35:do=01;35:bd=40;33;01:cd=40;33;01:or=40;31;01:mi=00:su=37;41:sg=30;43:ca=30;41:tw=30;42:ow=34;42:st=37;44:ex=01;32:*.tar=01;31:*.tgz=01;31:*.arc=01;31:*.arj=01;31:*.taz=01;31:*.lha=01;31:*.lz4=01;31:*.lzh=01;31:*.lzma=01;31:*.tlz=01;31:*.txz=01;31:*.tzo=01;31:*.t7z=01;31:*.zip=01;31:*.z=01;31:*.dz=01;31:*.gz=01;31:*.lrz=01;31:*.lz=01;31:*.lzo=01;31:*.xz=01;31:*.zst=01;31:*.tzst=01;31:*.bz2=01;31:*.bz=01;31:*.tbz=01;31:*.tbz2=01;31:*.tz=01;31:*.deb=01;31:*.rpm=01;31:*.jar=01;31:*.war=01;31:*.ear=01;31:*.sar=01;31:*.rar=01;31:*.alz=01;31:*.ace=01;31:*.zoo=01;31:*.cpio=01;31:*.7z=01;31:*.rz=01;31:*.cab=01;31:*.wim=01;31:*.swm=01;31:*.dwm=01;31:*.esd=01;31:*.jpg=01;35:*.jpeg=01;35:*.mjpg=01;35:*.mjpeg=01;35:*.gif=01;35:*.bmp=01;35:*.pbm=01;35:*.pgm=01;35:*.ppm=01;35:*.tga=01;35:*.xbm=01;35:*.xpm=01;35:*.tif=01;35:*.tiff=01;35:*.png=01;35:*.svg=01;35:*.svgz=01;35:*.mng=01;35:*.pcx=01;35:*.mov=01;35:*.mpg=01;35:*.mpeg=01;35:*.m2v=01;35:*.mkv=01;35:*.webm=01;35:*.webp=01;35:*.ogm=01;35:*.mp4=01;35:*.m4v=01;35:*.mp4v=01;35:*.vob=01;35:*.qt=01;35:*.nuv=01;35:*.wmv=01;35:*.asf=01;35:*.rm=01;35:*.rmvb=01;35:*.flc=01;35:*.avi=01;35:*.fli=01;35:*.flv=01;35:*.gl=01;35:*.dl=01;35:*.xcf=01;35:*.xwd=01;35:*.yuv=01;35:*.cgm=01;35:*.emf=01;35:*.ogv=01;35:*.ogx=01;35:*.aac=00;36:*.au=00;36:*.flac=00;36:*.m4a=00;36:*.mid=00;36:*.midi=00;36:*.mka=00;36:*.mp3=00;36:*.mpc=00;36:*.ogg=00;36:*.ra=00;36:*.wav=00;36:*.oga=00;36:*.opus=00;36:*.spx=00;36:*.xspf=00;36:'), ('AMENT_PREFIX_PATH', '/ws_gz/install/champ_base:/ws_gz/install/champ_msgs:/ws_gz/install/champ_description:/ws_gz/install/champ:/opt/ros/humble'), ('LESSCLOSE', '/usr/bin/lesspipe %s %s'), ('PWD', '/ws_gz/build/champ_bringup'), ('PYTHONPATH', '/ws_gz/install/champ_msgs/local/lib/python3.10/dist-packages:/opt/ros/humble/lib/python3.10/site-packages:/opt/ros/humble/local/lib/python3.10/dist-packages'), ('COLCON', '1'), ('CMAKE_PREFIX_PATH', '/ws_gz/install/champ_base:/ws_gz/install/champ_msgs:/ws_gz/install/champ_description:/ws_gz/install/champ:/opt/ros/humble')]), 'shell': False}
[21.136725] (-) TimerEvent: {}
[21.156530] (champ_bringup) StdoutLine: {'line': b'Built target ament_cmake_python_symlink_champ_bringup\n'}
[21.236871] (-) TimerEvent: {}
[21.279239] (champ_bringup) StdoutLine: {'line': b'running egg_info\n'}
[21.279467] (champ_bringup) StdoutLine: {'line': b'creating champ_bringup.egg-info\n'}
[21.279663] (champ_bringup) StdoutLine: {'line': b'writing champ_bringup.egg-info/PKG-INFO\n'}
[21.279723] (champ_bringup) StdoutLine: {'line': b'writing dependency_links to champ_bringup.egg-info/dependency_links.txt\n'}
[21.279750] (champ_bringup) StdoutLine: {'line': b'writing top-level names to champ_bringup.egg-info/top_level.txt\n'}
[21.279868] (champ_bringup) StdoutLine: {'line': b"writing manifest file 'champ_bringup.egg-info/SOURCES.txt'\n"}
[21.280518] (champ_bringup) StdoutLine: {'line': b"reading manifest file 'champ_bringup.egg-info/SOURCES.txt'\n"}
[21.280744] (champ_bringup) StdoutLine: {'line': b"writing manifest file 'champ_bringup.egg-info/SOURCES.txt'\n"}
[21.293688] (champ_bringup) StdoutLine: {'line': b'Built target ament_cmake_python_build_champ_bringup_egg\n'}
[21.299669] (champ_bringup) CommandEnded: {'returncode': 0}
[21.300005] (champ_bringup) JobProgress: {'identifier': 'champ_bringup', 'progress': 'install'}
[21.300086] (champ_bringup) Command: {'cmd': ['/usr/bin/cmake', '--install', '/ws_gz/build/champ_bringup'], 'cwd': '/ws_gz/build/champ_bringup', 'env': OrderedDict([('LESSOPEN', '| /usr/bin/lesspipe %s'), ('HOSTNAME', 'jhr-Z790M-AORUS-ELITE-AX'), ('SHLVL', '1'), ('LD_LIBRARY_PATH', '/ws_gz/install/champ_base/lib:/ws_gz/install/champ_msgs/lib:/opt/ros/humble/opt/rviz_ogre_vendor/lib:/opt/ros/humble/lib/x86_64-linux-gnu:/opt/ros/humble/lib'), ('HOME', '/root'), ('ROS_PYTHON_VERSION', '3'), ('ROS_DISTRO', 'humble'), ('_', '/usr/bin/colcon'), ('ROS_VERSION', '2'), ('TERM', 'xterm'), ('ROS_LOCALHOST_ONLY', '0'), ('QT_X11_NO_MITSHM', '1'), ('PATH', '/ws_gz/install/champ_base/bin:/opt/ros/humble/bin:/usr/local/sbin:/usr/local/bin:/usr/sbin:/usr/bin:/sbin:/bin'), ('DISPLAY', ':1'), ('LANG', 'en_US.UTF-8'), ('LS_COLORS', 'rs=0:di=01;34:ln=01;36:mh=00:pi=40;33:so=01;35:do=01;35:bd=40;33;01:cd=40;33;01:or=40;31;01:mi=00:su=37;41:sg=30;43:ca=30;41:tw=30;42:ow=34;42:st=37;44:ex=01;32:*.tar=01;31:*.tgz=01;31:*.arc=01;31:*.arj=01;31:*.taz=01;31:*.lha=01;31:*.lz4=01;31:*.lzh=01;31:*.lzma=01;31:*.tlz=01;31:*.txz=01;31:*.tzo=01;31:*.t7z=01;31:*.zip=01;31:*.z=01;31:*.dz=01;31:*.gz=01;31:*.lrz=01;31:*.lz=01;31:*.lzo=01;31:*.xz=01;31:*.zst=01;31:*.tzst=01;31:*.bz2=01;31:*.bz=01;31:*.tbz=01;31:*.tbz2=01;31:*.tz=01;31:*.deb=01;31:*.rpm=01;31:*.jar=01;31:*.war=01;31:*.ear=01;31:*.sar=01;31:*.rar=01;31:*.alz=01;31:*.ace=01;31:*.zoo=01;31:*.cpio=01;31:*.7z=01;31:*.rz=01;31:*.cab=01;31:*.wim=01;31:*.swm=01;31:*.dwm=01;31:*.esd=01;31:*.jpg=01;35:*.jpeg=01;35:*.mjpg=01;35:*.mjpeg=01;35:*.gif=01;35:*.bmp=01;35:*.pbm=01;35:*.pgm=01;35:*.ppm=01;35:*.tga=01;35:*.xbm=01;35:*.xpm=01;35:*.tif=01;35:*.tiff=01;35:*.png=01;35:*.svg=01;35:*.svgz=01;35:*.mng=01;35:*.pcx=01;35:*.mov=01;35:*.mpg=01;35:*.mpeg=01;35:*.m2v=01;35:*.mkv=01;35:*.webm=01;35:*.webp=01;35:*.ogm=01;35:*.mp4=01;35:*.m4v=01;35:*.mp4v=01;35:*.vob=01;35:*.qt=01;35:*.nuv=01;35:*.wmv=01;35:*.asf=01;35:*.rm=01;35:*.rmvb=01;35:*.flc=01;35:*.avi=01;35:*.fli=01;35:*.flv=01;35:*.gl=01;35:*.dl=01;35:*.xcf=01;35:*.xwd=01;35:*.yuv=01;35:*.cgm=01;35:*.emf=01;35:*.ogv=01;35:*.ogx=01;35:*.aac=00;36:*.au=00;36:*.flac=00;36:*.m4a=00;36:*.mid=00;36:*.midi=00;36:*.mka=00;36:*.mp3=00;36:*.mpc=00;36:*.ogg=00;36:*.ra=00;36:*.wav=00;36:*.oga=00;36:*.opus=00;36:*.spx=00;36:*.xspf=00;36:'), ('AMENT_PREFIX_PATH', '/ws_gz/install/champ_base:/ws_gz/install/champ_msgs:/ws_gz/install/champ_description:/ws_gz/install/champ:/opt/ros/humble'), ('LESSCLOSE', '/usr/bin/lesspipe %s %s'), ('PWD', '/ws_gz/build/champ_bringup'), ('PYTHONPATH', '/ws_gz/install/champ_msgs/local/lib/python3.10/dist-packages:/opt/ros/humble/lib/python3.10/site-packages:/opt/ros/humble/local/lib/python3.10/dist-packages'), ('COLCON', '1'), ('CMAKE_PREFIX_PATH', '/ws_gz/install/champ_base:/ws_gz/install/champ_msgs:/ws_gz/install/champ_description:/ws_gz/install/champ:/opt/ros/humble')]), 'shell': False}
[21.305149] (champ_bringup) StdoutLine: {'line': b'-- Install configuration: "Release"\n'}
[21.305510] (champ_bringup) StdoutLine: {'line': b'-- Execute custom install script\n'}
[21.306199] (champ_bringup) StdoutLine: {'line': b'-- Symlinking: /ws_gz/install/champ_bringup/share/champ_bringup/launch/bringup.launch\n'}
[21.311903] (champ_bringup) StdoutLine: {'line': b'-- Symlinking: /ws_gz/install/champ_bringup/share/champ_bringup/launch/bringup.launch.py\n'}
[21.320222] (champ_bringup) StdoutLine: {'line': b'-- Symlinking: /ws_gz/install/champ_bringup/share/champ_bringup/launch/include/laser/d435.launch\n'}
[21.333030] (champ_bringup) StdoutLine: {'line': b'-- Symlinking: /ws_gz/install/champ_bringup/share/champ_bringup/launch/include/laser/hokuyo.launch\n'}
[21.336934] (-) TimerEvent: {}
[21.339690] (champ_bringup) StdoutLine: {'line': b'-- Symlinking: /ws_gz/install/champ_bringup/share/champ_bringup/launch/include/laser/kinect.launch\n'}
[21.350026] (champ_bringup) StdoutLine: {'line': b'-- Symlinking: /ws_gz/install/champ_bringup/share/champ_bringup/launch/include/laser/lms1xx.launch\n'}
[21.358749] (champ_bringup) StdoutLine: {'line': b'-- Symlinking: /ws_gz/install/champ_bringup/share/champ_bringup/launch/include/laser/realsense.launch\n'}
[21.365284] (champ_bringup) StdoutLine: {'line': b'-- Symlinking: /ws_gz/install/champ_bringup/share/champ_bringup/launch/include/laser/rplidar.launch\n'}
[21.369481] (champ_bringup) StdoutLine: {'line': b'-- Symlinking: /ws_gz/install/champ_bringup/share/champ_bringup/launch/include/laser/sim.launch\n'}
[21.374601] (champ_bringup) StdoutLine: {'line': b'-- Symlinking: /ws_gz/install/champ_bringup/share/champ_bringup/launch/include/laser/sweep.launch\n'}
[21.378816] (champ_bringup) StdoutLine: {'line': b'-- Symlinking: /ws_gz/install/champ_bringup/share/champ_bringup/launch/include/laser/xv11.launch\n'}
[21.382277] (champ_bringup) StdoutLine: {'line': b'-- Symlinking: /ws_gz/install/champ_bringup/share/champ_bringup/launch/include/laser/ydlidar.launch\n'}
[21.387215] (champ_bringup) StdoutLine: {'line': b'-- Symlinking: /ws_gz/install/champ_bringup/share/champ_bringup/launch/include/velocity_smoother.launch\n'}
[21.390745] (champ_bringup) StdoutLine: {'line': b'-- Symlinking: /ws_gz/install/champ_bringup/share/champ_bringup/launch/joints_gui.launch\n'}
[21.395295] (champ_bringup) StdoutLine: {'line': b'-- Symlinking: /ws_gz/install/champ_bringup/share/champ_bringup/launch/joints_gui.launch.py\n'}
[21.402416] (champ_bringup) StdoutLine: {'line': b'-- Symlinking: /ws_gz/install/champ_bringup/share/champ_bringup/environment/pythonpath.sh\n'}
[21.416817] (champ_bringup) StdoutLine: {'line': b'-- Symlinking: /ws_gz/install/champ_bringup/share/champ_bringup/environment/pythonpath.dsv\n'}
[21.434232] (champ_bringup) StdoutLine: {'line': b'-- Symlinking: /ws_gz/install/champ_bringup/local/lib/python3.10/dist-packages/champ_bringup-0.1.0-py3.10.egg-info/PKG-INFO\n'}
[21.437069] (-) TimerEvent: {}
[21.451860] (champ_bringup) StdoutLine: {'line': b'-- Symlinking: /ws_gz/install/champ_bringup/local/lib/python3.10/dist-packages/champ_bringup-0.1.0-py3.10.egg-info/SOURCES.txt\n'}
[21.462944] (champ_bringup) StdoutLine: {'line': b'-- Symlinking: /ws_gz/install/champ_bringup/local/lib/python3.10/dist-packages/champ_bringup-0.1.0-py3.10.egg-info/dependency_links.txt\n'}
[21.473349] (champ_bringup) StdoutLine: {'line': b'-- Symlinking: /ws_gz/install/champ_bringup/local/lib/python3.10/dist-packages/champ_bringup-0.1.0-py3.10.egg-info/top_level.txt\n'}
[21.484102] (champ_bringup) StdoutLine: {'line': b'-- Symlinking: /ws_gz/install/champ_bringup/local/lib/python3.10/dist-packages/champ_bringup/__init__.py\n'}
[21.495349] (champ_bringup) StdoutLine: {'line': b'-- Symlinking: /ws_gz/install/champ_bringup/local/lib/python3.10/dist-packages/champ_bringup/joint_calibrator_relay.py\n'}
[21.510525] (champ_bringup) StdoutLine: {'line': b'-- Symlinking: /ws_gz/install/champ_bringup/lib/champ_bringup/joint_calibrator_relay.py\n'}
[21.526903] (champ_bringup) StdoutLine: {'line': b'-- Symlinking: /ws_gz/install/champ_bringup/share/ament_index/resource_index/package_run_dependencies/champ_bringup\n'}
[21.537248] (-) TimerEvent: {}
[21.541495] (champ_bringup) StdoutLine: {'line': b'-- Symlinking: /ws_gz/install/champ_bringup/share/ament_index/resource_index/parent_prefix_path/champ_bringup\n'}
[21.554925] (champ_bringup) StdoutLine: {'line': b'-- Symlinking: /ws_gz/install/champ_bringup/share/champ_bringup/environment/ament_prefix_path.sh\n'}
[21.568926] (champ_bringup) StdoutLine: {'line': b'-- Symlinking: /ws_gz/install/champ_bringup/share/champ_bringup/environment/ament_prefix_path.dsv\n'}
[21.578557] (champ_bringup) StdoutLine: {'line': b'-- Symlinking: /ws_gz/install/champ_bringup/share/champ_bringup/environment/path.sh\n'}
[21.584472] (champ_bringup) StdoutLine: {'line': b'-- Symlinking: /ws_gz/install/champ_bringup/share/champ_bringup/environment/path.dsv\n'}
[21.589749] (champ_bringup) StdoutLine: {'line': b'-- Symlinking: /ws_gz/install/champ_bringup/share/champ_bringup/local_setup.bash\n'}
[21.594491] (champ_bringup) StdoutLine: {'line': b'-- Symlinking: /ws_gz/install/champ_bringup/share/champ_bringup/local_setup.sh\n'}
[21.599384] (champ_bringup) StdoutLine: {'line': b'-- Symlinking: /ws_gz/install/champ_bringup/share/champ_bringup/local_setup.zsh\n'}
[21.604123] (champ_bringup) StdoutLine: {'line': b'-- Symlinking: /ws_gz/install/champ_bringup/share/champ_bringup/local_setup.dsv\n'}
[21.609331] (champ_bringup) StdoutLine: {'line': b'-- Symlinking: /ws_gz/install/champ_bringup/share/champ_bringup/package.dsv\n'}
[21.614438] (champ_bringup) StdoutLine: {'line': b'-- Symlinking: /ws_gz/install/champ_bringup/share/ament_index/resource_index/packages/champ_bringup\n'}
[21.618738] (champ_bringup) StdoutLine: {'line': b'-- Symlinking: /ws_gz/install/champ_bringup/share/champ_bringup/cmake/champ_bringupConfig.cmake\n'}
[21.622694] (champ_bringup) StdoutLine: {'line': b'-- Symlinking: /ws_gz/install/champ_bringup/share/champ_bringup/cmake/champ_bringupConfig-version.cmake\n'}
[21.626988] (champ_bringup) StdoutLine: {'line': b'-- Symlinking: /ws_gz/install/champ_bringup/share/champ_bringup/package.xml\n'}
[21.637349] (-) TimerEvent: {}
[21.648512] (champ_bringup) StdoutLine: {'line': b"Listing '/ws_gz/install/champ_bringup/local/lib/python3.10/dist-packages/champ_bringup'...\n"}
[21.648580] (champ_bringup) StdoutLine: {'line': b"Compiling '/ws_gz/install/champ_bringup/local/lib/python3.10/dist-packages/champ_bringup/__init__.py'...\n"}
[21.648605] (champ_bringup) StdoutLine: {'line': b"Compiling '/ws_gz/install/champ_bringup/local/lib/python3.10/dist-packages/champ_bringup/joint_calibrator_relay.py'...\n"}
[21.651804] (champ_bringup) CommandEnded: {'returncode': 0}
[21.656590] (champ_bringup) JobEnded: {'identifier': 'champ_bringup', 'rc': 0}
[21.656796] (-) EventReactorShutdown: {}
