[0.055s] DEBUG:colcon:Command line arguments: ['/usr/bin/colcon', 'build', '--symlink-install', '--cmake-args', '-DCMAKE_BUILD_TYPE=Release']
[0.055s] DEBUG:colcon:Parsed command line arguments: Namespace(log_base=None, log_level=None, verb_name='build', build_base='build', install_base='install', merge_install=False, symlink_install=True, test_result_base=None, continue_on_error=False, executor='parallel', parallel_workers=32, event_handlers=None, ignore_user_meta=False, metas=['./colcon.meta'], base_paths=['.'], packages_ignore=None, packages_ignore_regex=None, paths=None, packages_up_to=None, packages_up_to_regex=None, packages_above=None, packages_above_and_dependencies=None, packages_above_depth=None, packages_select_by_dep=None, packages_skip_by_dep=None, packages_skip_up_to=None, packages_select_build_failed=False, packages_skip_build_finished=False, packages_select_test_failures=False, packages_skip_test_passed=False, packages_select=None, packages_skip=None, packages_select_regex=None, packages_skip_regex=None, packages_start=None, packages_end=None, allow_overriding=[], cmake_args=['-DCMAKE_BUILD_TYPE=Release'], cmake_target=None, cmake_target_skip_unavailable=False, cmake_clean_cache=False, cmake_clean_first=False, cmake_force_configure=False, ament_cmake_args=None, catkin_cmake_args=None, catkin_skip_building_tests=False, verb_parser=<colcon_defaults.argument_parser.defaults.DefaultArgumentsDecorator object at 0x75be854e2830>, verb_extension=<colcon_core.verb.build.BuildVerb object at 0x75be855cfd00>, main=<bound method BuildVerb.main of <colcon_core.verb.build.BuildVerb object at 0x75be855cfd00>>)
[0.113s] Level 1:colcon.colcon_core.package_discovery:discover_packages(colcon_meta) check parameters
[0.113s] Level 1:colcon.colcon_core.package_discovery:discover_packages(recursive) check parameters
[0.113s] Level 1:colcon.colcon_core.package_discovery:discover_packages(ignore) check parameters
[0.113s] Level 1:colcon.colcon_core.package_discovery:discover_packages(path) check parameters
[0.113s] Level 1:colcon.colcon_core.package_discovery:discover_packages(colcon_meta) discover
[0.113s] Level 1:colcon.colcon_core.package_discovery:discover_packages(recursive) discover
[0.113s] INFO:colcon.colcon_core.package_discovery:Crawling recursively for packages in '/ws_gz'
[0.113s] Level 1:colcon.colcon_core.package_identification:_identify(.) by extensions ['ignore', 'ignore_ament_install']
[0.113s] Level 1:colcon.colcon_core.package_identification:_identify(.) by extension 'ignore'
[0.113s] Level 1:colcon.colcon_core.package_identification:_identify(.) by extension 'ignore_ament_install'
[0.113s] Level 1:colcon.colcon_core.package_identification:_identify(.) by extensions ['colcon_pkg']
[0.113s] Level 1:colcon.colcon_core.package_identification:_identify(.) by extension 'colcon_pkg'
[0.113s] Level 1:colcon.colcon_core.package_identification:_identify(.) by extensions ['colcon_meta']
[0.113s] Level 1:colcon.colcon_core.package_identification:_identify(.) by extension 'colcon_meta'
[0.113s] Level 1:colcon.colcon_core.package_identification:_identify(.) by extensions ['ros']
[0.114s] Level 1:colcon.colcon_core.package_identification:_identify(.) by extension 'ros'
[0.119s] Level 1:colcon.colcon_core.package_identification:_identify(.) by extensions ['cmake', 'python']
[0.119s] Level 1:colcon.colcon_core.package_identification:_identify(.) by extension 'cmake'
[0.119s] Level 1:colcon.colcon_core.package_identification:_identify(.) by extension 'python'
[0.119s] Level 1:colcon.colcon_core.package_identification:_identify(.) by extensions ['python_setup_py']
[0.119s] Level 1:colcon.colcon_core.package_identification:_identify(.) by extension 'python_setup_py'
[0.119s] Level 1:colcon.colcon_core.package_identification:_identify(build) by extensions ['ignore', 'ignore_ament_install']
[0.119s] Level 1:colcon.colcon_core.package_identification:_identify(build) by extension 'ignore'
[0.119s] Level 1:colcon.colcon_core.package_identification:_identify(build) ignored
[0.119s] Level 1:colcon.colcon_core.package_identification:_identify(install) by extensions ['ignore', 'ignore_ament_install']
[0.119s] Level 1:colcon.colcon_core.package_identification:_identify(install) by extension 'ignore'
[0.119s] Level 1:colcon.colcon_core.package_identification:_identify(install) ignored
[0.119s] Level 1:colcon.colcon_core.package_identification:_identify(log) by extensions ['ignore', 'ignore_ament_install']
[0.119s] Level 1:colcon.colcon_core.package_identification:_identify(log) by extension 'ignore'
[0.119s] Level 1:colcon.colcon_core.package_identification:_identify(log) ignored
[0.119s] Level 1:colcon.colcon_core.package_identification:_identify(src) by extensions ['ignore', 'ignore_ament_install']
[0.119s] Level 1:colcon.colcon_core.package_identification:_identify(src) by extension 'ignore'
[0.119s] Level 1:colcon.colcon_core.package_identification:_identify(src) by extension 'ignore_ament_install'
[0.119s] Level 1:colcon.colcon_core.package_identification:_identify(src) by extensions ['colcon_pkg']
[0.119s] Level 1:colcon.colcon_core.package_identification:_identify(src) by extension 'colcon_pkg'
[0.119s] Level 1:colcon.colcon_core.package_identification:_identify(src) by extensions ['colcon_meta']
[0.119s] Level 1:colcon.colcon_core.package_identification:_identify(src) by extension 'colcon_meta'
[0.119s] Level 1:colcon.colcon_core.package_identification:_identify(src) by extensions ['ros']
[0.119s] Level 1:colcon.colcon_core.package_identification:_identify(src) by extension 'ros'
[0.119s] Level 1:colcon.colcon_core.package_identification:_identify(src) by extensions ['cmake', 'python']
[0.119s] Level 1:colcon.colcon_core.package_identification:_identify(src) by extension 'cmake'
[0.119s] Level 1:colcon.colcon_core.package_identification:_identify(src) by extension 'python'
[0.119s] Level 1:colcon.colcon_core.package_identification:_identify(src) by extensions ['python_setup_py']
[0.119s] Level 1:colcon.colcon_core.package_identification:_identify(src) by extension 'python_setup_py'
[0.119s] Level 1:colcon.colcon_core.package_identification:_identify(src/gz_quadbot) by extensions ['ignore', 'ignore_ament_install']
[0.119s] Level 1:colcon.colcon_core.package_identification:_identify(src/gz_quadbot) by extension 'ignore'
[0.119s] Level 1:colcon.colcon_core.package_identification:_identify(src/gz_quadbot) by extension 'ignore_ament_install'
[0.119s] Level 1:colcon.colcon_core.package_identification:_identify(src/gz_quadbot) by extensions ['colcon_pkg']
[0.119s] Level 1:colcon.colcon_core.package_identification:_identify(src/gz_quadbot) by extension 'colcon_pkg'
[0.119s] Level 1:colcon.colcon_core.package_identification:_identify(src/gz_quadbot) by extensions ['colcon_meta']
[0.119s] Level 1:colcon.colcon_core.package_identification:_identify(src/gz_quadbot) by extension 'colcon_meta'
[0.119s] Level 1:colcon.colcon_core.package_identification:_identify(src/gz_quadbot) by extensions ['ros']
[0.119s] Level 1:colcon.colcon_core.package_identification:_identify(src/gz_quadbot) by extension 'ros'
[0.119s] Level 1:colcon.colcon_core.package_identification:_identify(src/gz_quadbot) by extensions ['cmake', 'python']
[0.119s] Level 1:colcon.colcon_core.package_identification:_identify(src/gz_quadbot) by extension 'cmake'
[0.119s] Level 1:colcon.colcon_core.package_identification:_identify(src/gz_quadbot) by extension 'python'
[0.120s] Level 1:colcon.colcon_core.package_identification:_identify(src/gz_quadbot) by extensions ['python_setup_py']
[0.120s] Level 1:colcon.colcon_core.package_identification:_identify(src/gz_quadbot) by extension 'python_setup_py'
[0.120s] Level 1:colcon.colcon_core.package_identification:_identify(src/gz_quadbot/champ) by extensions ['ignore', 'ignore_ament_install']
[0.120s] Level 1:colcon.colcon_core.package_identification:_identify(src/gz_quadbot/champ) by extension 'ignore'
[0.120s] Level 1:colcon.colcon_core.package_identification:_identify(src/gz_quadbot/champ) by extension 'ignore_ament_install'
[0.120s] Level 1:colcon.colcon_core.package_identification:_identify(src/gz_quadbot/champ) by extensions ['colcon_pkg']
[0.120s] Level 1:colcon.colcon_core.package_identification:_identify(src/gz_quadbot/champ) by extension 'colcon_pkg'
[0.120s] Level 1:colcon.colcon_core.package_identification:_identify(src/gz_quadbot/champ) by extensions ['colcon_meta']
[0.120s] Level 1:colcon.colcon_core.package_identification:_identify(src/gz_quadbot/champ) by extension 'colcon_meta'
[0.120s] Level 1:colcon.colcon_core.package_identification:_identify(src/gz_quadbot/champ) by extensions ['ros']
[0.120s] Level 1:colcon.colcon_core.package_identification:_identify(src/gz_quadbot/champ) by extension 'ros'
[0.120s] Level 1:colcon.colcon_core.package_identification:_identify(src/gz_quadbot/champ) by extensions ['cmake', 'python']
[0.120s] Level 1:colcon.colcon_core.package_identification:_identify(src/gz_quadbot/champ) by extension 'cmake'
[0.120s] Level 1:colcon.colcon_core.package_identification:_identify(src/gz_quadbot/champ) by extension 'python'
[0.120s] Level 1:colcon.colcon_core.package_identification:_identify(src/gz_quadbot/champ) by extensions ['python_setup_py']
[0.120s] Level 1:colcon.colcon_core.package_identification:_identify(src/gz_quadbot/champ) by extension 'python_setup_py'
[0.120s] Level 1:colcon.colcon_core.package_identification:_identify(src/gz_quadbot/champ/champ) by extensions ['ignore', 'ignore_ament_install']
[0.120s] Level 1:colcon.colcon_core.package_identification:_identify(src/gz_quadbot/champ/champ) by extension 'ignore'
[0.120s] Level 1:colcon.colcon_core.package_identification:_identify(src/gz_quadbot/champ/champ) by extension 'ignore_ament_install'
[0.120s] Level 1:colcon.colcon_core.package_identification:_identify(src/gz_quadbot/champ/champ) by extensions ['colcon_pkg']
[0.120s] Level 1:colcon.colcon_core.package_identification:_identify(src/gz_quadbot/champ/champ) by extension 'colcon_pkg'
[0.120s] Level 1:colcon.colcon_core.package_identification:_identify(src/gz_quadbot/champ/champ) by extensions ['colcon_meta']
[0.120s] Level 1:colcon.colcon_core.package_identification:_identify(src/gz_quadbot/champ/champ) by extension 'colcon_meta'
[0.120s] Level 1:colcon.colcon_core.package_identification:_identify(src/gz_quadbot/champ/champ) by extensions ['ros']
[0.120s] Level 1:colcon.colcon_core.package_identification:_identify(src/gz_quadbot/champ/champ) by extension 'ros'
[0.121s] DEBUG:colcon.colcon_core.package_identification:Package 'src/gz_quadbot/champ/champ' with type 'ros.ament_cmake' and name 'champ'
[0.121s] Level 1:colcon.colcon_core.package_identification:_identify(src/gz_quadbot/champ/champ_base) by extensions ['ignore', 'ignore_ament_install']
[0.121s] Level 1:colcon.colcon_core.package_identification:_identify(src/gz_quadbot/champ/champ_base) by extension 'ignore'
[0.121s] Level 1:colcon.colcon_core.package_identification:_identify(src/gz_quadbot/champ/champ_base) by extension 'ignore_ament_install'
[0.121s] Level 1:colcon.colcon_core.package_identification:_identify(src/gz_quadbot/champ/champ_base) by extensions ['colcon_pkg']
[0.121s] Level 1:colcon.colcon_core.package_identification:_identify(src/gz_quadbot/champ/champ_base) by extension 'colcon_pkg'
[0.121s] Level 1:colcon.colcon_core.package_identification:_identify(src/gz_quadbot/champ/champ_base) by extensions ['colcon_meta']
[0.121s] Level 1:colcon.colcon_core.package_identification:_identify(src/gz_quadbot/champ/champ_base) by extension 'colcon_meta'
[0.121s] Level 1:colcon.colcon_core.package_identification:_identify(src/gz_quadbot/champ/champ_base) by extensions ['ros']
[0.121s] Level 1:colcon.colcon_core.package_identification:_identify(src/gz_quadbot/champ/champ_base) by extension 'ros'
[0.122s] DEBUG:colcon.colcon_core.package_identification:Package 'src/gz_quadbot/champ/champ_base' with type 'ros.ament_cmake' and name 'champ_base'
[0.122s] Level 1:colcon.colcon_core.package_identification:_identify(src/gz_quadbot/champ/champ_bringup) by extensions ['ignore', 'ignore_ament_install']
[0.122s] Level 1:colcon.colcon_core.package_identification:_identify(src/gz_quadbot/champ/champ_bringup) by extension 'ignore'
[0.122s] Level 1:colcon.colcon_core.package_identification:_identify(src/gz_quadbot/champ/champ_bringup) by extension 'ignore_ament_install'
[0.122s] Level 1:colcon.colcon_core.package_identification:_identify(src/gz_quadbot/champ/champ_bringup) by extensions ['colcon_pkg']
[0.122s] Level 1:colcon.colcon_core.package_identification:_identify(src/gz_quadbot/champ/champ_bringup) by extension 'colcon_pkg'
[0.122s] Level 1:colcon.colcon_core.package_identification:_identify(src/gz_quadbot/champ/champ_bringup) by extensions ['colcon_meta']
[0.122s] Level 1:colcon.colcon_core.package_identification:_identify(src/gz_quadbot/champ/champ_bringup) by extension 'colcon_meta'
[0.122s] Level 1:colcon.colcon_core.package_identification:_identify(src/gz_quadbot/champ/champ_bringup) by extensions ['ros']
[0.122s] Level 1:colcon.colcon_core.package_identification:_identify(src/gz_quadbot/champ/champ_bringup) by extension 'ros'
[0.122s] DEBUG:colcon.colcon_core.package_identification:Package 'src/gz_quadbot/champ/champ_bringup' with type 'ros.ament_cmake' and name 'champ_bringup'
[0.122s] Level 1:colcon.colcon_core.package_identification:_identify(src/gz_quadbot/champ/champ_config) by extensions ['ignore', 'ignore_ament_install']
[0.122s] Level 1:colcon.colcon_core.package_identification:_identify(src/gz_quadbot/champ/champ_config) by extension 'ignore'
[0.122s] Level 1:colcon.colcon_core.package_identification:_identify(src/gz_quadbot/champ/champ_config) by extension 'ignore_ament_install'
[0.123s] Level 1:colcon.colcon_core.package_identification:_identify(src/gz_quadbot/champ/champ_config) by extensions ['colcon_pkg']
[0.123s] Level 1:colcon.colcon_core.package_identification:_identify(src/gz_quadbot/champ/champ_config) by extension 'colcon_pkg'
[0.123s] Level 1:colcon.colcon_core.package_identification:_identify(src/gz_quadbot/champ/champ_config) by extensions ['colcon_meta']
[0.123s] Level 1:colcon.colcon_core.package_identification:_identify(src/gz_quadbot/champ/champ_config) by extension 'colcon_meta'
[0.123s] Level 1:colcon.colcon_core.package_identification:_identify(src/gz_quadbot/champ/champ_config) by extensions ['ros']
[0.123s] Level 1:colcon.colcon_core.package_identification:_identify(src/gz_quadbot/champ/champ_config) by extension 'ros'
[0.123s] DEBUG:colcon.colcon_core.package_identification:Package 'src/gz_quadbot/champ/champ_config' with type 'ros.ament_cmake' and name 'champ_config'
[0.123s] Level 1:colcon.colcon_core.package_identification:_identify(src/gz_quadbot/champ/champ_description) by extensions ['ignore', 'ignore_ament_install']
[0.123s] Level 1:colcon.colcon_core.package_identification:_identify(src/gz_quadbot/champ/champ_description) by extension 'ignore'
[0.123s] Level 1:colcon.colcon_core.package_identification:_identify(src/gz_quadbot/champ/champ_description) by extension 'ignore_ament_install'
[0.123s] Level 1:colcon.colcon_core.package_identification:_identify(src/gz_quadbot/champ/champ_description) by extensions ['colcon_pkg']
[0.123s] Level 1:colcon.colcon_core.package_identification:_identify(src/gz_quadbot/champ/champ_description) by extension 'colcon_pkg'
[0.123s] Level 1:colcon.colcon_core.package_identification:_identify(src/gz_quadbot/champ/champ_description) by extensions ['colcon_meta']
[0.123s] Level 1:colcon.colcon_core.package_identification:_identify(src/gz_quadbot/champ/champ_description) by extension 'colcon_meta'
[0.123s] Level 1:colcon.colcon_core.package_identification:_identify(src/gz_quadbot/champ/champ_description) by extensions ['ros']
[0.123s] Level 1:colcon.colcon_core.package_identification:_identify(src/gz_quadbot/champ/champ_description) by extension 'ros'
[0.123s] DEBUG:colcon.colcon_core.package_identification:Package 'src/gz_quadbot/champ/champ_description' with type 'ros.ament_cmake' and name 'champ_description'
[0.123s] Level 1:colcon.colcon_core.package_identification:_identify(src/gz_quadbot/champ/champ_gazebo) by extensions ['ignore', 'ignore_ament_install']
[0.123s] Level 1:colcon.colcon_core.package_identification:_identify(src/gz_quadbot/champ/champ_gazebo) by extension 'ignore'
[0.123s] Level 1:colcon.colcon_core.package_identification:_identify(src/gz_quadbot/champ/champ_gazebo) by extension 'ignore_ament_install'
[0.123s] Level 1:colcon.colcon_core.package_identification:_identify(src/gz_quadbot/champ/champ_gazebo) by extensions ['colcon_pkg']
[0.123s] Level 1:colcon.colcon_core.package_identification:_identify(src/gz_quadbot/champ/champ_gazebo) by extension 'colcon_pkg'
[0.123s] Level 1:colcon.colcon_core.package_identification:_identify(src/gz_quadbot/champ/champ_gazebo) by extensions ['colcon_meta']
[0.123s] Level 1:colcon.colcon_core.package_identification:_identify(src/gz_quadbot/champ/champ_gazebo) by extension 'colcon_meta'
[0.123s] Level 1:colcon.colcon_core.package_identification:_identify(src/gz_quadbot/champ/champ_gazebo) by extensions ['ros']
[0.123s] Level 1:colcon.colcon_core.package_identification:_identify(src/gz_quadbot/champ/champ_gazebo) by extension 'ros'
[0.124s] DEBUG:colcon.colcon_core.package_identification:Package 'src/gz_quadbot/champ/champ_gazebo' with type 'ros.ament_cmake' and name 'champ_gazebo'
[0.124s] Level 1:colcon.colcon_core.package_identification:_identify(src/gz_quadbot/champ/champ_msgs) by extensions ['ignore', 'ignore_ament_install']
[0.124s] Level 1:colcon.colcon_core.package_identification:_identify(src/gz_quadbot/champ/champ_msgs) by extension 'ignore'
[0.124s] Level 1:colcon.colcon_core.package_identification:_identify(src/gz_quadbot/champ/champ_msgs) by extension 'ignore_ament_install'
[0.124s] Level 1:colcon.colcon_core.package_identification:_identify(src/gz_quadbot/champ/champ_msgs) by extensions ['colcon_pkg']
[0.124s] Level 1:colcon.colcon_core.package_identification:_identify(src/gz_quadbot/champ/champ_msgs) by extension 'colcon_pkg'
[0.124s] Level 1:colcon.colcon_core.package_identification:_identify(src/gz_quadbot/champ/champ_msgs) by extensions ['colcon_meta']
[0.124s] Level 1:colcon.colcon_core.package_identification:_identify(src/gz_quadbot/champ/champ_msgs) by extension 'colcon_meta'
[0.124s] Level 1:colcon.colcon_core.package_identification:_identify(src/gz_quadbot/champ/champ_msgs) by extensions ['ros']
[0.124s] Level 1:colcon.colcon_core.package_identification:_identify(src/gz_quadbot/champ/champ_msgs) by extension 'ros'
[0.124s] DEBUG:colcon.colcon_core.package_identification:Package 'src/gz_quadbot/champ/champ_msgs' with type 'ros.ament_cmake' and name 'champ_msgs'
[0.124s] Level 1:colcon.colcon_core.package_identification:_identify(src/gz_quadbot/champ/champ_navigation) by extensions ['ignore', 'ignore_ament_install']
[0.125s] Level 1:colcon.colcon_core.package_identification:_identify(src/gz_quadbot/champ/champ_navigation) by extension 'ignore'
[0.125s] Level 1:colcon.colcon_core.package_identification:_identify(src/gz_quadbot/champ/champ_navigation) by extension 'ignore_ament_install'
[0.125s] Level 1:colcon.colcon_core.package_identification:_identify(src/gz_quadbot/champ/champ_navigation) by extensions ['colcon_pkg']
[0.125s] Level 1:colcon.colcon_core.package_identification:_identify(src/gz_quadbot/champ/champ_navigation) by extension 'colcon_pkg'
[0.125s] Level 1:colcon.colcon_core.package_identification:_identify(src/gz_quadbot/champ/champ_navigation) by extensions ['colcon_meta']
[0.125s] Level 1:colcon.colcon_core.package_identification:_identify(src/gz_quadbot/champ/champ_navigation) by extension 'colcon_meta'
[0.125s] Level 1:colcon.colcon_core.package_identification:_identify(src/gz_quadbot/champ/champ_navigation) by extensions ['ros']
[0.125s] Level 1:colcon.colcon_core.package_identification:_identify(src/gz_quadbot/champ/champ_navigation) by extension 'ros'
[0.125s] DEBUG:colcon.colcon_core.package_identification:Package 'src/gz_quadbot/champ/champ_navigation' with type 'ros.ament_cmake' and name 'champ_navigation'
[0.125s] Level 1:colcon.colcon_core.package_identification:_identify(src/gz_quadbot/champ/docs) by extensions ['ignore', 'ignore_ament_install']
[0.125s] Level 1:colcon.colcon_core.package_identification:_identify(src/gz_quadbot/champ/docs) by extension 'ignore'
[0.125s] Level 1:colcon.colcon_core.package_identification:_identify(src/gz_quadbot/champ/docs) by extension 'ignore_ament_install'
[0.125s] Level 1:colcon.colcon_core.package_identification:_identify(src/gz_quadbot/champ/docs) by extensions ['colcon_pkg']
[0.125s] Level 1:colcon.colcon_core.package_identification:_identify(src/gz_quadbot/champ/docs) by extension 'colcon_pkg'
[0.125s] Level 1:colcon.colcon_core.package_identification:_identify(src/gz_quadbot/champ/docs) by extensions ['colcon_meta']
[0.125s] Level 1:colcon.colcon_core.package_identification:_identify(src/gz_quadbot/champ/docs) by extension 'colcon_meta'
[0.125s] Level 1:colcon.colcon_core.package_identification:_identify(src/gz_quadbot/champ/docs) by extensions ['ros']
[0.125s] Level 1:colcon.colcon_core.package_identification:_identify(src/gz_quadbot/champ/docs) by extension 'ros'
[0.125s] Level 1:colcon.colcon_core.package_identification:_identify(src/gz_quadbot/champ/docs) by extensions ['cmake', 'python']
[0.125s] Level 1:colcon.colcon_core.package_identification:_identify(src/gz_quadbot/champ/docs) by extension 'cmake'
[0.125s] Level 1:colcon.colcon_core.package_identification:_identify(src/gz_quadbot/champ/docs) by extension 'python'
[0.125s] Level 1:colcon.colcon_core.package_identification:_identify(src/gz_quadbot/champ/docs) by extensions ['python_setup_py']
[0.125s] Level 1:colcon.colcon_core.package_identification:_identify(src/gz_quadbot/champ/docs) by extension 'python_setup_py'
[0.125s] Level 1:colcon.colcon_core.package_identification:_identify(src/gz_quadbot/champ/docs/images) by extensions ['ignore', 'ignore_ament_install']
[0.125s] Level 1:colcon.colcon_core.package_identification:_identify(src/gz_quadbot/champ/docs/images) by extension 'ignore'
[0.125s] Level 1:colcon.colcon_core.package_identification:_identify(src/gz_quadbot/champ/docs/images) by extension 'ignore_ament_install'
[0.125s] Level 1:colcon.colcon_core.package_identification:_identify(src/gz_quadbot/champ/docs/images) by extensions ['colcon_pkg']
[0.125s] Level 1:colcon.colcon_core.package_identification:_identify(src/gz_quadbot/champ/docs/images) by extension 'colcon_pkg'
[0.125s] Level 1:colcon.colcon_core.package_identification:_identify(src/gz_quadbot/champ/docs/images) by extensions ['colcon_meta']
[0.125s] Level 1:colcon.colcon_core.package_identification:_identify(src/gz_quadbot/champ/docs/images) by extension 'colcon_meta'
[0.125s] Level 1:colcon.colcon_core.package_identification:_identify(src/gz_quadbot/champ/docs/images) by extensions ['ros']
[0.125s] Level 1:colcon.colcon_core.package_identification:_identify(src/gz_quadbot/champ/docs/images) by extension 'ros'
[0.125s] Level 1:colcon.colcon_core.package_identification:_identify(src/gz_quadbot/champ/docs/images) by extensions ['cmake', 'python']
[0.125s] Level 1:colcon.colcon_core.package_identification:_identify(src/gz_quadbot/champ/docs/images) by extension 'cmake'
[0.125s] Level 1:colcon.colcon_core.package_identification:_identify(src/gz_quadbot/champ/docs/images) by extension 'python'
[0.125s] Level 1:colcon.colcon_core.package_identification:_identify(src/gz_quadbot/champ/docs/images) by extensions ['python_setup_py']
[0.125s] Level 1:colcon.colcon_core.package_identification:_identify(src/gz_quadbot/champ/docs/images) by extension 'python_setup_py'
[0.126s] Level 1:colcon.colcon_core.package_identification:_identify(src/gz_quadbot/robots) by extensions ['ignore', 'ignore_ament_install']
[0.126s] Level 1:colcon.colcon_core.package_identification:_identify(src/gz_quadbot/robots) by extension 'ignore'
[0.126s] Level 1:colcon.colcon_core.package_identification:_identify(src/gz_quadbot/robots) by extension 'ignore_ament_install'
[0.126s] Level 1:colcon.colcon_core.package_identification:_identify(src/gz_quadbot/robots) by extensions ['colcon_pkg']
[0.126s] Level 1:colcon.colcon_core.package_identification:_identify(src/gz_quadbot/robots) by extension 'colcon_pkg'
[0.126s] Level 1:colcon.colcon_core.package_identification:_identify(src/gz_quadbot/robots) by extensions ['colcon_meta']
[0.126s] Level 1:colcon.colcon_core.package_identification:_identify(src/gz_quadbot/robots) by extension 'colcon_meta'
[0.126s] Level 1:colcon.colcon_core.package_identification:_identify(src/gz_quadbot/robots) by extensions ['ros']
[0.126s] Level 1:colcon.colcon_core.package_identification:_identify(src/gz_quadbot/robots) by extension 'ros'
[0.126s] Level 1:colcon.colcon_core.package_identification:_identify(src/gz_quadbot/robots) by extensions ['cmake', 'python']
[0.126s] Level 1:colcon.colcon_core.package_identification:_identify(src/gz_quadbot/robots) by extension 'cmake'
[0.126s] Level 1:colcon.colcon_core.package_identification:_identify(src/gz_quadbot/robots) by extension 'python'
[0.126s] Level 1:colcon.colcon_core.package_identification:_identify(src/gz_quadbot/robots) by extensions ['python_setup_py']
[0.126s] Level 1:colcon.colcon_core.package_identification:_identify(src/gz_quadbot/robots) by extension 'python_setup_py'
[0.126s] Level 1:colcon.colcon_core.package_identification:_identify(src/gz_quadbot/robots/configs) by extensions ['ignore', 'ignore_ament_install']
[0.126s] Level 1:colcon.colcon_core.package_identification:_identify(src/gz_quadbot/robots/configs) by extension 'ignore'
[0.126s] Level 1:colcon.colcon_core.package_identification:_identify(src/gz_quadbot/robots/configs) by extension 'ignore_ament_install'
[0.126s] Level 1:colcon.colcon_core.package_identification:_identify(src/gz_quadbot/robots/configs) by extensions ['colcon_pkg']
[0.126s] Level 1:colcon.colcon_core.package_identification:_identify(src/gz_quadbot/robots/configs) by extension 'colcon_pkg'
[0.126s] Level 1:colcon.colcon_core.package_identification:_identify(src/gz_quadbot/robots/configs) by extensions ['colcon_meta']
[0.126s] Level 1:colcon.colcon_core.package_identification:_identify(src/gz_quadbot/robots/configs) by extension 'colcon_meta'
[0.126s] Level 1:colcon.colcon_core.package_identification:_identify(src/gz_quadbot/robots/configs) by extensions ['ros']
[0.126s] Level 1:colcon.colcon_core.package_identification:_identify(src/gz_quadbot/robots/configs) by extension 'ros'
[0.126s] Level 1:colcon.colcon_core.package_identification:_identify(src/gz_quadbot/robots/configs) by extensions ['cmake', 'python']
[0.126s] Level 1:colcon.colcon_core.package_identification:_identify(src/gz_quadbot/robots/configs) by extension 'cmake'
[0.126s] Level 1:colcon.colcon_core.package_identification:_identify(src/gz_quadbot/robots/configs) by extension 'python'
[0.126s] Level 1:colcon.colcon_core.package_identification:_identify(src/gz_quadbot/robots/configs) by extensions ['python_setup_py']
[0.126s] Level 1:colcon.colcon_core.package_identification:_identify(src/gz_quadbot/robots/configs) by extension 'python_setup_py'
[0.126s] Level 1:colcon.colcon_core.package_identification:_identify(src/gz_quadbot/robots/configs/go2_config) by extensions ['ignore', 'ignore_ament_install']
[0.126s] Level 1:colcon.colcon_core.package_identification:_identify(src/gz_quadbot/robots/configs/go2_config) by extension 'ignore'
[0.126s] Level 1:colcon.colcon_core.package_identification:_identify(src/gz_quadbot/robots/configs/go2_config) by extension 'ignore_ament_install'
[0.126s] Level 1:colcon.colcon_core.package_identification:_identify(src/gz_quadbot/robots/configs/go2_config) by extensions ['colcon_pkg']
[0.126s] Level 1:colcon.colcon_core.package_identification:_identify(src/gz_quadbot/robots/configs/go2_config) by extension 'colcon_pkg'
[0.126s] Level 1:colcon.colcon_core.package_identification:_identify(src/gz_quadbot/robots/configs/go2_config) by extensions ['colcon_meta']
[0.126s] Level 1:colcon.colcon_core.package_identification:_identify(src/gz_quadbot/robots/configs/go2_config) by extension 'colcon_meta'
[0.126s] Level 1:colcon.colcon_core.package_identification:_identify(src/gz_quadbot/robots/configs/go2_config) by extensions ['ros']
[0.126s] Level 1:colcon.colcon_core.package_identification:_identify(src/gz_quadbot/robots/configs/go2_config) by extension 'ros'
[0.126s] DEBUG:colcon.colcon_core.package_identification:Package 'src/gz_quadbot/robots/configs/go2_config' with type 'ros.ament_cmake' and name 'go2_config'
[0.127s] Level 1:colcon.colcon_core.package_identification:_identify(src/gz_quadbot/robots/descriptions) by extensions ['ignore', 'ignore_ament_install']
[0.127s] Level 1:colcon.colcon_core.package_identification:_identify(src/gz_quadbot/robots/descriptions) by extension 'ignore'
[0.127s] Level 1:colcon.colcon_core.package_identification:_identify(src/gz_quadbot/robots/descriptions) by extension 'ignore_ament_install'
[0.127s] Level 1:colcon.colcon_core.package_identification:_identify(src/gz_quadbot/robots/descriptions) by extensions ['colcon_pkg']
[0.127s] Level 1:colcon.colcon_core.package_identification:_identify(src/gz_quadbot/robots/descriptions) by extension 'colcon_pkg'
[0.127s] Level 1:colcon.colcon_core.package_identification:_identify(src/gz_quadbot/robots/descriptions) by extensions ['colcon_meta']
[0.127s] Level 1:colcon.colcon_core.package_identification:_identify(src/gz_quadbot/robots/descriptions) by extension 'colcon_meta'
[0.127s] Level 1:colcon.colcon_core.package_identification:_identify(src/gz_quadbot/robots/descriptions) by extensions ['ros']
[0.127s] Level 1:colcon.colcon_core.package_identification:_identify(src/gz_quadbot/robots/descriptions) by extension 'ros'
[0.127s] Level 1:colcon.colcon_core.package_identification:_identify(src/gz_quadbot/robots/descriptions) by extensions ['cmake', 'python']
[0.127s] Level 1:colcon.colcon_core.package_identification:_identify(src/gz_quadbot/robots/descriptions) by extension 'cmake'
[0.127s] Level 1:colcon.colcon_core.package_identification:_identify(src/gz_quadbot/robots/descriptions) by extension 'python'
[0.127s] Level 1:colcon.colcon_core.package_identification:_identify(src/gz_quadbot/robots/descriptions) by extensions ['python_setup_py']
[0.127s] Level 1:colcon.colcon_core.package_identification:_identify(src/gz_quadbot/robots/descriptions) by extension 'python_setup_py'
[0.127s] Level 1:colcon.colcon_core.package_identification:_identify(src/gz_quadbot/robots/descriptions/go2_description) by extensions ['ignore', 'ignore_ament_install']
[0.127s] Level 1:colcon.colcon_core.package_identification:_identify(src/gz_quadbot/robots/descriptions/go2_description) by extension 'ignore'
[0.127s] Level 1:colcon.colcon_core.package_identification:_identify(src/gz_quadbot/robots/descriptions/go2_description) by extension 'ignore_ament_install'
[0.127s] Level 1:colcon.colcon_core.package_identification:_identify(src/gz_quadbot/robots/descriptions/go2_description) by extensions ['colcon_pkg']
[0.127s] Level 1:colcon.colcon_core.package_identification:_identify(src/gz_quadbot/robots/descriptions/go2_description) by extension 'colcon_pkg'
[0.127s] Level 1:colcon.colcon_core.package_identification:_identify(src/gz_quadbot/robots/descriptions/go2_description) by extensions ['colcon_meta']
[0.127s] Level 1:colcon.colcon_core.package_identification:_identify(src/gz_quadbot/robots/descriptions/go2_description) by extension 'colcon_meta'
[0.127s] Level 1:colcon.colcon_core.package_identification:_identify(src/gz_quadbot/robots/descriptions/go2_description) by extensions ['ros']
[0.127s] Level 1:colcon.colcon_core.package_identification:_identify(src/gz_quadbot/robots/descriptions/go2_description) by extension 'ros'
[0.127s] DEBUG:colcon.colcon_core.package_identification:Package 'src/gz_quadbot/robots/descriptions/go2_description' with type 'ros.ament_cmake' and name 'go2_description'
[0.127s] Level 1:colcon.colcon_core.package_discovery:discover_packages(recursive) using defaults
[0.127s] Level 1:colcon.colcon_core.package_discovery:discover_packages(ignore) discover
[0.127s] Level 1:colcon.colcon_core.package_discovery:discover_packages(ignore) using defaults
[0.127s] Level 1:colcon.colcon_core.package_discovery:discover_packages(path) discover
[0.127s] Level 1:colcon.colcon_core.package_discovery:discover_packages(path) using defaults
[0.136s] Level 1:colcon.colcon_core.package_discovery:discover_packages(prefix_path) check parameters
[0.136s] Level 1:colcon.colcon_core.package_discovery:discover_packages(prefix_path) discover
[0.137s] DEBUG:colcon.colcon_installed_package_information.package_discovery:Found 331 installed packages in /opt/ros/humble
[0.138s] Level 1:colcon.colcon_core.package_discovery:discover_packages(prefix_path) using defaults
[0.158s] Level 5:colcon.colcon_core.verb:set package 'champ' build argument 'cmake_args' from command line to '['-DCMAKE_BUILD_TYPE=Release']'
[0.158s] Level 5:colcon.colcon_core.verb:set package 'champ' build argument 'cmake_target' from command line to 'None'
[0.158s] Level 5:colcon.colcon_core.verb:set package 'champ' build argument 'cmake_target_skip_unavailable' from command line to 'False'
[0.158s] Level 5:colcon.colcon_core.verb:set package 'champ' build argument 'cmake_clean_cache' from command line to 'False'
[0.158s] Level 5:colcon.colcon_core.verb:set package 'champ' build argument 'cmake_clean_first' from command line to 'False'
[0.158s] Level 5:colcon.colcon_core.verb:set package 'champ' build argument 'cmake_force_configure' from command line to 'False'
[0.158s] Level 5:colcon.colcon_core.verb:set package 'champ' build argument 'ament_cmake_args' from command line to 'None'
[0.158s] Level 5:colcon.colcon_core.verb:set package 'champ' build argument 'catkin_cmake_args' from command line to 'None'
[0.158s] Level 5:colcon.colcon_core.verb:set package 'champ' build argument 'catkin_skip_building_tests' from command line to 'False'
[0.158s] DEBUG:colcon.colcon_core.verb:Building package 'champ' with the following arguments: {'ament_cmake_args': None, 'build_base': '/ws_gz/build/champ', 'catkin_cmake_args': None, 'catkin_skip_building_tests': False, 'cmake_args': ['-DCMAKE_BUILD_TYPE=Release'], 'cmake_clean_cache': False, 'cmake_clean_first': False, 'cmake_force_configure': False, 'cmake_target': None, 'cmake_target_skip_unavailable': False, 'install_base': '/ws_gz/install/champ', 'merge_install': False, 'path': '/ws_gz/src/gz_quadbot/champ/champ', 'symlink_install': True, 'test_result_base': None}
[0.158s] Level 5:colcon.colcon_core.verb:set package 'champ_config' build argument 'cmake_args' from command line to '['-DCMAKE_BUILD_TYPE=Release']'
[0.158s] Level 5:colcon.colcon_core.verb:set package 'champ_config' build argument 'cmake_target' from command line to 'None'
[0.158s] Level 5:colcon.colcon_core.verb:set package 'champ_config' build argument 'cmake_target_skip_unavailable' from command line to 'False'
[0.158s] Level 5:colcon.colcon_core.verb:set package 'champ_config' build argument 'cmake_clean_cache' from command line to 'False'
[0.158s] Level 5:colcon.colcon_core.verb:set package 'champ_config' build argument 'cmake_clean_first' from command line to 'False'
[0.158s] Level 5:colcon.colcon_core.verb:set package 'champ_config' build argument 'cmake_force_configure' from command line to 'False'
[0.158s] Level 5:colcon.colcon_core.verb:set package 'champ_config' build argument 'ament_cmake_args' from command line to 'None'
[0.158s] Level 5:colcon.colcon_core.verb:set package 'champ_config' build argument 'catkin_cmake_args' from command line to 'None'
[0.158s] Level 5:colcon.colcon_core.verb:set package 'champ_config' build argument 'catkin_skip_building_tests' from command line to 'False'
[0.158s] DEBUG:colcon.colcon_core.verb:Building package 'champ_config' with the following arguments: {'ament_cmake_args': None, 'build_base': '/ws_gz/build/champ_config', 'catkin_cmake_args': None, 'catkin_skip_building_tests': False, 'cmake_args': ['-DCMAKE_BUILD_TYPE=Release'], 'cmake_clean_cache': False, 'cmake_clean_first': False, 'cmake_force_configure': False, 'cmake_target': None, 'cmake_target_skip_unavailable': False, 'install_base': '/ws_gz/install/champ_config', 'merge_install': False, 'path': '/ws_gz/src/gz_quadbot/champ/champ_config', 'symlink_install': True, 'test_result_base': None}
[0.158s] Level 5:colcon.colcon_core.verb:set package 'champ_description' build argument 'cmake_args' from command line to '['-DCMAKE_BUILD_TYPE=Release']'
[0.158s] Level 5:colcon.colcon_core.verb:set package 'champ_description' build argument 'cmake_target' from command line to 'None'
[0.158s] Level 5:colcon.colcon_core.verb:set package 'champ_description' build argument 'cmake_target_skip_unavailable' from command line to 'False'
[0.158s] Level 5:colcon.colcon_core.verb:set package 'champ_description' build argument 'cmake_clean_cache' from command line to 'False'
[0.158s] Level 5:colcon.colcon_core.verb:set package 'champ_description' build argument 'cmake_clean_first' from command line to 'False'
[0.158s] Level 5:colcon.colcon_core.verb:set package 'champ_description' build argument 'cmake_force_configure' from command line to 'False'
[0.158s] Level 5:colcon.colcon_core.verb:set package 'champ_description' build argument 'ament_cmake_args' from command line to 'None'
[0.158s] Level 5:colcon.colcon_core.verb:set package 'champ_description' build argument 'catkin_cmake_args' from command line to 'None'
[0.158s] Level 5:colcon.colcon_core.verb:set package 'champ_description' build argument 'catkin_skip_building_tests' from command line to 'False'
[0.158s] DEBUG:colcon.colcon_core.verb:Building package 'champ_description' with the following arguments: {'ament_cmake_args': None, 'build_base': '/ws_gz/build/champ_description', 'catkin_cmake_args': None, 'catkin_skip_building_tests': False, 'cmake_args': ['-DCMAKE_BUILD_TYPE=Release'], 'cmake_clean_cache': False, 'cmake_clean_first': False, 'cmake_force_configure': False, 'cmake_target': None, 'cmake_target_skip_unavailable': False, 'install_base': '/ws_gz/install/champ_description', 'merge_install': False, 'path': '/ws_gz/src/gz_quadbot/champ/champ_description', 'symlink_install': True, 'test_result_base': None}
[0.158s] Level 5:colcon.colcon_core.verb:set package 'champ_msgs' build argument 'cmake_args' from command line to '['-DCMAKE_BUILD_TYPE=Release']'
[0.158s] Level 5:colcon.colcon_core.verb:set package 'champ_msgs' build argument 'cmake_target' from command line to 'None'
[0.158s] Level 5:colcon.colcon_core.verb:set package 'champ_msgs' build argument 'cmake_target_skip_unavailable' from command line to 'False'
[0.158s] Level 5:colcon.colcon_core.verb:set package 'champ_msgs' build argument 'cmake_clean_cache' from command line to 'False'
[0.158s] Level 5:colcon.colcon_core.verb:set package 'champ_msgs' build argument 'cmake_clean_first' from command line to 'False'
[0.158s] Level 5:colcon.colcon_core.verb:set package 'champ_msgs' build argument 'cmake_force_configure' from command line to 'False'
[0.158s] Level 5:colcon.colcon_core.verb:set package 'champ_msgs' build argument 'ament_cmake_args' from command line to 'None'
[0.158s] Level 5:colcon.colcon_core.verb:set package 'champ_msgs' build argument 'catkin_cmake_args' from command line to 'None'
[0.158s] Level 5:colcon.colcon_core.verb:set package 'champ_msgs' build argument 'catkin_skip_building_tests' from command line to 'False'
[0.158s] DEBUG:colcon.colcon_core.verb:Building package 'champ_msgs' with the following arguments: {'ament_cmake_args': None, 'build_base': '/ws_gz/build/champ_msgs', 'catkin_cmake_args': None, 'catkin_skip_building_tests': False, 'cmake_args': ['-DCMAKE_BUILD_TYPE=Release'], 'cmake_clean_cache': False, 'cmake_clean_first': False, 'cmake_force_configure': False, 'cmake_target': None, 'cmake_target_skip_unavailable': False, 'install_base': '/ws_gz/install/champ_msgs', 'merge_install': False, 'path': '/ws_gz/src/gz_quadbot/champ/champ_msgs', 'symlink_install': True, 'test_result_base': None}
[0.158s] Level 5:colcon.colcon_core.verb:set package 'champ_navigation' build argument 'cmake_args' from command line to '['-DCMAKE_BUILD_TYPE=Release']'
[0.158s] Level 5:colcon.colcon_core.verb:set package 'champ_navigation' build argument 'cmake_target' from command line to 'None'
[0.158s] Level 5:colcon.colcon_core.verb:set package 'champ_navigation' build argument 'cmake_target_skip_unavailable' from command line to 'False'
[0.158s] Level 5:colcon.colcon_core.verb:set package 'champ_navigation' build argument 'cmake_clean_cache' from command line to 'False'
[0.158s] Level 5:colcon.colcon_core.verb:set package 'champ_navigation' build argument 'cmake_clean_first' from command line to 'False'
[0.158s] Level 5:colcon.colcon_core.verb:set package 'champ_navigation' build argument 'cmake_force_configure' from command line to 'False'
[0.158s] Level 5:colcon.colcon_core.verb:set package 'champ_navigation' build argument 'ament_cmake_args' from command line to 'None'
[0.158s] Level 5:colcon.colcon_core.verb:set package 'champ_navigation' build argument 'catkin_cmake_args' from command line to 'None'
[0.158s] Level 5:colcon.colcon_core.verb:set package 'champ_navigation' build argument 'catkin_skip_building_tests' from command line to 'False'
[0.158s] DEBUG:colcon.colcon_core.verb:Building package 'champ_navigation' with the following arguments: {'ament_cmake_args': None, 'build_base': '/ws_gz/build/champ_navigation', 'catkin_cmake_args': None, 'catkin_skip_building_tests': False, 'cmake_args': ['-DCMAKE_BUILD_TYPE=Release'], 'cmake_clean_cache': False, 'cmake_clean_first': False, 'cmake_force_configure': False, 'cmake_target': None, 'cmake_target_skip_unavailable': False, 'install_base': '/ws_gz/install/champ_navigation', 'merge_install': False, 'path': '/ws_gz/src/gz_quadbot/champ/champ_navigation', 'symlink_install': True, 'test_result_base': None}
[0.159s] Level 5:colcon.colcon_core.verb:set package 'go2_config' build argument 'cmake_args' from command line to '['-DCMAKE_BUILD_TYPE=Release']'
[0.159s] Level 5:colcon.colcon_core.verb:set package 'go2_config' build argument 'cmake_target' from command line to 'None'
[0.159s] Level 5:colcon.colcon_core.verb:set package 'go2_config' build argument 'cmake_target_skip_unavailable' from command line to 'False'
[0.159s] Level 5:colcon.colcon_core.verb:set package 'go2_config' build argument 'cmake_clean_cache' from command line to 'False'
[0.159s] Level 5:colcon.colcon_core.verb:set package 'go2_config' build argument 'cmake_clean_first' from command line to 'False'
[0.159s] Level 5:colcon.colcon_core.verb:set package 'go2_config' build argument 'cmake_force_configure' from command line to 'False'
[0.159s] Level 5:colcon.colcon_core.verb:set package 'go2_config' build argument 'ament_cmake_args' from command line to 'None'
[0.159s] Level 5:colcon.colcon_core.verb:set package 'go2_config' build argument 'catkin_cmake_args' from command line to 'None'
[0.159s] Level 5:colcon.colcon_core.verb:set package 'go2_config' build argument 'catkin_skip_building_tests' from command line to 'False'
[0.159s] DEBUG:colcon.colcon_core.verb:Building package 'go2_config' with the following arguments: {'ament_cmake_args': None, 'build_base': '/ws_gz/build/go2_config', 'catkin_cmake_args': None, 'catkin_skip_building_tests': False, 'cmake_args': ['-DCMAKE_BUILD_TYPE=Release'], 'cmake_clean_cache': False, 'cmake_clean_first': False, 'cmake_force_configure': False, 'cmake_target': None, 'cmake_target_skip_unavailable': False, 'install_base': '/ws_gz/install/go2_config', 'merge_install': False, 'path': '/ws_gz/src/gz_quadbot/robots/configs/go2_config', 'symlink_install': True, 'test_result_base': None}
[0.159s] Level 5:colcon.colcon_core.verb:set package 'go2_description' build argument 'cmake_args' from command line to '['-DCMAKE_BUILD_TYPE=Release']'
[0.159s] Level 5:colcon.colcon_core.verb:set package 'go2_description' build argument 'cmake_target' from command line to 'None'
[0.159s] Level 5:colcon.colcon_core.verb:set package 'go2_description' build argument 'cmake_target_skip_unavailable' from command line to 'False'
[0.159s] Level 5:colcon.colcon_core.verb:set package 'go2_description' build argument 'cmake_clean_cache' from command line to 'False'
[0.159s] Level 5:colcon.colcon_core.verb:set package 'go2_description' build argument 'cmake_clean_first' from command line to 'False'
[0.159s] Level 5:colcon.colcon_core.verb:set package 'go2_description' build argument 'cmake_force_configure' from command line to 'False'
[0.159s] Level 5:colcon.colcon_core.verb:set package 'go2_description' build argument 'ament_cmake_args' from command line to 'None'
[0.159s] Level 5:colcon.colcon_core.verb:set package 'go2_description' build argument 'catkin_cmake_args' from command line to 'None'
[0.159s] Level 5:colcon.colcon_core.verb:set package 'go2_description' build argument 'catkin_skip_building_tests' from command line to 'False'
[0.159s] DEBUG:colcon.colcon_core.verb:Building package 'go2_description' with the following arguments: {'ament_cmake_args': None, 'build_base': '/ws_gz/build/go2_description', 'catkin_cmake_args': None, 'catkin_skip_building_tests': False, 'cmake_args': ['-DCMAKE_BUILD_TYPE=Release'], 'cmake_clean_cache': False, 'cmake_clean_first': False, 'cmake_force_configure': False, 'cmake_target': None, 'cmake_target_skip_unavailable': False, 'install_base': '/ws_gz/install/go2_description', 'merge_install': False, 'path': '/ws_gz/src/gz_quadbot/robots/descriptions/go2_description', 'symlink_install': True, 'test_result_base': None}
[0.159s] Level 5:colcon.colcon_core.verb:set package 'champ_base' build argument 'cmake_args' from command line to '['-DCMAKE_BUILD_TYPE=Release']'
[0.159s] Level 5:colcon.colcon_core.verb:set package 'champ_base' build argument 'cmake_target' from command line to 'None'
[0.159s] Level 5:colcon.colcon_core.verb:set package 'champ_base' build argument 'cmake_target_skip_unavailable' from command line to 'False'
[0.159s] Level 5:colcon.colcon_core.verb:set package 'champ_base' build argument 'cmake_clean_cache' from command line to 'False'
[0.159s] Level 5:colcon.colcon_core.verb:set package 'champ_base' build argument 'cmake_clean_first' from command line to 'False'
[0.159s] Level 5:colcon.colcon_core.verb:set package 'champ_base' build argument 'cmake_force_configure' from command line to 'False'
[0.159s] Level 5:colcon.colcon_core.verb:set package 'champ_base' build argument 'ament_cmake_args' from command line to 'None'
[0.159s] Level 5:colcon.colcon_core.verb:set package 'champ_base' build argument 'catkin_cmake_args' from command line to 'None'
[0.159s] Level 5:colcon.colcon_core.verb:set package 'champ_base' build argument 'catkin_skip_building_tests' from command line to 'False'
[0.159s] DEBUG:colcon.colcon_core.verb:Building package 'champ_base' with the following arguments: {'ament_cmake_args': None, 'build_base': '/ws_gz/build/champ_base', 'catkin_cmake_args': None, 'catkin_skip_building_tests': False, 'cmake_args': ['-DCMAKE_BUILD_TYPE=Release'], 'cmake_clean_cache': False, 'cmake_clean_first': False, 'cmake_force_configure': False, 'cmake_target': None, 'cmake_target_skip_unavailable': False, 'install_base': '/ws_gz/install/champ_base', 'merge_install': False, 'path': '/ws_gz/src/gz_quadbot/champ/champ_base', 'symlink_install': True, 'test_result_base': None}
[0.159s] Level 5:colcon.colcon_core.verb:set package 'champ_gazebo' build argument 'cmake_args' from command line to '['-DCMAKE_BUILD_TYPE=Release']'
[0.159s] Level 5:colcon.colcon_core.verb:set package 'champ_gazebo' build argument 'cmake_target' from command line to 'None'
[0.159s] Level 5:colcon.colcon_core.verb:set package 'champ_gazebo' build argument 'cmake_target_skip_unavailable' from command line to 'False'
[0.159s] Level 5:colcon.colcon_core.verb:set package 'champ_gazebo' build argument 'cmake_clean_cache' from command line to 'False'
[0.159s] Level 5:colcon.colcon_core.verb:set package 'champ_gazebo' build argument 'cmake_clean_first' from command line to 'False'
[0.159s] Level 5:colcon.colcon_core.verb:set package 'champ_gazebo' build argument 'cmake_force_configure' from command line to 'False'
[0.159s] Level 5:colcon.colcon_core.verb:set package 'champ_gazebo' build argument 'ament_cmake_args' from command line to 'None'
[0.159s] Level 5:colcon.colcon_core.verb:set package 'champ_gazebo' build argument 'catkin_cmake_args' from command line to 'None'
[0.159s] Level 5:colcon.colcon_core.verb:set package 'champ_gazebo' build argument 'catkin_skip_building_tests' from command line to 'False'
[0.159s] DEBUG:colcon.colcon_core.verb:Building package 'champ_gazebo' with the following arguments: {'ament_cmake_args': None, 'build_base': '/ws_gz/build/champ_gazebo', 'catkin_cmake_args': None, 'catkin_skip_building_tests': False, 'cmake_args': ['-DCMAKE_BUILD_TYPE=Release'], 'cmake_clean_cache': False, 'cmake_clean_first': False, 'cmake_force_configure': False, 'cmake_target': None, 'cmake_target_skip_unavailable': False, 'install_base': '/ws_gz/install/champ_gazebo', 'merge_install': False, 'path': '/ws_gz/src/gz_quadbot/champ/champ_gazebo', 'symlink_install': True, 'test_result_base': None}
[0.159s] Level 5:colcon.colcon_core.verb:set package 'champ_bringup' build argument 'cmake_args' from command line to '['-DCMAKE_BUILD_TYPE=Release']'
[0.159s] Level 5:colcon.colcon_core.verb:set package 'champ_bringup' build argument 'cmake_target' from command line to 'None'
[0.159s] Level 5:colcon.colcon_core.verb:set package 'champ_bringup' build argument 'cmake_target_skip_unavailable' from command line to 'False'
[0.159s] Level 5:colcon.colcon_core.verb:set package 'champ_bringup' build argument 'cmake_clean_cache' from command line to 'False'
[0.159s] Level 5:colcon.colcon_core.verb:set package 'champ_bringup' build argument 'cmake_clean_first' from command line to 'False'
[0.159s] Level 5:colcon.colcon_core.verb:set package 'champ_bringup' build argument 'cmake_force_configure' from command line to 'False'
[0.159s] Level 5:colcon.colcon_core.verb:set package 'champ_bringup' build argument 'ament_cmake_args' from command line to 'None'
[0.159s] Level 5:colcon.colcon_core.verb:set package 'champ_bringup' build argument 'catkin_cmake_args' from command line to 'None'
[0.159s] Level 5:colcon.colcon_core.verb:set package 'champ_bringup' build argument 'catkin_skip_building_tests' from command line to 'False'
[0.159s] DEBUG:colcon.colcon_core.verb:Building package 'champ_bringup' with the following arguments: {'ament_cmake_args': None, 'build_base': '/ws_gz/build/champ_bringup', 'catkin_cmake_args': None, 'catkin_skip_building_tests': False, 'cmake_args': ['-DCMAKE_BUILD_TYPE=Release'], 'cmake_clean_cache': False, 'cmake_clean_first': False, 'cmake_force_configure': False, 'cmake_target': None, 'cmake_target_skip_unavailable': False, 'install_base': '/ws_gz/install/champ_bringup', 'merge_install': False, 'path': '/ws_gz/src/gz_quadbot/champ/champ_bringup', 'symlink_install': True, 'test_result_base': None}
[0.159s] INFO:colcon.colcon_core.executor:Executing jobs using 'parallel' executor
[0.160s] DEBUG:colcon.colcon_parallel_executor.executor.parallel:run_until_complete
[0.160s] INFO:colcon.colcon_ros.task.ament_cmake.build:Building ROS package in '/ws_gz/src/gz_quadbot/champ/champ' with build type 'ament_cmake'
[0.160s] INFO:colcon.colcon_cmake.task.cmake.build:Building CMake package in '/ws_gz/src/gz_quadbot/champ/champ'
[0.161s] INFO:colcon.colcon_core.plugin_system:Skipping extension 'colcon_core.shell.bat': Not used on non-Windows systems
[0.161s] INFO:colcon.colcon_core.shell:Skip shell extension 'powershell' for command environment: Not usable outside of PowerShell
[0.161s] DEBUG:colcon.colcon_core.shell:Skip shell extension 'dsv' for command environment
[0.163s] INFO:colcon.colcon_ros.task.ament_cmake.build:Building ROS package in '/ws_gz/src/gz_quadbot/champ/champ_msgs' with build type 'ament_cmake'
[0.163s] INFO:colcon.colcon_cmake.task.cmake.build:Building CMake package in '/ws_gz/src/gz_quadbot/champ/champ_msgs'
[0.163s] INFO:colcon.colcon_core.shell:Skip shell extension 'powershell' for command environment: Not usable outside of PowerShell
[0.163s] DEBUG:colcon.colcon_core.shell:Skip shell extension 'dsv' for command environment
[0.164s] INFO:colcon.colcon_ros.task.ament_cmake.build:Building ROS package in '/ws_gz/src/gz_quadbot/champ/champ_description' with build type 'ament_cmake'
[0.164s] INFO:colcon.colcon_cmake.task.cmake.build:Building CMake package in '/ws_gz/src/gz_quadbot/champ/champ_description'
[0.164s] INFO:colcon.colcon_core.shell:Skip shell extension 'powershell' for command environment: Not usable outside of PowerShell
[0.164s] DEBUG:colcon.colcon_core.shell:Skip shell extension 'dsv' for command environment
[0.165s] INFO:colcon.colcon_ros.task.ament_cmake.build:Building ROS package in '/ws_gz/src/gz_quadbot/champ/champ_config' with build type 'ament_cmake'
[0.165s] INFO:colcon.colcon_cmake.task.cmake.build:Building CMake package in '/ws_gz/src/gz_quadbot/champ/champ_config'
[0.165s] INFO:colcon.colcon_core.shell:Skip shell extension 'powershell' for command environment: Not usable outside of PowerShell
[0.165s] DEBUG:colcon.colcon_core.shell:Skip shell extension 'dsv' for command environment
[0.166s] INFO:colcon.colcon_ros.task.ament_cmake.build:Building ROS package in '/ws_gz/src/gz_quadbot/champ/champ_navigation' with build type 'ament_cmake'
[0.166s] INFO:colcon.colcon_cmake.task.cmake.build:Building CMake package in '/ws_gz/src/gz_quadbot/champ/champ_navigation'
[0.166s] INFO:colcon.colcon_core.shell:Skip shell extension 'powershell' for command environment: Not usable outside of PowerShell
[0.166s] DEBUG:colcon.colcon_core.shell:Skip shell extension 'dsv' for command environment
[0.168s] INFO:colcon.colcon_ros.task.ament_cmake.build:Building ROS package in '/ws_gz/src/gz_quadbot/robots/configs/go2_config' with build type 'ament_cmake'
[0.168s] INFO:colcon.colcon_cmake.task.cmake.build:Building CMake package in '/ws_gz/src/gz_quadbot/robots/configs/go2_config'
[0.168s] INFO:colcon.colcon_core.shell:Skip shell extension 'powershell' for command environment: Not usable outside of PowerShell
[0.168s] DEBUG:colcon.colcon_core.shell:Skip shell extension 'dsv' for command environment
[0.169s] INFO:colcon.colcon_ros.task.ament_cmake.build:Building ROS package in '/ws_gz/src/gz_quadbot/robots/descriptions/go2_description' with build type 'ament_cmake'
[0.169s] INFO:colcon.colcon_cmake.task.cmake.build:Building CMake package in '/ws_gz/src/gz_quadbot/robots/descriptions/go2_description'
[0.169s] INFO:colcon.colcon_core.shell:Skip shell extension 'powershell' for command environment: Not usable outside of PowerShell
[0.169s] DEBUG:colcon.colcon_core.shell:Skip shell extension 'dsv' for command environment
[0.172s] DEBUG:colcon.colcon_core.event_handler.log_command:Invoking command in '/ws_gz/build/champ': CMAKE_PREFIX_PATH=/opt/ros/humble /usr/bin/cmake /ws_gz/src/gz_quadbot/champ/champ -DCMAKE_BUILD_TYPE=Release -DAMENT_CMAKE_SYMLINK_INSTALL=1 -DCMAKE_INSTALL_PREFIX=/ws_gz/install/champ
[0.173s] DEBUG:colcon.colcon_core.event_handler.log_command:Invoking command in '/ws_gz/build/champ_msgs': CMAKE_PREFIX_PATH=/opt/ros/humble /usr/bin/cmake /ws_gz/src/gz_quadbot/champ/champ_msgs -DCMAKE_BUILD_TYPE=Release -DAMENT_CMAKE_SYMLINK_INSTALL=1 -DCMAKE_INSTALL_PREFIX=/ws_gz/install/champ_msgs
[0.174s] DEBUG:colcon.colcon_core.event_handler.log_command:Invoking command in '/ws_gz/build/champ_description': CMAKE_PREFIX_PATH=/opt/ros/humble /usr/bin/cmake /ws_gz/src/gz_quadbot/champ/champ_description -DCMAKE_BUILD_TYPE=Release -DAMENT_CMAKE_SYMLINK_INSTALL=1 -DCMAKE_INSTALL_PREFIX=/ws_gz/install/champ_description
[0.175s] DEBUG:colcon.colcon_core.event_handler.log_command:Invoking command in '/ws_gz/build/champ_config': CMAKE_PREFIX_PATH=/opt/ros/humble /usr/bin/cmake /ws_gz/src/gz_quadbot/champ/champ_config -DCMAKE_BUILD_TYPE=Release -DAMENT_CMAKE_SYMLINK_INSTALL=1 -DCMAKE_INSTALL_PREFIX=/ws_gz/install/champ_config
[0.176s] DEBUG:colcon.colcon_core.event_handler.log_command:Invoking command in '/ws_gz/build/champ_navigation': CMAKE_PREFIX_PATH=/opt/ros/humble /usr/bin/cmake /ws_gz/src/gz_quadbot/champ/champ_navigation -DCMAKE_BUILD_TYPE=Release -DAMENT_CMAKE_SYMLINK_INSTALL=1 -DCMAKE_INSTALL_PREFIX=/ws_gz/install/champ_navigation
[0.177s] DEBUG:colcon.colcon_core.event_handler.log_command:Invoking command in '/ws_gz/build/go2_config': CMAKE_PREFIX_PATH=/opt/ros/humble /usr/bin/cmake /ws_gz/src/gz_quadbot/robots/configs/go2_config -DCMAKE_BUILD_TYPE=Release -DAMENT_CMAKE_SYMLINK_INSTALL=1 -DCMAKE_INSTALL_PREFIX=/ws_gz/install/go2_config
[0.178s] DEBUG:colcon.colcon_core.event_handler.log_command:Invoking command in '/ws_gz/build/go2_description': CMAKE_PREFIX_PATH=/opt/ros/humble /usr/bin/cmake /ws_gz/src/gz_quadbot/robots/descriptions/go2_description -DCMAKE_BUILD_TYPE=Release -DAMENT_CMAKE_SYMLINK_INSTALL=1 -DCMAKE_INSTALL_PREFIX=/ws_gz/install/go2_description
[0.555s] DEBUG:colcon.colcon_core.event_handler.log_command:Invoked command in '/ws_gz/build/champ_navigation' returned '0': CMAKE_PREFIX_PATH=/opt/ros/humble /usr/bin/cmake /ws_gz/src/gz_quadbot/champ/champ_navigation -DCMAKE_BUILD_TYPE=Release -DAMENT_CMAKE_SYMLINK_INSTALL=1 -DCMAKE_INSTALL_PREFIX=/ws_gz/install/champ_navigation
[0.556s] DEBUG:colcon.colcon_core.event_handler.log_command:Invoking command in '/ws_gz/build/champ_navigation': CMAKE_PREFIX_PATH=/opt/ros/humble /usr/bin/cmake --build /ws_gz/build/champ_navigation -- -j32 -l32
[0.560s] DEBUG:colcon.colcon_core.event_handler.log_command:Invoked command in '/ws_gz/build/champ_config' returned '0': CMAKE_PREFIX_PATH=/opt/ros/humble /usr/bin/cmake /ws_gz/src/gz_quadbot/champ/champ_config -DCMAKE_BUILD_TYPE=Release -DAMENT_CMAKE_SYMLINK_INSTALL=1 -DCMAKE_INSTALL_PREFIX=/ws_gz/install/champ_config
[0.561s] DEBUG:colcon.colcon_core.event_handler.log_command:Invoking command in '/ws_gz/build/champ_config': CMAKE_PREFIX_PATH=/opt/ros/humble /usr/bin/cmake --build /ws_gz/build/champ_config -- -j32 -l32
[0.565s] DEBUG:colcon.colcon_core.event_handler.log_command:Invoked command in '/ws_gz/build/champ_description' returned '0': CMAKE_PREFIX_PATH=/opt/ros/humble /usr/bin/cmake /ws_gz/src/gz_quadbot/champ/champ_description -DCMAKE_BUILD_TYPE=Release -DAMENT_CMAKE_SYMLINK_INSTALL=1 -DCMAKE_INSTALL_PREFIX=/ws_gz/install/champ_description
[0.566s] DEBUG:colcon.colcon_core.event_handler.log_command:Invoking command in '/ws_gz/build/champ_description': CMAKE_PREFIX_PATH=/opt/ros/humble /usr/bin/cmake --build /ws_gz/build/champ_description -- -j32 -l32
[0.570s] DEBUG:colcon.colcon_core.event_handler.log_command:Invoked command in '/ws_gz/build/go2_description' returned '0': CMAKE_PREFIX_PATH=/opt/ros/humble /usr/bin/cmake /ws_gz/src/gz_quadbot/robots/descriptions/go2_description -DCMAKE_BUILD_TYPE=Release -DAMENT_CMAKE_SYMLINK_INSTALL=1 -DCMAKE_INSTALL_PREFIX=/ws_gz/install/go2_description
[0.571s] DEBUG:colcon.colcon_core.event_handler.log_command:Invoking command in '/ws_gz/build/go2_description': CMAKE_PREFIX_PATH=/opt/ros/humble /usr/bin/cmake --build /ws_gz/build/go2_description -- -j32 -l32
[0.580s] DEBUG:colcon.colcon_core.event_handler.log_command:Invoked command in '/ws_gz/build/champ_navigation' returned '0': CMAKE_PREFIX_PATH=/opt/ros/humble /usr/bin/cmake --build /ws_gz/build/champ_navigation -- -j32 -l32
[0.587s] DEBUG:colcon.colcon_core.event_handler.log_command:Invoking command in '/ws_gz/build/champ_navigation': CMAKE_PREFIX_PATH=/opt/ros/humble /usr/bin/cmake --install /ws_gz/build/champ_navigation
[0.587s] DEBUG:colcon.colcon_core.event_handler.log_command:Invoked command in '/ws_gz/build/champ_config' returned '0': CMAKE_PREFIX_PATH=/opt/ros/humble /usr/bin/cmake --build /ws_gz/build/champ_config -- -j32 -l32
[0.588s] DEBUG:colcon.colcon_core.event_handler.log_command:Invoking command in '/ws_gz/build/champ_config': CMAKE_PREFIX_PATH=/opt/ros/humble /usr/bin/cmake --install /ws_gz/build/champ_config
[0.589s] DEBUG:colcon.colcon_core.event_handler.log_command:Invoked command in '/ws_gz/build/champ_description' returned '0': CMAKE_PREFIX_PATH=/opt/ros/humble /usr/bin/cmake --build /ws_gz/build/champ_description -- -j32 -l32
[0.590s] DEBUG:colcon.colcon_core.event_handler.log_command:Invoking command in '/ws_gz/build/champ_description': CMAKE_PREFIX_PATH=/opt/ros/humble /usr/bin/cmake --install /ws_gz/build/champ_description
[0.594s] DEBUG:colcon.colcon_core.event_handler.log_command:Invoked command in '/ws_gz/build/go2_description' returned '0': CMAKE_PREFIX_PATH=/opt/ros/humble /usr/bin/cmake --build /ws_gz/build/go2_description -- -j32 -l32
[0.595s] DEBUG:colcon.colcon_core.event_handler.log_command:Invoking command in '/ws_gz/build/go2_description': CMAKE_PREFIX_PATH=/opt/ros/humble /usr/bin/cmake --install /ws_gz/build/go2_description
[0.618s] DEBUG:colcon.colcon_core.event_handler.log_command:Invoked command in '/ws_gz/build/go2_config' returned '0': CMAKE_PREFIX_PATH=/opt/ros/humble /usr/bin/cmake /ws_gz/src/gz_quadbot/robots/configs/go2_config -DCMAKE_BUILD_TYPE=Release -DAMENT_CMAKE_SYMLINK_INSTALL=1 -DCMAKE_INSTALL_PREFIX=/ws_gz/install/go2_config
[0.618s] DEBUG:colcon.colcon_core.event_handler.log_command:Invoking command in '/ws_gz/build/go2_config': CMAKE_PREFIX_PATH=/opt/ros/humble /usr/bin/cmake --build /ws_gz/build/go2_config -- -j32 -l32
[0.696s] Level 1:colcon.colcon_core.environment:create_environment_scripts_only(champ_navigation)
[0.696s] DEBUG:colcon.colcon_core.event_handler.log_command:Invoked command in '/ws_gz/build/champ_navigation' returned '0': CMAKE_PREFIX_PATH=/opt/ros/humble /usr/bin/cmake --install /ws_gz/build/champ_navigation
[0.698s] Level 1:colcon.colcon_core.environment:checking '/ws_gz/install/champ_navigation' for CMake module files
[0.699s] Level 1:colcon.colcon_core.environment:checking '/ws_gz/install/champ_navigation' for CMake config files
[0.699s] Level 1:colcon.colcon_core.shell:create_environment_hook('champ_navigation', 'cmake_prefix_path')
[0.699s] INFO:colcon.colcon_core.shell:Creating environment hook '/ws_gz/install/champ_navigation/share/champ_navigation/hook/cmake_prefix_path.ps1'
[0.699s] INFO:colcon.colcon_core.shell:Creating environment descriptor '/ws_gz/install/champ_navigation/share/champ_navigation/hook/cmake_prefix_path.dsv'
[0.700s] INFO:colcon.colcon_core.shell:Creating environment hook '/ws_gz/install/champ_navigation/share/champ_navigation/hook/cmake_prefix_path.sh'
[0.700s] Level 1:colcon.colcon_core.environment:checking '/ws_gz/install/champ_navigation/bin'
[0.700s] Level 1:colcon.colcon_core.environment:checking '/ws_gz/install/champ_navigation/lib/pkgconfig/champ_navigation.pc'
[0.701s] Level 1:colcon.colcon_core.environment:checking '/ws_gz/install/champ_navigation/lib/python3.10/site-packages'
[0.701s] Level 1:colcon.colcon_core.environment:checking '/ws_gz/install/champ_navigation/bin'
[0.701s] INFO:colcon.colcon_core.shell:Creating package script '/ws_gz/install/champ_navigation/share/champ_navigation/package.ps1'
[0.702s] INFO:colcon.colcon_core.shell:Creating package descriptor '/ws_gz/install/champ_navigation/share/champ_navigation/package.dsv'
[0.702s] INFO:colcon.colcon_core.shell:Creating package script '/ws_gz/install/champ_navigation/share/champ_navigation/package.sh'
[0.703s] INFO:colcon.colcon_core.shell:Creating package script '/ws_gz/install/champ_navigation/share/champ_navigation/package.bash'
[0.704s] INFO:colcon.colcon_core.shell:Creating package script '/ws_gz/install/champ_navigation/share/champ_navigation/package.zsh'
[0.704s] Level 1:colcon.colcon_core.environment:create_file_with_runtime_dependencies(/ws_gz/install/champ_navigation/share/colcon-core/packages/champ_navigation)
[0.704s] Level 1:colcon.colcon_core.environment:create_environment_scripts_only(champ_navigation)
[0.705s] Level 1:colcon.colcon_core.environment:checking '/ws_gz/install/champ_navigation' for CMake module files
[0.705s] Level 1:colcon.colcon_core.environment:checking '/ws_gz/install/champ_navigation' for CMake config files
[0.705s] Level 1:colcon.colcon_core.shell:create_environment_hook('champ_navigation', 'cmake_prefix_path')
[0.705s] INFO:colcon.colcon_core.shell:Creating environment hook '/ws_gz/install/champ_navigation/share/champ_navigation/hook/cmake_prefix_path.ps1'
[0.706s] INFO:colcon.colcon_core.shell:Creating environment descriptor '/ws_gz/install/champ_navigation/share/champ_navigation/hook/cmake_prefix_path.dsv'
[0.706s] INFO:colcon.colcon_core.shell:Creating environment hook '/ws_gz/install/champ_navigation/share/champ_navigation/hook/cmake_prefix_path.sh'
[0.706s] Level 1:colcon.colcon_core.environment:checking '/ws_gz/install/champ_navigation/bin'
[0.706s] Level 1:colcon.colcon_core.environment:checking '/ws_gz/install/champ_navigation/lib/pkgconfig/champ_navigation.pc'
[0.706s] Level 1:colcon.colcon_core.environment:checking '/ws_gz/install/champ_navigation/lib/python3.10/site-packages'
[0.707s] Level 1:colcon.colcon_core.environment:checking '/ws_gz/install/champ_navigation/bin'
[0.707s] INFO:colcon.colcon_core.shell:Creating package script '/ws_gz/install/champ_navigation/share/champ_navigation/package.ps1'
[0.708s] INFO:colcon.colcon_core.shell:Creating package descriptor '/ws_gz/install/champ_navigation/share/champ_navigation/package.dsv'
[0.708s] INFO:colcon.colcon_core.shell:Creating package script '/ws_gz/install/champ_navigation/share/champ_navigation/package.sh'
[0.708s] INFO:colcon.colcon_core.shell:Creating package script '/ws_gz/install/champ_navigation/share/champ_navigation/package.bash'
[0.708s] INFO:colcon.colcon_core.shell:Creating package script '/ws_gz/install/champ_navigation/share/champ_navigation/package.zsh'
[0.709s] Level 1:colcon.colcon_core.environment:create_file_with_runtime_dependencies(/ws_gz/install/champ_navigation/share/colcon-core/packages/champ_navigation)
[0.754s] Level 1:colcon.colcon_core.environment:create_environment_scripts_only(champ_config)
[0.754s] DEBUG:colcon.colcon_core.event_handler.log_command:Invoked command in '/ws_gz/build/champ_config' returned '0': CMAKE_PREFIX_PATH=/opt/ros/humble /usr/bin/cmake --install /ws_gz/build/champ_config
[0.754s] Level 1:colcon.colcon_core.environment:checking '/ws_gz/install/champ_config' for CMake module files
[0.755s] Level 1:colcon.colcon_core.environment:checking '/ws_gz/install/champ_config' for CMake config files
[0.755s] Level 1:colcon.colcon_core.shell:create_environment_hook('champ_config', 'cmake_prefix_path')
[0.755s] INFO:colcon.colcon_core.shell:Creating environment hook '/ws_gz/install/champ_config/share/champ_config/hook/cmake_prefix_path.ps1'
[0.756s] INFO:colcon.colcon_core.shell:Creating environment descriptor '/ws_gz/install/champ_config/share/champ_config/hook/cmake_prefix_path.dsv'
[0.756s] INFO:colcon.colcon_core.shell:Creating environment hook '/ws_gz/install/champ_config/share/champ_config/hook/cmake_prefix_path.sh'
[0.756s] Level 1:colcon.colcon_core.environment:checking '/ws_gz/install/champ_config/bin'
[0.756s] Level 1:colcon.colcon_core.environment:checking '/ws_gz/install/champ_config/lib/pkgconfig/champ_config.pc'
[0.757s] Level 1:colcon.colcon_core.environment:checking '/ws_gz/install/champ_config/lib/python3.10/site-packages'
[0.757s] Level 1:colcon.colcon_core.environment:checking '/ws_gz/install/champ_config/bin'
[0.757s] INFO:colcon.colcon_core.shell:Creating package script '/ws_gz/install/champ_config/share/champ_config/package.ps1'
[0.757s] INFO:colcon.colcon_core.shell:Creating package descriptor '/ws_gz/install/champ_config/share/champ_config/package.dsv'
[0.758s] INFO:colcon.colcon_core.shell:Creating package script '/ws_gz/install/champ_config/share/champ_config/package.sh'
[0.758s] INFO:colcon.colcon_core.shell:Creating package script '/ws_gz/install/champ_config/share/champ_config/package.bash'
[0.758s] INFO:colcon.colcon_core.shell:Creating package script '/ws_gz/install/champ_config/share/champ_config/package.zsh'
[0.758s] Level 1:colcon.colcon_core.environment:create_file_with_runtime_dependencies(/ws_gz/install/champ_config/share/colcon-core/packages/champ_config)
[0.759s] Level 1:colcon.colcon_core.environment:create_environment_scripts_only(champ_config)
[0.759s] Level 1:colcon.colcon_core.environment:checking '/ws_gz/install/champ_config' for CMake module files
[0.759s] Level 1:colcon.colcon_core.environment:checking '/ws_gz/install/champ_config' for CMake config files
[0.760s] Level 1:colcon.colcon_core.shell:create_environment_hook('champ_config', 'cmake_prefix_path')
[0.760s] INFO:colcon.colcon_core.shell:Creating environment hook '/ws_gz/install/champ_config/share/champ_config/hook/cmake_prefix_path.ps1'
[0.760s] INFO:colcon.colcon_core.shell:Creating environment descriptor '/ws_gz/install/champ_config/share/champ_config/hook/cmake_prefix_path.dsv'
[0.760s] INFO:colcon.colcon_core.shell:Creating environment hook '/ws_gz/install/champ_config/share/champ_config/hook/cmake_prefix_path.sh'
[0.761s] Level 1:colcon.colcon_core.environment:checking '/ws_gz/install/champ_config/bin'
[0.761s] Level 1:colcon.colcon_core.environment:checking '/ws_gz/install/champ_config/lib/pkgconfig/champ_config.pc'
[0.761s] Level 1:colcon.colcon_core.environment:checking '/ws_gz/install/champ_config/lib/python3.10/site-packages'
[0.761s] Level 1:colcon.colcon_core.environment:checking '/ws_gz/install/champ_config/bin'
[0.761s] INFO:colcon.colcon_core.shell:Creating package script '/ws_gz/install/champ_config/share/champ_config/package.ps1'
[0.762s] INFO:colcon.colcon_core.shell:Creating package descriptor '/ws_gz/install/champ_config/share/champ_config/package.dsv'
[0.762s] INFO:colcon.colcon_core.shell:Creating package script '/ws_gz/install/champ_config/share/champ_config/package.sh'
[0.763s] INFO:colcon.colcon_core.shell:Creating package script '/ws_gz/install/champ_config/share/champ_config/package.bash'
[0.763s] INFO:colcon.colcon_core.shell:Creating package script '/ws_gz/install/champ_config/share/champ_config/package.zsh'
[0.763s] Level 1:colcon.colcon_core.environment:create_file_with_runtime_dependencies(/ws_gz/install/champ_config/share/colcon-core/packages/champ_config)
[0.813s] Level 1:colcon.colcon_core.environment:create_environment_scripts_only(champ_description)
[0.813s] Level 1:colcon.colcon_core.environment:checking '/ws_gz/install/champ_description' for CMake module files
[0.814s] DEBUG:colcon.colcon_core.event_handler.log_command:Invoked command in '/ws_gz/build/champ_description' returned '0': CMAKE_PREFIX_PATH=/opt/ros/humble /usr/bin/cmake --install /ws_gz/build/champ_description
[0.814s] Level 1:colcon.colcon_core.environment:checking '/ws_gz/install/champ_description' for CMake config files
[0.814s] Level 1:colcon.colcon_core.shell:create_environment_hook('champ_description', 'cmake_prefix_path')
[0.814s] INFO:colcon.colcon_core.shell:Creating environment hook '/ws_gz/install/champ_description/share/champ_description/hook/cmake_prefix_path.ps1'
[0.814s] INFO:colcon.colcon_core.shell:Creating environment descriptor '/ws_gz/install/champ_description/share/champ_description/hook/cmake_prefix_path.dsv'
[0.814s] INFO:colcon.colcon_core.shell:Creating environment hook '/ws_gz/install/champ_description/share/champ_description/hook/cmake_prefix_path.sh'
[0.815s] Level 1:colcon.colcon_core.environment:checking '/ws_gz/install/champ_description/bin'
[0.815s] Level 1:colcon.colcon_core.environment:checking '/ws_gz/install/champ_description/lib/pkgconfig/champ_description.pc'
[0.815s] Level 1:colcon.colcon_core.environment:checking '/ws_gz/install/champ_description/lib/python3.10/site-packages'
[0.815s] Level 1:colcon.colcon_core.environment:checking '/ws_gz/install/champ_description/bin'
[0.815s] INFO:colcon.colcon_core.shell:Creating package script '/ws_gz/install/champ_description/share/champ_description/package.ps1'
[0.815s] INFO:colcon.colcon_core.shell:Creating package descriptor '/ws_gz/install/champ_description/share/champ_description/package.dsv'
[0.815s] INFO:colcon.colcon_core.shell:Creating package script '/ws_gz/install/champ_description/share/champ_description/package.sh'
[0.816s] INFO:colcon.colcon_core.shell:Creating package script '/ws_gz/install/champ_description/share/champ_description/package.bash'
[0.816s] INFO:colcon.colcon_core.shell:Creating package script '/ws_gz/install/champ_description/share/champ_description/package.zsh'
[0.816s] Level 1:colcon.colcon_core.environment:create_file_with_runtime_dependencies(/ws_gz/install/champ_description/share/colcon-core/packages/champ_description)
[0.816s] Level 1:colcon.colcon_core.environment:create_environment_scripts_only(champ_description)
[0.816s] Level 1:colcon.colcon_core.environment:checking '/ws_gz/install/champ_description' for CMake module files
[0.816s] Level 1:colcon.colcon_core.environment:checking '/ws_gz/install/champ_description' for CMake config files
[0.817s] Level 1:colcon.colcon_core.shell:create_environment_hook('champ_description', 'cmake_prefix_path')
[0.817s] INFO:colcon.colcon_core.shell:Creating environment hook '/ws_gz/install/champ_description/share/champ_description/hook/cmake_prefix_path.ps1'
[0.817s] INFO:colcon.colcon_core.shell:Creating environment descriptor '/ws_gz/install/champ_description/share/champ_description/hook/cmake_prefix_path.dsv'
[0.817s] INFO:colcon.colcon_core.shell:Creating environment hook '/ws_gz/install/champ_description/share/champ_description/hook/cmake_prefix_path.sh'
[0.818s] Level 1:colcon.colcon_core.environment:checking '/ws_gz/install/champ_description/bin'
[0.818s] Level 1:colcon.colcon_core.environment:checking '/ws_gz/install/champ_description/lib/pkgconfig/champ_description.pc'
[0.818s] Level 1:colcon.colcon_core.environment:checking '/ws_gz/install/champ_description/lib/python3.10/site-packages'
[0.818s] Level 1:colcon.colcon_core.environment:checking '/ws_gz/install/champ_description/bin'
[0.818s] INFO:colcon.colcon_core.shell:Creating package script '/ws_gz/install/champ_description/share/champ_description/package.ps1'
[0.818s] INFO:colcon.colcon_core.shell:Creating package descriptor '/ws_gz/install/champ_description/share/champ_description/package.dsv'
[0.819s] INFO:colcon.colcon_core.shell:Creating package script '/ws_gz/install/champ_description/share/champ_description/package.sh'
[0.819s] INFO:colcon.colcon_core.shell:Creating package script '/ws_gz/install/champ_description/share/champ_description/package.bash'
[0.819s] INFO:colcon.colcon_core.shell:Creating package script '/ws_gz/install/champ_description/share/champ_description/package.zsh'
[0.819s] Level 1:colcon.colcon_core.environment:create_file_with_runtime_dependencies(/ws_gz/install/champ_description/share/colcon-core/packages/champ_description)
[0.842s] DEBUG:colcon.colcon_core.event_handler.log_command:Invoked command in '/ws_gz/build/go2_config' returned '0': CMAKE_PREFIX_PATH=/opt/ros/humble /usr/bin/cmake --build /ws_gz/build/go2_config -- -j32 -l32
[0.843s] DEBUG:colcon.colcon_core.event_handler.log_command:Invoking command in '/ws_gz/build/go2_config': CMAKE_PREFIX_PATH=/opt/ros/humble /usr/bin/cmake --install /ws_gz/build/go2_config
[0.882s] DEBUG:colcon.colcon_core.event_handler.log_command:Invoked command in '/ws_gz/build/champ' returned '0': CMAKE_PREFIX_PATH=/opt/ros/humble /usr/bin/cmake /ws_gz/src/gz_quadbot/champ/champ -DCMAKE_BUILD_TYPE=Release -DAMENT_CMAKE_SYMLINK_INSTALL=1 -DCMAKE_INSTALL_PREFIX=/ws_gz/install/champ
[0.883s] DEBUG:colcon.colcon_core.event_handler.log_command:Invoking command in '/ws_gz/build/champ': CMAKE_PREFIX_PATH=/opt/ros/humble /usr/bin/cmake --build /ws_gz/build/champ -- -j32 -l32
[0.906s] DEBUG:colcon.colcon_core.event_handler.log_command:Invoked command in '/ws_gz/build/champ' returned '0': CMAKE_PREFIX_PATH=/opt/ros/humble /usr/bin/cmake --build /ws_gz/build/champ -- -j32 -l32
[0.907s] DEBUG:colcon.colcon_core.event_handler.log_command:Invoking command in '/ws_gz/build/champ': CMAKE_PREFIX_PATH=/opt/ros/humble /usr/bin/cmake --install /ws_gz/build/champ
[0.971s] Level 1:colcon.colcon_core.environment:create_environment_scripts_only(go2_description)
[0.971s] Level 1:colcon.colcon_core.environment:checking '/ws_gz/install/go2_description' for CMake module files
[0.972s] DEBUG:colcon.colcon_core.event_handler.log_command:Invoked command in '/ws_gz/build/go2_description' returned '0': CMAKE_PREFIX_PATH=/opt/ros/humble /usr/bin/cmake --install /ws_gz/build/go2_description
[0.972s] Level 1:colcon.colcon_core.environment:checking '/ws_gz/install/go2_description' for CMake config files
[0.972s] Level 1:colcon.colcon_core.shell:create_environment_hook('go2_description', 'cmake_prefix_path')
[0.972s] INFO:colcon.colcon_core.shell:Creating environment hook '/ws_gz/install/go2_description/share/go2_description/hook/cmake_prefix_path.ps1'
[0.972s] INFO:colcon.colcon_core.shell:Creating environment descriptor '/ws_gz/install/go2_description/share/go2_description/hook/cmake_prefix_path.dsv'
[0.972s] INFO:colcon.colcon_core.shell:Creating environment hook '/ws_gz/install/go2_description/share/go2_description/hook/cmake_prefix_path.sh'
[0.973s] Level 1:colcon.colcon_core.environment:checking '/ws_gz/install/go2_description/bin'
[0.973s] Level 1:colcon.colcon_core.environment:checking '/ws_gz/install/go2_description/lib/pkgconfig/go2_description.pc'
[0.973s] Level 1:colcon.colcon_core.environment:checking '/ws_gz/install/go2_description/lib/python3.10/site-packages'
[0.973s] Level 1:colcon.colcon_core.environment:checking '/ws_gz/install/go2_description/bin'
[0.973s] INFO:colcon.colcon_core.shell:Creating package script '/ws_gz/install/go2_description/share/go2_description/package.ps1'
[0.973s] INFO:colcon.colcon_core.shell:Creating package descriptor '/ws_gz/install/go2_description/share/go2_description/package.dsv'
[0.974s] INFO:colcon.colcon_core.shell:Creating package script '/ws_gz/install/go2_description/share/go2_description/package.sh'
[0.974s] INFO:colcon.colcon_core.shell:Creating package script '/ws_gz/install/go2_description/share/go2_description/package.bash'
[0.974s] INFO:colcon.colcon_core.shell:Creating package script '/ws_gz/install/go2_description/share/go2_description/package.zsh'
[0.974s] Level 1:colcon.colcon_core.environment:create_file_with_runtime_dependencies(/ws_gz/install/go2_description/share/colcon-core/packages/go2_description)
[0.974s] Level 1:colcon.colcon_core.environment:create_environment_scripts_only(go2_description)
[0.974s] Level 1:colcon.colcon_core.environment:checking '/ws_gz/install/go2_description' for CMake module files
[0.975s] Level 1:colcon.colcon_core.environment:checking '/ws_gz/install/go2_description' for CMake config files
[0.975s] Level 1:colcon.colcon_core.shell:create_environment_hook('go2_description', 'cmake_prefix_path')
[0.975s] INFO:colcon.colcon_core.shell:Creating environment hook '/ws_gz/install/go2_description/share/go2_description/hook/cmake_prefix_path.ps1'
[0.975s] INFO:colcon.colcon_core.shell:Creating environment descriptor '/ws_gz/install/go2_description/share/go2_description/hook/cmake_prefix_path.dsv'
[0.975s] INFO:colcon.colcon_core.shell:Creating environment hook '/ws_gz/install/go2_description/share/go2_description/hook/cmake_prefix_path.sh'
[0.975s] Level 1:colcon.colcon_core.environment:checking '/ws_gz/install/go2_description/bin'
[0.975s] Level 1:colcon.colcon_core.environment:checking '/ws_gz/install/go2_description/lib/pkgconfig/go2_description.pc'
[0.975s] Level 1:colcon.colcon_core.environment:checking '/ws_gz/install/go2_description/lib/python3.10/site-packages'
[0.975s] Level 1:colcon.colcon_core.environment:checking '/ws_gz/install/go2_description/bin'
[0.976s] INFO:colcon.colcon_core.shell:Creating package script '/ws_gz/install/go2_description/share/go2_description/package.ps1'
[0.976s] INFO:colcon.colcon_core.shell:Creating package descriptor '/ws_gz/install/go2_description/share/go2_description/package.dsv'
[0.976s] INFO:colcon.colcon_core.shell:Creating package script '/ws_gz/install/go2_description/share/go2_description/package.sh'
[0.976s] INFO:colcon.colcon_core.shell:Creating package script '/ws_gz/install/go2_description/share/go2_description/package.bash'
[0.976s] INFO:colcon.colcon_core.shell:Creating package script '/ws_gz/install/go2_description/share/go2_description/package.zsh'
[0.977s] Level 1:colcon.colcon_core.environment:create_file_with_runtime_dependencies(/ws_gz/install/go2_description/share/colcon-core/packages/go2_description)
[1.059s] Level 1:colcon.colcon_core.environment:create_environment_scripts_only(go2_config)
[1.059s] DEBUG:colcon.colcon_core.event_handler.log_command:Invoked command in '/ws_gz/build/go2_config' returned '0': CMAKE_PREFIX_PATH=/opt/ros/humble /usr/bin/cmake --install /ws_gz/build/go2_config
[1.059s] Level 1:colcon.colcon_core.environment:checking '/ws_gz/install/go2_config' for CMake module files
[1.060s] Level 1:colcon.colcon_core.environment:checking '/ws_gz/install/go2_config' for CMake config files
[1.060s] Level 1:colcon.colcon_core.shell:create_environment_hook('go2_config', 'cmake_prefix_path')
[1.060s] INFO:colcon.colcon_core.shell:Creating environment hook '/ws_gz/install/go2_config/share/go2_config/hook/cmake_prefix_path.ps1'
[1.061s] INFO:colcon.colcon_core.shell:Creating environment descriptor '/ws_gz/install/go2_config/share/go2_config/hook/cmake_prefix_path.dsv'
[1.061s] INFO:colcon.colcon_core.shell:Creating environment hook '/ws_gz/install/go2_config/share/go2_config/hook/cmake_prefix_path.sh'
[1.061s] Level 1:colcon.colcon_core.environment:checking '/ws_gz/install/go2_config/lib'
[1.062s] Level 1:colcon.colcon_core.environment:checking '/ws_gz/install/go2_config/bin'
[1.062s] Level 1:colcon.colcon_core.environment:checking '/ws_gz/install/go2_config/lib/pkgconfig/go2_config.pc'
[1.062s] Level 1:colcon.colcon_core.environment:checking '/ws_gz/install/go2_config/lib/python3.10/site-packages'
[1.062s] Level 1:colcon.colcon_core.environment:checking '/ws_gz/install/go2_config/bin'
[1.062s] INFO:colcon.colcon_core.shell:Creating package script '/ws_gz/install/go2_config/share/go2_config/package.ps1'
[1.063s] INFO:colcon.colcon_core.shell:Creating package descriptor '/ws_gz/install/go2_config/share/go2_config/package.dsv'
[1.063s] INFO:colcon.colcon_core.shell:Creating package script '/ws_gz/install/go2_config/share/go2_config/package.sh'
[1.063s] INFO:colcon.colcon_core.shell:Creating package script '/ws_gz/install/go2_config/share/go2_config/package.bash'
[1.063s] INFO:colcon.colcon_core.shell:Creating package script '/ws_gz/install/go2_config/share/go2_config/package.zsh'
[1.064s] Level 1:colcon.colcon_core.environment:create_file_with_runtime_dependencies(/ws_gz/install/go2_config/share/colcon-core/packages/go2_config)
[1.064s] Level 1:colcon.colcon_core.environment:create_environment_scripts_only(go2_config)
[1.064s] Level 1:colcon.colcon_core.environment:checking '/ws_gz/install/go2_config' for CMake module files
[1.065s] Level 1:colcon.colcon_core.environment:checking '/ws_gz/install/go2_config' for CMake config files
[1.065s] Level 1:colcon.colcon_core.shell:create_environment_hook('go2_config', 'cmake_prefix_path')
[1.065s] INFO:colcon.colcon_core.shell:Creating environment hook '/ws_gz/install/go2_config/share/go2_config/hook/cmake_prefix_path.ps1'
[1.065s] INFO:colcon.colcon_core.shell:Creating environment descriptor '/ws_gz/install/go2_config/share/go2_config/hook/cmake_prefix_path.dsv'
[1.065s] INFO:colcon.colcon_core.shell:Creating environment hook '/ws_gz/install/go2_config/share/go2_config/hook/cmake_prefix_path.sh'
[1.066s] Level 1:colcon.colcon_core.environment:checking '/ws_gz/install/go2_config/lib'
[1.066s] Level 1:colcon.colcon_core.environment:checking '/ws_gz/install/go2_config/bin'
[1.066s] Level 1:colcon.colcon_core.environment:checking '/ws_gz/install/go2_config/lib/pkgconfig/go2_config.pc'
[1.066s] Level 1:colcon.colcon_core.environment:checking '/ws_gz/install/go2_config/lib/python3.10/site-packages'
[1.066s] Level 1:colcon.colcon_core.environment:checking '/ws_gz/install/go2_config/bin'
[1.067s] INFO:colcon.colcon_core.shell:Creating package script '/ws_gz/install/go2_config/share/go2_config/package.ps1'
[1.067s] INFO:colcon.colcon_core.shell:Creating package descriptor '/ws_gz/install/go2_config/share/go2_config/package.dsv'
[1.068s] INFO:colcon.colcon_core.shell:Creating package script '/ws_gz/install/go2_config/share/go2_config/package.sh'
[1.068s] INFO:colcon.colcon_core.shell:Creating package script '/ws_gz/install/go2_config/share/go2_config/package.bash'
[1.068s] INFO:colcon.colcon_core.shell:Creating package script '/ws_gz/install/go2_config/share/go2_config/package.zsh'
[1.068s] Level 1:colcon.colcon_core.environment:create_file_with_runtime_dependencies(/ws_gz/install/go2_config/share/colcon-core/packages/go2_config)
[1.074s] Level 1:colcon.colcon_core.environment:create_environment_scripts_only(champ)
[1.074s] Level 1:colcon.colcon_core.environment:checking '/ws_gz/install/champ' for CMake module files
[1.074s] DEBUG:colcon.colcon_core.event_handler.log_command:Invoked command in '/ws_gz/build/champ' returned '0': CMAKE_PREFIX_PATH=/opt/ros/humble /usr/bin/cmake --install /ws_gz/build/champ
[1.075s] Level 1:colcon.colcon_core.environment:checking '/ws_gz/install/champ' for CMake config files
[1.075s] Level 1:colcon.colcon_core.shell:create_environment_hook('champ', 'cmake_prefix_path')
[1.075s] INFO:colcon.colcon_core.shell:Creating environment hook '/ws_gz/install/champ/share/champ/hook/cmake_prefix_path.ps1'
[1.076s] INFO:colcon.colcon_core.shell:Creating environment descriptor '/ws_gz/install/champ/share/champ/hook/cmake_prefix_path.dsv'
[1.076s] INFO:colcon.colcon_core.shell:Creating environment hook '/ws_gz/install/champ/share/champ/hook/cmake_prefix_path.sh'
[1.076s] Level 1:colcon.colcon_core.environment:checking '/ws_gz/install/champ/bin'
[1.076s] Level 1:colcon.colcon_core.environment:checking '/ws_gz/install/champ/lib/pkgconfig/champ.pc'
[1.076s] Level 1:colcon.colcon_core.environment:checking '/ws_gz/install/champ/lib/python3.10/site-packages'
[1.077s] Level 1:colcon.colcon_core.environment:checking '/ws_gz/install/champ/bin'
[1.077s] INFO:colcon.colcon_core.shell:Creating package script '/ws_gz/install/champ/share/champ/package.ps1'
[1.077s] INFO:colcon.colcon_core.shell:Creating package descriptor '/ws_gz/install/champ/share/champ/package.dsv'
[1.077s] INFO:colcon.colcon_core.shell:Creating package script '/ws_gz/install/champ/share/champ/package.sh'
[1.077s] INFO:colcon.colcon_core.shell:Creating package script '/ws_gz/install/champ/share/champ/package.bash'
[1.077s] INFO:colcon.colcon_core.shell:Creating package script '/ws_gz/install/champ/share/champ/package.zsh'
[1.077s] Level 1:colcon.colcon_core.environment:create_file_with_runtime_dependencies(/ws_gz/install/champ/share/colcon-core/packages/champ)
[1.078s] Level 1:colcon.colcon_core.environment:create_environment_scripts_only(champ)
[1.078s] Level 1:colcon.colcon_core.environment:checking '/ws_gz/install/champ' for CMake module files
[1.078s] Level 1:colcon.colcon_core.environment:checking '/ws_gz/install/champ' for CMake config files
[1.078s] Level 1:colcon.colcon_core.shell:create_environment_hook('champ', 'cmake_prefix_path')
[1.078s] INFO:colcon.colcon_core.shell:Creating environment hook '/ws_gz/install/champ/share/champ/hook/cmake_prefix_path.ps1'
[1.078s] INFO:colcon.colcon_core.shell:Creating environment descriptor '/ws_gz/install/champ/share/champ/hook/cmake_prefix_path.dsv'
[1.078s] INFO:colcon.colcon_core.shell:Creating environment hook '/ws_gz/install/champ/share/champ/hook/cmake_prefix_path.sh'
[1.079s] Level 1:colcon.colcon_core.environment:checking '/ws_gz/install/champ/bin'
[1.079s] Level 1:colcon.colcon_core.environment:checking '/ws_gz/install/champ/lib/pkgconfig/champ.pc'
[1.079s] Level 1:colcon.colcon_core.environment:checking '/ws_gz/install/champ/lib/python3.10/site-packages'
[1.079s] Level 1:colcon.colcon_core.environment:checking '/ws_gz/install/champ/bin'
[1.079s] INFO:colcon.colcon_core.shell:Creating package script '/ws_gz/install/champ/share/champ/package.ps1'
[1.079s] INFO:colcon.colcon_core.shell:Creating package descriptor '/ws_gz/install/champ/share/champ/package.dsv'
[1.079s] INFO:colcon.colcon_core.shell:Creating package script '/ws_gz/install/champ/share/champ/package.sh'
[1.080s] INFO:colcon.colcon_core.shell:Creating package script '/ws_gz/install/champ/share/champ/package.bash'
[1.080s] INFO:colcon.colcon_core.shell:Creating package script '/ws_gz/install/champ/share/champ/package.zsh'
[1.080s] Level 1:colcon.colcon_core.environment:create_file_with_runtime_dependencies(/ws_gz/install/champ/share/colcon-core/packages/champ)
[1.418s] DEBUG:colcon.colcon_core.event_handler.log_command:Invoked command in '/ws_gz/build/champ_msgs' returned '0': CMAKE_PREFIX_PATH=/opt/ros/humble /usr/bin/cmake /ws_gz/src/gz_quadbot/champ/champ_msgs -DCMAKE_BUILD_TYPE=Release -DAMENT_CMAKE_SYMLINK_INSTALL=1 -DCMAKE_INSTALL_PREFIX=/ws_gz/install/champ_msgs
[1.418s] DEBUG:colcon.colcon_core.event_handler.log_command:Invoking command in '/ws_gz/build/champ_msgs': CMAKE_PREFIX_PATH=/opt/ros/humble /usr/bin/cmake --build /ws_gz/build/champ_msgs -- -j32 -l32
[3.202s] DEBUG:colcon.colcon_core.event_handler.log_command:Invoked command in '/ws_gz/build/champ_msgs' returned '0': CMAKE_PREFIX_PATH=/opt/ros/humble /usr/bin/cmake --build /ws_gz/build/champ_msgs -- -j32 -l32
[3.202s] DEBUG:colcon.colcon_core.event_handler.log_command:Invoking command in '/ws_gz/build/champ_msgs': CMAKE_PREFIX_PATH=/opt/ros/humble /usr/bin/cmake --install /ws_gz/build/champ_msgs
[4.732s] Level 1:colcon.colcon_core.environment:create_environment_scripts_only(champ_msgs)
[4.732s] DEBUG:colcon.colcon_core.event_handler.log_command:Invoked command in '/ws_gz/build/champ_msgs' returned '0': CMAKE_PREFIX_PATH=/opt/ros/humble /usr/bin/cmake --install /ws_gz/build/champ_msgs
[4.732s] Level 1:colcon.colcon_core.environment:checking '/ws_gz/install/champ_msgs' for CMake module files
[4.733s] Level 1:colcon.colcon_core.environment:checking '/ws_gz/install/champ_msgs' for CMake config files
[4.734s] Level 1:colcon.colcon_core.shell:create_environment_hook('champ_msgs', 'cmake_prefix_path')
[4.734s] INFO:colcon.colcon_core.shell:Creating environment hook '/ws_gz/install/champ_msgs/share/champ_msgs/hook/cmake_prefix_path.ps1'
[4.735s] INFO:colcon.colcon_core.shell:Creating environment descriptor '/ws_gz/install/champ_msgs/share/champ_msgs/hook/cmake_prefix_path.dsv'
[4.735s] INFO:colcon.colcon_core.shell:Creating environment hook '/ws_gz/install/champ_msgs/share/champ_msgs/hook/cmake_prefix_path.sh'
[4.735s] Level 1:colcon.colcon_core.environment:checking '/ws_gz/install/champ_msgs/lib'
[4.735s] Level 1:colcon.colcon_core.shell:create_environment_hook('champ_msgs', 'ld_library_path_lib')
[4.736s] INFO:colcon.colcon_core.shell:Creating environment hook '/ws_gz/install/champ_msgs/share/champ_msgs/hook/ld_library_path_lib.ps1'
[4.736s] INFO:colcon.colcon_core.shell:Creating environment descriptor '/ws_gz/install/champ_msgs/share/champ_msgs/hook/ld_library_path_lib.dsv'
[4.736s] INFO:colcon.colcon_core.shell:Creating environment hook '/ws_gz/install/champ_msgs/share/champ_msgs/hook/ld_library_path_lib.sh'
[4.736s] Level 1:colcon.colcon_core.environment:checking '/ws_gz/install/champ_msgs/bin'
[4.736s] Level 1:colcon.colcon_core.environment:checking '/ws_gz/install/champ_msgs/lib/pkgconfig/champ_msgs.pc'
[4.736s] Level 1:colcon.colcon_core.environment:checking '/ws_gz/install/champ_msgs/lib/python3.10/site-packages'
[4.736s] Level 1:colcon.colcon_core.environment:checking '/ws_gz/install/champ_msgs/bin'
[4.736s] INFO:colcon.colcon_core.shell:Creating package script '/ws_gz/install/champ_msgs/share/champ_msgs/package.ps1'
[4.737s] INFO:colcon.colcon_core.shell:Creating package descriptor '/ws_gz/install/champ_msgs/share/champ_msgs/package.dsv'
[4.737s] INFO:colcon.colcon_core.shell:Creating package script '/ws_gz/install/champ_msgs/share/champ_msgs/package.sh'
[4.737s] INFO:colcon.colcon_core.shell:Creating package script '/ws_gz/install/champ_msgs/share/champ_msgs/package.bash'
[4.737s] INFO:colcon.colcon_core.shell:Creating package script '/ws_gz/install/champ_msgs/share/champ_msgs/package.zsh'
[4.737s] Level 1:colcon.colcon_core.environment:create_file_with_runtime_dependencies(/ws_gz/install/champ_msgs/share/colcon-core/packages/champ_msgs)
[4.737s] Level 1:colcon.colcon_core.environment:create_environment_scripts_only(champ_msgs)
[4.737s] Level 1:colcon.colcon_core.environment:checking '/ws_gz/install/champ_msgs' for CMake module files
[4.738s] Level 1:colcon.colcon_core.environment:checking '/ws_gz/install/champ_msgs' for CMake config files
[4.738s] Level 1:colcon.colcon_core.shell:create_environment_hook('champ_msgs', 'cmake_prefix_path')
[4.738s] INFO:colcon.colcon_core.shell:Creating environment hook '/ws_gz/install/champ_msgs/share/champ_msgs/hook/cmake_prefix_path.ps1'
[4.738s] INFO:colcon.colcon_core.shell:Creating environment descriptor '/ws_gz/install/champ_msgs/share/champ_msgs/hook/cmake_prefix_path.dsv'
[4.738s] INFO:colcon.colcon_core.shell:Creating environment hook '/ws_gz/install/champ_msgs/share/champ_msgs/hook/cmake_prefix_path.sh'
[4.739s] Level 1:colcon.colcon_core.environment:checking '/ws_gz/install/champ_msgs/lib'
[4.739s] Level 1:colcon.colcon_core.shell:create_environment_hook('champ_msgs', 'ld_library_path_lib')
[4.739s] INFO:colcon.colcon_core.shell:Creating environment hook '/ws_gz/install/champ_msgs/share/champ_msgs/hook/ld_library_path_lib.ps1'
[4.739s] INFO:colcon.colcon_core.shell:Creating environment descriptor '/ws_gz/install/champ_msgs/share/champ_msgs/hook/ld_library_path_lib.dsv'
[4.739s] INFO:colcon.colcon_core.shell:Creating environment hook '/ws_gz/install/champ_msgs/share/champ_msgs/hook/ld_library_path_lib.sh'
[4.739s] Level 1:colcon.colcon_core.environment:checking '/ws_gz/install/champ_msgs/bin'
[4.739s] Level 1:colcon.colcon_core.environment:checking '/ws_gz/install/champ_msgs/lib/pkgconfig/champ_msgs.pc'
[4.739s] Level 1:colcon.colcon_core.environment:checking '/ws_gz/install/champ_msgs/lib/python3.10/site-packages'
[4.739s] Level 1:colcon.colcon_core.environment:checking '/ws_gz/install/champ_msgs/bin'
[4.739s] INFO:colcon.colcon_core.shell:Creating package script '/ws_gz/install/champ_msgs/share/champ_msgs/package.ps1'
[4.740s] INFO:colcon.colcon_core.shell:Creating package descriptor '/ws_gz/install/champ_msgs/share/champ_msgs/package.dsv'
[4.740s] INFO:colcon.colcon_core.shell:Creating package script '/ws_gz/install/champ_msgs/share/champ_msgs/package.sh'
[4.740s] INFO:colcon.colcon_core.shell:Creating package script '/ws_gz/install/champ_msgs/share/champ_msgs/package.bash'
[4.740s] INFO:colcon.colcon_core.shell:Creating package script '/ws_gz/install/champ_msgs/share/champ_msgs/package.zsh'
[4.740s] Level 1:colcon.colcon_core.environment:create_file_with_runtime_dependencies(/ws_gz/install/champ_msgs/share/colcon-core/packages/champ_msgs)
[4.740s] INFO:colcon.colcon_ros.task.ament_cmake.build:Building ROS package in '/ws_gz/src/gz_quadbot/champ/champ_base' with build type 'ament_cmake'
[4.740s] INFO:colcon.colcon_cmake.task.cmake.build:Building CMake package in '/ws_gz/src/gz_quadbot/champ/champ_base'
[4.741s] INFO:colcon.colcon_core.shell:Skip shell extension 'powershell' for command environment: Not usable outside of PowerShell
[4.741s] DEBUG:colcon.colcon_core.shell:Skip shell extension 'dsv' for command environment
[4.742s] INFO:colcon.colcon_ros.task.ament_cmake.build:Building ROS package in '/ws_gz/src/gz_quadbot/champ/champ_gazebo' with build type 'ament_cmake'
[4.742s] INFO:colcon.colcon_cmake.task.cmake.build:Building CMake package in '/ws_gz/src/gz_quadbot/champ/champ_gazebo'
[4.742s] INFO:colcon.colcon_core.shell:Skip shell extension 'powershell' for command environment: Not usable outside of PowerShell
[4.742s] DEBUG:colcon.colcon_core.shell:Skip shell extension 'dsv' for command environment
[4.746s] DEBUG:colcon.colcon_core.event_handler.log_command:Invoking command in '/ws_gz/build/champ_base': AMENT_PREFIX_PATH=/ws_gz/install/champ_msgs:/ws_gz/install/champ:${AMENT_PREFIX_PATH} CMAKE_PREFIX_PATH=/ws_gz/install/champ_msgs:/ws_gz/install/champ:/opt/ros/humble LD_LIBRARY_PATH=/ws_gz/install/champ_msgs/lib:${LD_LIBRARY_PATH} PYTHONPATH=/ws_gz/install/champ_msgs/local/lib/python3.10/dist-packages:${PYTHONPATH} /usr/bin/cmake /ws_gz/src/gz_quadbot/champ/champ_base -DCMAKE_BUILD_TYPE=Release -DAMENT_CMAKE_SYMLINK_INSTALL=1 -DCMAKE_INSTALL_PREFIX=/ws_gz/install/champ_base
[4.747s] DEBUG:colcon.colcon_core.event_handler.log_command:Invoking command in '/ws_gz/build/champ_gazebo': AMENT_PREFIX_PATH=/ws_gz/install/champ_msgs:/ws_gz/install/champ:${AMENT_PREFIX_PATH} CMAKE_PREFIX_PATH=/ws_gz/install/champ_msgs:/ws_gz/install/champ:/opt/ros/humble LD_LIBRARY_PATH=/ws_gz/install/champ_msgs/lib:${LD_LIBRARY_PATH} PYTHONPATH=/ws_gz/install/champ_msgs/local/lib/python3.10/dist-packages:${PYTHONPATH} /usr/bin/cmake /ws_gz/src/gz_quadbot/champ/champ_gazebo -DCMAKE_BUILD_TYPE=Release -DAMENT_CMAKE_SYMLINK_INSTALL=1 -DCMAKE_INSTALL_PREFIX=/ws_gz/install/champ_gazebo
[5.545s] DEBUG:colcon.colcon_core.event_handler.log_command:Invoked command in '/ws_gz/build/champ_base' returned '0': AMENT_PREFIX_PATH=/ws_gz/install/champ_msgs:/ws_gz/install/champ:${AMENT_PREFIX_PATH} CMAKE_PREFIX_PATH=/ws_gz/install/champ_msgs:/ws_gz/install/champ:/opt/ros/humble LD_LIBRARY_PATH=/ws_gz/install/champ_msgs/lib:${LD_LIBRARY_PATH} PYTHONPATH=/ws_gz/install/champ_msgs/local/lib/python3.10/dist-packages:${PYTHONPATH} /usr/bin/cmake /ws_gz/src/gz_quadbot/champ/champ_base -DCMAKE_BUILD_TYPE=Release -DAMENT_CMAKE_SYMLINK_INSTALL=1 -DCMAKE_INSTALL_PREFIX=/ws_gz/install/champ_base
[5.545s] DEBUG:colcon.colcon_core.event_handler.log_command:Invoking command in '/ws_gz/build/champ_base': AMENT_PREFIX_PATH=/ws_gz/install/champ_msgs:/ws_gz/install/champ:${AMENT_PREFIX_PATH} CMAKE_PREFIX_PATH=/ws_gz/install/champ_msgs:/ws_gz/install/champ:/opt/ros/humble LD_LIBRARY_PATH=/ws_gz/install/champ_msgs/lib:${LD_LIBRARY_PATH} PYTHONPATH=/ws_gz/install/champ_msgs/local/lib/python3.10/dist-packages:${PYTHONPATH} /usr/bin/cmake --build /ws_gz/build/champ_base -- -j32 -l32
[6.119s] DEBUG:colcon.colcon_core.event_handler.log_command:Invoked command in '/ws_gz/build/champ_gazebo' returned '0': AMENT_PREFIX_PATH=/ws_gz/install/champ_msgs:/ws_gz/install/champ:${AMENT_PREFIX_PATH} CMAKE_PREFIX_PATH=/ws_gz/install/champ_msgs:/ws_gz/install/champ:/opt/ros/humble LD_LIBRARY_PATH=/ws_gz/install/champ_msgs/lib:${LD_LIBRARY_PATH} PYTHONPATH=/ws_gz/install/champ_msgs/local/lib/python3.10/dist-packages:${PYTHONPATH} /usr/bin/cmake /ws_gz/src/gz_quadbot/champ/champ_gazebo -DCMAKE_BUILD_TYPE=Release -DAMENT_CMAKE_SYMLINK_INSTALL=1 -DCMAKE_INSTALL_PREFIX=/ws_gz/install/champ_gazebo
[6.120s] DEBUG:colcon.colcon_core.event_handler.log_command:Invoking command in '/ws_gz/build/champ_gazebo': AMENT_PREFIX_PATH=/ws_gz/install/champ_msgs:/ws_gz/install/champ:${AMENT_PREFIX_PATH} CMAKE_PREFIX_PATH=/ws_gz/install/champ_msgs:/ws_gz/install/champ:/opt/ros/humble LD_LIBRARY_PATH=/ws_gz/install/champ_msgs/lib:${LD_LIBRARY_PATH} PYTHONPATH=/ws_gz/install/champ_msgs/local/lib/python3.10/dist-packages:${PYTHONPATH} /usr/bin/cmake --build /ws_gz/build/champ_gazebo -- -j32 -l32
[15.308s] DEBUG:colcon.colcon_core.event_handler.log_command:Invoked command in '/ws_gz/build/champ_gazebo' returned '0': AMENT_PREFIX_PATH=/ws_gz/install/champ_msgs:/ws_gz/install/champ:${AMENT_PREFIX_PATH} CMAKE_PREFIX_PATH=/ws_gz/install/champ_msgs:/ws_gz/install/champ:/opt/ros/humble LD_LIBRARY_PATH=/ws_gz/install/champ_msgs/lib:${LD_LIBRARY_PATH} PYTHONPATH=/ws_gz/install/champ_msgs/local/lib/python3.10/dist-packages:${PYTHONPATH} /usr/bin/cmake --build /ws_gz/build/champ_gazebo -- -j32 -l32
[15.308s] DEBUG:colcon.colcon_core.event_handler.log_command:Invoking command in '/ws_gz/build/champ_gazebo': AMENT_PREFIX_PATH=/ws_gz/install/champ_msgs:/ws_gz/install/champ:${AMENT_PREFIX_PATH} CMAKE_PREFIX_PATH=/ws_gz/install/champ_msgs:/ws_gz/install/champ:/opt/ros/humble LD_LIBRARY_PATH=/ws_gz/install/champ_msgs/lib:${LD_LIBRARY_PATH} PYTHONPATH=/ws_gz/install/champ_msgs/local/lib/python3.10/dist-packages:${PYTHONPATH} /usr/bin/cmake --install /ws_gz/build/champ_gazebo
[15.469s] Level 1:colcon.colcon_core.environment:create_environment_scripts_only(champ_gazebo)
[15.469s] Level 1:colcon.colcon_core.environment:checking '/ws_gz/install/champ_gazebo' for CMake module files
[15.469s] DEBUG:colcon.colcon_core.event_handler.log_command:Invoked command in '/ws_gz/build/champ_gazebo' returned '0': AMENT_PREFIX_PATH=/ws_gz/install/champ_msgs:/ws_gz/install/champ:${AMENT_PREFIX_PATH} CMAKE_PREFIX_PATH=/ws_gz/install/champ_msgs:/ws_gz/install/champ:/opt/ros/humble LD_LIBRARY_PATH=/ws_gz/install/champ_msgs/lib:${LD_LIBRARY_PATH} PYTHONPATH=/ws_gz/install/champ_msgs/local/lib/python3.10/dist-packages:${PYTHONPATH} /usr/bin/cmake --install /ws_gz/build/champ_gazebo
[15.470s] Level 1:colcon.colcon_core.environment:checking '/ws_gz/install/champ_gazebo' for CMake config files
[15.470s] Level 1:colcon.colcon_core.shell:create_environment_hook('champ_gazebo', 'cmake_prefix_path')
[15.470s] INFO:colcon.colcon_core.shell:Creating environment hook '/ws_gz/install/champ_gazebo/share/champ_gazebo/hook/cmake_prefix_path.ps1'
[15.470s] INFO:colcon.colcon_core.shell:Creating environment descriptor '/ws_gz/install/champ_gazebo/share/champ_gazebo/hook/cmake_prefix_path.dsv'
[15.471s] INFO:colcon.colcon_core.shell:Creating environment hook '/ws_gz/install/champ_gazebo/share/champ_gazebo/hook/cmake_prefix_path.sh'
[15.471s] Level 1:colcon.colcon_core.environment:checking '/ws_gz/install/champ_gazebo/lib'
[15.471s] Level 1:colcon.colcon_core.environment:checking '/ws_gz/install/champ_gazebo/bin'
[15.471s] Level 1:colcon.colcon_core.shell:create_environment_hook('champ_gazebo', 'path')
[15.471s] INFO:colcon.colcon_core.shell:Creating environment hook '/ws_gz/install/champ_gazebo/share/champ_gazebo/hook/path.ps1'
[15.471s] INFO:colcon.colcon_core.shell:Creating environment descriptor '/ws_gz/install/champ_gazebo/share/champ_gazebo/hook/path.dsv'
[15.472s] INFO:colcon.colcon_core.shell:Creating environment hook '/ws_gz/install/champ_gazebo/share/champ_gazebo/hook/path.sh'
[15.472s] Level 1:colcon.colcon_core.environment:checking '/ws_gz/install/champ_gazebo/lib/pkgconfig/champ_gazebo.pc'
[15.472s] Level 1:colcon.colcon_core.environment:checking '/ws_gz/install/champ_gazebo/lib/python3.10/site-packages'
[15.472s] Level 1:colcon.colcon_core.environment:checking '/ws_gz/install/champ_gazebo/bin'
[15.472s] Level 1:colcon.colcon_core.shell:create_environment_hook('champ_gazebo', 'pythonscriptspath')
[15.473s] INFO:colcon.colcon_core.shell:Creating environment hook '/ws_gz/install/champ_gazebo/share/champ_gazebo/hook/pythonscriptspath.ps1'
[15.473s] INFO:colcon.colcon_core.shell:Creating environment descriptor '/ws_gz/install/champ_gazebo/share/champ_gazebo/hook/pythonscriptspath.dsv'
[15.473s] INFO:colcon.colcon_core.shell:Creating environment hook '/ws_gz/install/champ_gazebo/share/champ_gazebo/hook/pythonscriptspath.sh'
[15.473s] INFO:colcon.colcon_core.shell:Creating package script '/ws_gz/install/champ_gazebo/share/champ_gazebo/package.ps1'
[15.474s] INFO:colcon.colcon_core.shell:Creating package descriptor '/ws_gz/install/champ_gazebo/share/champ_gazebo/package.dsv'
[15.474s] INFO:colcon.colcon_core.shell:Creating package script '/ws_gz/install/champ_gazebo/share/champ_gazebo/package.sh'
[15.474s] INFO:colcon.colcon_core.shell:Creating package script '/ws_gz/install/champ_gazebo/share/champ_gazebo/package.bash'
[15.474s] INFO:colcon.colcon_core.shell:Creating package script '/ws_gz/install/champ_gazebo/share/champ_gazebo/package.zsh'
[15.474s] Level 1:colcon.colcon_core.environment:create_file_with_runtime_dependencies(/ws_gz/install/champ_gazebo/share/colcon-core/packages/champ_gazebo)
[15.475s] Level 1:colcon.colcon_core.environment:create_environment_scripts_only(champ_gazebo)
[15.475s] Level 1:colcon.colcon_core.environment:checking '/ws_gz/install/champ_gazebo' for CMake module files
[15.475s] Level 1:colcon.colcon_core.environment:checking '/ws_gz/install/champ_gazebo' for CMake config files
[15.475s] Level 1:colcon.colcon_core.shell:create_environment_hook('champ_gazebo', 'cmake_prefix_path')
[15.475s] INFO:colcon.colcon_core.shell:Creating environment hook '/ws_gz/install/champ_gazebo/share/champ_gazebo/hook/cmake_prefix_path.ps1'
[15.475s] INFO:colcon.colcon_core.shell:Creating environment descriptor '/ws_gz/install/champ_gazebo/share/champ_gazebo/hook/cmake_prefix_path.dsv'
[15.475s] INFO:colcon.colcon_core.shell:Creating environment hook '/ws_gz/install/champ_gazebo/share/champ_gazebo/hook/cmake_prefix_path.sh'
[15.475s] Level 1:colcon.colcon_core.environment:checking '/ws_gz/install/champ_gazebo/lib'
[15.476s] Level 1:colcon.colcon_core.environment:checking '/ws_gz/install/champ_gazebo/bin'
[15.476s] Level 1:colcon.colcon_core.shell:create_environment_hook('champ_gazebo', 'path')
[15.476s] INFO:colcon.colcon_core.shell:Creating environment hook '/ws_gz/install/champ_gazebo/share/champ_gazebo/hook/path.ps1'
[15.476s] INFO:colcon.colcon_core.shell:Creating environment descriptor '/ws_gz/install/champ_gazebo/share/champ_gazebo/hook/path.dsv'
[15.476s] INFO:colcon.colcon_core.shell:Creating environment hook '/ws_gz/install/champ_gazebo/share/champ_gazebo/hook/path.sh'
[15.476s] Level 1:colcon.colcon_core.environment:checking '/ws_gz/install/champ_gazebo/lib/pkgconfig/champ_gazebo.pc'
[15.476s] Level 1:colcon.colcon_core.environment:checking '/ws_gz/install/champ_gazebo/lib/python3.10/site-packages'
[15.476s] Level 1:colcon.colcon_core.environment:checking '/ws_gz/install/champ_gazebo/bin'
[15.476s] Level 1:colcon.colcon_core.shell:create_environment_hook('champ_gazebo', 'pythonscriptspath')
[15.476s] INFO:colcon.colcon_core.shell:Creating environment hook '/ws_gz/install/champ_gazebo/share/champ_gazebo/hook/pythonscriptspath.ps1'
[15.477s] INFO:colcon.colcon_core.shell:Creating environment descriptor '/ws_gz/install/champ_gazebo/share/champ_gazebo/hook/pythonscriptspath.dsv'
[15.477s] INFO:colcon.colcon_core.shell:Creating environment hook '/ws_gz/install/champ_gazebo/share/champ_gazebo/hook/pythonscriptspath.sh'
[15.477s] INFO:colcon.colcon_core.shell:Creating package script '/ws_gz/install/champ_gazebo/share/champ_gazebo/package.ps1'
[15.477s] INFO:colcon.colcon_core.shell:Creating package descriptor '/ws_gz/install/champ_gazebo/share/champ_gazebo/package.dsv'
[15.477s] INFO:colcon.colcon_core.shell:Creating package script '/ws_gz/install/champ_gazebo/share/champ_gazebo/package.sh'
[15.477s] INFO:colcon.colcon_core.shell:Creating package script '/ws_gz/install/champ_gazebo/share/champ_gazebo/package.bash'
[15.478s] INFO:colcon.colcon_core.shell:Creating package script '/ws_gz/install/champ_gazebo/share/champ_gazebo/package.zsh'
[15.478s] Level 1:colcon.colcon_core.environment:create_file_with_runtime_dependencies(/ws_gz/install/champ_gazebo/share/colcon-core/packages/champ_gazebo)
[20.464s] DEBUG:colcon.colcon_core.event_handler.log_command:Invoked command in '/ws_gz/build/champ_base' returned '0': AMENT_PREFIX_PATH=/ws_gz/install/champ_msgs:/ws_gz/install/champ:${AMENT_PREFIX_PATH} CMAKE_PREFIX_PATH=/ws_gz/install/champ_msgs:/ws_gz/install/champ:/opt/ros/humble LD_LIBRARY_PATH=/ws_gz/install/champ_msgs/lib:${LD_LIBRARY_PATH} PYTHONPATH=/ws_gz/install/champ_msgs/local/lib/python3.10/dist-packages:${PYTHONPATH} /usr/bin/cmake --build /ws_gz/build/champ_base -- -j32 -l32
[20.465s] DEBUG:colcon.colcon_core.event_handler.log_command:Invoking command in '/ws_gz/build/champ_base': AMENT_PREFIX_PATH=/ws_gz/install/champ_msgs:/ws_gz/install/champ:${AMENT_PREFIX_PATH} CMAKE_PREFIX_PATH=/ws_gz/install/champ_msgs:/ws_gz/install/champ:/opt/ros/humble LD_LIBRARY_PATH=/ws_gz/install/champ_msgs/lib:${LD_LIBRARY_PATH} PYTHONPATH=/ws_gz/install/champ_msgs/local/lib/python3.10/dist-packages:${PYTHONPATH} /usr/bin/cmake --install /ws_gz/build/champ_base
[20.694s] Level 1:colcon.colcon_core.environment:create_environment_scripts_only(champ_base)
[20.694s] DEBUG:colcon.colcon_core.event_handler.log_command:Invoked command in '/ws_gz/build/champ_base' returned '0': AMENT_PREFIX_PATH=/ws_gz/install/champ_msgs:/ws_gz/install/champ:${AMENT_PREFIX_PATH} CMAKE_PREFIX_PATH=/ws_gz/install/champ_msgs:/ws_gz/install/champ:/opt/ros/humble LD_LIBRARY_PATH=/ws_gz/install/champ_msgs/lib:${LD_LIBRARY_PATH} PYTHONPATH=/ws_gz/install/champ_msgs/local/lib/python3.10/dist-packages:${PYTHONPATH} /usr/bin/cmake --install /ws_gz/build/champ_base
[20.695s] Level 1:colcon.colcon_core.environment:checking '/ws_gz/install/champ_base' for CMake module files
[20.695s] Level 1:colcon.colcon_core.environment:checking '/ws_gz/install/champ_base' for CMake config files
[20.696s] Level 1:colcon.colcon_core.shell:create_environment_hook('champ_base', 'cmake_prefix_path')
[20.696s] INFO:colcon.colcon_core.shell:Creating environment hook '/ws_gz/install/champ_base/share/champ_base/hook/cmake_prefix_path.ps1'
[20.697s] INFO:colcon.colcon_core.shell:Creating environment descriptor '/ws_gz/install/champ_base/share/champ_base/hook/cmake_prefix_path.dsv'
[20.697s] INFO:colcon.colcon_core.shell:Creating environment hook '/ws_gz/install/champ_base/share/champ_base/hook/cmake_prefix_path.sh'
[20.698s] Level 1:colcon.colcon_core.environment:checking '/ws_gz/install/champ_base/lib'
[20.698s] Level 1:colcon.colcon_core.shell:create_environment_hook('champ_base', 'ld_library_path_lib')
[20.698s] INFO:colcon.colcon_core.shell:Creating environment hook '/ws_gz/install/champ_base/share/champ_base/hook/ld_library_path_lib.ps1'
[20.698s] INFO:colcon.colcon_core.shell:Creating environment descriptor '/ws_gz/install/champ_base/share/champ_base/hook/ld_library_path_lib.dsv'
[20.699s] INFO:colcon.colcon_core.shell:Creating environment hook '/ws_gz/install/champ_base/share/champ_base/hook/ld_library_path_lib.sh'
[20.699s] Level 1:colcon.colcon_core.environment:checking '/ws_gz/install/champ_base/bin'
[20.699s] Level 1:colcon.colcon_core.shell:create_environment_hook('champ_base', 'path')
[20.699s] INFO:colcon.colcon_core.shell:Creating environment hook '/ws_gz/install/champ_base/share/champ_base/hook/path.ps1'
[20.700s] INFO:colcon.colcon_core.shell:Creating environment descriptor '/ws_gz/install/champ_base/share/champ_base/hook/path.dsv'
[20.700s] INFO:colcon.colcon_core.shell:Creating environment hook '/ws_gz/install/champ_base/share/champ_base/hook/path.sh'
[20.700s] Level 1:colcon.colcon_core.environment:checking '/ws_gz/install/champ_base/lib/pkgconfig/champ_base.pc'
[20.701s] Level 1:colcon.colcon_core.environment:checking '/ws_gz/install/champ_base/lib/python3.10/site-packages'
[20.701s] Level 1:colcon.colcon_core.environment:checking '/ws_gz/install/champ_base/bin'
[20.701s] Level 1:colcon.colcon_core.shell:create_environment_hook('champ_base', 'pythonscriptspath')
[20.701s] INFO:colcon.colcon_core.shell:Creating environment hook '/ws_gz/install/champ_base/share/champ_base/hook/pythonscriptspath.ps1'
[20.702s] INFO:colcon.colcon_core.shell:Creating environment descriptor '/ws_gz/install/champ_base/share/champ_base/hook/pythonscriptspath.dsv'
[20.702s] INFO:colcon.colcon_core.shell:Creating environment hook '/ws_gz/install/champ_base/share/champ_base/hook/pythonscriptspath.sh'
[20.703s] INFO:colcon.colcon_core.shell:Creating package script '/ws_gz/install/champ_base/share/champ_base/package.ps1'
[20.704s] INFO:colcon.colcon_core.shell:Creating package descriptor '/ws_gz/install/champ_base/share/champ_base/package.dsv'
[20.705s] INFO:colcon.colcon_core.shell:Creating package script '/ws_gz/install/champ_base/share/champ_base/package.sh'
[20.705s] INFO:colcon.colcon_core.shell:Creating package script '/ws_gz/install/champ_base/share/champ_base/package.bash'
[20.706s] INFO:colcon.colcon_core.shell:Creating package script '/ws_gz/install/champ_base/share/champ_base/package.zsh'
[20.706s] Level 1:colcon.colcon_core.environment:create_file_with_runtime_dependencies(/ws_gz/install/champ_base/share/colcon-core/packages/champ_base)
[20.707s] Level 1:colcon.colcon_core.environment:create_environment_scripts_only(champ_base)
[20.708s] Level 1:colcon.colcon_core.environment:checking '/ws_gz/install/champ_base' for CMake module files
[20.708s] Level 1:colcon.colcon_core.environment:checking '/ws_gz/install/champ_base' for CMake config files
[20.711s] Level 1:colcon.colcon_core.shell:create_environment_hook('champ_base', 'cmake_prefix_path')
[20.712s] INFO:colcon.colcon_core.shell:Creating environment hook '/ws_gz/install/champ_base/share/champ_base/hook/cmake_prefix_path.ps1'
[20.712s] INFO:colcon.colcon_core.shell:Creating environment descriptor '/ws_gz/install/champ_base/share/champ_base/hook/cmake_prefix_path.dsv'
[20.713s] INFO:colcon.colcon_core.shell:Creating environment hook '/ws_gz/install/champ_base/share/champ_base/hook/cmake_prefix_path.sh'
[20.714s] Level 1:colcon.colcon_core.environment:checking '/ws_gz/install/champ_base/lib'
[20.714s] Level 1:colcon.colcon_core.shell:create_environment_hook('champ_base', 'ld_library_path_lib')
[20.714s] INFO:colcon.colcon_core.shell:Creating environment hook '/ws_gz/install/champ_base/share/champ_base/hook/ld_library_path_lib.ps1'
[20.715s] INFO:colcon.colcon_core.shell:Creating environment descriptor '/ws_gz/install/champ_base/share/champ_base/hook/ld_library_path_lib.dsv'
[20.715s] INFO:colcon.colcon_core.shell:Creating environment hook '/ws_gz/install/champ_base/share/champ_base/hook/ld_library_path_lib.sh'
[20.716s] Level 1:colcon.colcon_core.environment:checking '/ws_gz/install/champ_base/bin'
[20.716s] Level 1:colcon.colcon_core.shell:create_environment_hook('champ_base', 'path')
[20.717s] INFO:colcon.colcon_core.shell:Creating environment hook '/ws_gz/install/champ_base/share/champ_base/hook/path.ps1'
[20.718s] INFO:colcon.colcon_core.shell:Creating environment descriptor '/ws_gz/install/champ_base/share/champ_base/hook/path.dsv'
[20.718s] INFO:colcon.colcon_core.shell:Creating environment hook '/ws_gz/install/champ_base/share/champ_base/hook/path.sh'
[20.719s] Level 1:colcon.colcon_core.environment:checking '/ws_gz/install/champ_base/lib/pkgconfig/champ_base.pc'
[20.719s] Level 1:colcon.colcon_core.environment:checking '/ws_gz/install/champ_base/lib/python3.10/site-packages'
[20.720s] Level 1:colcon.colcon_core.environment:checking '/ws_gz/install/champ_base/bin'
[20.720s] Level 1:colcon.colcon_core.shell:create_environment_hook('champ_base', 'pythonscriptspath')
[20.721s] INFO:colcon.colcon_core.shell:Creating environment hook '/ws_gz/install/champ_base/share/champ_base/hook/pythonscriptspath.ps1'
[20.722s] INFO:colcon.colcon_core.shell:Creating environment descriptor '/ws_gz/install/champ_base/share/champ_base/hook/pythonscriptspath.dsv'
[20.722s] INFO:colcon.colcon_core.shell:Creating environment hook '/ws_gz/install/champ_base/share/champ_base/hook/pythonscriptspath.sh'
[20.723s] INFO:colcon.colcon_core.shell:Creating package script '/ws_gz/install/champ_base/share/champ_base/package.ps1'
[20.725s] INFO:colcon.colcon_core.shell:Creating package descriptor '/ws_gz/install/champ_base/share/champ_base/package.dsv'
[20.725s] INFO:colcon.colcon_core.shell:Creating package script '/ws_gz/install/champ_base/share/champ_base/package.sh'
[20.726s] INFO:colcon.colcon_core.shell:Creating package script '/ws_gz/install/champ_base/share/champ_base/package.bash'
[20.726s] INFO:colcon.colcon_core.shell:Creating package script '/ws_gz/install/champ_base/share/champ_base/package.zsh'
[20.727s] Level 1:colcon.colcon_core.environment:create_file_with_runtime_dependencies(/ws_gz/install/champ_base/share/colcon-core/packages/champ_base)
[20.727s] INFO:colcon.colcon_ros.task.ament_cmake.build:Building ROS package in '/ws_gz/src/gz_quadbot/champ/champ_bringup' with build type 'ament_cmake'
[20.727s] INFO:colcon.colcon_cmake.task.cmake.build:Building CMake package in '/ws_gz/src/gz_quadbot/champ/champ_bringup'
[20.727s] INFO:colcon.colcon_core.shell:Skip shell extension 'powershell' for command environment: Not usable outside of PowerShell
[20.727s] DEBUG:colcon.colcon_core.shell:Skip shell extension 'dsv' for command environment
[20.741s] DEBUG:colcon.colcon_core.event_handler.log_command:Invoking command in '/ws_gz/build/champ_bringup': AMENT_PREFIX_PATH=/ws_gz/install/champ_base:/ws_gz/install/champ_msgs:/ws_gz/install/champ_description:/ws_gz/install/champ:${AMENT_PREFIX_PATH} CMAKE_PREFIX_PATH=/ws_gz/install/champ_base:/ws_gz/install/champ_msgs:/ws_gz/install/champ_description:/ws_gz/install/champ:/opt/ros/humble LD_LIBRARY_PATH=/ws_gz/install/champ_base/lib:/ws_gz/install/champ_msgs/lib:${LD_LIBRARY_PATH} PATH=/ws_gz/install/champ_base/bin:${PATH} PYTHONPATH=/ws_gz/install/champ_msgs/local/lib/python3.10/dist-packages:${PYTHONPATH} /usr/bin/cmake /ws_gz/src/gz_quadbot/champ/champ_bringup -DCMAKE_BUILD_TYPE=Release -DAMENT_CMAKE_SYMLINK_INSTALL=1 -DCMAKE_INSTALL_PREFIX=/ws_gz/install/champ_bringup
[21.280s] DEBUG:colcon.colcon_core.event_handler.log_command:Invoked command in '/ws_gz/build/champ_bringup' returned '0': AMENT_PREFIX_PATH=/ws_gz/install/champ_base:/ws_gz/install/champ_msgs:/ws_gz/install/champ_description:/ws_gz/install/champ:${AMENT_PREFIX_PATH} CMAKE_PREFIX_PATH=/ws_gz/install/champ_base:/ws_gz/install/champ_msgs:/ws_gz/install/champ_description:/ws_gz/install/champ:/opt/ros/humble LD_LIBRARY_PATH=/ws_gz/install/champ_base/lib:/ws_gz/install/champ_msgs/lib:${LD_LIBRARY_PATH} PATH=/ws_gz/install/champ_base/bin:${PATH} PYTHONPATH=/ws_gz/install/champ_msgs/local/lib/python3.10/dist-packages:${PYTHONPATH} /usr/bin/cmake /ws_gz/src/gz_quadbot/champ/champ_bringup -DCMAKE_BUILD_TYPE=Release -DAMENT_CMAKE_SYMLINK_INSTALL=1 -DCMAKE_INSTALL_PREFIX=/ws_gz/install/champ_bringup
[21.280s] DEBUG:colcon.colcon_core.event_handler.log_command:Invoking command in '/ws_gz/build/champ_bringup': AMENT_PREFIX_PATH=/ws_gz/install/champ_base:/ws_gz/install/champ_msgs:/ws_gz/install/champ_description:/ws_gz/install/champ:${AMENT_PREFIX_PATH} CMAKE_PREFIX_PATH=/ws_gz/install/champ_base:/ws_gz/install/champ_msgs:/ws_gz/install/champ_description:/ws_gz/install/champ:/opt/ros/humble LD_LIBRARY_PATH=/ws_gz/install/champ_base/lib:/ws_gz/install/champ_msgs/lib:${LD_LIBRARY_PATH} PATH=/ws_gz/install/champ_base/bin:${PATH} PYTHONPATH=/ws_gz/install/champ_msgs/local/lib/python3.10/dist-packages:${PYTHONPATH} /usr/bin/cmake --build /ws_gz/build/champ_bringup -- -j32 -l32
[21.460s] DEBUG:colcon.colcon_core.event_handler.log_command:Invoked command in '/ws_gz/build/champ_bringup' returned '0': AMENT_PREFIX_PATH=/ws_gz/install/champ_base:/ws_gz/install/champ_msgs:/ws_gz/install/champ_description:/ws_gz/install/champ:${AMENT_PREFIX_PATH} CMAKE_PREFIX_PATH=/ws_gz/install/champ_base:/ws_gz/install/champ_msgs:/ws_gz/install/champ_description:/ws_gz/install/champ:/opt/ros/humble LD_LIBRARY_PATH=/ws_gz/install/champ_base/lib:/ws_gz/install/champ_msgs/lib:${LD_LIBRARY_PATH} PATH=/ws_gz/install/champ_base/bin:${PATH} PYTHONPATH=/ws_gz/install/champ_msgs/local/lib/python3.10/dist-packages:${PYTHONPATH} /usr/bin/cmake --build /ws_gz/build/champ_bringup -- -j32 -l32
[21.460s] DEBUG:colcon.colcon_core.event_handler.log_command:Invoking command in '/ws_gz/build/champ_bringup': AMENT_PREFIX_PATH=/ws_gz/install/champ_base:/ws_gz/install/champ_msgs:/ws_gz/install/champ_description:/ws_gz/install/champ:${AMENT_PREFIX_PATH} CMAKE_PREFIX_PATH=/ws_gz/install/champ_base:/ws_gz/install/champ_msgs:/ws_gz/install/champ_description:/ws_gz/install/champ:/opt/ros/humble LD_LIBRARY_PATH=/ws_gz/install/champ_base/lib:/ws_gz/install/champ_msgs/lib:${LD_LIBRARY_PATH} PATH=/ws_gz/install/champ_base/bin:${PATH} PYTHONPATH=/ws_gz/install/champ_msgs/local/lib/python3.10/dist-packages:${PYTHONPATH} /usr/bin/cmake --install /ws_gz/build/champ_bringup
[21.811s] Level 1:colcon.colcon_core.environment:create_environment_scripts_only(champ_bringup)
[21.811s] Level 1:colcon.colcon_core.environment:checking '/ws_gz/install/champ_bringup' for CMake module files
[21.812s] DEBUG:colcon.colcon_core.event_handler.log_command:Invoked command in '/ws_gz/build/champ_bringup' returned '0': AMENT_PREFIX_PATH=/ws_gz/install/champ_base:/ws_gz/install/champ_msgs:/ws_gz/install/champ_description:/ws_gz/install/champ:${AMENT_PREFIX_PATH} CMAKE_PREFIX_PATH=/ws_gz/install/champ_base:/ws_gz/install/champ_msgs:/ws_gz/install/champ_description:/ws_gz/install/champ:/opt/ros/humble LD_LIBRARY_PATH=/ws_gz/install/champ_base/lib:/ws_gz/install/champ_msgs/lib:${LD_LIBRARY_PATH} PATH=/ws_gz/install/champ_base/bin:${PATH} PYTHONPATH=/ws_gz/install/champ_msgs/local/lib/python3.10/dist-packages:${PYTHONPATH} /usr/bin/cmake --install /ws_gz/build/champ_bringup
[21.812s] Level 1:colcon.colcon_core.environment:checking '/ws_gz/install/champ_bringup' for CMake config files
[21.812s] Level 1:colcon.colcon_core.shell:create_environment_hook('champ_bringup', 'cmake_prefix_path')
[21.812s] INFO:colcon.colcon_core.shell:Creating environment hook '/ws_gz/install/champ_bringup/share/champ_bringup/hook/cmake_prefix_path.ps1'
[21.812s] INFO:colcon.colcon_core.shell:Creating environment descriptor '/ws_gz/install/champ_bringup/share/champ_bringup/hook/cmake_prefix_path.dsv'
[21.813s] INFO:colcon.colcon_core.shell:Creating environment hook '/ws_gz/install/champ_bringup/share/champ_bringup/hook/cmake_prefix_path.sh'
[21.813s] Level 1:colcon.colcon_core.environment:checking '/ws_gz/install/champ_bringup/lib'
[21.813s] Level 1:colcon.colcon_core.environment:checking '/ws_gz/install/champ_bringup/bin'
[21.813s] Level 1:colcon.colcon_core.environment:checking '/ws_gz/install/champ_bringup/lib/pkgconfig/champ_bringup.pc'
[21.813s] Level 1:colcon.colcon_core.environment:checking '/ws_gz/install/champ_bringup/lib/python3.10/site-packages'
[21.813s] Level 1:colcon.colcon_core.environment:checking '/ws_gz/install/champ_bringup/bin'
[21.813s] INFO:colcon.colcon_core.shell:Creating package script '/ws_gz/install/champ_bringup/share/champ_bringup/package.ps1'
[21.813s] INFO:colcon.colcon_core.shell:Creating package descriptor '/ws_gz/install/champ_bringup/share/champ_bringup/package.dsv'
[21.814s] INFO:colcon.colcon_core.shell:Creating package script '/ws_gz/install/champ_bringup/share/champ_bringup/package.sh'
[21.814s] INFO:colcon.colcon_core.shell:Creating package script '/ws_gz/install/champ_bringup/share/champ_bringup/package.bash'
[21.814s] INFO:colcon.colcon_core.shell:Creating package script '/ws_gz/install/champ_bringup/share/champ_bringup/package.zsh'
[21.814s] Level 1:colcon.colcon_core.environment:create_file_with_runtime_dependencies(/ws_gz/install/champ_bringup/share/colcon-core/packages/champ_bringup)
[21.814s] Level 1:colcon.colcon_core.environment:create_environment_scripts_only(champ_bringup)
[21.814s] Level 1:colcon.colcon_core.environment:checking '/ws_gz/install/champ_bringup' for CMake module files
[21.814s] Level 1:colcon.colcon_core.environment:checking '/ws_gz/install/champ_bringup' for CMake config files
[21.814s] Level 1:colcon.colcon_core.shell:create_environment_hook('champ_bringup', 'cmake_prefix_path')
[21.814s] INFO:colcon.colcon_core.shell:Creating environment hook '/ws_gz/install/champ_bringup/share/champ_bringup/hook/cmake_prefix_path.ps1'
[21.815s] INFO:colcon.colcon_core.shell:Creating environment descriptor '/ws_gz/install/champ_bringup/share/champ_bringup/hook/cmake_prefix_path.dsv'
[21.815s] INFO:colcon.colcon_core.shell:Creating environment hook '/ws_gz/install/champ_bringup/share/champ_bringup/hook/cmake_prefix_path.sh'
[21.815s] Level 1:colcon.colcon_core.environment:checking '/ws_gz/install/champ_bringup/lib'
[21.815s] Level 1:colcon.colcon_core.environment:checking '/ws_gz/install/champ_bringup/bin'
[21.815s] Level 1:colcon.colcon_core.environment:checking '/ws_gz/install/champ_bringup/lib/pkgconfig/champ_bringup.pc'
[21.815s] Level 1:colcon.colcon_core.environment:checking '/ws_gz/install/champ_bringup/lib/python3.10/site-packages'
[21.815s] Level 1:colcon.colcon_core.environment:checking '/ws_gz/install/champ_bringup/bin'
[21.815s] INFO:colcon.colcon_core.shell:Creating package script '/ws_gz/install/champ_bringup/share/champ_bringup/package.ps1'
[21.816s] INFO:colcon.colcon_core.shell:Creating package descriptor '/ws_gz/install/champ_bringup/share/champ_bringup/package.dsv'
[21.816s] INFO:colcon.colcon_core.shell:Creating package script '/ws_gz/install/champ_bringup/share/champ_bringup/package.sh'
[21.816s] INFO:colcon.colcon_core.shell:Creating package script '/ws_gz/install/champ_bringup/share/champ_bringup/package.bash'
[21.816s] INFO:colcon.colcon_core.shell:Creating package script '/ws_gz/install/champ_bringup/share/champ_bringup/package.zsh'
[21.816s] Level 1:colcon.colcon_core.environment:create_file_with_runtime_dependencies(/ws_gz/install/champ_bringup/share/colcon-core/packages/champ_bringup)
[21.816s] DEBUG:colcon.colcon_parallel_executor.executor.parallel:closing loop
[21.816s] DEBUG:colcon.colcon_parallel_executor.executor.parallel:loop closed
[21.816s] DEBUG:colcon.colcon_parallel_executor.executor.parallel:run_until_complete finished with '0'
[21.816s] DEBUG:colcon.colcon_core.event_reactor:joining thread
[21.820s] INFO:colcon.colcon_core.plugin_system:Skipping extension 'colcon_notification.desktop_notification.notify_send': Could not find 'notify-send'
[21.820s] INFO:colcon.colcon_core.plugin_system:Skipping extension 'colcon_notification.desktop_notification.terminal_notifier': Not used on non-Darwin systems
[21.820s] INFO:colcon.colcon_core.plugin_system:Skipping extension 'colcon_notification.desktop_notification.win32': Not used on non-Windows systems
[21.820s] INFO:colcon.colcon_notification.desktop_notification:Sending desktop notification using 'notify2'
[21.822s] DEBUG:colcon.colcon_notification.desktop_notification.notify2:Failed to initialize notify2: org.freedesktop.DBus.Error.Spawn.ExecFailed: /usr/bin/dbus-launch terminated abnormally without any error message
[21.823s] DEBUG:colcon.colcon_core.event_reactor:joined thread
[21.823s] INFO:colcon.colcon_core.shell:Creating prefix script '/ws_gz/install/local_setup.ps1'
[21.824s] INFO:colcon.colcon_core.shell:Creating prefix util module '/ws_gz/install/_local_setup_util_ps1.py'
[21.825s] INFO:colcon.colcon_core.shell:Creating prefix chain script '/ws_gz/install/setup.ps1'
[21.826s] INFO:colcon.colcon_core.shell:Creating prefix script '/ws_gz/install/local_setup.sh'
[21.827s] INFO:colcon.colcon_core.shell:Creating prefix util module '/ws_gz/install/_local_setup_util_sh.py'
[21.827s] INFO:colcon.colcon_core.shell:Creating prefix chain script '/ws_gz/install/setup.sh'
[21.828s] INFO:colcon.colcon_core.shell:Creating prefix script '/ws_gz/install/local_setup.bash'
[21.829s] INFO:colcon.colcon_core.shell:Creating prefix chain script '/ws_gz/install/setup.bash'
[21.829s] INFO:colcon.colcon_core.shell:Creating prefix script '/ws_gz/install/local_setup.zsh'
[21.830s] INFO:colcon.colcon_core.shell:Creating prefix chain script '/ws_gz/install/setup.zsh'
