[0.104s] DEBUG:colcon:Command line arguments: ['/usr/bin/colcon', 'build', '--symlink-install']
[0.104s] DEBUG:colcon:Parsed command line arguments: Namespace(log_base=None, log_level=None, verb_name='build', build_base='build', install_base='install', merge_install=False, symlink_install=True, test_result_base=None, continue_on_error=False, executor='parallel', parallel_workers=28, event_handlers=None, ignore_user_meta=False, metas=['./colcon.meta'], base_paths=['.'], packages_ignore=None, packages_ignore_regex=None, paths=None, packages_up_to=None, packages_up_to_regex=None, packages_above=None, packages_above_and_dependencies=None, packages_above_depth=None, packages_select_by_dep=None, packages_skip_by_dep=None, packages_skip_up_to=None, packages_select_build_failed=False, packages_skip_build_finished=False, packages_select_test_failures=False, packages_skip_test_passed=False, packages_select=None, packages_skip=None, packages_select_regex=None, packages_skip_regex=None, packages_start=None, packages_end=None, allow_overriding=[], cmake_args=None, cmake_target=None, cmake_target_skip_unavailable=False, cmake_clean_cache=False, cmake_clean_first=False, cmake_force_configure=False, ament_cmake_args=None, catkin_cmake_args=None, catkin_skip_building_tests=False, verb_parser=<colcon_defaults.argument_parser.defaults.DefaultArgumentsDecorator object at 0x769934853160>, verb_extension=<colcon_core.verb.build.BuildVerb object at 0x769934852b60>, main=<bound method BuildVerb.main of <colcon_core.verb.build.BuildVerb object at 0x769934852b60>>)
[0.227s] Level 1:colcon.colcon_core.package_discovery:discover_packages(colcon_meta) check parameters
[0.227s] Level 1:colcon.colcon_core.package_discovery:discover_packages(recursive) check parameters
[0.227s] Level 1:colcon.colcon_core.package_discovery:discover_packages(ignore) check parameters
[0.227s] Level 1:colcon.colcon_core.package_discovery:discover_packages(path) check parameters
[0.227s] Level 1:colcon.colcon_core.package_discovery:discover_packages(colcon_meta) discover
[0.227s] Level 1:colcon.colcon_core.package_discovery:discover_packages(recursive) discover
[0.227s] INFO:colcon.colcon_core.package_discovery:Crawling recursively for packages in '/root/dddmr_navigation'
[0.227s] Level 1:colcon.colcon_core.package_identification:_identify(.) by extensions ['ignore', 'ignore_ament_install']
[0.227s] Level 1:colcon.colcon_core.package_identification:_identify(.) by extension 'ignore'
[0.227s] Level 1:colcon.colcon_core.package_identification:_identify(.) by extension 'ignore_ament_install'
[0.227s] Level 1:colcon.colcon_core.package_identification:_identify(.) by extensions ['colcon_pkg']
[0.227s] Level 1:colcon.colcon_core.package_identification:_identify(.) by extension 'colcon_pkg'
[0.227s] Level 1:colcon.colcon_core.package_identification:_identify(.) by extensions ['colcon_meta']
[0.227s] Level 1:colcon.colcon_core.package_identification:_identify(.) by extension 'colcon_meta'
[0.227s] Level 1:colcon.colcon_core.package_identification:_identify(.) by extensions ['ros']
[0.227s] Level 1:colcon.colcon_core.package_identification:_identify(.) by extension 'ros'
[0.234s] Level 1:colcon.colcon_core.package_identification:_identify(.) by extensions ['cmake', 'python']
[0.234s] Level 1:colcon.colcon_core.package_identification:_identify(.) by extension 'cmake'
[0.235s] Level 1:colcon.colcon_core.package_identification:_identify(.) by extension 'python'
[0.235s] Level 1:colcon.colcon_core.package_identification:_identify(.) by extensions ['python_setup_py']
[0.235s] Level 1:colcon.colcon_core.package_identification:_identify(.) by extension 'python_setup_py'
[0.235s] Level 1:colcon.colcon_core.package_identification:_identify(build) by extensions ['ignore', 'ignore_ament_install']
[0.235s] Level 1:colcon.colcon_core.package_identification:_identify(build) by extension 'ignore'
[0.235s] Level 1:colcon.colcon_core.package_identification:_identify(build) ignored
[0.235s] Level 1:colcon.colcon_core.package_identification:_identify(install) by extensions ['ignore', 'ignore_ament_install']
[0.235s] Level 1:colcon.colcon_core.package_identification:_identify(install) by extension 'ignore'
[0.235s] Level 1:colcon.colcon_core.package_identification:_identify(install) ignored
[0.235s] Level 1:colcon.colcon_core.package_identification:_identify(log) by extensions ['ignore', 'ignore_ament_install']
[0.235s] Level 1:colcon.colcon_core.package_identification:_identify(log) by extension 'ignore'
[0.235s] Level 1:colcon.colcon_core.package_identification:_identify(log) ignored
[0.235s] Level 1:colcon.colcon_core.package_identification:_identify(src) by extensions ['ignore', 'ignore_ament_install']
[0.235s] Level 1:colcon.colcon_core.package_identification:_identify(src) by extension 'ignore'
[0.235s] Level 1:colcon.colcon_core.package_identification:_identify(src) by extension 'ignore_ament_install'
[0.235s] Level 1:colcon.colcon_core.package_identification:_identify(src) by extensions ['colcon_pkg']
[0.235s] Level 1:colcon.colcon_core.package_identification:_identify(src) by extension 'colcon_pkg'
[0.235s] Level 1:colcon.colcon_core.package_identification:_identify(src) by extensions ['colcon_meta']
[0.235s] Level 1:colcon.colcon_core.package_identification:_identify(src) by extension 'colcon_meta'
[0.235s] Level 1:colcon.colcon_core.package_identification:_identify(src) by extensions ['ros']
[0.235s] Level 1:colcon.colcon_core.package_identification:_identify(src) by extension 'ros'
[0.235s] Level 1:colcon.colcon_core.package_identification:_identify(src) by extensions ['cmake', 'python']
[0.235s] Level 1:colcon.colcon_core.package_identification:_identify(src) by extension 'cmake'
[0.235s] Level 1:colcon.colcon_core.package_identification:_identify(src) by extension 'python'
[0.235s] Level 1:colcon.colcon_core.package_identification:_identify(src) by extensions ['python_setup_py']
[0.235s] Level 1:colcon.colcon_core.package_identification:_identify(src) by extension 'python_setup_py'
[0.235s] Level 1:colcon.colcon_core.package_identification:_identify(src/FAST_LIO) by extensions ['ignore', 'ignore_ament_install']
[0.235s] Level 1:colcon.colcon_core.package_identification:_identify(src/FAST_LIO) by extension 'ignore'
[0.235s] Level 1:colcon.colcon_core.package_identification:_identify(src/FAST_LIO) by extension 'ignore_ament_install'
[0.235s] Level 1:colcon.colcon_core.package_identification:_identify(src/FAST_LIO) by extensions ['colcon_pkg']
[0.235s] Level 1:colcon.colcon_core.package_identification:_identify(src/FAST_LIO) by extension 'colcon_pkg'
[0.235s] Level 1:colcon.colcon_core.package_identification:_identify(src/FAST_LIO) by extensions ['colcon_meta']
[0.235s] Level 1:colcon.colcon_core.package_identification:_identify(src/FAST_LIO) by extension 'colcon_meta'
[0.235s] Level 1:colcon.colcon_core.package_identification:_identify(src/FAST_LIO) by extensions ['ros']
[0.235s] Level 1:colcon.colcon_core.package_identification:_identify(src/FAST_LIO) by extension 'ros'
[0.237s] DEBUG:colcon.colcon_core.package_identification:Package 'src/FAST_LIO' with type 'ros.ament_cmake' and name 'fast_lio'
[0.237s] Level 1:colcon.colcon_core.package_identification:_identify(src/dddmr_beginner_guide) by extensions ['ignore', 'ignore_ament_install']
[0.237s] Level 1:colcon.colcon_core.package_identification:_identify(src/dddmr_beginner_guide) by extension 'ignore'
[0.238s] Level 1:colcon.colcon_core.package_identification:_identify(src/dddmr_beginner_guide) by extension 'ignore_ament_install'
[0.238s] Level 1:colcon.colcon_core.package_identification:_identify(src/dddmr_beginner_guide) by extensions ['colcon_pkg']
[0.238s] Level 1:colcon.colcon_core.package_identification:_identify(src/dddmr_beginner_guide) by extension 'colcon_pkg'
[0.238s] Level 1:colcon.colcon_core.package_identification:_identify(src/dddmr_beginner_guide) by extensions ['colcon_meta']
[0.238s] Level 1:colcon.colcon_core.package_identification:_identify(src/dddmr_beginner_guide) by extension 'colcon_meta'
[0.238s] Level 1:colcon.colcon_core.package_identification:_identify(src/dddmr_beginner_guide) by extensions ['ros']
[0.238s] Level 1:colcon.colcon_core.package_identification:_identify(src/dddmr_beginner_guide) by extension 'ros'
[0.238s] DEBUG:colcon.colcon_core.package_identification:Package 'src/dddmr_beginner_guide' with type 'ros.ament_cmake' and name 'dddmr_beginner_guide'
[0.238s] Level 1:colcon.colcon_core.package_identification:_identify(src/dddmr_fastlio_adapter) by extensions ['ignore', 'ignore_ament_install']
[0.238s] Level 1:colcon.colcon_core.package_identification:_identify(src/dddmr_fastlio_adapter) by extension 'ignore'
[0.239s] Level 1:colcon.colcon_core.package_identification:_identify(src/dddmr_fastlio_adapter) by extension 'ignore_ament_install'
[0.239s] Level 1:colcon.colcon_core.package_identification:_identify(src/dddmr_fastlio_adapter) by extensions ['colcon_pkg']
[0.239s] Level 1:colcon.colcon_core.package_identification:_identify(src/dddmr_fastlio_adapter) by extension 'colcon_pkg'
[0.239s] Level 1:colcon.colcon_core.package_identification:_identify(src/dddmr_fastlio_adapter) by extensions ['colcon_meta']
[0.239s] Level 1:colcon.colcon_core.package_identification:_identify(src/dddmr_fastlio_adapter) by extension 'colcon_meta'
[0.239s] Level 1:colcon.colcon_core.package_identification:_identify(src/dddmr_fastlio_adapter) by extensions ['ros']
[0.239s] Level 1:colcon.colcon_core.package_identification:_identify(src/dddmr_fastlio_adapter) by extension 'ros'
[0.239s] DEBUG:colcon.colcon_core.package_identification:Package 'src/dddmr_fastlio_adapter' with type 'ros.ament_cmake' and name 'dddmr_fastlio_adapter'
[0.239s] Level 1:colcon.colcon_core.package_identification:_identify(src/dddmr_global_planner) by extensions ['ignore', 'ignore_ament_install']
[0.239s] Level 1:colcon.colcon_core.package_identification:_identify(src/dddmr_global_planner) by extension 'ignore'
[0.239s] Level 1:colcon.colcon_core.package_identification:_identify(src/dddmr_global_planner) by extension 'ignore_ament_install'
[0.240s] Level 1:colcon.colcon_core.package_identification:_identify(src/dddmr_global_planner) by extensions ['colcon_pkg']
[0.240s] Level 1:colcon.colcon_core.package_identification:_identify(src/dddmr_global_planner) by extension 'colcon_pkg'
[0.240s] Level 1:colcon.colcon_core.package_identification:_identify(src/dddmr_global_planner) by extensions ['colcon_meta']
[0.240s] Level 1:colcon.colcon_core.package_identification:_identify(src/dddmr_global_planner) by extension 'colcon_meta'
[0.240s] Level 1:colcon.colcon_core.package_identification:_identify(src/dddmr_global_planner) by extensions ['ros']
[0.240s] Level 1:colcon.colcon_core.package_identification:_identify(src/dddmr_global_planner) by extension 'ros'
[0.240s] DEBUG:colcon.colcon_core.package_identification:Package 'src/dddmr_global_planner' with type 'ros.ament_cmake' and name 'global_planner'
[0.240s] Level 1:colcon.colcon_core.package_identification:_identify(src/dddmr_lego_loam) by extensions ['ignore', 'ignore_ament_install']
[0.240s] Level 1:colcon.colcon_core.package_identification:_identify(src/dddmr_lego_loam) by extension 'ignore'
[0.240s] Level 1:colcon.colcon_core.package_identification:_identify(src/dddmr_lego_loam) by extension 'ignore_ament_install'
[0.240s] Level 1:colcon.colcon_core.package_identification:_identify(src/dddmr_lego_loam) by extensions ['colcon_pkg']
[0.240s] Level 1:colcon.colcon_core.package_identification:_identify(src/dddmr_lego_loam) by extension 'colcon_pkg'
[0.240s] Level 1:colcon.colcon_core.package_identification:_identify(src/dddmr_lego_loam) by extensions ['colcon_meta']
[0.240s] Level 1:colcon.colcon_core.package_identification:_identify(src/dddmr_lego_loam) by extension 'colcon_meta'
[0.241s] Level 1:colcon.colcon_core.package_identification:_identify(src/dddmr_lego_loam) by extensions ['ros']
[0.241s] Level 1:colcon.colcon_core.package_identification:_identify(src/dddmr_lego_loam) by extension 'ros'
[0.241s] Level 1:colcon.colcon_core.package_identification:_identify(src/dddmr_lego_loam) by extensions ['cmake', 'python']
[0.241s] Level 1:colcon.colcon_core.package_identification:_identify(src/dddmr_lego_loam) by extension 'cmake'
[0.241s] Level 1:colcon.colcon_core.package_identification:_identify(src/dddmr_lego_loam) by extension 'python'
[0.241s] Level 1:colcon.colcon_core.package_identification:_identify(src/dddmr_lego_loam) by extensions ['python_setup_py']
[0.241s] Level 1:colcon.colcon_core.package_identification:_identify(src/dddmr_lego_loam) by extension 'python_setup_py'
[0.241s] Level 1:colcon.colcon_core.package_identification:_identify(src/dddmr_lego_loam/cloud_msgs) by extensions ['ignore', 'ignore_ament_install']
[0.241s] Level 1:colcon.colcon_core.package_identification:_identify(src/dddmr_lego_loam/cloud_msgs) by extension 'ignore'
[0.241s] Level 1:colcon.colcon_core.package_identification:_identify(src/dddmr_lego_loam/cloud_msgs) by extension 'ignore_ament_install'
[0.241s] Level 1:colcon.colcon_core.package_identification:_identify(src/dddmr_lego_loam/cloud_msgs) by extensions ['colcon_pkg']
[0.241s] Level 1:colcon.colcon_core.package_identification:_identify(src/dddmr_lego_loam/cloud_msgs) by extension 'colcon_pkg'
[0.241s] Level 1:colcon.colcon_core.package_identification:_identify(src/dddmr_lego_loam/cloud_msgs) by extensions ['colcon_meta']
[0.241s] Level 1:colcon.colcon_core.package_identification:_identify(src/dddmr_lego_loam/cloud_msgs) by extension 'colcon_meta'
[0.241s] Level 1:colcon.colcon_core.package_identification:_identify(src/dddmr_lego_loam/cloud_msgs) by extensions ['ros']
[0.241s] Level 1:colcon.colcon_core.package_identification:_identify(src/dddmr_lego_loam/cloud_msgs) by extension 'ros'
[0.241s] DEBUG:colcon.colcon_core.package_identification:Package 'src/dddmr_lego_loam/cloud_msgs' with type 'ros.ament_cmake' and name 'cloud_msgs'
[0.241s] Level 1:colcon.colcon_core.package_identification:_identify(src/dddmr_lego_loam/lego_loam_bor) by extensions ['ignore', 'ignore_ament_install']
[0.241s] Level 1:colcon.colcon_core.package_identification:_identify(src/dddmr_lego_loam/lego_loam_bor) by extension 'ignore'
[0.241s] Level 1:colcon.colcon_core.package_identification:_identify(src/dddmr_lego_loam/lego_loam_bor) by extension 'ignore_ament_install'
[0.242s] Level 1:colcon.colcon_core.package_identification:_identify(src/dddmr_lego_loam/lego_loam_bor) by extensions ['colcon_pkg']
[0.242s] Level 1:colcon.colcon_core.package_identification:_identify(src/dddmr_lego_loam/lego_loam_bor) by extension 'colcon_pkg'
[0.242s] Level 1:colcon.colcon_core.package_identification:_identify(src/dddmr_lego_loam/lego_loam_bor) by extensions ['colcon_meta']
[0.242s] Level 1:colcon.colcon_core.package_identification:_identify(src/dddmr_lego_loam/lego_loam_bor) by extension 'colcon_meta'
[0.242s] Level 1:colcon.colcon_core.package_identification:_identify(src/dddmr_lego_loam/lego_loam_bor) by extensions ['ros']
[0.242s] Level 1:colcon.colcon_core.package_identification:_identify(src/dddmr_lego_loam/lego_loam_bor) by extension 'ros'
[0.242s] DEBUG:colcon.colcon_core.package_identification:Package 'src/dddmr_lego_loam/lego_loam_bor' with type 'ros.ament_cmake' and name 'lego_loam_bor'
[0.243s] Level 1:colcon.colcon_core.package_identification:_identify(src/dddmr_local_planner) by extensions ['ignore', 'ignore_ament_install']
[0.243s] Level 1:colcon.colcon_core.package_identification:_identify(src/dddmr_local_planner) by extension 'ignore'
[0.243s] Level 1:colcon.colcon_core.package_identification:_identify(src/dddmr_local_planner) by extension 'ignore_ament_install'
[0.243s] Level 1:colcon.colcon_core.package_identification:_identify(src/dddmr_local_planner) by extensions ['colcon_pkg']
[0.243s] Level 1:colcon.colcon_core.package_identification:_identify(src/dddmr_local_planner) by extension 'colcon_pkg'
[0.243s] Level 1:colcon.colcon_core.package_identification:_identify(src/dddmr_local_planner) by extensions ['colcon_meta']
[0.243s] Level 1:colcon.colcon_core.package_identification:_identify(src/dddmr_local_planner) by extension 'colcon_meta'
[0.243s] Level 1:colcon.colcon_core.package_identification:_identify(src/dddmr_local_planner) by extensions ['ros']
[0.243s] Level 1:colcon.colcon_core.package_identification:_identify(src/dddmr_local_planner) by extension 'ros'
[0.243s] Level 1:colcon.colcon_core.package_identification:_identify(src/dddmr_local_planner) by extensions ['cmake', 'python']
[0.243s] Level 1:colcon.colcon_core.package_identification:_identify(src/dddmr_local_planner) by extension 'cmake'
[0.243s] Level 1:colcon.colcon_core.package_identification:_identify(src/dddmr_local_planner) by extension 'python'
[0.243s] Level 1:colcon.colcon_core.package_identification:_identify(src/dddmr_local_planner) by extensions ['python_setup_py']
[0.243s] Level 1:colcon.colcon_core.package_identification:_identify(src/dddmr_local_planner) by extension 'python_setup_py'
[0.243s] Level 1:colcon.colcon_core.package_identification:_identify(src/dddmr_local_planner/base_trajectory) by extensions ['ignore', 'ignore_ament_install']
[0.243s] Level 1:colcon.colcon_core.package_identification:_identify(src/dddmr_local_planner/base_trajectory) by extension 'ignore'
[0.243s] Level 1:colcon.colcon_core.package_identification:_identify(src/dddmr_local_planner/base_trajectory) by extension 'ignore_ament_install'
[0.243s] Level 1:colcon.colcon_core.package_identification:_identify(src/dddmr_local_planner/base_trajectory) by extensions ['colcon_pkg']
[0.243s] Level 1:colcon.colcon_core.package_identification:_identify(src/dddmr_local_planner/base_trajectory) by extension 'colcon_pkg'
[0.243s] Level 1:colcon.colcon_core.package_identification:_identify(src/dddmr_local_planner/base_trajectory) by extensions ['colcon_meta']
[0.243s] Level 1:colcon.colcon_core.package_identification:_identify(src/dddmr_local_planner/base_trajectory) by extension 'colcon_meta'
[0.243s] Level 1:colcon.colcon_core.package_identification:_identify(src/dddmr_local_planner/base_trajectory) by extensions ['ros']
[0.243s] Level 1:colcon.colcon_core.package_identification:_identify(src/dddmr_local_planner/base_trajectory) by extension 'ros'
[0.244s] DEBUG:colcon.colcon_core.package_identification:Package 'src/dddmr_local_planner/base_trajectory' with type 'ros.ament_cmake' and name 'base_trajectory'
[0.244s] Level 1:colcon.colcon_core.package_identification:_identify(src/dddmr_local_planner/local_planner) by extensions ['ignore', 'ignore_ament_install']
[0.244s] Level 1:colcon.colcon_core.package_identification:_identify(src/dddmr_local_planner/local_planner) by extension 'ignore'
[0.244s] Level 1:colcon.colcon_core.package_identification:_identify(src/dddmr_local_planner/local_planner) by extension 'ignore_ament_install'
[0.244s] Level 1:colcon.colcon_core.package_identification:_identify(src/dddmr_local_planner/local_planner) by extensions ['colcon_pkg']
[0.244s] Level 1:colcon.colcon_core.package_identification:_identify(src/dddmr_local_planner/local_planner) by extension 'colcon_pkg'
[0.244s] Level 1:colcon.colcon_core.package_identification:_identify(src/dddmr_local_planner/local_planner) by extensions ['colcon_meta']
[0.244s] Level 1:colcon.colcon_core.package_identification:_identify(src/dddmr_local_planner/local_planner) by extension 'colcon_meta'
[0.244s] Level 1:colcon.colcon_core.package_identification:_identify(src/dddmr_local_planner/local_planner) by extensions ['ros']
[0.244s] Level 1:colcon.colcon_core.package_identification:_identify(src/dddmr_local_planner/local_planner) by extension 'ros'
[0.245s] DEBUG:colcon.colcon_core.package_identification:Package 'src/dddmr_local_planner/local_planner' with type 'ros.ament_cmake' and name 'local_planner'
[0.245s] Level 1:colcon.colcon_core.package_identification:_identify(src/dddmr_local_planner/mpc_critics) by extensions ['ignore', 'ignore_ament_install']
[0.245s] Level 1:colcon.colcon_core.package_identification:_identify(src/dddmr_local_planner/mpc_critics) by extension 'ignore'
[0.245s] Level 1:colcon.colcon_core.package_identification:_identify(src/dddmr_local_planner/mpc_critics) by extension 'ignore_ament_install'
[0.245s] Level 1:colcon.colcon_core.package_identification:_identify(src/dddmr_local_planner/mpc_critics) by extensions ['colcon_pkg']
[0.245s] Level 1:colcon.colcon_core.package_identification:_identify(src/dddmr_local_planner/mpc_critics) by extension 'colcon_pkg'
[0.245s] Level 1:colcon.colcon_core.package_identification:_identify(src/dddmr_local_planner/mpc_critics) by extensions ['colcon_meta']
[0.245s] Level 1:colcon.colcon_core.package_identification:_identify(src/dddmr_local_planner/mpc_critics) by extension 'colcon_meta'
[0.245s] Level 1:colcon.colcon_core.package_identification:_identify(src/dddmr_local_planner/mpc_critics) by extensions ['ros']
[0.245s] Level 1:colcon.colcon_core.package_identification:_identify(src/dddmr_local_planner/mpc_critics) by extension 'ros'
[0.246s] DEBUG:colcon.colcon_core.package_identification:Package 'src/dddmr_local_planner/mpc_critics' with type 'ros.ament_cmake' and name 'mpc_critics'
[0.246s] Level 1:colcon.colcon_core.package_identification:_identify(src/dddmr_local_planner/recovery_behaviors) by extensions ['ignore', 'ignore_ament_install']
[0.246s] Level 1:colcon.colcon_core.package_identification:_identify(src/dddmr_local_planner/recovery_behaviors) by extension 'ignore'
[0.246s] Level 1:colcon.colcon_core.package_identification:_identify(src/dddmr_local_planner/recovery_behaviors) by extension 'ignore_ament_install'
[0.246s] Level 1:colcon.colcon_core.package_identification:_identify(src/dddmr_local_planner/recovery_behaviors) by extensions ['colcon_pkg']
[0.246s] Level 1:colcon.colcon_core.package_identification:_identify(src/dddmr_local_planner/recovery_behaviors) by extension 'colcon_pkg'
[0.246s] Level 1:colcon.colcon_core.package_identification:_identify(src/dddmr_local_planner/recovery_behaviors) by extensions ['colcon_meta']
[0.246s] Level 1:colcon.colcon_core.package_identification:_identify(src/dddmr_local_planner/recovery_behaviors) by extension 'colcon_meta'
[0.246s] Level 1:colcon.colcon_core.package_identification:_identify(src/dddmr_local_planner/recovery_behaviors) by extensions ['ros']
[0.246s] Level 1:colcon.colcon_core.package_identification:_identify(src/dddmr_local_planner/recovery_behaviors) by extension 'ros'
[0.247s] DEBUG:colcon.colcon_core.package_identification:Package 'src/dddmr_local_planner/recovery_behaviors' with type 'ros.ament_cmake' and name 'recovery_behaviors'
[0.247s] Level 1:colcon.colcon_core.package_identification:_identify(src/dddmr_local_planner/trajectory_generators) by extensions ['ignore', 'ignore_ament_install']
[0.247s] Level 1:colcon.colcon_core.package_identification:_identify(src/dddmr_local_planner/trajectory_generators) by extension 'ignore'
[0.247s] Level 1:colcon.colcon_core.package_identification:_identify(src/dddmr_local_planner/trajectory_generators) by extension 'ignore_ament_install'
[0.247s] Level 1:colcon.colcon_core.package_identification:_identify(src/dddmr_local_planner/trajectory_generators) by extensions ['colcon_pkg']
[0.247s] Level 1:colcon.colcon_core.package_identification:_identify(src/dddmr_local_planner/trajectory_generators) by extension 'colcon_pkg'
[0.247s] Level 1:colcon.colcon_core.package_identification:_identify(src/dddmr_local_planner/trajectory_generators) by extensions ['colcon_meta']
[0.247s] Level 1:colcon.colcon_core.package_identification:_identify(src/dddmr_local_planner/trajectory_generators) by extension 'colcon_meta'
[0.247s] Level 1:colcon.colcon_core.package_identification:_identify(src/dddmr_local_planner/trajectory_generators) by extensions ['ros']
[0.247s] Level 1:colcon.colcon_core.package_identification:_identify(src/dddmr_local_planner/trajectory_generators) by extension 'ros'
[0.248s] DEBUG:colcon.colcon_core.package_identification:Package 'src/dddmr_local_planner/trajectory_generators' with type 'ros.ament_cmake' and name 'trajectory_generators'
[0.248s] Level 1:colcon.colcon_core.package_identification:_identify(src/dddmr_mcl_3dl) by extensions ['ignore', 'ignore_ament_install']
[0.248s] Level 1:colcon.colcon_core.package_identification:_identify(src/dddmr_mcl_3dl) by extension 'ignore'
[0.248s] Level 1:colcon.colcon_core.package_identification:_identify(src/dddmr_mcl_3dl) by extension 'ignore_ament_install'
[0.248s] Level 1:colcon.colcon_core.package_identification:_identify(src/dddmr_mcl_3dl) by extensions ['colcon_pkg']
[0.248s] Level 1:colcon.colcon_core.package_identification:_identify(src/dddmr_mcl_3dl) by extension 'colcon_pkg'
[0.248s] Level 1:colcon.colcon_core.package_identification:_identify(src/dddmr_mcl_3dl) by extensions ['colcon_meta']
[0.248s] Level 1:colcon.colcon_core.package_identification:_identify(src/dddmr_mcl_3dl) by extension 'colcon_meta'
[0.248s] Level 1:colcon.colcon_core.package_identification:_identify(src/dddmr_mcl_3dl) by extensions ['ros']
[0.248s] Level 1:colcon.colcon_core.package_identification:_identify(src/dddmr_mcl_3dl) by extension 'ros'
[0.249s] DEBUG:colcon.colcon_core.package_identification:Package 'src/dddmr_mcl_3dl' with type 'ros.ament_cmake' and name 'mcl_3dl'
[0.249s] Level 1:colcon.colcon_core.package_identification:_identify(src/dddmr_odom_3d) by extensions ['ignore', 'ignore_ament_install']
[0.249s] Level 1:colcon.colcon_core.package_identification:_identify(src/dddmr_odom_3d) by extension 'ignore'
[0.249s] Level 1:colcon.colcon_core.package_identification:_identify(src/dddmr_odom_3d) by extension 'ignore_ament_install'
[0.249s] Level 1:colcon.colcon_core.package_identification:_identify(src/dddmr_odom_3d) by extensions ['colcon_pkg']
[0.249s] Level 1:colcon.colcon_core.package_identification:_identify(src/dddmr_odom_3d) by extension 'colcon_pkg'
[0.249s] Level 1:colcon.colcon_core.package_identification:_identify(src/dddmr_odom_3d) by extensions ['colcon_meta']
[0.249s] Level 1:colcon.colcon_core.package_identification:_identify(src/dddmr_odom_3d) by extension 'colcon_meta'
[0.249s] Level 1:colcon.colcon_core.package_identification:_identify(src/dddmr_odom_3d) by extensions ['ros']
[0.249s] Level 1:colcon.colcon_core.package_identification:_identify(src/dddmr_odom_3d) by extension 'ros'
[0.250s] DEBUG:colcon.colcon_core.package_identification:Package 'src/dddmr_odom_3d' with type 'ros.ament_cmake' and name 'dddmr_odom_3d'
[0.250s] Level 1:colcon.colcon_core.package_identification:_identify(src/dddmr_p2p_move_base) by extensions ['ignore', 'ignore_ament_install']
[0.250s] Level 1:colcon.colcon_core.package_identification:_identify(src/dddmr_p2p_move_base) by extension 'ignore'
[0.250s] Level 1:colcon.colcon_core.package_identification:_identify(src/dddmr_p2p_move_base) by extension 'ignore_ament_install'
[0.250s] Level 1:colcon.colcon_core.package_identification:_identify(src/dddmr_p2p_move_base) by extensions ['colcon_pkg']
[0.250s] Level 1:colcon.colcon_core.package_identification:_identify(src/dddmr_p2p_move_base) by extension 'colcon_pkg'
[0.250s] Level 1:colcon.colcon_core.package_identification:_identify(src/dddmr_p2p_move_base) by extensions ['colcon_meta']
[0.250s] Level 1:colcon.colcon_core.package_identification:_identify(src/dddmr_p2p_move_base) by extension 'colcon_meta'
[0.250s] Level 1:colcon.colcon_core.package_identification:_identify(src/dddmr_p2p_move_base) by extensions ['ros']
[0.250s] Level 1:colcon.colcon_core.package_identification:_identify(src/dddmr_p2p_move_base) by extension 'ros'
[0.251s] DEBUG:colcon.colcon_core.package_identification:Package 'src/dddmr_p2p_move_base' with type 'ros.ament_cmake' and name 'p2p_move_base'
[0.251s] Level 1:colcon.colcon_core.package_identification:_identify(src/dddmr_perception_3d) by extensions ['ignore', 'ignore_ament_install']
[0.251s] Level 1:colcon.colcon_core.package_identification:_identify(src/dddmr_perception_3d) by extension 'ignore'
[0.251s] Level 1:colcon.colcon_core.package_identification:_identify(src/dddmr_perception_3d) by extension 'ignore_ament_install'
[0.251s] Level 1:colcon.colcon_core.package_identification:_identify(src/dddmr_perception_3d) by extensions ['colcon_pkg']
[0.251s] Level 1:colcon.colcon_core.package_identification:_identify(src/dddmr_perception_3d) by extension 'colcon_pkg'
[0.251s] Level 1:colcon.colcon_core.package_identification:_identify(src/dddmr_perception_3d) by extensions ['colcon_meta']
[0.251s] Level 1:colcon.colcon_core.package_identification:_identify(src/dddmr_perception_3d) by extension 'colcon_meta'
[0.251s] Level 1:colcon.colcon_core.package_identification:_identify(src/dddmr_perception_3d) by extensions ['ros']
[0.251s] Level 1:colcon.colcon_core.package_identification:_identify(src/dddmr_perception_3d) by extension 'ros'
[0.252s] DEBUG:colcon.colcon_core.package_identification:Package 'src/dddmr_perception_3d' with type 'ros.ament_cmake' and name 'perception_3d'
[0.252s] Level 1:colcon.colcon_core.package_identification:_identify(src/dddmr_rviz_tools) by extensions ['ignore', 'ignore_ament_install']
[0.252s] Level 1:colcon.colcon_core.package_identification:_identify(src/dddmr_rviz_tools) by extension 'ignore'
[0.252s] Level 1:colcon.colcon_core.package_identification:_identify(src/dddmr_rviz_tools) by extension 'ignore_ament_install'
[0.252s] Level 1:colcon.colcon_core.package_identification:_identify(src/dddmr_rviz_tools) by extensions ['colcon_pkg']
[0.252s] Level 1:colcon.colcon_core.package_identification:_identify(src/dddmr_rviz_tools) by extension 'colcon_pkg'
[0.252s] Level 1:colcon.colcon_core.package_identification:_identify(src/dddmr_rviz_tools) by extensions ['colcon_meta']
[0.252s] Level 1:colcon.colcon_core.package_identification:_identify(src/dddmr_rviz_tools) by extension 'colcon_meta'
[0.252s] Level 1:colcon.colcon_core.package_identification:_identify(src/dddmr_rviz_tools) by extensions ['ros']
[0.252s] Level 1:colcon.colcon_core.package_identification:_identify(src/dddmr_rviz_tools) by extension 'ros'
[0.252s] Level 1:colcon.colcon_core.package_identification:_identify(src/dddmr_rviz_tools) by extensions ['cmake', 'python']
[0.252s] Level 1:colcon.colcon_core.package_identification:_identify(src/dddmr_rviz_tools) by extension 'cmake'
[0.252s] Level 1:colcon.colcon_core.package_identification:_identify(src/dddmr_rviz_tools) by extension 'python'
[0.252s] Level 1:colcon.colcon_core.package_identification:_identify(src/dddmr_rviz_tools) by extensions ['python_setup_py']
[0.252s] Level 1:colcon.colcon_core.package_identification:_identify(src/dddmr_rviz_tools) by extension 'python_setup_py'
[0.252s] Level 1:colcon.colcon_core.package_identification:_identify(src/dddmr_rviz_tools/dddmr_rviz_default_plugins) by extensions ['ignore', 'ignore_ament_install']
[0.252s] Level 1:colcon.colcon_core.package_identification:_identify(src/dddmr_rviz_tools/dddmr_rviz_default_plugins) by extension 'ignore'
[0.252s] Level 1:colcon.colcon_core.package_identification:_identify(src/dddmr_rviz_tools/dddmr_rviz_default_plugins) by extension 'ignore_ament_install'
[0.252s] Level 1:colcon.colcon_core.package_identification:_identify(src/dddmr_rviz_tools/dddmr_rviz_default_plugins) by extensions ['colcon_pkg']
[0.252s] Level 1:colcon.colcon_core.package_identification:_identify(src/dddmr_rviz_tools/dddmr_rviz_default_plugins) by extension 'colcon_pkg'
[0.252s] Level 1:colcon.colcon_core.package_identification:_identify(src/dddmr_rviz_tools/dddmr_rviz_default_plugins) by extensions ['colcon_meta']
[0.252s] Level 1:colcon.colcon_core.package_identification:_identify(src/dddmr_rviz_tools/dddmr_rviz_default_plugins) by extension 'colcon_meta'
[0.253s] Level 1:colcon.colcon_core.package_identification:_identify(src/dddmr_rviz_tools/dddmr_rviz_default_plugins) by extensions ['ros']
[0.253s] Level 1:colcon.colcon_core.package_identification:_identify(src/dddmr_rviz_tools/dddmr_rviz_default_plugins) by extension 'ros'
[0.253s] DEBUG:colcon.colcon_core.package_identification:Package 'src/dddmr_rviz_tools/dddmr_rviz_default_plugins' with type 'ros.ament_cmake' and name 'dddmr_rviz_default_plugins'
[0.254s] Level 1:colcon.colcon_core.package_identification:_identify(src/dddmr_rviz_tools/map_editor_panel) by extensions ['ignore', 'ignore_ament_install']
[0.254s] Level 1:colcon.colcon_core.package_identification:_identify(src/dddmr_rviz_tools/map_editor_panel) by extension 'ignore'
[0.254s] Level 1:colcon.colcon_core.package_identification:_identify(src/dddmr_rviz_tools/map_editor_panel) by extension 'ignore_ament_install'
[0.254s] Level 1:colcon.colcon_core.package_identification:_identify(src/dddmr_rviz_tools/map_editor_panel) by extensions ['colcon_pkg']
[0.254s] Level 1:colcon.colcon_core.package_identification:_identify(src/dddmr_rviz_tools/map_editor_panel) by extension 'colcon_pkg'
[0.254s] Level 1:colcon.colcon_core.package_identification:_identify(src/dddmr_rviz_tools/map_editor_panel) by extensions ['colcon_meta']
[0.254s] Level 1:colcon.colcon_core.package_identification:_identify(src/dddmr_rviz_tools/map_editor_panel) by extension 'colcon_meta'
[0.254s] Level 1:colcon.colcon_core.package_identification:_identify(src/dddmr_rviz_tools/map_editor_panel) by extensions ['ros']
[0.254s] Level 1:colcon.colcon_core.package_identification:_identify(src/dddmr_rviz_tools/map_editor_panel) by extension 'ros'
[0.254s] DEBUG:colcon.colcon_core.package_identification:Package 'src/dddmr_rviz_tools/map_editor_panel' with type 'ros.ament_cmake' and name 'map_editor_panel'
[0.254s] Level 1:colcon.colcon_core.package_identification:_identify(src/dddmr_rviz_tools/mapping_panel) by extensions ['ignore', 'ignore_ament_install']
[0.254s] Level 1:colcon.colcon_core.package_identification:_identify(src/dddmr_rviz_tools/mapping_panel) by extension 'ignore'
[0.254s] Level 1:colcon.colcon_core.package_identification:_identify(src/dddmr_rviz_tools/mapping_panel) by extension 'ignore_ament_install'
[0.254s] Level 1:colcon.colcon_core.package_identification:_identify(src/dddmr_rviz_tools/mapping_panel) by extensions ['colcon_pkg']
[0.255s] Level 1:colcon.colcon_core.package_identification:_identify(src/dddmr_rviz_tools/mapping_panel) by extension 'colcon_pkg'
[0.255s] Level 1:colcon.colcon_core.package_identification:_identify(src/dddmr_rviz_tools/mapping_panel) by extensions ['colcon_meta']
[0.255s] Level 1:colcon.colcon_core.package_identification:_identify(src/dddmr_rviz_tools/mapping_panel) by extension 'colcon_meta'
[0.255s] Level 1:colcon.colcon_core.package_identification:_identify(src/dddmr_rviz_tools/mapping_panel) by extensions ['ros']
[0.255s] Level 1:colcon.colcon_core.package_identification:_identify(src/dddmr_rviz_tools/mapping_panel) by extension 'ros'
[0.255s] DEBUG:colcon.colcon_core.package_identification:Package 'src/dddmr_rviz_tools/mapping_panel' with type 'ros.ament_cmake' and name 'mapping_panel'
[0.255s] Level 1:colcon.colcon_core.package_identification:_identify(src/dddmr_rviz_tools/pose_graph_editor_panel) by extensions ['ignore', 'ignore_ament_install']
[0.255s] Level 1:colcon.colcon_core.package_identification:_identify(src/dddmr_rviz_tools/pose_graph_editor_panel) by extension 'ignore'
[0.255s] Level 1:colcon.colcon_core.package_identification:_identify(src/dddmr_rviz_tools/pose_graph_editor_panel) by extension 'ignore_ament_install'
[0.255s] Level 1:colcon.colcon_core.package_identification:_identify(src/dddmr_rviz_tools/pose_graph_editor_panel) by extensions ['colcon_pkg']
[0.255s] Level 1:colcon.colcon_core.package_identification:_identify(src/dddmr_rviz_tools/pose_graph_editor_panel) by extension 'colcon_pkg'
[0.255s] Level 1:colcon.colcon_core.package_identification:_identify(src/dddmr_rviz_tools/pose_graph_editor_panel) by extensions ['colcon_meta']
[0.255s] Level 1:colcon.colcon_core.package_identification:_identify(src/dddmr_rviz_tools/pose_graph_editor_panel) by extension 'colcon_meta'
[0.255s] Level 1:colcon.colcon_core.package_identification:_identify(src/dddmr_rviz_tools/pose_graph_editor_panel) by extensions ['ros']
[0.255s] Level 1:colcon.colcon_core.package_identification:_identify(src/dddmr_rviz_tools/pose_graph_editor_panel) by extension 'ros'
[0.256s] DEBUG:colcon.colcon_core.package_identification:Package 'src/dddmr_rviz_tools/pose_graph_editor_panel' with type 'ros.ament_cmake' and name 'pose_graph_editor_panel'
[0.256s] Level 1:colcon.colcon_core.package_identification:_identify(src/dddmr_rviz_tools/pose_graph_merge_editor_panel) by extensions ['ignore', 'ignore_ament_install']
[0.256s] Level 1:colcon.colcon_core.package_identification:_identify(src/dddmr_rviz_tools/pose_graph_merge_editor_panel) by extension 'ignore'
[0.256s] Level 1:colcon.colcon_core.package_identification:_identify(src/dddmr_rviz_tools/pose_graph_merge_editor_panel) by extension 'ignore_ament_install'
[0.256s] Level 1:colcon.colcon_core.package_identification:_identify(src/dddmr_rviz_tools/pose_graph_merge_editor_panel) by extensions ['colcon_pkg']
[0.256s] Level 1:colcon.colcon_core.package_identification:_identify(src/dddmr_rviz_tools/pose_graph_merge_editor_panel) by extension 'colcon_pkg'
[0.256s] Level 1:colcon.colcon_core.package_identification:_identify(src/dddmr_rviz_tools/pose_graph_merge_editor_panel) by extensions ['colcon_meta']
[0.256s] Level 1:colcon.colcon_core.package_identification:_identify(src/dddmr_rviz_tools/pose_graph_merge_editor_panel) by extension 'colcon_meta'
[0.256s] Level 1:colcon.colcon_core.package_identification:_identify(src/dddmr_rviz_tools/pose_graph_merge_editor_panel) by extensions ['ros']
[0.256s] Level 1:colcon.colcon_core.package_identification:_identify(src/dddmr_rviz_tools/pose_graph_merge_editor_panel) by extension 'ros'
[0.257s] DEBUG:colcon.colcon_core.package_identification:Package 'src/dddmr_rviz_tools/pose_graph_merge_editor_panel' with type 'ros.ament_cmake' and name 'pose_graph_merge_editor_panel'
[0.257s] Level 1:colcon.colcon_core.package_identification:_identify(src/dddmr_sc_pgo) by extensions ['ignore', 'ignore_ament_install']
[0.257s] Level 1:colcon.colcon_core.package_identification:_identify(src/dddmr_sc_pgo) by extension 'ignore'
[0.257s] Level 1:colcon.colcon_core.package_identification:_identify(src/dddmr_sc_pgo) by extension 'ignore_ament_install'
[0.257s] Level 1:colcon.colcon_core.package_identification:_identify(src/dddmr_sc_pgo) by extensions ['colcon_pkg']
[0.257s] Level 1:colcon.colcon_core.package_identification:_identify(src/dddmr_sc_pgo) by extension 'colcon_pkg'
[0.257s] Level 1:colcon.colcon_core.package_identification:_identify(src/dddmr_sc_pgo) by extensions ['colcon_meta']
[0.257s] Level 1:colcon.colcon_core.package_identification:_identify(src/dddmr_sc_pgo) by extension 'colcon_meta'
[0.257s] Level 1:colcon.colcon_core.package_identification:_identify(src/dddmr_sc_pgo) by extensions ['ros']
[0.257s] Level 1:colcon.colcon_core.package_identification:_identify(src/dddmr_sc_pgo) by extension 'ros'
[0.257s] DEBUG:colcon.colcon_core.package_identification:Package 'src/dddmr_sc_pgo' with type 'ros.ament_cmake' and name 'dddmr_sc_pgo'
[0.258s] Level 1:colcon.colcon_core.package_identification:_identify(src/dddmr_semantic_segmentation) by extensions ['ignore', 'ignore_ament_install']
[0.258s] Level 1:colcon.colcon_core.package_identification:_identify(src/dddmr_semantic_segmentation) by extension 'ignore'
[0.258s] Level 1:colcon.colcon_core.package_identification:_identify(src/dddmr_semantic_segmentation) by extension 'ignore_ament_install'
[0.258s] Level 1:colcon.colcon_core.package_identification:_identify(src/dddmr_semantic_segmentation) by extensions ['colcon_pkg']
[0.258s] Level 1:colcon.colcon_core.package_identification:_identify(src/dddmr_semantic_segmentation) by extension 'colcon_pkg'
[0.258s] Level 1:colcon.colcon_core.package_identification:_identify(src/dddmr_semantic_segmentation) by extensions ['colcon_meta']
[0.258s] Level 1:colcon.colcon_core.package_identification:_identify(src/dddmr_semantic_segmentation) by extension 'colcon_meta'
[0.258s] Level 1:colcon.colcon_core.package_identification:_identify(src/dddmr_semantic_segmentation) by extensions ['ros']
[0.258s] Level 1:colcon.colcon_core.package_identification:_identify(src/dddmr_semantic_segmentation) by extension 'ros'
[0.258s] DEBUG:colcon.colcon_core.package_identification:Package 'src/dddmr_semantic_segmentation' with type 'ros.ament_cmake' and name 'dddmr_semantic_segmentation'
[0.259s] Level 1:colcon.colcon_core.package_identification:_identify(src/dddmr_sys_core) by extensions ['ignore', 'ignore_ament_install']
[0.259s] Level 1:colcon.colcon_core.package_identification:_identify(src/dddmr_sys_core) by extension 'ignore'
[0.259s] Level 1:colcon.colcon_core.package_identification:_identify(src/dddmr_sys_core) by extension 'ignore_ament_install'
[0.259s] Level 1:colcon.colcon_core.package_identification:_identify(src/dddmr_sys_core) by extensions ['colcon_pkg']
[0.259s] Level 1:colcon.colcon_core.package_identification:_identify(src/dddmr_sys_core) by extension 'colcon_pkg'
[0.259s] Level 1:colcon.colcon_core.package_identification:_identify(src/dddmr_sys_core) by extensions ['colcon_meta']
[0.259s] Level 1:colcon.colcon_core.package_identification:_identify(src/dddmr_sys_core) by extension 'colcon_meta'
[0.259s] Level 1:colcon.colcon_core.package_identification:_identify(src/dddmr_sys_core) by extensions ['ros']
[0.259s] Level 1:colcon.colcon_core.package_identification:_identify(src/dddmr_sys_core) by extension 'ros'
[0.259s] DEBUG:colcon.colcon_core.package_identification:Package 'src/dddmr_sys_core' with type 'ros.ament_cmake' and name 'dddmr_sys_core'
[0.260s] Level 1:colcon.colcon_core.package_identification:_identify(src/dddmr_trt) by extensions ['ignore', 'ignore_ament_install']
[0.260s] Level 1:colcon.colcon_core.package_identification:_identify(src/dddmr_trt) by extension 'ignore'
[0.260s] Level 1:colcon.colcon_core.package_identification:_identify(src/dddmr_trt) by extension 'ignore_ament_install'
[0.260s] Level 1:colcon.colcon_core.package_identification:_identify(src/dddmr_trt) by extensions ['colcon_pkg']
[0.260s] Level 1:colcon.colcon_core.package_identification:_identify(src/dddmr_trt) by extension 'colcon_pkg'
[0.260s] Level 1:colcon.colcon_core.package_identification:_identify(src/dddmr_trt) by extensions ['colcon_meta']
[0.260s] Level 1:colcon.colcon_core.package_identification:_identify(src/dddmr_trt) by extension 'colcon_meta'
[0.260s] Level 1:colcon.colcon_core.package_identification:_identify(src/dddmr_trt) by extensions ['ros']
[0.260s] Level 1:colcon.colcon_core.package_identification:_identify(src/dddmr_trt) by extension 'ros'
[0.260s] DEBUG:colcon.colcon_core.package_identification:Package 'src/dddmr_trt' with type 'ros.ament_cmake' and name 'dddmr_trt'
[0.260s] Level 1:colcon.colcon_core.package_discovery:discover_packages(recursive) using defaults
[0.260s] Level 1:colcon.colcon_core.package_discovery:discover_packages(ignore) discover
[0.260s] Level 1:colcon.colcon_core.package_discovery:discover_packages(ignore) using defaults
[0.260s] Level 1:colcon.colcon_core.package_discovery:discover_packages(path) discover
[0.260s] Level 1:colcon.colcon_core.package_discovery:discover_packages(path) using defaults
[0.283s] Level 1:colcon.colcon_core.package_discovery:discover_packages(prefix_path) check parameters
[0.283s] Level 1:colcon.colcon_core.package_discovery:discover_packages(prefix_path) discover
[0.285s] DEBUG:colcon.colcon_installed_package_information.package_discovery:Found 1 installed packages in /root/livox_ws/install
[0.289s] DEBUG:colcon.colcon_installed_package_information.package_discovery:Found 24 installed packages in /root/dddmr_navigation/install
[0.289s] DEBUG:colcon.colcon_installed_package_information.package_discovery:Found 276 installed packages in /opt/ros/humble
[0.290s] Level 1:colcon.colcon_core.package_discovery:discover_packages(prefix_path) using defaults
[0.315s] Level 5:colcon.colcon_core.verb:set package 'base_trajectory' build argument 'cmake_args' from command line to 'None'
[0.315s] Level 5:colcon.colcon_core.verb:set package 'base_trajectory' build argument 'cmake_target' from command line to 'None'
[0.315s] Level 5:colcon.colcon_core.verb:set package 'base_trajectory' build argument 'cmake_target_skip_unavailable' from command line to 'False'
[0.316s] Level 5:colcon.colcon_core.verb:set package 'base_trajectory' build argument 'cmake_clean_cache' from command line to 'False'
[0.316s] Level 5:colcon.colcon_core.verb:set package 'base_trajectory' build argument 'cmake_clean_first' from command line to 'False'
[0.316s] Level 5:colcon.colcon_core.verb:set package 'base_trajectory' build argument 'cmake_force_configure' from command line to 'False'
[0.316s] Level 5:colcon.colcon_core.verb:set package 'base_trajectory' build argument 'ament_cmake_args' from command line to 'None'
[0.316s] Level 5:colcon.colcon_core.verb:set package 'base_trajectory' build argument 'catkin_cmake_args' from command line to 'None'
[0.316s] Level 5:colcon.colcon_core.verb:set package 'base_trajectory' build argument 'catkin_skip_building_tests' from command line to 'False'
[0.316s] DEBUG:colcon.colcon_core.verb:Building package 'base_trajectory' with the following arguments: {'ament_cmake_args': None, 'build_base': '/root/dddmr_navigation/build/base_trajectory', 'catkin_cmake_args': None, 'catkin_skip_building_tests': False, 'cmake_args': None, 'cmake_clean_cache': False, 'cmake_clean_first': False, 'cmake_force_configure': False, 'cmake_target': None, 'cmake_target_skip_unavailable': False, 'install_base': '/root/dddmr_navigation/install/base_trajectory', 'merge_install': False, 'path': '/root/dddmr_navigation/src/dddmr_local_planner/base_trajectory', 'symlink_install': True, 'test_result_base': None}
[0.316s] Level 5:colcon.colcon_core.verb:set package 'cloud_msgs' build argument 'cmake_args' from command line to 'None'
[0.316s] Level 5:colcon.colcon_core.verb:set package 'cloud_msgs' build argument 'cmake_target' from command line to 'None'
[0.316s] Level 5:colcon.colcon_core.verb:set package 'cloud_msgs' build argument 'cmake_target_skip_unavailable' from command line to 'False'
[0.316s] Level 5:colcon.colcon_core.verb:set package 'cloud_msgs' build argument 'cmake_clean_cache' from command line to 'False'
[0.316s] Level 5:colcon.colcon_core.verb:set package 'cloud_msgs' build argument 'cmake_clean_first' from command line to 'False'
[0.316s] Level 5:colcon.colcon_core.verb:set package 'cloud_msgs' build argument 'cmake_force_configure' from command line to 'False'
[0.316s] Level 5:colcon.colcon_core.verb:set package 'cloud_msgs' build argument 'ament_cmake_args' from command line to 'None'
[0.316s] Level 5:colcon.colcon_core.verb:set package 'cloud_msgs' build argument 'catkin_cmake_args' from command line to 'None'
[0.316s] Level 5:colcon.colcon_core.verb:set package 'cloud_msgs' build argument 'catkin_skip_building_tests' from command line to 'False'
[0.316s] DEBUG:colcon.colcon_core.verb:Building package 'cloud_msgs' with the following arguments: {'ament_cmake_args': None, 'build_base': '/root/dddmr_navigation/build/cloud_msgs', 'catkin_cmake_args': None, 'catkin_skip_building_tests': False, 'cmake_args': None, 'cmake_clean_cache': False, 'cmake_clean_first': False, 'cmake_force_configure': False, 'cmake_target': None, 'cmake_target_skip_unavailable': False, 'install_base': '/root/dddmr_navigation/install/cloud_msgs', 'merge_install': False, 'path': '/root/dddmr_navigation/src/dddmr_lego_loam/cloud_msgs', 'symlink_install': True, 'test_result_base': None}
[0.316s] Level 5:colcon.colcon_core.verb:set package 'dddmr_beginner_guide' build argument 'cmake_args' from command line to 'None'
[0.316s] Level 5:colcon.colcon_core.verb:set package 'dddmr_beginner_guide' build argument 'cmake_target' from command line to 'None'
[0.316s] Level 5:colcon.colcon_core.verb:set package 'dddmr_beginner_guide' build argument 'cmake_target_skip_unavailable' from command line to 'False'
[0.316s] Level 5:colcon.colcon_core.verb:set package 'dddmr_beginner_guide' build argument 'cmake_clean_cache' from command line to 'False'
[0.316s] Level 5:colcon.colcon_core.verb:set package 'dddmr_beginner_guide' build argument 'cmake_clean_first' from command line to 'False'
[0.316s] Level 5:colcon.colcon_core.verb:set package 'dddmr_beginner_guide' build argument 'cmake_force_configure' from command line to 'False'
[0.316s] Level 5:colcon.colcon_core.verb:set package 'dddmr_beginner_guide' build argument 'ament_cmake_args' from command line to 'None'
[0.316s] Level 5:colcon.colcon_core.verb:set package 'dddmr_beginner_guide' build argument 'catkin_cmake_args' from command line to 'None'
[0.316s] Level 5:colcon.colcon_core.verb:set package 'dddmr_beginner_guide' build argument 'catkin_skip_building_tests' from command line to 'False'
[0.316s] DEBUG:colcon.colcon_core.verb:Building package 'dddmr_beginner_guide' with the following arguments: {'ament_cmake_args': None, 'build_base': '/root/dddmr_navigation/build/dddmr_beginner_guide', 'catkin_cmake_args': None, 'catkin_skip_building_tests': False, 'cmake_args': None, 'cmake_clean_cache': False, 'cmake_clean_first': False, 'cmake_force_configure': False, 'cmake_target': None, 'cmake_target_skip_unavailable': False, 'install_base': '/root/dddmr_navigation/install/dddmr_beginner_guide', 'merge_install': False, 'path': '/root/dddmr_navigation/src/dddmr_beginner_guide', 'symlink_install': True, 'test_result_base': None}
[0.316s] Level 5:colcon.colcon_core.verb:set package 'dddmr_fastlio_adapter' build argument 'cmake_args' from command line to 'None'
[0.316s] Level 5:colcon.colcon_core.verb:set package 'dddmr_fastlio_adapter' build argument 'cmake_target' from command line to 'None'
[0.316s] Level 5:colcon.colcon_core.verb:set package 'dddmr_fastlio_adapter' build argument 'cmake_target_skip_unavailable' from command line to 'False'
[0.316s] Level 5:colcon.colcon_core.verb:set package 'dddmr_fastlio_adapter' build argument 'cmake_clean_cache' from command line to 'False'
[0.316s] Level 5:colcon.colcon_core.verb:set package 'dddmr_fastlio_adapter' build argument 'cmake_clean_first' from command line to 'False'
[0.316s] Level 5:colcon.colcon_core.verb:set package 'dddmr_fastlio_adapter' build argument 'cmake_force_configure' from command line to 'False'
[0.316s] Level 5:colcon.colcon_core.verb:set package 'dddmr_fastlio_adapter' build argument 'ament_cmake_args' from command line to 'None'
[0.316s] Level 5:colcon.colcon_core.verb:set package 'dddmr_fastlio_adapter' build argument 'catkin_cmake_args' from command line to 'None'
[0.316s] Level 5:colcon.colcon_core.verb:set package 'dddmr_fastlio_adapter' build argument 'catkin_skip_building_tests' from command line to 'False'
[0.316s] DEBUG:colcon.colcon_core.verb:Building package 'dddmr_fastlio_adapter' with the following arguments: {'ament_cmake_args': None, 'build_base': '/root/dddmr_navigation/build/dddmr_fastlio_adapter', 'catkin_cmake_args': None, 'catkin_skip_building_tests': False, 'cmake_args': None, 'cmake_clean_cache': False, 'cmake_clean_first': False, 'cmake_force_configure': False, 'cmake_target': None, 'cmake_target_skip_unavailable': False, 'install_base': '/root/dddmr_navigation/install/dddmr_fastlio_adapter', 'merge_install': False, 'path': '/root/dddmr_navigation/src/dddmr_fastlio_adapter', 'symlink_install': True, 'test_result_base': None}
[0.316s] Level 5:colcon.colcon_core.verb:set package 'dddmr_odom_3d' build argument 'cmake_args' from command line to 'None'
[0.316s] Level 5:colcon.colcon_core.verb:set package 'dddmr_odom_3d' build argument 'cmake_target' from command line to 'None'
[0.316s] Level 5:colcon.colcon_core.verb:set package 'dddmr_odom_3d' build argument 'cmake_target_skip_unavailable' from command line to 'False'
[0.316s] Level 5:colcon.colcon_core.verb:set package 'dddmr_odom_3d' build argument 'cmake_clean_cache' from command line to 'False'
[0.316s] Level 5:colcon.colcon_core.verb:set package 'dddmr_odom_3d' build argument 'cmake_clean_first' from command line to 'False'
[0.316s] Level 5:colcon.colcon_core.verb:set package 'dddmr_odom_3d' build argument 'cmake_force_configure' from command line to 'False'
[0.316s] Level 5:colcon.colcon_core.verb:set package 'dddmr_odom_3d' build argument 'ament_cmake_args' from command line to 'None'
[0.316s] Level 5:colcon.colcon_core.verb:set package 'dddmr_odom_3d' build argument 'catkin_cmake_args' from command line to 'None'
[0.316s] Level 5:colcon.colcon_core.verb:set package 'dddmr_odom_3d' build argument 'catkin_skip_building_tests' from command line to 'False'
[0.316s] DEBUG:colcon.colcon_core.verb:Building package 'dddmr_odom_3d' with the following arguments: {'ament_cmake_args': None, 'build_base': '/root/dddmr_navigation/build/dddmr_odom_3d', 'catkin_cmake_args': None, 'catkin_skip_building_tests': False, 'cmake_args': None, 'cmake_clean_cache': False, 'cmake_clean_first': False, 'cmake_force_configure': False, 'cmake_target': None, 'cmake_target_skip_unavailable': False, 'install_base': '/root/dddmr_navigation/install/dddmr_odom_3d', 'merge_install': False, 'path': '/root/dddmr_navigation/src/dddmr_odom_3d', 'symlink_install': True, 'test_result_base': None}
[0.317s] Level 5:colcon.colcon_core.verb:set package 'dddmr_rviz_default_plugins' build argument 'cmake_args' from command line to 'None'
[0.317s] Level 5:colcon.colcon_core.verb:set package 'dddmr_rviz_default_plugins' build argument 'cmake_target' from command line to 'None'
[0.317s] Level 5:colcon.colcon_core.verb:set package 'dddmr_rviz_default_plugins' build argument 'cmake_target_skip_unavailable' from command line to 'False'
[0.317s] Level 5:colcon.colcon_core.verb:set package 'dddmr_rviz_default_plugins' build argument 'cmake_clean_cache' from command line to 'False'
[0.317s] Level 5:colcon.colcon_core.verb:set package 'dddmr_rviz_default_plugins' build argument 'cmake_clean_first' from command line to 'False'
[0.317s] Level 5:colcon.colcon_core.verb:set package 'dddmr_rviz_default_plugins' build argument 'cmake_force_configure' from command line to 'False'
[0.317s] Level 5:colcon.colcon_core.verb:set package 'dddmr_rviz_default_plugins' build argument 'ament_cmake_args' from command line to 'None'
[0.317s] Level 5:colcon.colcon_core.verb:set package 'dddmr_rviz_default_plugins' build argument 'catkin_cmake_args' from command line to 'None'
[0.317s] Level 5:colcon.colcon_core.verb:set package 'dddmr_rviz_default_plugins' build argument 'catkin_skip_building_tests' from command line to 'False'
[0.317s] DEBUG:colcon.colcon_core.verb:Building package 'dddmr_rviz_default_plugins' with the following arguments: {'ament_cmake_args': None, 'build_base': '/root/dddmr_navigation/build/dddmr_rviz_default_plugins', 'catkin_cmake_args': None, 'catkin_skip_building_tests': False, 'cmake_args': None, 'cmake_clean_cache': False, 'cmake_clean_first': False, 'cmake_force_configure': False, 'cmake_target': None, 'cmake_target_skip_unavailable': False, 'install_base': '/root/dddmr_navigation/install/dddmr_rviz_default_plugins', 'merge_install': False, 'path': '/root/dddmr_navigation/src/dddmr_rviz_tools/dddmr_rviz_default_plugins', 'symlink_install': True, 'test_result_base': None}
[0.317s] Level 5:colcon.colcon_core.verb:set package 'dddmr_sc_pgo' build argument 'cmake_args' from command line to 'None'
[0.317s] Level 5:colcon.colcon_core.verb:set package 'dddmr_sc_pgo' build argument 'cmake_target' from command line to 'None'
[0.317s] Level 5:colcon.colcon_core.verb:set package 'dddmr_sc_pgo' build argument 'cmake_target_skip_unavailable' from command line to 'False'
[0.317s] Level 5:colcon.colcon_core.verb:set package 'dddmr_sc_pgo' build argument 'cmake_clean_cache' from command line to 'False'
[0.317s] Level 5:colcon.colcon_core.verb:set package 'dddmr_sc_pgo' build argument 'cmake_clean_first' from command line to 'False'
[0.317s] Level 5:colcon.colcon_core.verb:set package 'dddmr_sc_pgo' build argument 'cmake_force_configure' from command line to 'False'
[0.317s] Level 5:colcon.colcon_core.verb:set package 'dddmr_sc_pgo' build argument 'ament_cmake_args' from command line to 'None'
[0.317s] Level 5:colcon.colcon_core.verb:set package 'dddmr_sc_pgo' build argument 'catkin_cmake_args' from command line to 'None'
[0.317s] Level 5:colcon.colcon_core.verb:set package 'dddmr_sc_pgo' build argument 'catkin_skip_building_tests' from command line to 'False'
[0.317s] DEBUG:colcon.colcon_core.verb:Building package 'dddmr_sc_pgo' with the following arguments: {'ament_cmake_args': None, 'build_base': '/root/dddmr_navigation/build/dddmr_sc_pgo', 'catkin_cmake_args': None, 'catkin_skip_building_tests': False, 'cmake_args': None, 'cmake_clean_cache': False, 'cmake_clean_first': False, 'cmake_force_configure': False, 'cmake_target': None, 'cmake_target_skip_unavailable': False, 'install_base': '/root/dddmr_navigation/install/dddmr_sc_pgo', 'merge_install': False, 'path': '/root/dddmr_navigation/src/dddmr_sc_pgo', 'symlink_install': True, 'test_result_base': None}
[0.317s] Level 5:colcon.colcon_core.verb:set package 'dddmr_semantic_segmentation' build argument 'cmake_args' from command line to 'None'
[0.317s] Level 5:colcon.colcon_core.verb:set package 'dddmr_semantic_segmentation' build argument 'cmake_target' from command line to 'None'
[0.317s] Level 5:colcon.colcon_core.verb:set package 'dddmr_semantic_segmentation' build argument 'cmake_target_skip_unavailable' from command line to 'False'
[0.317s] Level 5:colcon.colcon_core.verb:set package 'dddmr_semantic_segmentation' build argument 'cmake_clean_cache' from command line to 'False'
[0.317s] Level 5:colcon.colcon_core.verb:set package 'dddmr_semantic_segmentation' build argument 'cmake_clean_first' from command line to 'False'
[0.317s] Level 5:colcon.colcon_core.verb:set package 'dddmr_semantic_segmentation' build argument 'cmake_force_configure' from command line to 'False'
[0.317s] Level 5:colcon.colcon_core.verb:set package 'dddmr_semantic_segmentation' build argument 'ament_cmake_args' from command line to 'None'
[0.317s] Level 5:colcon.colcon_core.verb:set package 'dddmr_semantic_segmentation' build argument 'catkin_cmake_args' from command line to 'None'
[0.317s] Level 5:colcon.colcon_core.verb:set package 'dddmr_semantic_segmentation' build argument 'catkin_skip_building_tests' from command line to 'False'
[0.317s] DEBUG:colcon.colcon_core.verb:Building package 'dddmr_semantic_segmentation' with the following arguments: {'ament_cmake_args': None, 'build_base': '/root/dddmr_navigation/build/dddmr_semantic_segmentation', 'catkin_cmake_args': None, 'catkin_skip_building_tests': False, 'cmake_args': None, 'cmake_clean_cache': False, 'cmake_clean_first': False, 'cmake_force_configure': False, 'cmake_target': None, 'cmake_target_skip_unavailable': False, 'install_base': '/root/dddmr_navigation/install/dddmr_semantic_segmentation', 'merge_install': False, 'path': '/root/dddmr_navigation/src/dddmr_semantic_segmentation', 'symlink_install': True, 'test_result_base': None}
[0.317s] Level 5:colcon.colcon_core.verb:set package 'dddmr_sys_core' build argument 'cmake_args' from command line to 'None'
[0.317s] Level 5:colcon.colcon_core.verb:set package 'dddmr_sys_core' build argument 'cmake_target' from command line to 'None'
[0.317s] Level 5:colcon.colcon_core.verb:set package 'dddmr_sys_core' build argument 'cmake_target_skip_unavailable' from command line to 'False'
[0.317s] Level 5:colcon.colcon_core.verb:set package 'dddmr_sys_core' build argument 'cmake_clean_cache' from command line to 'False'
[0.317s] Level 5:colcon.colcon_core.verb:set package 'dddmr_sys_core' build argument 'cmake_clean_first' from command line to 'False'
[0.317s] Level 5:colcon.colcon_core.verb:set package 'dddmr_sys_core' build argument 'cmake_force_configure' from command line to 'False'
[0.317s] Level 5:colcon.colcon_core.verb:set package 'dddmr_sys_core' build argument 'ament_cmake_args' from command line to 'None'
[0.317s] Level 5:colcon.colcon_core.verb:set package 'dddmr_sys_core' build argument 'catkin_cmake_args' from command line to 'None'
[0.317s] Level 5:colcon.colcon_core.verb:set package 'dddmr_sys_core' build argument 'catkin_skip_building_tests' from command line to 'False'
[0.317s] DEBUG:colcon.colcon_core.verb:Building package 'dddmr_sys_core' with the following arguments: {'ament_cmake_args': None, 'build_base': '/root/dddmr_navigation/build/dddmr_sys_core', 'catkin_cmake_args': None, 'catkin_skip_building_tests': False, 'cmake_args': None, 'cmake_clean_cache': False, 'cmake_clean_first': False, 'cmake_force_configure': False, 'cmake_target': None, 'cmake_target_skip_unavailable': False, 'install_base': '/root/dddmr_navigation/install/dddmr_sys_core', 'merge_install': False, 'path': '/root/dddmr_navigation/src/dddmr_sys_core', 'symlink_install': True, 'test_result_base': None}
[0.317s] Level 5:colcon.colcon_core.verb:set package 'dddmr_trt' build argument 'cmake_args' from command line to 'None'
[0.317s] Level 5:colcon.colcon_core.verb:set package 'dddmr_trt' build argument 'cmake_target' from command line to 'None'
[0.317s] Level 5:colcon.colcon_core.verb:set package 'dddmr_trt' build argument 'cmake_target_skip_unavailable' from command line to 'False'
[0.317s] Level 5:colcon.colcon_core.verb:set package 'dddmr_trt' build argument 'cmake_clean_cache' from command line to 'False'
[0.317s] Level 5:colcon.colcon_core.verb:set package 'dddmr_trt' build argument 'cmake_clean_first' from command line to 'False'
[0.317s] Level 5:colcon.colcon_core.verb:set package 'dddmr_trt' build argument 'cmake_force_configure' from command line to 'False'
[0.317s] Level 5:colcon.colcon_core.verb:set package 'dddmr_trt' build argument 'ament_cmake_args' from command line to 'None'
[0.317s] Level 5:colcon.colcon_core.verb:set package 'dddmr_trt' build argument 'catkin_cmake_args' from command line to 'None'
[0.317s] Level 5:colcon.colcon_core.verb:set package 'dddmr_trt' build argument 'catkin_skip_building_tests' from command line to 'False'
[0.317s] DEBUG:colcon.colcon_core.verb:Building package 'dddmr_trt' with the following arguments: {'ament_cmake_args': None, 'build_base': '/root/dddmr_navigation/build/dddmr_trt', 'catkin_cmake_args': None, 'catkin_skip_building_tests': False, 'cmake_args': None, 'cmake_clean_cache': False, 'cmake_clean_first': False, 'cmake_force_configure': False, 'cmake_target': None, 'cmake_target_skip_unavailable': False, 'install_base': '/root/dddmr_navigation/install/dddmr_trt', 'merge_install': False, 'path': '/root/dddmr_navigation/src/dddmr_trt', 'symlink_install': True, 'test_result_base': None}
[0.318s] Level 5:colcon.colcon_core.verb:set package 'fast_lio' build argument 'cmake_args' from command line to 'None'
[0.318s] Level 5:colcon.colcon_core.verb:set package 'fast_lio' build argument 'cmake_target' from command line to 'None'
[0.318s] Level 5:colcon.colcon_core.verb:set package 'fast_lio' build argument 'cmake_target_skip_unavailable' from command line to 'False'
[0.318s] Level 5:colcon.colcon_core.verb:set package 'fast_lio' build argument 'cmake_clean_cache' from command line to 'False'
[0.318s] Level 5:colcon.colcon_core.verb:set package 'fast_lio' build argument 'cmake_clean_first' from command line to 'False'
[0.318s] Level 5:colcon.colcon_core.verb:set package 'fast_lio' build argument 'cmake_force_configure' from command line to 'False'
[0.318s] Level 5:colcon.colcon_core.verb:set package 'fast_lio' build argument 'ament_cmake_args' from command line to 'None'
[0.318s] Level 5:colcon.colcon_core.verb:set package 'fast_lio' build argument 'catkin_cmake_args' from command line to 'None'
[0.318s] Level 5:colcon.colcon_core.verb:set package 'fast_lio' build argument 'catkin_skip_building_tests' from command line to 'False'
[0.318s] DEBUG:colcon.colcon_core.verb:Building package 'fast_lio' with the following arguments: {'ament_cmake_args': None, 'build_base': '/root/dddmr_navigation/build/fast_lio', 'catkin_cmake_args': None, 'catkin_skip_building_tests': False, 'cmake_args': None, 'cmake_clean_cache': False, 'cmake_clean_first': False, 'cmake_force_configure': False, 'cmake_target': None, 'cmake_target_skip_unavailable': False, 'install_base': '/root/dddmr_navigation/install/fast_lio', 'merge_install': False, 'path': '/root/dddmr_navigation/src/FAST_LIO', 'symlink_install': True, 'test_result_base': None}
[0.318s] Level 5:colcon.colcon_core.verb:set package 'map_editor_panel' build argument 'cmake_args' from command line to 'None'
[0.318s] Level 5:colcon.colcon_core.verb:set package 'map_editor_panel' build argument 'cmake_target' from command line to 'None'
[0.318s] Level 5:colcon.colcon_core.verb:set package 'map_editor_panel' build argument 'cmake_target_skip_unavailable' from command line to 'False'
[0.318s] Level 5:colcon.colcon_core.verb:set package 'map_editor_panel' build argument 'cmake_clean_cache' from command line to 'False'
[0.318s] Level 5:colcon.colcon_core.verb:set package 'map_editor_panel' build argument 'cmake_clean_first' from command line to 'False'
[0.318s] Level 5:colcon.colcon_core.verb:set package 'map_editor_panel' build argument 'cmake_force_configure' from command line to 'False'
[0.318s] Level 5:colcon.colcon_core.verb:set package 'map_editor_panel' build argument 'ament_cmake_args' from command line to 'None'
[0.318s] Level 5:colcon.colcon_core.verb:set package 'map_editor_panel' build argument 'catkin_cmake_args' from command line to 'None'
[0.318s] Level 5:colcon.colcon_core.verb:set package 'map_editor_panel' build argument 'catkin_skip_building_tests' from command line to 'False'
[0.318s] DEBUG:colcon.colcon_core.verb:Building package 'map_editor_panel' with the following arguments: {'ament_cmake_args': None, 'build_base': '/root/dddmr_navigation/build/map_editor_panel', 'catkin_cmake_args': None, 'catkin_skip_building_tests': False, 'cmake_args': None, 'cmake_clean_cache': False, 'cmake_clean_first': False, 'cmake_force_configure': False, 'cmake_target': None, 'cmake_target_skip_unavailable': False, 'install_base': '/root/dddmr_navigation/install/map_editor_panel', 'merge_install': False, 'path': '/root/dddmr_navigation/src/dddmr_rviz_tools/map_editor_panel', 'symlink_install': True, 'test_result_base': None}
[0.318s] Level 5:colcon.colcon_core.verb:set package 'mapping_panel' build argument 'cmake_args' from command line to 'None'
[0.318s] Level 5:colcon.colcon_core.verb:set package 'mapping_panel' build argument 'cmake_target' from command line to 'None'
[0.318s] Level 5:colcon.colcon_core.verb:set package 'mapping_panel' build argument 'cmake_target_skip_unavailable' from command line to 'False'
[0.318s] Level 5:colcon.colcon_core.verb:set package 'mapping_panel' build argument 'cmake_clean_cache' from command line to 'False'
[0.318s] Level 5:colcon.colcon_core.verb:set package 'mapping_panel' build argument 'cmake_clean_first' from command line to 'False'
[0.318s] Level 5:colcon.colcon_core.verb:set package 'mapping_panel' build argument 'cmake_force_configure' from command line to 'False'
[0.318s] Level 5:colcon.colcon_core.verb:set package 'mapping_panel' build argument 'ament_cmake_args' from command line to 'None'
[0.318s] Level 5:colcon.colcon_core.verb:set package 'mapping_panel' build argument 'catkin_cmake_args' from command line to 'None'
[0.318s] Level 5:colcon.colcon_core.verb:set package 'mapping_panel' build argument 'catkin_skip_building_tests' from command line to 'False'
[0.318s] DEBUG:colcon.colcon_core.verb:Building package 'mapping_panel' with the following arguments: {'ament_cmake_args': None, 'build_base': '/root/dddmr_navigation/build/mapping_panel', 'catkin_cmake_args': None, 'catkin_skip_building_tests': False, 'cmake_args': None, 'cmake_clean_cache': False, 'cmake_clean_first': False, 'cmake_force_configure': False, 'cmake_target': None, 'cmake_target_skip_unavailable': False, 'install_base': '/root/dddmr_navigation/install/mapping_panel', 'merge_install': False, 'path': '/root/dddmr_navigation/src/dddmr_rviz_tools/mapping_panel', 'symlink_install': True, 'test_result_base': None}
[0.318s] Level 5:colcon.colcon_core.verb:set package 'perception_3d' build argument 'cmake_args' from command line to 'None'
[0.318s] Level 5:colcon.colcon_core.verb:set package 'perception_3d' build argument 'cmake_target' from command line to 'None'
[0.318s] Level 5:colcon.colcon_core.verb:set package 'perception_3d' build argument 'cmake_target_skip_unavailable' from command line to 'False'
[0.318s] Level 5:colcon.colcon_core.verb:set package 'perception_3d' build argument 'cmake_clean_cache' from command line to 'False'
[0.318s] Level 5:colcon.colcon_core.verb:set package 'perception_3d' build argument 'cmake_clean_first' from command line to 'False'
[0.318s] Level 5:colcon.colcon_core.verb:set package 'perception_3d' build argument 'cmake_force_configure' from command line to 'False'
[0.318s] Level 5:colcon.colcon_core.verb:set package 'perception_3d' build argument 'ament_cmake_args' from command line to 'None'
[0.318s] Level 5:colcon.colcon_core.verb:set package 'perception_3d' build argument 'catkin_cmake_args' from command line to 'None'
[0.318s] Level 5:colcon.colcon_core.verb:set package 'perception_3d' build argument 'catkin_skip_building_tests' from command line to 'False'
[0.318s] DEBUG:colcon.colcon_core.verb:Building package 'perception_3d' with the following arguments: {'ament_cmake_args': None, 'build_base': '/root/dddmr_navigation/build/perception_3d', 'catkin_cmake_args': None, 'catkin_skip_building_tests': False, 'cmake_args': None, 'cmake_clean_cache': False, 'cmake_clean_first': False, 'cmake_force_configure': False, 'cmake_target': None, 'cmake_target_skip_unavailable': False, 'install_base': '/root/dddmr_navigation/install/perception_3d', 'merge_install': False, 'path': '/root/dddmr_navigation/src/dddmr_perception_3d', 'symlink_install': True, 'test_result_base': None}
[0.318s] Level 5:colcon.colcon_core.verb:set package 'pose_graph_editor_panel' build argument 'cmake_args' from command line to 'None'
[0.318s] Level 5:colcon.colcon_core.verb:set package 'pose_graph_editor_panel' build argument 'cmake_target' from command line to 'None'
[0.318s] Level 5:colcon.colcon_core.verb:set package 'pose_graph_editor_panel' build argument 'cmake_target_skip_unavailable' from command line to 'False'
[0.318s] Level 5:colcon.colcon_core.verb:set package 'pose_graph_editor_panel' build argument 'cmake_clean_cache' from command line to 'False'
[0.318s] Level 5:colcon.colcon_core.verb:set package 'pose_graph_editor_panel' build argument 'cmake_clean_first' from command line to 'False'
[0.318s] Level 5:colcon.colcon_core.verb:set package 'pose_graph_editor_panel' build argument 'cmake_force_configure' from command line to 'False'
[0.318s] Level 5:colcon.colcon_core.verb:set package 'pose_graph_editor_panel' build argument 'ament_cmake_args' from command line to 'None'
[0.318s] Level 5:colcon.colcon_core.verb:set package 'pose_graph_editor_panel' build argument 'catkin_cmake_args' from command line to 'None'
[0.318s] Level 5:colcon.colcon_core.verb:set package 'pose_graph_editor_panel' build argument 'catkin_skip_building_tests' from command line to 'False'
[0.319s] DEBUG:colcon.colcon_core.verb:Building package 'pose_graph_editor_panel' with the following arguments: {'ament_cmake_args': None, 'build_base': '/root/dddmr_navigation/build/pose_graph_editor_panel', 'catkin_cmake_args': None, 'catkin_skip_building_tests': False, 'cmake_args': None, 'cmake_clean_cache': False, 'cmake_clean_first': False, 'cmake_force_configure': False, 'cmake_target': None, 'cmake_target_skip_unavailable': False, 'install_base': '/root/dddmr_navigation/install/pose_graph_editor_panel', 'merge_install': False, 'path': '/root/dddmr_navigation/src/dddmr_rviz_tools/pose_graph_editor_panel', 'symlink_install': True, 'test_result_base': None}
[0.319s] Level 5:colcon.colcon_core.verb:set package 'pose_graph_merge_editor_panel' build argument 'cmake_args' from command line to 'None'
[0.319s] Level 5:colcon.colcon_core.verb:set package 'pose_graph_merge_editor_panel' build argument 'cmake_target' from command line to 'None'
[0.319s] Level 5:colcon.colcon_core.verb:set package 'pose_graph_merge_editor_panel' build argument 'cmake_target_skip_unavailable' from command line to 'False'
[0.319s] Level 5:colcon.colcon_core.verb:set package 'pose_graph_merge_editor_panel' build argument 'cmake_clean_cache' from command line to 'False'
[0.319s] Level 5:colcon.colcon_core.verb:set package 'pose_graph_merge_editor_panel' build argument 'cmake_clean_first' from command line to 'False'
[0.319s] Level 5:colcon.colcon_core.verb:set package 'pose_graph_merge_editor_panel' build argument 'cmake_force_configure' from command line to 'False'
[0.319s] Level 5:colcon.colcon_core.verb:set package 'pose_graph_merge_editor_panel' build argument 'ament_cmake_args' from command line to 'None'
[0.319s] Level 5:colcon.colcon_core.verb:set package 'pose_graph_merge_editor_panel' build argument 'catkin_cmake_args' from command line to 'None'
[0.319s] Level 5:colcon.colcon_core.verb:set package 'pose_graph_merge_editor_panel' build argument 'catkin_skip_building_tests' from command line to 'False'
[0.319s] DEBUG:colcon.colcon_core.verb:Building package 'pose_graph_merge_editor_panel' with the following arguments: {'ament_cmake_args': None, 'build_base': '/root/dddmr_navigation/build/pose_graph_merge_editor_panel', 'catkin_cmake_args': None, 'catkin_skip_building_tests': False, 'cmake_args': None, 'cmake_clean_cache': False, 'cmake_clean_first': False, 'cmake_force_configure': False, 'cmake_target': None, 'cmake_target_skip_unavailable': False, 'install_base': '/root/dddmr_navigation/install/pose_graph_merge_editor_panel', 'merge_install': False, 'path': '/root/dddmr_navigation/src/dddmr_rviz_tools/pose_graph_merge_editor_panel', 'symlink_install': True, 'test_result_base': None}
[0.319s] Level 5:colcon.colcon_core.verb:set package 'global_planner' build argument 'cmake_args' from command line to 'None'
[0.319s] Level 5:colcon.colcon_core.verb:set package 'global_planner' build argument 'cmake_target' from command line to 'None'
[0.319s] Level 5:colcon.colcon_core.verb:set package 'global_planner' build argument 'cmake_target_skip_unavailable' from command line to 'False'
[0.319s] Level 5:colcon.colcon_core.verb:set package 'global_planner' build argument 'cmake_clean_cache' from command line to 'False'
[0.319s] Level 5:colcon.colcon_core.verb:set package 'global_planner' build argument 'cmake_clean_first' from command line to 'False'
[0.319s] Level 5:colcon.colcon_core.verb:set package 'global_planner' build argument 'cmake_force_configure' from command line to 'False'
[0.319s] Level 5:colcon.colcon_core.verb:set package 'global_planner' build argument 'ament_cmake_args' from command line to 'None'
[0.319s] Level 5:colcon.colcon_core.verb:set package 'global_planner' build argument 'catkin_cmake_args' from command line to 'None'
[0.319s] Level 5:colcon.colcon_core.verb:set package 'global_planner' build argument 'catkin_skip_building_tests' from command line to 'False'
[0.319s] DEBUG:colcon.colcon_core.verb:Building package 'global_planner' with the following arguments: {'ament_cmake_args': None, 'build_base': '/root/dddmr_navigation/build/global_planner', 'catkin_cmake_args': None, 'catkin_skip_building_tests': False, 'cmake_args': None, 'cmake_clean_cache': False, 'cmake_clean_first': False, 'cmake_force_configure': False, 'cmake_target': None, 'cmake_target_skip_unavailable': False, 'install_base': '/root/dddmr_navigation/install/global_planner', 'merge_install': False, 'path': '/root/dddmr_navigation/src/dddmr_global_planner', 'symlink_install': True, 'test_result_base': None}
[0.319s] Level 5:colcon.colcon_core.verb:set package 'lego_loam_bor' build argument 'cmake_args' from command line to 'None'
[0.319s] Level 5:colcon.colcon_core.verb:set package 'lego_loam_bor' build argument 'cmake_target' from command line to 'None'
[0.319s] Level 5:colcon.colcon_core.verb:set package 'lego_loam_bor' build argument 'cmake_target_skip_unavailable' from command line to 'False'
[0.319s] Level 5:colcon.colcon_core.verb:set package 'lego_loam_bor' build argument 'cmake_clean_cache' from command line to 'False'
[0.319s] Level 5:colcon.colcon_core.verb:set package 'lego_loam_bor' build argument 'cmake_clean_first' from command line to 'False'
[0.319s] Level 5:colcon.colcon_core.verb:set package 'lego_loam_bor' build argument 'cmake_force_configure' from command line to 'False'
[0.319s] Level 5:colcon.colcon_core.verb:set package 'lego_loam_bor' build argument 'ament_cmake_args' from command line to 'None'
[0.319s] Level 5:colcon.colcon_core.verb:set package 'lego_loam_bor' build argument 'catkin_cmake_args' from command line to 'None'
[0.319s] Level 5:colcon.colcon_core.verb:set package 'lego_loam_bor' build argument 'catkin_skip_building_tests' from command line to 'False'
[0.319s] DEBUG:colcon.colcon_core.verb:Building package 'lego_loam_bor' with the following arguments: {'ament_cmake_args': None, 'build_base': '/root/dddmr_navigation/build/lego_loam_bor', 'catkin_cmake_args': None, 'catkin_skip_building_tests': False, 'cmake_args': None, 'cmake_clean_cache': False, 'cmake_clean_first': False, 'cmake_force_configure': False, 'cmake_target': None, 'cmake_target_skip_unavailable': False, 'install_base': '/root/dddmr_navigation/install/lego_loam_bor', 'merge_install': False, 'path': '/root/dddmr_navigation/src/dddmr_lego_loam/lego_loam_bor', 'symlink_install': True, 'test_result_base': None}
[0.319s] Level 5:colcon.colcon_core.verb:set package 'mcl_3dl' build argument 'cmake_args' from command line to 'None'
[0.319s] Level 5:colcon.colcon_core.verb:set package 'mcl_3dl' build argument 'cmake_target' from command line to 'None'
[0.319s] Level 5:colcon.colcon_core.verb:set package 'mcl_3dl' build argument 'cmake_target_skip_unavailable' from command line to 'False'
[0.319s] Level 5:colcon.colcon_core.verb:set package 'mcl_3dl' build argument 'cmake_clean_cache' from command line to 'False'
[0.319s] Level 5:colcon.colcon_core.verb:set package 'mcl_3dl' build argument 'cmake_clean_first' from command line to 'False'
[0.319s] Level 5:colcon.colcon_core.verb:set package 'mcl_3dl' build argument 'cmake_force_configure' from command line to 'False'
[0.319s] Level 5:colcon.colcon_core.verb:set package 'mcl_3dl' build argument 'ament_cmake_args' from command line to 'None'
[0.319s] Level 5:colcon.colcon_core.verb:set package 'mcl_3dl' build argument 'catkin_cmake_args' from command line to 'None'
[0.319s] Level 5:colcon.colcon_core.verb:set package 'mcl_3dl' build argument 'catkin_skip_building_tests' from command line to 'False'
[0.319s] DEBUG:colcon.colcon_core.verb:Building package 'mcl_3dl' with the following arguments: {'ament_cmake_args': None, 'build_base': '/root/dddmr_navigation/build/mcl_3dl', 'catkin_cmake_args': None, 'catkin_skip_building_tests': False, 'cmake_args': None, 'cmake_clean_cache': False, 'cmake_clean_first': False, 'cmake_force_configure': False, 'cmake_target': None, 'cmake_target_skip_unavailable': False, 'install_base': '/root/dddmr_navigation/install/mcl_3dl', 'merge_install': False, 'path': '/root/dddmr_navigation/src/dddmr_mcl_3dl', 'symlink_install': True, 'test_result_base': None}
[0.319s] Level 5:colcon.colcon_core.verb:set package 'mpc_critics' build argument 'cmake_args' from command line to 'None'
[0.319s] Level 5:colcon.colcon_core.verb:set package 'mpc_critics' build argument 'cmake_target' from command line to 'None'
[0.319s] Level 5:colcon.colcon_core.verb:set package 'mpc_critics' build argument 'cmake_target_skip_unavailable' from command line to 'False'
[0.319s] Level 5:colcon.colcon_core.verb:set package 'mpc_critics' build argument 'cmake_clean_cache' from command line to 'False'
[0.319s] Level 5:colcon.colcon_core.verb:set package 'mpc_critics' build argument 'cmake_clean_first' from command line to 'False'
[0.319s] Level 5:colcon.colcon_core.verb:set package 'mpc_critics' build argument 'cmake_force_configure' from command line to 'False'
[0.320s] Level 5:colcon.colcon_core.verb:set package 'mpc_critics' build argument 'ament_cmake_args' from command line to 'None'
[0.320s] Level 5:colcon.colcon_core.verb:set package 'mpc_critics' build argument 'catkin_cmake_args' from command line to 'None'
[0.320s] Level 5:colcon.colcon_core.verb:set package 'mpc_critics' build argument 'catkin_skip_building_tests' from command line to 'False'
[0.320s] DEBUG:colcon.colcon_core.verb:Building package 'mpc_critics' with the following arguments: {'ament_cmake_args': None, 'build_base': '/root/dddmr_navigation/build/mpc_critics', 'catkin_cmake_args': None, 'catkin_skip_building_tests': False, 'cmake_args': None, 'cmake_clean_cache': False, 'cmake_clean_first': False, 'cmake_force_configure': False, 'cmake_target': None, 'cmake_target_skip_unavailable': False, 'install_base': '/root/dddmr_navigation/install/mpc_critics', 'merge_install': False, 'path': '/root/dddmr_navigation/src/dddmr_local_planner/mpc_critics', 'symlink_install': True, 'test_result_base': None}
[0.320s] Level 5:colcon.colcon_core.verb:set package 'trajectory_generators' build argument 'cmake_args' from command line to 'None'
[0.320s] Level 5:colcon.colcon_core.verb:set package 'trajectory_generators' build argument 'cmake_target' from command line to 'None'
[0.320s] Level 5:colcon.colcon_core.verb:set package 'trajectory_generators' build argument 'cmake_target_skip_unavailable' from command line to 'False'
[0.320s] Level 5:colcon.colcon_core.verb:set package 'trajectory_generators' build argument 'cmake_clean_cache' from command line to 'False'
[0.320s] Level 5:colcon.colcon_core.verb:set package 'trajectory_generators' build argument 'cmake_clean_first' from command line to 'False'
[0.320s] Level 5:colcon.colcon_core.verb:set package 'trajectory_generators' build argument 'cmake_force_configure' from command line to 'False'
[0.320s] Level 5:colcon.colcon_core.verb:set package 'trajectory_generators' build argument 'ament_cmake_args' from command line to 'None'
[0.320s] Level 5:colcon.colcon_core.verb:set package 'trajectory_generators' build argument 'catkin_cmake_args' from command line to 'None'
[0.320s] Level 5:colcon.colcon_core.verb:set package 'trajectory_generators' build argument 'catkin_skip_building_tests' from command line to 'False'
[0.320s] DEBUG:colcon.colcon_core.verb:Building package 'trajectory_generators' with the following arguments: {'ament_cmake_args': None, 'build_base': '/root/dddmr_navigation/build/trajectory_generators', 'catkin_cmake_args': None, 'catkin_skip_building_tests': False, 'cmake_args': None, 'cmake_clean_cache': False, 'cmake_clean_first': False, 'cmake_force_configure': False, 'cmake_target': None, 'cmake_target_skip_unavailable': False, 'install_base': '/root/dddmr_navigation/install/trajectory_generators', 'merge_install': False, 'path': '/root/dddmr_navigation/src/dddmr_local_planner/trajectory_generators', 'symlink_install': True, 'test_result_base': None}
[0.320s] Level 5:colcon.colcon_core.verb:set package 'local_planner' build argument 'cmake_args' from command line to 'None'
[0.320s] Level 5:colcon.colcon_core.verb:set package 'local_planner' build argument 'cmake_target' from command line to 'None'
[0.320s] Level 5:colcon.colcon_core.verb:set package 'local_planner' build argument 'cmake_target_skip_unavailable' from command line to 'False'
[0.320s] Level 5:colcon.colcon_core.verb:set package 'local_planner' build argument 'cmake_clean_cache' from command line to 'False'
[0.320s] Level 5:colcon.colcon_core.verb:set package 'local_planner' build argument 'cmake_clean_first' from command line to 'False'
[0.320s] Level 5:colcon.colcon_core.verb:set package 'local_planner' build argument 'cmake_force_configure' from command line to 'False'
[0.320s] Level 5:colcon.colcon_core.verb:set package 'local_planner' build argument 'ament_cmake_args' from command line to 'None'
[0.320s] Level 5:colcon.colcon_core.verb:set package 'local_planner' build argument 'catkin_cmake_args' from command line to 'None'
[0.320s] Level 5:colcon.colcon_core.verb:set package 'local_planner' build argument 'catkin_skip_building_tests' from command line to 'False'
[0.320s] DEBUG:colcon.colcon_core.verb:Building package 'local_planner' with the following arguments: {'ament_cmake_args': None, 'build_base': '/root/dddmr_navigation/build/local_planner', 'catkin_cmake_args': None, 'catkin_skip_building_tests': False, 'cmake_args': None, 'cmake_clean_cache': False, 'cmake_clean_first': False, 'cmake_force_configure': False, 'cmake_target': None, 'cmake_target_skip_unavailable': False, 'install_base': '/root/dddmr_navigation/install/local_planner', 'merge_install': False, 'path': '/root/dddmr_navigation/src/dddmr_local_planner/local_planner', 'symlink_install': True, 'test_result_base': None}
[0.320s] Level 5:colcon.colcon_core.verb:set package 'recovery_behaviors' build argument 'cmake_args' from command line to 'None'
[0.320s] Level 5:colcon.colcon_core.verb:set package 'recovery_behaviors' build argument 'cmake_target' from command line to 'None'
[0.320s] Level 5:colcon.colcon_core.verb:set package 'recovery_behaviors' build argument 'cmake_target_skip_unavailable' from command line to 'False'
[0.320s] Level 5:colcon.colcon_core.verb:set package 'recovery_behaviors' build argument 'cmake_clean_cache' from command line to 'False'
[0.320s] Level 5:colcon.colcon_core.verb:set package 'recovery_behaviors' build argument 'cmake_clean_first' from command line to 'False'
[0.320s] Level 5:colcon.colcon_core.verb:set package 'recovery_behaviors' build argument 'cmake_force_configure' from command line to 'False'
[0.320s] Level 5:colcon.colcon_core.verb:set package 'recovery_behaviors' build argument 'ament_cmake_args' from command line to 'None'
[0.320s] Level 5:colcon.colcon_core.verb:set package 'recovery_behaviors' build argument 'catkin_cmake_args' from command line to 'None'
[0.320s] Level 5:colcon.colcon_core.verb:set package 'recovery_behaviors' build argument 'catkin_skip_building_tests' from command line to 'False'
[0.320s] DEBUG:colcon.colcon_core.verb:Building package 'recovery_behaviors' with the following arguments: {'ament_cmake_args': None, 'build_base': '/root/dddmr_navigation/build/recovery_behaviors', 'catkin_cmake_args': None, 'catkin_skip_building_tests': False, 'cmake_args': None, 'cmake_clean_cache': False, 'cmake_clean_first': False, 'cmake_force_configure': False, 'cmake_target': None, 'cmake_target_skip_unavailable': False, 'install_base': '/root/dddmr_navigation/install/recovery_behaviors', 'merge_install': False, 'path': '/root/dddmr_navigation/src/dddmr_local_planner/recovery_behaviors', 'symlink_install': True, 'test_result_base': None}
[0.320s] Level 5:colcon.colcon_core.verb:set package 'p2p_move_base' build argument 'cmake_args' from command line to 'None'
[0.320s] Level 5:colcon.colcon_core.verb:set package 'p2p_move_base' build argument 'cmake_target' from command line to 'None'
[0.320s] Level 5:colcon.colcon_core.verb:set package 'p2p_move_base' build argument 'cmake_target_skip_unavailable' from command line to 'False'
[0.320s] Level 5:colcon.colcon_core.verb:set package 'p2p_move_base' build argument 'cmake_clean_cache' from command line to 'False'
[0.320s] Level 5:colcon.colcon_core.verb:set package 'p2p_move_base' build argument 'cmake_clean_first' from command line to 'False'
[0.320s] Level 5:colcon.colcon_core.verb:set package 'p2p_move_base' build argument 'cmake_force_configure' from command line to 'False'
[0.320s] Level 5:colcon.colcon_core.verb:set package 'p2p_move_base' build argument 'ament_cmake_args' from command line to 'None'
[0.320s] Level 5:colcon.colcon_core.verb:set package 'p2p_move_base' build argument 'catkin_cmake_args' from command line to 'None'
[0.320s] Level 5:colcon.colcon_core.verb:set package 'p2p_move_base' build argument 'catkin_skip_building_tests' from command line to 'False'
[0.320s] DEBUG:colcon.colcon_core.verb:Building package 'p2p_move_base' with the following arguments: {'ament_cmake_args': None, 'build_base': '/root/dddmr_navigation/build/p2p_move_base', 'catkin_cmake_args': None, 'catkin_skip_building_tests': False, 'cmake_args': None, 'cmake_clean_cache': False, 'cmake_clean_first': False, 'cmake_force_configure': False, 'cmake_target': None, 'cmake_target_skip_unavailable': False, 'install_base': '/root/dddmr_navigation/install/p2p_move_base', 'merge_install': False, 'path': '/root/dddmr_navigation/src/dddmr_p2p_move_base', 'symlink_install': True, 'test_result_base': None}
[0.320s] INFO:colcon.colcon_core.executor:Executing jobs using 'parallel' executor
[0.321s] DEBUG:colcon.colcon_parallel_executor.executor.parallel:run_until_complete
[0.321s] INFO:colcon.colcon_ros.task.ament_cmake.build:Building ROS package in '/root/dddmr_navigation/src/dddmr_local_planner/base_trajectory' with build type 'ament_cmake'
[0.321s] INFO:colcon.colcon_cmake.task.cmake.build:Building CMake package in '/root/dddmr_navigation/src/dddmr_local_planner/base_trajectory'
[0.324s] INFO:colcon.colcon_core.plugin_system:Skipping extension 'colcon_core.shell.bat': Not used on non-Windows systems
[0.324s] INFO:colcon.colcon_core.shell:Skip shell extension 'powershell' for command environment: Not usable outside of PowerShell
[0.324s] DEBUG:colcon.colcon_core.shell:Skip shell extension 'dsv' for command environment
[0.326s] INFO:colcon.colcon_ros.task.ament_cmake.build:Building ROS package in '/root/dddmr_navigation/src/dddmr_sys_core' with build type 'ament_cmake'
[0.326s] INFO:colcon.colcon_cmake.task.cmake.build:Building CMake package in '/root/dddmr_navigation/src/dddmr_sys_core'
[0.326s] INFO:colcon.colcon_core.shell:Skip shell extension 'powershell' for command environment: Not usable outside of PowerShell
[0.326s] DEBUG:colcon.colcon_core.shell:Skip shell extension 'dsv' for command environment
[0.328s] INFO:colcon.colcon_ros.task.ament_cmake.build:Building ROS package in '/root/dddmr_navigation/src/dddmr_perception_3d' with build type 'ament_cmake'
[0.328s] INFO:colcon.colcon_cmake.task.cmake.build:Building CMake package in '/root/dddmr_navigation/src/dddmr_perception_3d'
[0.328s] INFO:colcon.colcon_core.shell:Skip shell extension 'powershell' for command environment: Not usable outside of PowerShell
[0.328s] DEBUG:colcon.colcon_core.shell:Skip shell extension 'dsv' for command environment
[0.331s] INFO:colcon.colcon_ros.task.ament_cmake.build:Building ROS package in '/root/dddmr_navigation/src/dddmr_lego_loam/cloud_msgs' with build type 'ament_cmake'
[0.331s] INFO:colcon.colcon_cmake.task.cmake.build:Building CMake package in '/root/dddmr_navigation/src/dddmr_lego_loam/cloud_msgs'
[0.331s] INFO:colcon.colcon_core.shell:Skip shell extension 'powershell' for command environment: Not usable outside of PowerShell
[0.331s] DEBUG:colcon.colcon_core.shell:Skip shell extension 'dsv' for command environment
[0.334s] INFO:colcon.colcon_ros.task.ament_cmake.build:Building ROS package in '/root/dddmr_navigation/src/dddmr_trt' with build type 'ament_cmake'
[0.334s] INFO:colcon.colcon_cmake.task.cmake.build:Building CMake package in '/root/dddmr_navigation/src/dddmr_trt'
[0.334s] INFO:colcon.colcon_core.shell:Skip shell extension 'powershell' for command environment: Not usable outside of PowerShell
[0.334s] DEBUG:colcon.colcon_core.shell:Skip shell extension 'dsv' for command environment
[0.336s] INFO:colcon.colcon_ros.task.ament_cmake.build:Building ROS package in '/root/dddmr_navigation/src/dddmr_beginner_guide' with build type 'ament_cmake'
[0.336s] INFO:colcon.colcon_cmake.task.cmake.build:Building CMake package in '/root/dddmr_navigation/src/dddmr_beginner_guide'
[0.336s] INFO:colcon.colcon_core.shell:Skip shell extension 'powershell' for command environment: Not usable outside of PowerShell
[0.336s] DEBUG:colcon.colcon_core.shell:Skip shell extension 'dsv' for command environment
[0.338s] INFO:colcon.colcon_ros.task.ament_cmake.build:Building ROS package in '/root/dddmr_navigation/src/dddmr_fastlio_adapter' with build type 'ament_cmake'
[0.338s] INFO:colcon.colcon_cmake.task.cmake.build:Building CMake package in '/root/dddmr_navigation/src/dddmr_fastlio_adapter'
[0.338s] INFO:colcon.colcon_core.shell:Skip shell extension 'powershell' for command environment: Not usable outside of PowerShell
[0.338s] DEBUG:colcon.colcon_core.shell:Skip shell extension 'dsv' for command environment
[0.340s] INFO:colcon.colcon_ros.task.ament_cmake.build:Building ROS package in '/root/dddmr_navigation/src/dddmr_odom_3d' with build type 'ament_cmake'
[0.340s] INFO:colcon.colcon_cmake.task.cmake.build:Building CMake package in '/root/dddmr_navigation/src/dddmr_odom_3d'
[0.340s] INFO:colcon.colcon_core.shell:Skip shell extension 'powershell' for command environment: Not usable outside of PowerShell
[0.340s] DEBUG:colcon.colcon_core.shell:Skip shell extension 'dsv' for command environment
[0.342s] INFO:colcon.colcon_ros.task.ament_cmake.build:Building ROS package in '/root/dddmr_navigation/src/dddmr_rviz_tools/dddmr_rviz_default_plugins' with build type 'ament_cmake'
[0.342s] INFO:colcon.colcon_cmake.task.cmake.build:Building CMake package in '/root/dddmr_navigation/src/dddmr_rviz_tools/dddmr_rviz_default_plugins'
[0.342s] INFO:colcon.colcon_core.shell:Skip shell extension 'powershell' for command environment: Not usable outside of PowerShell
[0.342s] DEBUG:colcon.colcon_core.shell:Skip shell extension 'dsv' for command environment
[0.344s] INFO:colcon.colcon_ros.task.ament_cmake.build:Building ROS package in '/root/dddmr_navigation/src/dddmr_sc_pgo' with build type 'ament_cmake'
[0.344s] INFO:colcon.colcon_cmake.task.cmake.build:Building CMake package in '/root/dddmr_navigation/src/dddmr_sc_pgo'
[0.344s] INFO:colcon.colcon_core.shell:Skip shell extension 'powershell' for command environment: Not usable outside of PowerShell
[0.344s] DEBUG:colcon.colcon_core.shell:Skip shell extension 'dsv' for command environment
[0.346s] INFO:colcon.colcon_ros.task.ament_cmake.build:Building ROS package in '/root/dddmr_navigation/src/dddmr_semantic_segmentation' with build type 'ament_cmake'
[0.346s] INFO:colcon.colcon_cmake.task.cmake.build:Building CMake package in '/root/dddmr_navigation/src/dddmr_semantic_segmentation'
[0.347s] INFO:colcon.colcon_core.shell:Skip shell extension 'powershell' for command environment: Not usable outside of PowerShell
[0.347s] DEBUG:colcon.colcon_core.shell:Skip shell extension 'dsv' for command environment
[0.349s] INFO:colcon.colcon_ros.task.ament_cmake.build:Building ROS package in '/root/dddmr_navigation/src/FAST_LIO' with build type 'ament_cmake'
[0.349s] INFO:colcon.colcon_cmake.task.cmake.build:Building CMake package in '/root/dddmr_navigation/src/FAST_LIO'
[0.349s] INFO:colcon.colcon_core.shell:Skip shell extension 'powershell' for command environment: Not usable outside of PowerShell
[0.349s] DEBUG:colcon.colcon_core.shell:Skip shell extension 'dsv' for command environment
[0.351s] INFO:colcon.colcon_ros.task.ament_cmake.build:Building ROS package in '/root/dddmr_navigation/src/dddmr_rviz_tools/map_editor_panel' with build type 'ament_cmake'
[0.351s] INFO:colcon.colcon_cmake.task.cmake.build:Building CMake package in '/root/dddmr_navigation/src/dddmr_rviz_tools/map_editor_panel'
[0.351s] INFO:colcon.colcon_core.shell:Skip shell extension 'powershell' for command environment: Not usable outside of PowerShell
[0.351s] DEBUG:colcon.colcon_core.shell:Skip shell extension 'dsv' for command environment
[0.353s] INFO:colcon.colcon_ros.task.ament_cmake.build:Building ROS package in '/root/dddmr_navigation/src/dddmr_rviz_tools/mapping_panel' with build type 'ament_cmake'
[0.353s] INFO:colcon.colcon_cmake.task.cmake.build:Building CMake package in '/root/dddmr_navigation/src/dddmr_rviz_tools/mapping_panel'
[0.353s] INFO:colcon.colcon_core.shell:Skip shell extension 'powershell' for command environment: Not usable outside of PowerShell
[0.353s] DEBUG:colcon.colcon_core.shell:Skip shell extension 'dsv' for command environment
[0.355s] INFO:colcon.colcon_ros.task.ament_cmake.build:Building ROS package in '/root/dddmr_navigation/src/dddmr_rviz_tools/pose_graph_editor_panel' with build type 'ament_cmake'
[0.355s] INFO:colcon.colcon_cmake.task.cmake.build:Building CMake package in '/root/dddmr_navigation/src/dddmr_rviz_tools/pose_graph_editor_panel'
[0.355s] INFO:colcon.colcon_core.shell:Skip shell extension 'powershell' for command environment: Not usable outside of PowerShell
[0.356s] DEBUG:colcon.colcon_core.shell:Skip shell extension 'dsv' for command environment
[0.358s] INFO:colcon.colcon_ros.task.ament_cmake.build:Building ROS package in '/root/dddmr_navigation/src/dddmr_rviz_tools/pose_graph_merge_editor_panel' with build type 'ament_cmake'
[0.358s] INFO:colcon.colcon_cmake.task.cmake.build:Building CMake package in '/root/dddmr_navigation/src/dddmr_rviz_tools/pose_graph_merge_editor_panel'
[0.358s] INFO:colcon.colcon_core.shell:Skip shell extension 'powershell' for command environment: Not usable outside of PowerShell
[0.358s] DEBUG:colcon.colcon_core.shell:Skip shell extension 'dsv' for command environment
[0.364s] DEBUG:colcon.colcon_core.event_handler.log_command:Invoking command in '/root/dddmr_navigation/build/base_trajectory': CMAKE_PREFIX_PATH=${CMAKE_PREFIX_PATH}:/opt/ros/humble /usr/bin/cmake --build /root/dddmr_navigation/build/base_trajectory -- -j28 -l28
[0.366s] DEBUG:colcon.colcon_core.event_handler.log_command:Invoking command in '/root/dddmr_navigation/build/dddmr_sys_core': CMAKE_PREFIX_PATH=${CMAKE_PREFIX_PATH}:/opt/ros/humble /usr/bin/cmake --build /root/dddmr_navigation/build/dddmr_sys_core -- -j28 -l28
[0.368s] DEBUG:colcon.colcon_core.event_handler.log_command:Invoking command in '/root/dddmr_navigation/build/perception_3d': CMAKE_PREFIX_PATH=${CMAKE_PREFIX_PATH}:/opt/ros/humble /usr/bin/cmake --build /root/dddmr_navigation/build/perception_3d -- -j28 -l28
[0.370s] DEBUG:colcon.colcon_core.event_handler.log_command:Invoking command in '/root/dddmr_navigation/build/cloud_msgs': CMAKE_PREFIX_PATH=${CMAKE_PREFIX_PATH}:/opt/ros/humble /usr/bin/cmake --build /root/dddmr_navigation/build/cloud_msgs -- -j28 -l28
[0.371s] DEBUG:colcon.colcon_core.event_handler.log_command:Invoking command in '/root/dddmr_navigation/build/dddmr_trt': CMAKE_PREFIX_PATH=${CMAKE_PREFIX_PATH}:/opt/ros/humble /usr/bin/cmake --build /root/dddmr_navigation/build/dddmr_trt -- -j28 -l28
[0.373s] DEBUG:colcon.colcon_core.event_handler.log_command:Invoking command in '/root/dddmr_navigation/build/dddmr_beginner_guide': CMAKE_PREFIX_PATH=${CMAKE_PREFIX_PATH}:/opt/ros/humble /usr/bin/cmake --build /root/dddmr_navigation/build/dddmr_beginner_guide -- -j28 -l28
[0.375s] DEBUG:colcon.colcon_core.event_handler.log_command:Invoking command in '/root/dddmr_navigation/build/dddmr_fastlio_adapter': CMAKE_PREFIX_PATH=${CMAKE_PREFIX_PATH}:/opt/ros/humble /usr/bin/cmake --build /root/dddmr_navigation/build/dddmr_fastlio_adapter -- -j28 -l28
[0.376s] DEBUG:colcon.colcon_core.event_handler.log_command:Invoking command in '/root/dddmr_navigation/build/dddmr_odom_3d': CMAKE_PREFIX_PATH=${CMAKE_PREFIX_PATH}:/opt/ros/humble /usr/bin/cmake --build /root/dddmr_navigation/build/dddmr_odom_3d -- -j28 -l28
[0.378s] DEBUG:colcon.colcon_core.event_handler.log_command:Invoking command in '/root/dddmr_navigation/build/dddmr_rviz_default_plugins': CMAKE_PREFIX_PATH=${CMAKE_PREFIX_PATH}:/opt/ros/humble /usr/bin/cmake --build /root/dddmr_navigation/build/dddmr_rviz_default_plugins -- -j28 -l28
[0.380s] DEBUG:colcon.colcon_core.event_handler.log_command:Invoking command in '/root/dddmr_navigation/build/dddmr_sc_pgo': CMAKE_PREFIX_PATH=${CMAKE_PREFIX_PATH}:/opt/ros/humble /usr/bin/cmake --build /root/dddmr_navigation/build/dddmr_sc_pgo -- -j28 -l28
[0.381s] DEBUG:colcon.colcon_core.event_handler.log_command:Invoking command in '/root/dddmr_navigation/build/dddmr_semantic_segmentation': CMAKE_PREFIX_PATH=${CMAKE_PREFIX_PATH}:/opt/ros/humble /usr/bin/cmake --build /root/dddmr_navigation/build/dddmr_semantic_segmentation -- -j28 -l28
[0.384s] DEBUG:colcon.colcon_core.event_handler.log_command:Invoking command in '/root/dddmr_navigation/build/fast_lio': CMAKE_PREFIX_PATH=${CMAKE_PREFIX_PATH}:/opt/ros/humble /usr/bin/cmake --build /root/dddmr_navigation/build/fast_lio -- -j28 -l28
[0.386s] DEBUG:colcon.colcon_core.event_handler.log_command:Invoking command in '/root/dddmr_navigation/build/map_editor_panel': CMAKE_PREFIX_PATH=${CMAKE_PREFIX_PATH}:/opt/ros/humble /usr/bin/cmake --build /root/dddmr_navigation/build/map_editor_panel -- -j28 -l28
[0.389s] DEBUG:colcon.colcon_core.event_handler.log_command:Invoking command in '/root/dddmr_navigation/build/mapping_panel': CMAKE_PREFIX_PATH=${CMAKE_PREFIX_PATH}:/opt/ros/humble /usr/bin/cmake --build /root/dddmr_navigation/build/mapping_panel -- -j28 -l28
[0.392s] DEBUG:colcon.colcon_core.event_handler.log_command:Invoking command in '/root/dddmr_navigation/build/pose_graph_editor_panel': CMAKE_PREFIX_PATH=${CMAKE_PREFIX_PATH}:/opt/ros/humble /usr/bin/cmake --build /root/dddmr_navigation/build/pose_graph_editor_panel -- -j28 -l28
[0.398s] DEBUG:colcon.colcon_core.event_handler.log_command:Invoking command in '/root/dddmr_navigation/build/pose_graph_merge_editor_panel': CMAKE_PREFIX_PATH=${CMAKE_PREFIX_PATH}:/opt/ros/humble /usr/bin/cmake --build /root/dddmr_navigation/build/pose_graph_merge_editor_panel -- -j28 -l28
[0.407s] DEBUG:colcon.colcon_core.event_handler.log_command:Invoked command in '/root/dddmr_navigation/build/dddmr_trt' returned '0': CMAKE_PREFIX_PATH=${CMAKE_PREFIX_PATH}:/opt/ros/humble /usr/bin/cmake --build /root/dddmr_navigation/build/dddmr_trt -- -j28 -l28
[0.416s] DEBUG:colcon.colcon_core.event_handler.log_command:Invoking command in '/root/dddmr_navigation/build/dddmr_trt': CMAKE_PREFIX_PATH=${CMAKE_PREFIX_PATH}:/opt/ros/humble /usr/bin/cmake --install /root/dddmr_navigation/build/dddmr_trt
[0.417s] DEBUG:colcon.colcon_core.event_handler.log_command:Invoked command in '/root/dddmr_navigation/build/dddmr_beginner_guide' returned '0': CMAKE_PREFIX_PATH=${CMAKE_PREFIX_PATH}:/opt/ros/humble /usr/bin/cmake --build /root/dddmr_navigation/build/dddmr_beginner_guide -- -j28 -l28
[0.418s] DEBUG:colcon.colcon_core.event_handler.log_command:Invoking command in '/root/dddmr_navigation/build/dddmr_beginner_guide': CMAKE_PREFIX_PATH=${CMAKE_PREFIX_PATH}:/opt/ros/humble /usr/bin/cmake --install /root/dddmr_navigation/build/dddmr_beginner_guide
[0.442s] Level 1:colcon.colcon_core.environment:create_environment_scripts_only(dddmr_trt)
[0.443s] DEBUG:colcon.colcon_core.event_handler.log_command:Invoked command in '/root/dddmr_navigation/build/dddmr_trt' returned '0': CMAKE_PREFIX_PATH=${CMAKE_PREFIX_PATH}:/opt/ros/humble /usr/bin/cmake --install /root/dddmr_navigation/build/dddmr_trt
[0.456s] Level 1:colcon.colcon_core.environment:checking '/root/dddmr_navigation/install/dddmr_trt' for CMake module files
[0.457s] Level 1:colcon.colcon_core.environment:checking '/root/dddmr_navigation/install/dddmr_trt' for CMake config files
[0.458s] Level 1:colcon.colcon_core.shell:create_environment_hook('dddmr_trt', 'cmake_prefix_path')
[0.458s] INFO:colcon.colcon_core.shell:Creating environment hook '/root/dddmr_navigation/install/dddmr_trt/share/dddmr_trt/hook/cmake_prefix_path.ps1'
[0.459s] INFO:colcon.colcon_core.shell:Creating environment descriptor '/root/dddmr_navigation/install/dddmr_trt/share/dddmr_trt/hook/cmake_prefix_path.dsv'
[0.459s] INFO:colcon.colcon_core.shell:Creating environment hook '/root/dddmr_navigation/install/dddmr_trt/share/dddmr_trt/hook/cmake_prefix_path.sh'
[0.460s] Level 1:colcon.colcon_core.environment:checking '/root/dddmr_navigation/install/dddmr_trt/bin'
[0.460s] Level 1:colcon.colcon_core.environment:checking '/root/dddmr_navigation/install/dddmr_trt/lib/pkgconfig/dddmr_trt.pc'
[0.461s] Level 1:colcon.colcon_core.environment:checking '/root/dddmr_navigation/install/dddmr_trt/lib/python3.10/site-packages'
[0.461s] Level 1:colcon.colcon_core.environment:checking '/root/dddmr_navigation/install/dddmr_trt/bin'
[0.461s] INFO:colcon.colcon_core.shell:Creating package script '/root/dddmr_navigation/install/dddmr_trt/share/dddmr_trt/package.ps1'
[0.462s] INFO:colcon.colcon_core.shell:Creating package descriptor '/root/dddmr_navigation/install/dddmr_trt/share/dddmr_trt/package.dsv'
[0.463s] INFO:colcon.colcon_core.shell:Creating package script '/root/dddmr_navigation/install/dddmr_trt/share/dddmr_trt/package.sh'
[0.464s] INFO:colcon.colcon_core.shell:Creating package script '/root/dddmr_navigation/install/dddmr_trt/share/dddmr_trt/package.bash'
[0.469s] INFO:colcon.colcon_core.shell:Creating package script '/root/dddmr_navigation/install/dddmr_trt/share/dddmr_trt/package.zsh'
[0.470s] Level 1:colcon.colcon_core.environment:create_file_with_runtime_dependencies(/root/dddmr_navigation/install/dddmr_trt/share/colcon-core/packages/dddmr_trt)
[0.471s] Level 1:colcon.colcon_core.environment:create_environment_scripts_only(dddmr_trt)
[0.471s] Level 1:colcon.colcon_core.environment:checking '/root/dddmr_navigation/install/dddmr_trt' for CMake module files
[0.471s] Level 1:colcon.colcon_core.environment:checking '/root/dddmr_navigation/install/dddmr_trt' for CMake config files
[0.472s] Level 1:colcon.colcon_core.shell:create_environment_hook('dddmr_trt', 'cmake_prefix_path')
[0.472s] INFO:colcon.colcon_core.shell:Creating environment hook '/root/dddmr_navigation/install/dddmr_trt/share/dddmr_trt/hook/cmake_prefix_path.ps1'
[0.473s] INFO:colcon.colcon_core.shell:Creating environment descriptor '/root/dddmr_navigation/install/dddmr_trt/share/dddmr_trt/hook/cmake_prefix_path.dsv'
[0.474s] INFO:colcon.colcon_core.shell:Creating environment hook '/root/dddmr_navigation/install/dddmr_trt/share/dddmr_trt/hook/cmake_prefix_path.sh'
[0.474s] Level 1:colcon.colcon_core.environment:checking '/root/dddmr_navigation/install/dddmr_trt/bin'
[0.474s] Level 1:colcon.colcon_core.environment:checking '/root/dddmr_navigation/install/dddmr_trt/lib/pkgconfig/dddmr_trt.pc'
[0.474s] Level 1:colcon.colcon_core.environment:checking '/root/dddmr_navigation/install/dddmr_trt/lib/python3.10/site-packages'
[0.475s] Level 1:colcon.colcon_core.environment:checking '/root/dddmr_navigation/install/dddmr_trt/bin'
[0.475s] INFO:colcon.colcon_core.shell:Creating package script '/root/dddmr_navigation/install/dddmr_trt/share/dddmr_trt/package.ps1'
[0.476s] INFO:colcon.colcon_core.shell:Creating package descriptor '/root/dddmr_navigation/install/dddmr_trt/share/dddmr_trt/package.dsv'
[0.476s] INFO:colcon.colcon_core.shell:Creating package script '/root/dddmr_navigation/install/dddmr_trt/share/dddmr_trt/package.sh'
[0.476s] INFO:colcon.colcon_core.shell:Creating package script '/root/dddmr_navigation/install/dddmr_trt/share/dddmr_trt/package.bash'
[0.477s] INFO:colcon.colcon_core.shell:Creating package script '/root/dddmr_navigation/install/dddmr_trt/share/dddmr_trt/package.zsh'
[0.477s] Level 1:colcon.colcon_core.environment:create_file_with_runtime_dependencies(/root/dddmr_navigation/install/dddmr_trt/share/colcon-core/packages/dddmr_trt)
[0.479s] Level 1:colcon.colcon_core.environment:create_environment_scripts_only(dddmr_beginner_guide)
[0.479s] Level 1:colcon.colcon_core.environment:checking '/root/dddmr_navigation/install/dddmr_beginner_guide' for CMake module files
[0.480s] DEBUG:colcon.colcon_core.event_handler.log_command:Invoked command in '/root/dddmr_navigation/build/dddmr_beginner_guide' returned '0': CMAKE_PREFIX_PATH=${CMAKE_PREFIX_PATH}:/opt/ros/humble /usr/bin/cmake --install /root/dddmr_navigation/build/dddmr_beginner_guide
[0.481s] Level 1:colcon.colcon_core.environment:checking '/root/dddmr_navigation/install/dddmr_beginner_guide' for CMake config files
[0.481s] Level 1:colcon.colcon_core.shell:create_environment_hook('dddmr_beginner_guide', 'cmake_prefix_path')
[0.482s] INFO:colcon.colcon_core.shell:Creating environment hook '/root/dddmr_navigation/install/dddmr_beginner_guide/share/dddmr_beginner_guide/hook/cmake_prefix_path.ps1'
[0.482s] INFO:colcon.colcon_core.shell:Creating environment descriptor '/root/dddmr_navigation/install/dddmr_beginner_guide/share/dddmr_beginner_guide/hook/cmake_prefix_path.dsv'
[0.482s] INFO:colcon.colcon_core.shell:Creating environment hook '/root/dddmr_navigation/install/dddmr_beginner_guide/share/dddmr_beginner_guide/hook/cmake_prefix_path.sh'
[0.483s] Level 1:colcon.colcon_core.environment:checking '/root/dddmr_navigation/install/dddmr_beginner_guide/bin'
[0.483s] Level 1:colcon.colcon_core.environment:checking '/root/dddmr_navigation/install/dddmr_beginner_guide/lib/pkgconfig/dddmr_beginner_guide.pc'
[0.483s] Level 1:colcon.colcon_core.environment:checking '/root/dddmr_navigation/install/dddmr_beginner_guide/lib/python3.10/site-packages'
[0.484s] Level 1:colcon.colcon_core.environment:checking '/root/dddmr_navigation/install/dddmr_beginner_guide/bin'
[0.484s] INFO:colcon.colcon_core.shell:Creating package script '/root/dddmr_navigation/install/dddmr_beginner_guide/share/dddmr_beginner_guide/package.ps1'
[0.485s] INFO:colcon.colcon_core.shell:Creating package descriptor '/root/dddmr_navigation/install/dddmr_beginner_guide/share/dddmr_beginner_guide/package.dsv'
[0.485s] INFO:colcon.colcon_core.shell:Creating package script '/root/dddmr_navigation/install/dddmr_beginner_guide/share/dddmr_beginner_guide/package.sh'
[0.486s] INFO:colcon.colcon_core.shell:Creating package script '/root/dddmr_navigation/install/dddmr_beginner_guide/share/dddmr_beginner_guide/package.bash'
[0.486s] INFO:colcon.colcon_core.shell:Creating package script '/root/dddmr_navigation/install/dddmr_beginner_guide/share/dddmr_beginner_guide/package.zsh'
[0.486s] Level 1:colcon.colcon_core.environment:create_file_with_runtime_dependencies(/root/dddmr_navigation/install/dddmr_beginner_guide/share/colcon-core/packages/dddmr_beginner_guide)
[0.487s] Level 1:colcon.colcon_core.environment:create_environment_scripts_only(dddmr_beginner_guide)
[0.487s] Level 1:colcon.colcon_core.environment:checking '/root/dddmr_navigation/install/dddmr_beginner_guide' for CMake module files
[0.488s] Level 1:colcon.colcon_core.environment:checking '/root/dddmr_navigation/install/dddmr_beginner_guide' for CMake config files
[0.488s] Level 1:colcon.colcon_core.shell:create_environment_hook('dddmr_beginner_guide', 'cmake_prefix_path')
[0.488s] INFO:colcon.colcon_core.shell:Creating environment hook '/root/dddmr_navigation/install/dddmr_beginner_guide/share/dddmr_beginner_guide/hook/cmake_prefix_path.ps1'
[0.489s] INFO:colcon.colcon_core.shell:Creating environment descriptor '/root/dddmr_navigation/install/dddmr_beginner_guide/share/dddmr_beginner_guide/hook/cmake_prefix_path.dsv'
[0.489s] INFO:colcon.colcon_core.shell:Creating environment hook '/root/dddmr_navigation/install/dddmr_beginner_guide/share/dddmr_beginner_guide/hook/cmake_prefix_path.sh'
[0.490s] Level 1:colcon.colcon_core.environment:checking '/root/dddmr_navigation/install/dddmr_beginner_guide/bin'
[0.490s] Level 1:colcon.colcon_core.environment:checking '/root/dddmr_navigation/install/dddmr_beginner_guide/lib/pkgconfig/dddmr_beginner_guide.pc'
[0.490s] Level 1:colcon.colcon_core.environment:checking '/root/dddmr_navigation/install/dddmr_beginner_guide/lib/python3.10/site-packages'
[0.490s] Level 1:colcon.colcon_core.environment:checking '/root/dddmr_navigation/install/dddmr_beginner_guide/bin'
[0.491s] INFO:colcon.colcon_core.shell:Creating package script '/root/dddmr_navigation/install/dddmr_beginner_guide/share/dddmr_beginner_guide/package.ps1'
[0.491s] INFO:colcon.colcon_core.shell:Creating package descriptor '/root/dddmr_navigation/install/dddmr_beginner_guide/share/dddmr_beginner_guide/package.dsv'
[0.492s] INFO:colcon.colcon_core.shell:Creating package script '/root/dddmr_navigation/install/dddmr_beginner_guide/share/dddmr_beginner_guide/package.sh'
[0.492s] INFO:colcon.colcon_core.shell:Creating package script '/root/dddmr_navigation/install/dddmr_beginner_guide/share/dddmr_beginner_guide/package.bash'
[0.493s] INFO:colcon.colcon_core.shell:Creating package script '/root/dddmr_navigation/install/dddmr_beginner_guide/share/dddmr_beginner_guide/package.zsh'
[0.493s] Level 1:colcon.colcon_core.environment:create_file_with_runtime_dependencies(/root/dddmr_navigation/install/dddmr_beginner_guide/share/colcon-core/packages/dddmr_beginner_guide)
[0.494s] DEBUG:colcon.colcon_core.event_handler.log_command:Invoked command in '/root/dddmr_navigation/build/dddmr_odom_3d' returned '0': CMAKE_PREFIX_PATH=${CMAKE_PREFIX_PATH}:/opt/ros/humble /usr/bin/cmake --build /root/dddmr_navigation/build/dddmr_odom_3d -- -j28 -l28
[0.496s] DEBUG:colcon.colcon_core.event_handler.log_command:Invoking command in '/root/dddmr_navigation/build/dddmr_odom_3d': CMAKE_PREFIX_PATH=${CMAKE_PREFIX_PATH}:/opt/ros/humble /usr/bin/cmake --install /root/dddmr_navigation/build/dddmr_odom_3d
[0.496s] DEBUG:colcon.colcon_core.event_handler.log_command:Invoked command in '/root/dddmr_navigation/build/dddmr_semantic_segmentation' returned '0': CMAKE_PREFIX_PATH=${CMAKE_PREFIX_PATH}:/opt/ros/humble /usr/bin/cmake --build /root/dddmr_navigation/build/dddmr_semantic_segmentation -- -j28 -l28
[0.498s] DEBUG:colcon.colcon_core.event_handler.log_command:Invoking command in '/root/dddmr_navigation/build/dddmr_semantic_segmentation': CMAKE_PREFIX_PATH=${CMAKE_PREFIX_PATH}:/opt/ros/humble /usr/bin/cmake --install /root/dddmr_navigation/build/dddmr_semantic_segmentation
[0.499s] DEBUG:colcon.colcon_core.event_handler.log_command:Invoked command in '/root/dddmr_navigation/build/base_trajectory' returned '0': CMAKE_PREFIX_PATH=${CMAKE_PREFIX_PATH}:/opt/ros/humble /usr/bin/cmake --build /root/dddmr_navigation/build/base_trajectory -- -j28 -l28
[0.500s] DEBUG:colcon.colcon_core.event_handler.log_command:Invoking command in '/root/dddmr_navigation/build/base_trajectory': CMAKE_PREFIX_PATH=${CMAKE_PREFIX_PATH}:/opt/ros/humble /usr/bin/cmake --install /root/dddmr_navigation/build/base_trajectory
[0.500s] DEBUG:colcon.colcon_core.event_handler.log_command:Invoked command in '/root/dddmr_navigation/build/dddmr_fastlio_adapter' returned '0': CMAKE_PREFIX_PATH=${CMAKE_PREFIX_PATH}:/opt/ros/humble /usr/bin/cmake --build /root/dddmr_navigation/build/dddmr_fastlio_adapter -- -j28 -l28
[0.502s] DEBUG:colcon.colcon_core.event_handler.log_command:Invoking command in '/root/dddmr_navigation/build/dddmr_fastlio_adapter': CMAKE_PREFIX_PATH=${CMAKE_PREFIX_PATH}:/opt/ros/humble /usr/bin/cmake --install /root/dddmr_navigation/build/dddmr_fastlio_adapter
[0.503s] DEBUG:colcon.colcon_core.event_handler.log_command:Invoked command in '/root/dddmr_navigation/build/dddmr_rviz_default_plugins' returned '0': CMAKE_PREFIX_PATH=${CMAKE_PREFIX_PATH}:/opt/ros/humble /usr/bin/cmake --build /root/dddmr_navigation/build/dddmr_rviz_default_plugins -- -j28 -l28
[0.506s] DEBUG:colcon.colcon_core.event_handler.log_command:Invoking command in '/root/dddmr_navigation/build/dddmr_rviz_default_plugins': CMAKE_PREFIX_PATH=${CMAKE_PREFIX_PATH}:/opt/ros/humble /usr/bin/cmake --install /root/dddmr_navigation/build/dddmr_rviz_default_plugins
[0.507s] DEBUG:colcon.colcon_core.event_handler.log_command:Invoked command in '/root/dddmr_navigation/build/dddmr_sc_pgo' returned '0': CMAKE_PREFIX_PATH=${CMAKE_PREFIX_PATH}:/opt/ros/humble /usr/bin/cmake --build /root/dddmr_navigation/build/dddmr_sc_pgo -- -j28 -l28
[0.510s] DEBUG:colcon.colcon_core.event_handler.log_command:Invoking command in '/root/dddmr_navigation/build/dddmr_sc_pgo': CMAKE_PREFIX_PATH=${CMAKE_PREFIX_PATH}:/opt/ros/humble /usr/bin/cmake --install /root/dddmr_navigation/build/dddmr_sc_pgo
[0.516s] DEBUG:colcon.colcon_core.event_handler.log_command:Invoked command in '/root/dddmr_navigation/build/pose_graph_editor_panel' returned '0': CMAKE_PREFIX_PATH=${CMAKE_PREFIX_PATH}:/opt/ros/humble /usr/bin/cmake --build /root/dddmr_navigation/build/pose_graph_editor_panel -- -j28 -l28
[0.518s] DEBUG:colcon.colcon_core.event_handler.log_command:Invoking command in '/root/dddmr_navigation/build/pose_graph_editor_panel': CMAKE_PREFIX_PATH=${CMAKE_PREFIX_PATH}:/opt/ros/humble /usr/bin/cmake --install /root/dddmr_navigation/build/pose_graph_editor_panel
[0.523s] Level 1:colcon.colcon_core.environment:create_environment_scripts_only(base_trajectory)
[0.523s] Level 1:colcon.colcon_core.environment:checking '/root/dddmr_navigation/install/base_trajectory' for CMake module files
[0.524s] DEBUG:colcon.colcon_core.event_handler.log_command:Invoked command in '/root/dddmr_navigation/build/mapping_panel' returned '0': CMAKE_PREFIX_PATH=${CMAKE_PREFIX_PATH}:/opt/ros/humble /usr/bin/cmake --build /root/dddmr_navigation/build/mapping_panel -- -j28 -l28
[0.525s] Level 1:colcon.colcon_core.environment:checking '/root/dddmr_navigation/install/base_trajectory' for CMake config files
[0.526s] DEBUG:colcon.colcon_core.event_handler.log_command:Invoking command in '/root/dddmr_navigation/build/mapping_panel': CMAKE_PREFIX_PATH=${CMAKE_PREFIX_PATH}:/opt/ros/humble /usr/bin/cmake --install /root/dddmr_navigation/build/mapping_panel
[0.527s] Level 1:colcon.colcon_core.shell:create_environment_hook('base_trajectory', 'cmake_prefix_path')
[0.527s] INFO:colcon.colcon_core.shell:Creating environment hook '/root/dddmr_navigation/install/base_trajectory/share/base_trajectory/hook/cmake_prefix_path.ps1'
[0.527s] INFO:colcon.colcon_core.shell:Creating environment descriptor '/root/dddmr_navigation/install/base_trajectory/share/base_trajectory/hook/cmake_prefix_path.dsv'
[0.528s] INFO:colcon.colcon_core.shell:Creating environment hook '/root/dddmr_navigation/install/base_trajectory/share/base_trajectory/hook/cmake_prefix_path.sh'
[0.528s] Level 1:colcon.colcon_core.environment:checking '/root/dddmr_navigation/install/base_trajectory/lib'
[0.529s] Level 1:colcon.colcon_core.shell:create_environment_hook('base_trajectory', 'ld_library_path_lib')
[0.529s] INFO:colcon.colcon_core.shell:Creating environment hook '/root/dddmr_navigation/install/base_trajectory/share/base_trajectory/hook/ld_library_path_lib.ps1'
[0.529s] INFO:colcon.colcon_core.shell:Creating environment descriptor '/root/dddmr_navigation/install/base_trajectory/share/base_trajectory/hook/ld_library_path_lib.dsv'
[0.530s] INFO:colcon.colcon_core.shell:Creating environment hook '/root/dddmr_navigation/install/base_trajectory/share/base_trajectory/hook/ld_library_path_lib.sh'
[0.530s] Level 1:colcon.colcon_core.environment:checking '/root/dddmr_navigation/install/base_trajectory/bin'
[0.530s] Level 1:colcon.colcon_core.environment:checking '/root/dddmr_navigation/install/base_trajectory/lib/pkgconfig/base_trajectory.pc'
[0.531s] Level 1:colcon.colcon_core.environment:checking '/root/dddmr_navigation/install/base_trajectory/lib/python3.10/site-packages'
[0.531s] Level 1:colcon.colcon_core.environment:checking '/root/dddmr_navigation/install/base_trajectory/bin'
[0.532s] INFO:colcon.colcon_core.shell:Creating package script '/root/dddmr_navigation/install/base_trajectory/share/base_trajectory/package.ps1'
[0.533s] INFO:colcon.colcon_core.shell:Creating package descriptor '/root/dddmr_navigation/install/base_trajectory/share/base_trajectory/package.dsv'
[0.534s] DEBUG:colcon.colcon_core.event_handler.log_command:Invoked command in '/root/dddmr_navigation/build/base_trajectory' returned '0': CMAKE_PREFIX_PATH=${CMAKE_PREFIX_PATH}:/opt/ros/humble /usr/bin/cmake --install /root/dddmr_navigation/build/base_trajectory
[0.534s] INFO:colcon.colcon_core.shell:Creating package script '/root/dddmr_navigation/install/base_trajectory/share/base_trajectory/package.sh'
[0.534s] INFO:colcon.colcon_core.shell:Creating package script '/root/dddmr_navigation/install/base_trajectory/share/base_trajectory/package.bash'
[0.535s] INFO:colcon.colcon_core.shell:Creating package script '/root/dddmr_navigation/install/base_trajectory/share/base_trajectory/package.zsh'
[0.536s] Level 1:colcon.colcon_core.environment:create_file_with_runtime_dependencies(/root/dddmr_navigation/install/base_trajectory/share/colcon-core/packages/base_trajectory)
[0.536s] Level 1:colcon.colcon_core.environment:create_environment_scripts_only(base_trajectory)
[0.536s] Level 1:colcon.colcon_core.environment:checking '/root/dddmr_navigation/install/base_trajectory' for CMake module files
[0.539s] Level 1:colcon.colcon_core.environment:checking '/root/dddmr_navigation/install/base_trajectory' for CMake config files
[0.539s] Level 1:colcon.colcon_core.shell:create_environment_hook('base_trajectory', 'cmake_prefix_path')
[0.539s] INFO:colcon.colcon_core.shell:Creating environment hook '/root/dddmr_navigation/install/base_trajectory/share/base_trajectory/hook/cmake_prefix_path.ps1'
[0.540s] INFO:colcon.colcon_core.shell:Creating environment descriptor '/root/dddmr_navigation/install/base_trajectory/share/base_trajectory/hook/cmake_prefix_path.dsv'
[0.541s] INFO:colcon.colcon_core.shell:Creating environment hook '/root/dddmr_navigation/install/base_trajectory/share/base_trajectory/hook/cmake_prefix_path.sh'
[0.541s] Level 1:colcon.colcon_core.environment:checking '/root/dddmr_navigation/install/base_trajectory/lib'
[0.541s] Level 1:colcon.colcon_core.shell:create_environment_hook('base_trajectory', 'ld_library_path_lib')
[0.542s] INFO:colcon.colcon_core.shell:Creating environment hook '/root/dddmr_navigation/install/base_trajectory/share/base_trajectory/hook/ld_library_path_lib.ps1'
[0.542s] INFO:colcon.colcon_core.shell:Creating environment descriptor '/root/dddmr_navigation/install/base_trajectory/share/base_trajectory/hook/ld_library_path_lib.dsv'
[0.543s] INFO:colcon.colcon_core.shell:Creating environment hook '/root/dddmr_navigation/install/base_trajectory/share/base_trajectory/hook/ld_library_path_lib.sh'
[0.543s] Level 1:colcon.colcon_core.environment:checking '/root/dddmr_navigation/install/base_trajectory/bin'
[0.543s] Level 1:colcon.colcon_core.environment:checking '/root/dddmr_navigation/install/base_trajectory/lib/pkgconfig/base_trajectory.pc'
[0.543s] Level 1:colcon.colcon_core.environment:checking '/root/dddmr_navigation/install/base_trajectory/lib/python3.10/site-packages'
[0.544s] Level 1:colcon.colcon_core.environment:checking '/root/dddmr_navigation/install/base_trajectory/bin'
[0.544s] INFO:colcon.colcon_core.shell:Creating package script '/root/dddmr_navigation/install/base_trajectory/share/base_trajectory/package.ps1'
[0.545s] INFO:colcon.colcon_core.shell:Creating package descriptor '/root/dddmr_navigation/install/base_trajectory/share/base_trajectory/package.dsv'
[0.545s] INFO:colcon.colcon_core.shell:Creating package script '/root/dddmr_navigation/install/base_trajectory/share/base_trajectory/package.sh'
[0.546s] INFO:colcon.colcon_core.shell:Creating package script '/root/dddmr_navigation/install/base_trajectory/share/base_trajectory/package.bash'
[0.546s] INFO:colcon.colcon_core.shell:Creating package script '/root/dddmr_navigation/install/base_trajectory/share/base_trajectory/package.zsh'
[0.547s] Level 1:colcon.colcon_core.environment:create_file_with_runtime_dependencies(/root/dddmr_navigation/install/base_trajectory/share/colcon-core/packages/base_trajectory)
[0.547s] Level 1:colcon.colcon_core.environment:create_environment_scripts_only(dddmr_semantic_segmentation)
[0.547s] Level 1:colcon.colcon_core.environment:checking '/root/dddmr_navigation/install/dddmr_semantic_segmentation' for CMake module files
[0.548s] DEBUG:colcon.colcon_core.event_handler.log_command:Invoked command in '/root/dddmr_navigation/build/dddmr_semantic_segmentation' returned '0': CMAKE_PREFIX_PATH=${CMAKE_PREFIX_PATH}:/opt/ros/humble /usr/bin/cmake --install /root/dddmr_navigation/build/dddmr_semantic_segmentation
[0.549s] Level 1:colcon.colcon_core.environment:checking '/root/dddmr_navigation/install/dddmr_semantic_segmentation' for CMake config files
[0.550s] Level 1:colcon.colcon_core.shell:create_environment_hook('dddmr_semantic_segmentation', 'cmake_prefix_path')
[0.550s] INFO:colcon.colcon_core.shell:Creating environment hook '/root/dddmr_navigation/install/dddmr_semantic_segmentation/share/dddmr_semantic_segmentation/hook/cmake_prefix_path.ps1'
[0.551s] INFO:colcon.colcon_core.shell:Creating environment descriptor '/root/dddmr_navigation/install/dddmr_semantic_segmentation/share/dddmr_semantic_segmentation/hook/cmake_prefix_path.dsv'
[0.551s] INFO:colcon.colcon_core.shell:Creating environment hook '/root/dddmr_navigation/install/dddmr_semantic_segmentation/share/dddmr_semantic_segmentation/hook/cmake_prefix_path.sh'
[0.552s] Level 1:colcon.colcon_core.environment:checking '/root/dddmr_navigation/install/dddmr_semantic_segmentation/lib'
[0.552s] Level 1:colcon.colcon_core.environment:checking '/root/dddmr_navigation/install/dddmr_semantic_segmentation/bin'
[0.552s] Level 1:colcon.colcon_core.environment:checking '/root/dddmr_navigation/install/dddmr_semantic_segmentation/lib/pkgconfig/dddmr_semantic_segmentation.pc'
[0.552s] Level 1:colcon.colcon_core.environment:checking '/root/dddmr_navigation/install/dddmr_semantic_segmentation/lib/python3.10/site-packages'
[0.553s] Level 1:colcon.colcon_core.environment:checking '/root/dddmr_navigation/install/dddmr_semantic_segmentation/bin'
[0.553s] INFO:colcon.colcon_core.shell:Creating package script '/root/dddmr_navigation/install/dddmr_semantic_segmentation/share/dddmr_semantic_segmentation/package.ps1'
[0.553s] INFO:colcon.colcon_core.shell:Creating package descriptor '/root/dddmr_navigation/install/dddmr_semantic_segmentation/share/dddmr_semantic_segmentation/package.dsv'
[0.554s] INFO:colcon.colcon_core.shell:Creating package script '/root/dddmr_navigation/install/dddmr_semantic_segmentation/share/dddmr_semantic_segmentation/package.sh'
[0.554s] INFO:colcon.colcon_core.shell:Creating package script '/root/dddmr_navigation/install/dddmr_semantic_segmentation/share/dddmr_semantic_segmentation/package.bash'
[0.555s] INFO:colcon.colcon_core.shell:Creating package script '/root/dddmr_navigation/install/dddmr_semantic_segmentation/share/dddmr_semantic_segmentation/package.zsh'
[0.555s] Level 1:colcon.colcon_core.environment:create_file_with_runtime_dependencies(/root/dddmr_navigation/install/dddmr_semantic_segmentation/share/colcon-core/packages/dddmr_semantic_segmentation)
[0.555s] Level 1:colcon.colcon_core.environment:create_environment_scripts_only(dddmr_semantic_segmentation)
[0.556s] Level 1:colcon.colcon_core.environment:checking '/root/dddmr_navigation/install/dddmr_semantic_segmentation' for CMake module files
[0.556s] Level 1:colcon.colcon_core.environment:checking '/root/dddmr_navigation/install/dddmr_semantic_segmentation' for CMake config files
[0.556s] Level 1:colcon.colcon_core.shell:create_environment_hook('dddmr_semantic_segmentation', 'cmake_prefix_path')
[0.556s] INFO:colcon.colcon_core.shell:Creating environment hook '/root/dddmr_navigation/install/dddmr_semantic_segmentation/share/dddmr_semantic_segmentation/hook/cmake_prefix_path.ps1'
[0.557s] INFO:colcon.colcon_core.shell:Creating environment descriptor '/root/dddmr_navigation/install/dddmr_semantic_segmentation/share/dddmr_semantic_segmentation/hook/cmake_prefix_path.dsv'
[0.557s] INFO:colcon.colcon_core.shell:Creating environment hook '/root/dddmr_navigation/install/dddmr_semantic_segmentation/share/dddmr_semantic_segmentation/hook/cmake_prefix_path.sh'
[0.557s] Level 1:colcon.colcon_core.environment:checking '/root/dddmr_navigation/install/dddmr_semantic_segmentation/lib'
[0.557s] Level 1:colcon.colcon_core.environment:checking '/root/dddmr_navigation/install/dddmr_semantic_segmentation/bin'
[0.557s] Level 1:colcon.colcon_core.environment:checking '/root/dddmr_navigation/install/dddmr_semantic_segmentation/lib/pkgconfig/dddmr_semantic_segmentation.pc'
[0.557s] Level 1:colcon.colcon_core.environment:checking '/root/dddmr_navigation/install/dddmr_semantic_segmentation/lib/python3.10/site-packages'
[0.557s] Level 1:colcon.colcon_core.environment:checking '/root/dddmr_navigation/install/dddmr_semantic_segmentation/bin'
[0.558s] INFO:colcon.colcon_core.shell:Creating package script '/root/dddmr_navigation/install/dddmr_semantic_segmentation/share/dddmr_semantic_segmentation/package.ps1'
[0.558s] INFO:colcon.colcon_core.shell:Creating package descriptor '/root/dddmr_navigation/install/dddmr_semantic_segmentation/share/dddmr_semantic_segmentation/package.dsv'
[0.558s] INFO:colcon.colcon_core.shell:Creating package script '/root/dddmr_navigation/install/dddmr_semantic_segmentation/share/dddmr_semantic_segmentation/package.sh'
[0.559s] INFO:colcon.colcon_core.shell:Creating package script '/root/dddmr_navigation/install/dddmr_semantic_segmentation/share/dddmr_semantic_segmentation/package.bash'
[0.559s] INFO:colcon.colcon_core.shell:Creating package script '/root/dddmr_navigation/install/dddmr_semantic_segmentation/share/dddmr_semantic_segmentation/package.zsh'
[0.559s] Level 1:colcon.colcon_core.environment:create_file_with_runtime_dependencies(/root/dddmr_navigation/install/dddmr_semantic_segmentation/share/colcon-core/packages/dddmr_semantic_segmentation)
[0.560s] INFO:colcon.colcon_ros.task.ament_cmake.build:Building ROS package in '/root/dddmr_navigation/src/dddmr_local_planner/mpc_critics' with build type 'ament_cmake'
[0.560s] INFO:colcon.colcon_cmake.task.cmake.build:Building CMake package in '/root/dddmr_navigation/src/dddmr_local_planner/mpc_critics'
[0.560s] INFO:colcon.colcon_core.shell:Skip shell extension 'powershell' for command environment: Not usable outside of PowerShell
[0.560s] DEBUG:colcon.colcon_core.shell:Skip shell extension 'dsv' for command environment
[0.567s] INFO:colcon.colcon_ros.task.ament_cmake.build:Building ROS package in '/root/dddmr_navigation/src/dddmr_local_planner/trajectory_generators' with build type 'ament_cmake'
[0.567s] INFO:colcon.colcon_cmake.task.cmake.build:Building CMake package in '/root/dddmr_navigation/src/dddmr_local_planner/trajectory_generators'
[0.567s] INFO:colcon.colcon_core.shell:Skip shell extension 'powershell' for command environment: Not usable outside of PowerShell
[0.567s] DEBUG:colcon.colcon_core.shell:Skip shell extension 'dsv' for command environment
[0.572s] Level 1:colcon.colcon_core.environment:create_environment_scripts_only(dddmr_odom_3d)
[0.572s] Level 1:colcon.colcon_core.environment:checking '/root/dddmr_navigation/install/dddmr_odom_3d' for CMake module files
[0.572s] DEBUG:colcon.colcon_core.event_handler.log_command:Invoked command in '/root/dddmr_navigation/build/dddmr_odom_3d' returned '0': CMAKE_PREFIX_PATH=${CMAKE_PREFIX_PATH}:/opt/ros/humble /usr/bin/cmake --install /root/dddmr_navigation/build/dddmr_odom_3d
[0.573s] Level 1:colcon.colcon_core.environment:checking '/root/dddmr_navigation/install/dddmr_odom_3d' for CMake config files
[0.573s] Level 1:colcon.colcon_core.shell:create_environment_hook('dddmr_odom_3d', 'cmake_prefix_path')
[0.574s] INFO:colcon.colcon_core.shell:Creating environment hook '/root/dddmr_navigation/install/dddmr_odom_3d/share/dddmr_odom_3d/hook/cmake_prefix_path.ps1'
[0.574s] INFO:colcon.colcon_core.shell:Creating environment descriptor '/root/dddmr_navigation/install/dddmr_odom_3d/share/dddmr_odom_3d/hook/cmake_prefix_path.dsv'
[0.574s] INFO:colcon.colcon_core.shell:Creating environment hook '/root/dddmr_navigation/install/dddmr_odom_3d/share/dddmr_odom_3d/hook/cmake_prefix_path.sh'
[0.575s] Level 1:colcon.colcon_core.environment:checking '/root/dddmr_navigation/install/dddmr_odom_3d/lib'
[0.575s] Level 1:colcon.colcon_core.environment:checking '/root/dddmr_navigation/install/dddmr_odom_3d/bin'
[0.575s] Level 1:colcon.colcon_core.environment:checking '/root/dddmr_navigation/install/dddmr_odom_3d/lib/pkgconfig/dddmr_odom_3d.pc'
[0.575s] Level 1:colcon.colcon_core.environment:checking '/root/dddmr_navigation/install/dddmr_odom_3d/lib/python3.10/site-packages'
[0.576s] Level 1:colcon.colcon_core.environment:checking '/root/dddmr_navigation/install/dddmr_odom_3d/bin'
[0.576s] INFO:colcon.colcon_core.shell:Creating package script '/root/dddmr_navigation/install/dddmr_odom_3d/share/dddmr_odom_3d/package.ps1'
[0.576s] INFO:colcon.colcon_core.shell:Creating package descriptor '/root/dddmr_navigation/install/dddmr_odom_3d/share/dddmr_odom_3d/package.dsv'
[0.577s] INFO:colcon.colcon_core.shell:Creating package script '/root/dddmr_navigation/install/dddmr_odom_3d/share/dddmr_odom_3d/package.sh'
[0.578s] INFO:colcon.colcon_core.shell:Creating package script '/root/dddmr_navigation/install/dddmr_odom_3d/share/dddmr_odom_3d/package.bash'
[0.578s] INFO:colcon.colcon_core.shell:Creating package script '/root/dddmr_navigation/install/dddmr_odom_3d/share/dddmr_odom_3d/package.zsh'
[0.578s] Level 1:colcon.colcon_core.environment:create_file_with_runtime_dependencies(/root/dddmr_navigation/install/dddmr_odom_3d/share/colcon-core/packages/dddmr_odom_3d)
[0.579s] Level 1:colcon.colcon_core.environment:create_environment_scripts_only(dddmr_odom_3d)
[0.579s] Level 1:colcon.colcon_core.environment:checking '/root/dddmr_navigation/install/dddmr_odom_3d' for CMake module files
[0.580s] Level 1:colcon.colcon_core.environment:checking '/root/dddmr_navigation/install/dddmr_odom_3d' for CMake config files
[0.580s] Level 1:colcon.colcon_core.shell:create_environment_hook('dddmr_odom_3d', 'cmake_prefix_path')
[0.580s] INFO:colcon.colcon_core.shell:Creating environment hook '/root/dddmr_navigation/install/dddmr_odom_3d/share/dddmr_odom_3d/hook/cmake_prefix_path.ps1'
[0.580s] INFO:colcon.colcon_core.shell:Creating environment descriptor '/root/dddmr_navigation/install/dddmr_odom_3d/share/dddmr_odom_3d/hook/cmake_prefix_path.dsv'
[0.581s] INFO:colcon.colcon_core.shell:Creating environment hook '/root/dddmr_navigation/install/dddmr_odom_3d/share/dddmr_odom_3d/hook/cmake_prefix_path.sh'
[0.581s] Level 1:colcon.colcon_core.environment:checking '/root/dddmr_navigation/install/dddmr_odom_3d/lib'
[0.581s] Level 1:colcon.colcon_core.environment:checking '/root/dddmr_navigation/install/dddmr_odom_3d/bin'
[0.581s] Level 1:colcon.colcon_core.environment:checking '/root/dddmr_navigation/install/dddmr_odom_3d/lib/pkgconfig/dddmr_odom_3d.pc'
[0.581s] Level 1:colcon.colcon_core.environment:checking '/root/dddmr_navigation/install/dddmr_odom_3d/lib/python3.10/site-packages'
[0.582s] Level 1:colcon.colcon_core.environment:checking '/root/dddmr_navigation/install/dddmr_odom_3d/bin'
[0.582s] INFO:colcon.colcon_core.shell:Creating package script '/root/dddmr_navigation/install/dddmr_odom_3d/share/dddmr_odom_3d/package.ps1'
[0.583s] INFO:colcon.colcon_core.shell:Creating package descriptor '/root/dddmr_navigation/install/dddmr_odom_3d/share/dddmr_odom_3d/package.dsv'
[0.583s] INFO:colcon.colcon_core.shell:Creating package script '/root/dddmr_navigation/install/dddmr_odom_3d/share/dddmr_odom_3d/package.sh'
[0.583s] INFO:colcon.colcon_core.shell:Creating package script '/root/dddmr_navigation/install/dddmr_odom_3d/share/dddmr_odom_3d/package.bash'
[0.584s] INFO:colcon.colcon_core.shell:Creating package script '/root/dddmr_navigation/install/dddmr_odom_3d/share/dddmr_odom_3d/package.zsh'
[0.584s] Level 1:colcon.colcon_core.environment:create_file_with_runtime_dependencies(/root/dddmr_navigation/install/dddmr_odom_3d/share/colcon-core/packages/dddmr_odom_3d)
[0.585s] DEBUG:colcon.colcon_core.event_handler.log_command:Invoked command in '/root/dddmr_navigation/build/pose_graph_merge_editor_panel' returned '0': CMAKE_PREFIX_PATH=${CMAKE_PREFIX_PATH}:/opt/ros/humble /usr/bin/cmake --build /root/dddmr_navigation/build/pose_graph_merge_editor_panel -- -j28 -l28
[0.586s] DEBUG:colcon.colcon_core.event_handler.log_command:Invoking command in '/root/dddmr_navigation/build/pose_graph_merge_editor_panel': CMAKE_PREFIX_PATH=${CMAKE_PREFIX_PATH}:/opt/ros/humble /usr/bin/cmake --install /root/dddmr_navigation/build/pose_graph_merge_editor_panel
[0.587s] DEBUG:colcon.colcon_core.event_handler.log_command:Invoked command in '/root/dddmr_navigation/build/map_editor_panel' returned '0': CMAKE_PREFIX_PATH=${CMAKE_PREFIX_PATH}:/opt/ros/humble /usr/bin/cmake --build /root/dddmr_navigation/build/map_editor_panel -- -j28 -l28
[0.588s] DEBUG:colcon.colcon_core.event_handler.log_command:Invoking command in '/root/dddmr_navigation/build/map_editor_panel': CMAKE_PREFIX_PATH=${CMAKE_PREFIX_PATH}:/opt/ros/humble /usr/bin/cmake --install /root/dddmr_navigation/build/map_editor_panel
[0.589s] Level 1:colcon.colcon_core.environment:create_environment_scripts_only(dddmr_rviz_default_plugins)
[0.590s] Level 1:colcon.colcon_core.environment:checking '/root/dddmr_navigation/install/dddmr_rviz_default_plugins' for CMake module files
[0.590s] DEBUG:colcon.colcon_core.event_handler.log_command:Invoked command in '/root/dddmr_navigation/build/dddmr_rviz_default_plugins' returned '0': CMAKE_PREFIX_PATH=${CMAKE_PREFIX_PATH}:/opt/ros/humble /usr/bin/cmake --install /root/dddmr_navigation/build/dddmr_rviz_default_plugins
[0.591s] Level 1:colcon.colcon_core.environment:checking '/root/dddmr_navigation/install/dddmr_rviz_default_plugins' for CMake config files
[0.591s] Level 1:colcon.colcon_core.shell:create_environment_hook('dddmr_rviz_default_plugins', 'cmake_prefix_path')
[0.591s] INFO:colcon.colcon_core.shell:Creating environment hook '/root/dddmr_navigation/install/dddmr_rviz_default_plugins/share/dddmr_rviz_default_plugins/hook/cmake_prefix_path.ps1'
[0.592s] INFO:colcon.colcon_core.shell:Creating environment descriptor '/root/dddmr_navigation/install/dddmr_rviz_default_plugins/share/dddmr_rviz_default_plugins/hook/cmake_prefix_path.dsv'
[0.592s] INFO:colcon.colcon_core.shell:Creating environment hook '/root/dddmr_navigation/install/dddmr_rviz_default_plugins/share/dddmr_rviz_default_plugins/hook/cmake_prefix_path.sh'
[0.593s] Level 1:colcon.colcon_core.environment:checking '/root/dddmr_navigation/install/dddmr_rviz_default_plugins/lib'
[0.593s] Level 1:colcon.colcon_core.shell:create_environment_hook('dddmr_rviz_default_plugins', 'ld_library_path_lib')
[0.593s] INFO:colcon.colcon_core.shell:Creating environment hook '/root/dddmr_navigation/install/dddmr_rviz_default_plugins/share/dddmr_rviz_default_plugins/hook/ld_library_path_lib.ps1'
[0.594s] INFO:colcon.colcon_core.shell:Creating environment descriptor '/root/dddmr_navigation/install/dddmr_rviz_default_plugins/share/dddmr_rviz_default_plugins/hook/ld_library_path_lib.dsv'
[0.594s] INFO:colcon.colcon_core.shell:Creating environment hook '/root/dddmr_navigation/install/dddmr_rviz_default_plugins/share/dddmr_rviz_default_plugins/hook/ld_library_path_lib.sh'
[0.595s] Level 1:colcon.colcon_core.environment:checking '/root/dddmr_navigation/install/dddmr_rviz_default_plugins/bin'
[0.595s] Level 1:colcon.colcon_core.environment:checking '/root/dddmr_navigation/install/dddmr_rviz_default_plugins/lib/pkgconfig/dddmr_rviz_default_plugins.pc'
[0.595s] Level 1:colcon.colcon_core.environment:checking '/root/dddmr_navigation/install/dddmr_rviz_default_plugins/lib/python3.10/site-packages'
[0.595s] Level 1:colcon.colcon_core.environment:checking '/root/dddmr_navigation/install/dddmr_rviz_default_plugins/bin'
[0.596s] INFO:colcon.colcon_core.shell:Creating package script '/root/dddmr_navigation/install/dddmr_rviz_default_plugins/share/dddmr_rviz_default_plugins/package.ps1'
[0.596s] INFO:colcon.colcon_core.shell:Creating package descriptor '/root/dddmr_navigation/install/dddmr_rviz_default_plugins/share/dddmr_rviz_default_plugins/package.dsv'
[0.597s] INFO:colcon.colcon_core.shell:Creating package script '/root/dddmr_navigation/install/dddmr_rviz_default_plugins/share/dddmr_rviz_default_plugins/package.sh'
[0.597s] INFO:colcon.colcon_core.shell:Creating package script '/root/dddmr_navigation/install/dddmr_rviz_default_plugins/share/dddmr_rviz_default_plugins/package.bash'
[0.598s] INFO:colcon.colcon_core.shell:Creating package script '/root/dddmr_navigation/install/dddmr_rviz_default_plugins/share/dddmr_rviz_default_plugins/package.zsh'
[0.599s] Level 1:colcon.colcon_core.environment:create_file_with_runtime_dependencies(/root/dddmr_navigation/install/dddmr_rviz_default_plugins/share/colcon-core/packages/dddmr_rviz_default_plugins)
[0.600s] Level 1:colcon.colcon_core.environment:create_environment_scripts_only(dddmr_rviz_default_plugins)
[0.600s] Level 1:colcon.colcon_core.environment:checking '/root/dddmr_navigation/install/dddmr_rviz_default_plugins' for CMake module files
[0.601s] Level 1:colcon.colcon_core.environment:checking '/root/dddmr_navigation/install/dddmr_rviz_default_plugins' for CMake config files
[0.602s] Level 1:colcon.colcon_core.shell:create_environment_hook('dddmr_rviz_default_plugins', 'cmake_prefix_path')
[0.602s] INFO:colcon.colcon_core.shell:Creating environment hook '/root/dddmr_navigation/install/dddmr_rviz_default_plugins/share/dddmr_rviz_default_plugins/hook/cmake_prefix_path.ps1'
[0.603s] INFO:colcon.colcon_core.shell:Creating environment descriptor '/root/dddmr_navigation/install/dddmr_rviz_default_plugins/share/dddmr_rviz_default_plugins/hook/cmake_prefix_path.dsv'
[0.603s] INFO:colcon.colcon_core.shell:Creating environment hook '/root/dddmr_navigation/install/dddmr_rviz_default_plugins/share/dddmr_rviz_default_plugins/hook/cmake_prefix_path.sh'
[0.604s] Level 1:colcon.colcon_core.environment:checking '/root/dddmr_navigation/install/dddmr_rviz_default_plugins/lib'
[0.604s] Level 1:colcon.colcon_core.shell:create_environment_hook('dddmr_rviz_default_plugins', 'ld_library_path_lib')
[0.604s] INFO:colcon.colcon_core.shell:Creating environment hook '/root/dddmr_navigation/install/dddmr_rviz_default_plugins/share/dddmr_rviz_default_plugins/hook/ld_library_path_lib.ps1'
[0.604s] INFO:colcon.colcon_core.shell:Creating environment descriptor '/root/dddmr_navigation/install/dddmr_rviz_default_plugins/share/dddmr_rviz_default_plugins/hook/ld_library_path_lib.dsv'
[0.605s] INFO:colcon.colcon_core.shell:Creating environment hook '/root/dddmr_navigation/install/dddmr_rviz_default_plugins/share/dddmr_rviz_default_plugins/hook/ld_library_path_lib.sh'
[0.605s] Level 1:colcon.colcon_core.environment:checking '/root/dddmr_navigation/install/dddmr_rviz_default_plugins/bin'
[0.605s] Level 1:colcon.colcon_core.environment:checking '/root/dddmr_navigation/install/dddmr_rviz_default_plugins/lib/pkgconfig/dddmr_rviz_default_plugins.pc'
[0.605s] Level 1:colcon.colcon_core.environment:checking '/root/dddmr_navigation/install/dddmr_rviz_default_plugins/lib/python3.10/site-packages'
[0.606s] Level 1:colcon.colcon_core.environment:checking '/root/dddmr_navigation/install/dddmr_rviz_default_plugins/bin'
[0.606s] INFO:colcon.colcon_core.shell:Creating package script '/root/dddmr_navigation/install/dddmr_rviz_default_plugins/share/dddmr_rviz_default_plugins/package.ps1'
[0.607s] INFO:colcon.colcon_core.shell:Creating package descriptor '/root/dddmr_navigation/install/dddmr_rviz_default_plugins/share/dddmr_rviz_default_plugins/package.dsv'
[0.607s] INFO:colcon.colcon_core.shell:Creating package script '/root/dddmr_navigation/install/dddmr_rviz_default_plugins/share/dddmr_rviz_default_plugins/package.sh'
[0.608s] INFO:colcon.colcon_core.shell:Creating package script '/root/dddmr_navigation/install/dddmr_rviz_default_plugins/share/dddmr_rviz_default_plugins/package.bash'
[0.609s] INFO:colcon.colcon_core.shell:Creating package script '/root/dddmr_navigation/install/dddmr_rviz_default_plugins/share/dddmr_rviz_default_plugins/package.zsh'
[0.610s] Level 1:colcon.colcon_core.environment:create_file_with_runtime_dependencies(/root/dddmr_navigation/install/dddmr_rviz_default_plugins/share/colcon-core/packages/dddmr_rviz_default_plugins)
[0.610s] Level 1:colcon.colcon_core.environment:create_environment_scripts_only(dddmr_sc_pgo)
[0.610s] Level 1:colcon.colcon_core.environment:checking '/root/dddmr_navigation/install/dddmr_sc_pgo' for CMake module files
[0.610s] DEBUG:colcon.colcon_core.event_handler.log_command:Invoked command in '/root/dddmr_navigation/build/dddmr_sc_pgo' returned '0': CMAKE_PREFIX_PATH=${CMAKE_PREFIX_PATH}:/opt/ros/humble /usr/bin/cmake --install /root/dddmr_navigation/build/dddmr_sc_pgo
[0.611s] Level 1:colcon.colcon_core.environment:checking '/root/dddmr_navigation/install/dddmr_sc_pgo' for CMake config files
[0.612s] Level 1:colcon.colcon_core.shell:create_environment_hook('dddmr_sc_pgo', 'cmake_prefix_path')
[0.612s] INFO:colcon.colcon_core.shell:Creating environment hook '/root/dddmr_navigation/install/dddmr_sc_pgo/share/dddmr_sc_pgo/hook/cmake_prefix_path.ps1'
[0.612s] INFO:colcon.colcon_core.shell:Creating environment descriptor '/root/dddmr_navigation/install/dddmr_sc_pgo/share/dddmr_sc_pgo/hook/cmake_prefix_path.dsv'
[0.613s] INFO:colcon.colcon_core.shell:Creating environment hook '/root/dddmr_navigation/install/dddmr_sc_pgo/share/dddmr_sc_pgo/hook/cmake_prefix_path.sh'
[0.613s] Level 1:colcon.colcon_core.environment:checking '/root/dddmr_navigation/install/dddmr_sc_pgo/lib'
[0.613s] Level 1:colcon.colcon_core.shell:create_environment_hook('dddmr_sc_pgo', 'ld_library_path_lib')
[0.613s] INFO:colcon.colcon_core.shell:Creating environment hook '/root/dddmr_navigation/install/dddmr_sc_pgo/share/dddmr_sc_pgo/hook/ld_library_path_lib.ps1'
[0.614s] INFO:colcon.colcon_core.shell:Creating environment descriptor '/root/dddmr_navigation/install/dddmr_sc_pgo/share/dddmr_sc_pgo/hook/ld_library_path_lib.dsv'
[0.614s] INFO:colcon.colcon_core.shell:Creating environment hook '/root/dddmr_navigation/install/dddmr_sc_pgo/share/dddmr_sc_pgo/hook/ld_library_path_lib.sh'
[0.614s] Level 1:colcon.colcon_core.environment:checking '/root/dddmr_navigation/install/dddmr_sc_pgo/bin'
[0.614s] Level 1:colcon.colcon_core.environment:checking '/root/dddmr_navigation/install/dddmr_sc_pgo/lib/pkgconfig/dddmr_sc_pgo.pc'
[0.615s] Level 1:colcon.colcon_core.environment:checking '/root/dddmr_navigation/install/dddmr_sc_pgo/lib/python3.10/site-packages'
[0.615s] Level 1:colcon.colcon_core.environment:checking '/root/dddmr_navigation/install/dddmr_sc_pgo/bin'
[0.615s] INFO:colcon.colcon_core.shell:Creating package script '/root/dddmr_navigation/install/dddmr_sc_pgo/share/dddmr_sc_pgo/package.ps1'
[0.616s] INFO:colcon.colcon_core.shell:Creating package descriptor '/root/dddmr_navigation/install/dddmr_sc_pgo/share/dddmr_sc_pgo/package.dsv'
[0.616s] INFO:colcon.colcon_core.shell:Creating package script '/root/dddmr_navigation/install/dddmr_sc_pgo/share/dddmr_sc_pgo/package.sh'
[0.616s] INFO:colcon.colcon_core.shell:Creating package script '/root/dddmr_navigation/install/dddmr_sc_pgo/share/dddmr_sc_pgo/package.bash'
[0.617s] INFO:colcon.colcon_core.shell:Creating package script '/root/dddmr_navigation/install/dddmr_sc_pgo/share/dddmr_sc_pgo/package.zsh'
[0.617s] Level 1:colcon.colcon_core.environment:create_file_with_runtime_dependencies(/root/dddmr_navigation/install/dddmr_sc_pgo/share/colcon-core/packages/dddmr_sc_pgo)
[0.618s] Level 1:colcon.colcon_core.environment:create_environment_scripts_only(dddmr_sc_pgo)
[0.618s] Level 1:colcon.colcon_core.environment:checking '/root/dddmr_navigation/install/dddmr_sc_pgo' for CMake module files
[0.618s] Level 1:colcon.colcon_core.environment:checking '/root/dddmr_navigation/install/dddmr_sc_pgo' for CMake config files
[0.619s] Level 1:colcon.colcon_core.shell:create_environment_hook('dddmr_sc_pgo', 'cmake_prefix_path')
[0.619s] INFO:colcon.colcon_core.shell:Creating environment hook '/root/dddmr_navigation/install/dddmr_sc_pgo/share/dddmr_sc_pgo/hook/cmake_prefix_path.ps1'
[0.619s] INFO:colcon.colcon_core.shell:Creating environment descriptor '/root/dddmr_navigation/install/dddmr_sc_pgo/share/dddmr_sc_pgo/hook/cmake_prefix_path.dsv'
[0.619s] INFO:colcon.colcon_core.shell:Creating environment hook '/root/dddmr_navigation/install/dddmr_sc_pgo/share/dddmr_sc_pgo/hook/cmake_prefix_path.sh'
[0.620s] Level 1:colcon.colcon_core.environment:checking '/root/dddmr_navigation/install/dddmr_sc_pgo/lib'
[0.620s] Level 1:colcon.colcon_core.shell:create_environment_hook('dddmr_sc_pgo', 'ld_library_path_lib')
[0.620s] INFO:colcon.colcon_core.shell:Creating environment hook '/root/dddmr_navigation/install/dddmr_sc_pgo/share/dddmr_sc_pgo/hook/ld_library_path_lib.ps1'
[0.620s] INFO:colcon.colcon_core.shell:Creating environment descriptor '/root/dddmr_navigation/install/dddmr_sc_pgo/share/dddmr_sc_pgo/hook/ld_library_path_lib.dsv'
[0.621s] INFO:colcon.colcon_core.shell:Creating environment hook '/root/dddmr_navigation/install/dddmr_sc_pgo/share/dddmr_sc_pgo/hook/ld_library_path_lib.sh'
[0.621s] Level 1:colcon.colcon_core.environment:checking '/root/dddmr_navigation/install/dddmr_sc_pgo/bin'
[0.621s] Level 1:colcon.colcon_core.environment:checking '/root/dddmr_navigation/install/dddmr_sc_pgo/lib/pkgconfig/dddmr_sc_pgo.pc'
[0.622s] Level 1:colcon.colcon_core.environment:checking '/root/dddmr_navigation/install/dddmr_sc_pgo/lib/python3.10/site-packages'
[0.622s] Level 1:colcon.colcon_core.environment:checking '/root/dddmr_navigation/install/dddmr_sc_pgo/bin'
[0.622s] INFO:colcon.colcon_core.shell:Creating package script '/root/dddmr_navigation/install/dddmr_sc_pgo/share/dddmr_sc_pgo/package.ps1'
[0.623s] INFO:colcon.colcon_core.shell:Creating package descriptor '/root/dddmr_navigation/install/dddmr_sc_pgo/share/dddmr_sc_pgo/package.dsv'
[0.623s] INFO:colcon.colcon_core.shell:Creating package script '/root/dddmr_navigation/install/dddmr_sc_pgo/share/dddmr_sc_pgo/package.sh'
[0.624s] INFO:colcon.colcon_core.shell:Creating package script '/root/dddmr_navigation/install/dddmr_sc_pgo/share/dddmr_sc_pgo/package.bash'
[0.624s] INFO:colcon.colcon_core.shell:Creating package script '/root/dddmr_navigation/install/dddmr_sc_pgo/share/dddmr_sc_pgo/package.zsh'
[0.624s] Level 1:colcon.colcon_core.environment:create_file_with_runtime_dependencies(/root/dddmr_navigation/install/dddmr_sc_pgo/share/colcon-core/packages/dddmr_sc_pgo)
[0.625s] Level 1:colcon.colcon_core.environment:create_environment_scripts_only(dddmr_fastlio_adapter)
[0.625s] Level 1:colcon.colcon_core.environment:checking '/root/dddmr_navigation/install/dddmr_fastlio_adapter' for CMake module files
[0.625s] DEBUG:colcon.colcon_core.event_handler.log_command:Invoked command in '/root/dddmr_navigation/build/dddmr_fastlio_adapter' returned '0': CMAKE_PREFIX_PATH=${CMAKE_PREFIX_PATH}:/opt/ros/humble /usr/bin/cmake --install /root/dddmr_navigation/build/dddmr_fastlio_adapter
[0.626s] Level 1:colcon.colcon_core.environment:checking '/root/dddmr_navigation/install/dddmr_fastlio_adapter' for CMake config files
[0.627s] Level 1:colcon.colcon_core.shell:create_environment_hook('dddmr_fastlio_adapter', 'cmake_prefix_path')
[0.627s] INFO:colcon.colcon_core.shell:Creating environment hook '/root/dddmr_navigation/install/dddmr_fastlio_adapter/share/dddmr_fastlio_adapter/hook/cmake_prefix_path.ps1'
[0.627s] INFO:colcon.colcon_core.shell:Creating environment descriptor '/root/dddmr_navigation/install/dddmr_fastlio_adapter/share/dddmr_fastlio_adapter/hook/cmake_prefix_path.dsv'
[0.627s] INFO:colcon.colcon_core.shell:Creating environment hook '/root/dddmr_navigation/install/dddmr_fastlio_adapter/share/dddmr_fastlio_adapter/hook/cmake_prefix_path.sh'
[0.628s] Level 1:colcon.colcon_core.environment:checking '/root/dddmr_navigation/install/dddmr_fastlio_adapter/lib'
[0.628s] Level 1:colcon.colcon_core.environment:checking '/root/dddmr_navigation/install/dddmr_fastlio_adapter/bin'
[0.628s] Level 1:colcon.colcon_core.environment:checking '/root/dddmr_navigation/install/dddmr_fastlio_adapter/lib/pkgconfig/dddmr_fastlio_adapter.pc'
[0.628s] Level 1:colcon.colcon_core.environment:checking '/root/dddmr_navigation/install/dddmr_fastlio_adapter/lib/python3.10/site-packages'
[0.629s] Level 1:colcon.colcon_core.environment:checking '/root/dddmr_navigation/install/dddmr_fastlio_adapter/bin'
[0.629s] INFO:colcon.colcon_core.shell:Creating package script '/root/dddmr_navigation/install/dddmr_fastlio_adapter/share/dddmr_fastlio_adapter/package.ps1'
[0.629s] INFO:colcon.colcon_core.shell:Creating package descriptor '/root/dddmr_navigation/install/dddmr_fastlio_adapter/share/dddmr_fastlio_adapter/package.dsv'
[0.630s] INFO:colcon.colcon_core.shell:Creating package script '/root/dddmr_navigation/install/dddmr_fastlio_adapter/share/dddmr_fastlio_adapter/package.sh'
[0.630s] INFO:colcon.colcon_core.shell:Creating package script '/root/dddmr_navigation/install/dddmr_fastlio_adapter/share/dddmr_fastlio_adapter/package.bash'
[0.630s] INFO:colcon.colcon_core.shell:Creating package script '/root/dddmr_navigation/install/dddmr_fastlio_adapter/share/dddmr_fastlio_adapter/package.zsh'
[0.631s] Level 1:colcon.colcon_core.environment:create_file_with_runtime_dependencies(/root/dddmr_navigation/install/dddmr_fastlio_adapter/share/colcon-core/packages/dddmr_fastlio_adapter)
[0.631s] Level 1:colcon.colcon_core.environment:create_environment_scripts_only(dddmr_fastlio_adapter)
[0.631s] Level 1:colcon.colcon_core.environment:checking '/root/dddmr_navigation/install/dddmr_fastlio_adapter' for CMake module files
[0.632s] Level 1:colcon.colcon_core.environment:checking '/root/dddmr_navigation/install/dddmr_fastlio_adapter' for CMake config files
[0.632s] Level 1:colcon.colcon_core.shell:create_environment_hook('dddmr_fastlio_adapter', 'cmake_prefix_path')
[0.632s] INFO:colcon.colcon_core.shell:Creating environment hook '/root/dddmr_navigation/install/dddmr_fastlio_adapter/share/dddmr_fastlio_adapter/hook/cmake_prefix_path.ps1'
[0.633s] INFO:colcon.colcon_core.shell:Creating environment descriptor '/root/dddmr_navigation/install/dddmr_fastlio_adapter/share/dddmr_fastlio_adapter/hook/cmake_prefix_path.dsv'
[0.633s] INFO:colcon.colcon_core.shell:Creating environment hook '/root/dddmr_navigation/install/dddmr_fastlio_adapter/share/dddmr_fastlio_adapter/hook/cmake_prefix_path.sh'
[0.633s] Level 1:colcon.colcon_core.environment:checking '/root/dddmr_navigation/install/dddmr_fastlio_adapter/lib'
[0.633s] Level 1:colcon.colcon_core.environment:checking '/root/dddmr_navigation/install/dddmr_fastlio_adapter/bin'
[0.634s] Level 1:colcon.colcon_core.environment:checking '/root/dddmr_navigation/install/dddmr_fastlio_adapter/lib/pkgconfig/dddmr_fastlio_adapter.pc'
[0.634s] Level 1:colcon.colcon_core.environment:checking '/root/dddmr_navigation/install/dddmr_fastlio_adapter/lib/python3.10/site-packages'
[0.634s] Level 1:colcon.colcon_core.environment:checking '/root/dddmr_navigation/install/dddmr_fastlio_adapter/bin'
[0.634s] INFO:colcon.colcon_core.shell:Creating package script '/root/dddmr_navigation/install/dddmr_fastlio_adapter/share/dddmr_fastlio_adapter/package.ps1'
[0.635s] INFO:colcon.colcon_core.shell:Creating package descriptor '/root/dddmr_navigation/install/dddmr_fastlio_adapter/share/dddmr_fastlio_adapter/package.dsv'
[0.635s] INFO:colcon.colcon_core.shell:Creating package script '/root/dddmr_navigation/install/dddmr_fastlio_adapter/share/dddmr_fastlio_adapter/package.sh'
[0.635s] INFO:colcon.colcon_core.shell:Creating package script '/root/dddmr_navigation/install/dddmr_fastlio_adapter/share/dddmr_fastlio_adapter/package.bash'
[0.636s] INFO:colcon.colcon_core.shell:Creating package script '/root/dddmr_navigation/install/dddmr_fastlio_adapter/share/dddmr_fastlio_adapter/package.zsh'
[0.636s] Level 1:colcon.colcon_core.environment:create_file_with_runtime_dependencies(/root/dddmr_navigation/install/dddmr_fastlio_adapter/share/colcon-core/packages/dddmr_fastlio_adapter)
[0.636s] Level 1:colcon.colcon_core.environment:create_environment_scripts_only(pose_graph_editor_panel)
[0.636s] Level 1:colcon.colcon_core.environment:checking '/root/dddmr_navigation/install/pose_graph_editor_panel' for CMake module files
[0.637s] DEBUG:colcon.colcon_core.event_handler.log_command:Invoked command in '/root/dddmr_navigation/build/pose_graph_editor_panel' returned '0': CMAKE_PREFIX_PATH=${CMAKE_PREFIX_PATH}:/opt/ros/humble /usr/bin/cmake --install /root/dddmr_navigation/build/pose_graph_editor_panel
[0.637s] Level 1:colcon.colcon_core.environment:checking '/root/dddmr_navigation/install/pose_graph_editor_panel' for CMake config files
[0.638s] Level 1:colcon.colcon_core.shell:create_environment_hook('pose_graph_editor_panel', 'cmake_prefix_path')
[0.638s] INFO:colcon.colcon_core.shell:Creating environment hook '/root/dddmr_navigation/install/pose_graph_editor_panel/share/pose_graph_editor_panel/hook/cmake_prefix_path.ps1'
[0.638s] INFO:colcon.colcon_core.shell:Creating environment descriptor '/root/dddmr_navigation/install/pose_graph_editor_panel/share/pose_graph_editor_panel/hook/cmake_prefix_path.dsv'
[0.639s] INFO:colcon.colcon_core.shell:Creating environment hook '/root/dddmr_navigation/install/pose_graph_editor_panel/share/pose_graph_editor_panel/hook/cmake_prefix_path.sh'
[0.639s] Level 1:colcon.colcon_core.environment:checking '/root/dddmr_navigation/install/pose_graph_editor_panel/lib'
[0.639s] Level 1:colcon.colcon_core.shell:create_environment_hook('pose_graph_editor_panel', 'ld_library_path_lib')
[0.639s] INFO:colcon.colcon_core.shell:Creating environment hook '/root/dddmr_navigation/install/pose_graph_editor_panel/share/pose_graph_editor_panel/hook/ld_library_path_lib.ps1'
[0.640s] INFO:colcon.colcon_core.shell:Creating environment descriptor '/root/dddmr_navigation/install/pose_graph_editor_panel/share/pose_graph_editor_panel/hook/ld_library_path_lib.dsv'
[0.640s] INFO:colcon.colcon_core.shell:Creating environment hook '/root/dddmr_navigation/install/pose_graph_editor_panel/share/pose_graph_editor_panel/hook/ld_library_path_lib.sh'
[0.640s] Level 1:colcon.colcon_core.environment:checking '/root/dddmr_navigation/install/pose_graph_editor_panel/bin'
[0.640s] Level 1:colcon.colcon_core.environment:checking '/root/dddmr_navigation/install/pose_graph_editor_panel/lib/pkgconfig/pose_graph_editor_panel.pc'
[0.640s] Level 1:colcon.colcon_core.environment:checking '/root/dddmr_navigation/install/pose_graph_editor_panel/lib/python3.10/site-packages'
[0.641s] Level 1:colcon.colcon_core.environment:checking '/root/dddmr_navigation/install/pose_graph_editor_panel/bin'
[0.641s] INFO:colcon.colcon_core.shell:Creating package script '/root/dddmr_navigation/install/pose_graph_editor_panel/share/pose_graph_editor_panel/package.ps1'
[0.641s] INFO:colcon.colcon_core.shell:Creating package descriptor '/root/dddmr_navigation/install/pose_graph_editor_panel/share/pose_graph_editor_panel/package.dsv'
[0.642s] INFO:colcon.colcon_core.shell:Creating package script '/root/dddmr_navigation/install/pose_graph_editor_panel/share/pose_graph_editor_panel/package.sh'
[0.642s] INFO:colcon.colcon_core.shell:Creating package script '/root/dddmr_navigation/install/pose_graph_editor_panel/share/pose_graph_editor_panel/package.bash'
[0.642s] INFO:colcon.colcon_core.shell:Creating package script '/root/dddmr_navigation/install/pose_graph_editor_panel/share/pose_graph_editor_panel/package.zsh'
[0.643s] Level 1:colcon.colcon_core.environment:create_file_with_runtime_dependencies(/root/dddmr_navigation/install/pose_graph_editor_panel/share/colcon-core/packages/pose_graph_editor_panel)
[0.643s] Level 1:colcon.colcon_core.environment:create_environment_scripts_only(pose_graph_editor_panel)
[0.643s] Level 1:colcon.colcon_core.environment:checking '/root/dddmr_navigation/install/pose_graph_editor_panel' for CMake module files
[0.644s] Level 1:colcon.colcon_core.environment:checking '/root/dddmr_navigation/install/pose_graph_editor_panel' for CMake config files
[0.644s] Level 1:colcon.colcon_core.shell:create_environment_hook('pose_graph_editor_panel', 'cmake_prefix_path')
[0.644s] INFO:colcon.colcon_core.shell:Creating environment hook '/root/dddmr_navigation/install/pose_graph_editor_panel/share/pose_graph_editor_panel/hook/cmake_prefix_path.ps1'
[0.645s] INFO:colcon.colcon_core.shell:Creating environment descriptor '/root/dddmr_navigation/install/pose_graph_editor_panel/share/pose_graph_editor_panel/hook/cmake_prefix_path.dsv'
[0.645s] INFO:colcon.colcon_core.shell:Creating environment hook '/root/dddmr_navigation/install/pose_graph_editor_panel/share/pose_graph_editor_panel/hook/cmake_prefix_path.sh'
[0.645s] Level 1:colcon.colcon_core.environment:checking '/root/dddmr_navigation/install/pose_graph_editor_panel/lib'
[0.645s] Level 1:colcon.colcon_core.shell:create_environment_hook('pose_graph_editor_panel', 'ld_library_path_lib')
[0.646s] INFO:colcon.colcon_core.shell:Creating environment hook '/root/dddmr_navigation/install/pose_graph_editor_panel/share/pose_graph_editor_panel/hook/ld_library_path_lib.ps1'
[0.646s] INFO:colcon.colcon_core.shell:Creating environment descriptor '/root/dddmr_navigation/install/pose_graph_editor_panel/share/pose_graph_editor_panel/hook/ld_library_path_lib.dsv'
[0.646s] INFO:colcon.colcon_core.shell:Creating environment hook '/root/dddmr_navigation/install/pose_graph_editor_panel/share/pose_graph_editor_panel/hook/ld_library_path_lib.sh'
[0.646s] Level 1:colcon.colcon_core.environment:checking '/root/dddmr_navigation/install/pose_graph_editor_panel/bin'
[0.646s] Level 1:colcon.colcon_core.environment:checking '/root/dddmr_navigation/install/pose_graph_editor_panel/lib/pkgconfig/pose_graph_editor_panel.pc'
[0.647s] Level 1:colcon.colcon_core.environment:checking '/root/dddmr_navigation/install/pose_graph_editor_panel/lib/python3.10/site-packages'
[0.647s] Level 1:colcon.colcon_core.environment:checking '/root/dddmr_navigation/install/pose_graph_editor_panel/bin'
[0.647s] INFO:colcon.colcon_core.shell:Creating package script '/root/dddmr_navigation/install/pose_graph_editor_panel/share/pose_graph_editor_panel/package.ps1'
[0.648s] INFO:colcon.colcon_core.shell:Creating package descriptor '/root/dddmr_navigation/install/pose_graph_editor_panel/share/pose_graph_editor_panel/package.dsv'
[0.648s] INFO:colcon.colcon_core.shell:Creating package script '/root/dddmr_navigation/install/pose_graph_editor_panel/share/pose_graph_editor_panel/package.sh'
[0.648s] INFO:colcon.colcon_core.shell:Creating package script '/root/dddmr_navigation/install/pose_graph_editor_panel/share/pose_graph_editor_panel/package.bash'
[0.649s] INFO:colcon.colcon_core.shell:Creating package script '/root/dddmr_navigation/install/pose_graph_editor_panel/share/pose_graph_editor_panel/package.zsh'
[0.649s] Level 1:colcon.colcon_core.environment:create_file_with_runtime_dependencies(/root/dddmr_navigation/install/pose_graph_editor_panel/share/colcon-core/packages/pose_graph_editor_panel)
[0.649s] Level 1:colcon.colcon_core.environment:create_environment_scripts_only(mapping_panel)
[0.649s] Level 1:colcon.colcon_core.environment:checking '/root/dddmr_navigation/install/mapping_panel' for CMake module files
[0.650s] DEBUG:colcon.colcon_core.event_handler.log_command:Invoked command in '/root/dddmr_navigation/build/mapping_panel' returned '0': CMAKE_PREFIX_PATH=${CMAKE_PREFIX_PATH}:/opt/ros/humble /usr/bin/cmake --install /root/dddmr_navigation/build/mapping_panel
[0.650s] Level 1:colcon.colcon_core.environment:checking '/root/dddmr_navigation/install/mapping_panel' for CMake config files
[0.651s] Level 1:colcon.colcon_core.shell:create_environment_hook('mapping_panel', 'cmake_prefix_path')
[0.651s] INFO:colcon.colcon_core.shell:Creating environment hook '/root/dddmr_navigation/install/mapping_panel/share/mapping_panel/hook/cmake_prefix_path.ps1'
[0.651s] INFO:colcon.colcon_core.shell:Creating environment descriptor '/root/dddmr_navigation/install/mapping_panel/share/mapping_panel/hook/cmake_prefix_path.dsv'
[0.651s] INFO:colcon.colcon_core.shell:Creating environment hook '/root/dddmr_navigation/install/mapping_panel/share/mapping_panel/hook/cmake_prefix_path.sh'
[0.651s] Level 1:colcon.colcon_core.environment:checking '/root/dddmr_navigation/install/mapping_panel/lib'
[0.651s] Level 1:colcon.colcon_core.shell:create_environment_hook('mapping_panel', 'ld_library_path_lib')
[0.651s] INFO:colcon.colcon_core.shell:Creating environment hook '/root/dddmr_navigation/install/mapping_panel/share/mapping_panel/hook/ld_library_path_lib.ps1'
[0.652s] INFO:colcon.colcon_core.shell:Creating environment descriptor '/root/dddmr_navigation/install/mapping_panel/share/mapping_panel/hook/ld_library_path_lib.dsv'
[0.652s] INFO:colcon.colcon_core.shell:Creating environment hook '/root/dddmr_navigation/install/mapping_panel/share/mapping_panel/hook/ld_library_path_lib.sh'
[0.652s] Level 1:colcon.colcon_core.environment:checking '/root/dddmr_navigation/install/mapping_panel/bin'
[0.652s] Level 1:colcon.colcon_core.environment:checking '/root/dddmr_navigation/install/mapping_panel/lib/pkgconfig/mapping_panel.pc'
[0.652s] Level 1:colcon.colcon_core.environment:checking '/root/dddmr_navigation/install/mapping_panel/lib/python3.10/site-packages'
[0.652s] Level 1:colcon.colcon_core.environment:checking '/root/dddmr_navigation/install/mapping_panel/bin'
[0.652s] INFO:colcon.colcon_core.shell:Creating package script '/root/dddmr_navigation/install/mapping_panel/share/mapping_panel/package.ps1'
[0.652s] INFO:colcon.colcon_core.shell:Creating package descriptor '/root/dddmr_navigation/install/mapping_panel/share/mapping_panel/package.dsv'
[0.653s] INFO:colcon.colcon_core.shell:Creating package script '/root/dddmr_navigation/install/mapping_panel/share/mapping_panel/package.sh'
[0.653s] INFO:colcon.colcon_core.shell:Creating package script '/root/dddmr_navigation/install/mapping_panel/share/mapping_panel/package.bash'
[0.653s] INFO:colcon.colcon_core.shell:Creating package script '/root/dddmr_navigation/install/mapping_panel/share/mapping_panel/package.zsh'
[0.653s] Level 1:colcon.colcon_core.environment:create_file_with_runtime_dependencies(/root/dddmr_navigation/install/mapping_panel/share/colcon-core/packages/mapping_panel)
[0.653s] Level 1:colcon.colcon_core.environment:create_environment_scripts_only(mapping_panel)
[0.654s] Level 1:colcon.colcon_core.environment:checking '/root/dddmr_navigation/install/mapping_panel' for CMake module files
[0.654s] Level 1:colcon.colcon_core.environment:checking '/root/dddmr_navigation/install/mapping_panel' for CMake config files
[0.654s] Level 1:colcon.colcon_core.shell:create_environment_hook('mapping_panel', 'cmake_prefix_path')
[0.654s] INFO:colcon.colcon_core.shell:Creating environment hook '/root/dddmr_navigation/install/mapping_panel/share/mapping_panel/hook/cmake_prefix_path.ps1'
[0.654s] INFO:colcon.colcon_core.shell:Creating environment descriptor '/root/dddmr_navigation/install/mapping_panel/share/mapping_panel/hook/cmake_prefix_path.dsv'
[0.655s] INFO:colcon.colcon_core.shell:Creating environment hook '/root/dddmr_navigation/install/mapping_panel/share/mapping_panel/hook/cmake_prefix_path.sh'
[0.655s] Level 1:colcon.colcon_core.environment:checking '/root/dddmr_navigation/install/mapping_panel/lib'
[0.655s] Level 1:colcon.colcon_core.shell:create_environment_hook('mapping_panel', 'ld_library_path_lib')
[0.655s] INFO:colcon.colcon_core.shell:Creating environment hook '/root/dddmr_navigation/install/mapping_panel/share/mapping_panel/hook/ld_library_path_lib.ps1'
[0.655s] INFO:colcon.colcon_core.shell:Creating environment descriptor '/root/dddmr_navigation/install/mapping_panel/share/mapping_panel/hook/ld_library_path_lib.dsv'
[0.655s] INFO:colcon.colcon_core.shell:Creating environment hook '/root/dddmr_navigation/install/mapping_panel/share/mapping_panel/hook/ld_library_path_lib.sh'
[0.656s] Level 1:colcon.colcon_core.environment:checking '/root/dddmr_navigation/install/mapping_panel/bin'
[0.656s] Level 1:colcon.colcon_core.environment:checking '/root/dddmr_navigation/install/mapping_panel/lib/pkgconfig/mapping_panel.pc'
[0.656s] Level 1:colcon.colcon_core.environment:checking '/root/dddmr_navigation/install/mapping_panel/lib/python3.10/site-packages'
[0.656s] Level 1:colcon.colcon_core.environment:checking '/root/dddmr_navigation/install/mapping_panel/bin'
[0.656s] INFO:colcon.colcon_core.shell:Creating package script '/root/dddmr_navigation/install/mapping_panel/share/mapping_panel/package.ps1'
[0.656s] INFO:colcon.colcon_core.shell:Creating package descriptor '/root/dddmr_navigation/install/mapping_panel/share/mapping_panel/package.dsv'
[0.657s] INFO:colcon.colcon_core.shell:Creating package script '/root/dddmr_navigation/install/mapping_panel/share/mapping_panel/package.sh'
[0.657s] INFO:colcon.colcon_core.shell:Creating package script '/root/dddmr_navigation/install/mapping_panel/share/mapping_panel/package.bash'
[0.657s] INFO:colcon.colcon_core.shell:Creating package script '/root/dddmr_navigation/install/mapping_panel/share/mapping_panel/package.zsh'
[0.657s] Level 1:colcon.colcon_core.environment:create_file_with_runtime_dependencies(/root/dddmr_navigation/install/mapping_panel/share/colcon-core/packages/mapping_panel)
[0.662s] DEBUG:colcon.colcon_core.event_handler.log_command:Invoking command in '/root/dddmr_navigation/build/mpc_critics': CMAKE_PREFIX_PATH=/root/dddmr_navigation/install/base_trajectory:/root/livox_ws/install/livox_ros_driver2:/root/dddmr_navigation/install/dddmr_sc_pgo:/root/dddmr_navigation/install/p2p_move_base:/root/dddmr_navigation/install/recovery_behaviors:/root/dddmr_navigation/install/local_planner:/root/dddmr_navigation/install/trajectory_generators:/root/dddmr_navigation/install/pose_graph_merge_editor_panel:/root/dddmr_navigation/install/pose_graph_editor_panel:/root/dddmr_navigation/install/perception_3d:/root/dddmr_navigation/install/mpc_critics:/root/dddmr_navigation/install/mcl_3dl:/root/dddmr_navigation/install/mapping_panel:/root/dddmr_navigation/install/map_editor_panel:/root/dddmr_navigation/install/lego_loam_bor:/root/dddmr_navigation/install/global_planner:/root/dddmr_navigation/install/fast_lio:/root/dddmr_navigation/install/dddmr_trt:/root/dddmr_navigation/install/dddmr_sys_core:/root/dddmr_navigation/install/dddmr_semantic_segmentation:/root/dddmr_navigation/install/dddmr_rviz_default_plugins:/root/dddmr_navigation/install/dddmr_odom_3d:/root/dddmr_navigation/install/dddmr_fastlio_adapter:/root/dddmr_navigation/install/dddmr_beginner_guide:/root/dddmr_navigation/install/cloud_msgs:/opt/ros/humble LD_LIBRARY_PATH=/root/dddmr_navigation/install/base_trajectory/lib:/root/livox_ws/install/livox_ros_driver2/lib:/root/dddmr_navigation/install/dddmr_sc_pgo/lib:/opt/ros/humble/opt/rviz_ogre_vendor/lib:/opt/ros/humble/lib/x86_64-linux-gnu:/opt/ros/humble/lib:/root/dddmr_navigation/install/p2p_move_base/lib:/root/dddmr_navigation/install/recovery_behaviors/lib:/root/dddmr_navigation/install/local_planner/lib:/root/dddmr_navigation/install/trajectory_generators/lib:/root/dddmr_navigation/install/pose_graph_merge_editor_panel/lib:/root/dddmr_navigation/install/pose_graph_editor_panel/lib:/root/dddmr_navigation/install/perception_3d/lib:/root/dddmr_navigation/install/mpc_critics/lib:/root/dddmr_navigation/install/mcl_3dl/lib:/root/dddmr_navigation/install/mapping_panel/lib:/root/dddmr_navigation/install/map_editor_panel/lib:/root/dddmr_navigation/install/lego_loam_bor/lib:/root/dddmr_navigation/install/global_planner/lib:/root/dddmr_navigation/install/fast_lio/lib:/root/dddmr_navigation/install/dddmr_sys_core/lib:/root/dddmr_navigation/install/dddmr_rviz_default_plugins/lib:/root/dddmr_navigation/install/cloud_msgs/lib /usr/bin/cmake --build /root/dddmr_navigation/build/mpc_critics -- -j28 -l28
[0.665s] Level 1:colcon.colcon_core.environment:create_environment_scripts_only(map_editor_panel)
[0.665s] Level 1:colcon.colcon_core.environment:checking '/root/dddmr_navigation/install/map_editor_panel' for CMake module files
[0.665s] DEBUG:colcon.colcon_core.event_handler.log_command:Invoking command in '/root/dddmr_navigation/build/trajectory_generators': CMAKE_PREFIX_PATH=/root/dddmr_navigation/install/base_trajectory:/root/livox_ws/install/livox_ros_driver2:/root/dddmr_navigation/install/dddmr_sc_pgo:/root/dddmr_navigation/install/p2p_move_base:/root/dddmr_navigation/install/recovery_behaviors:/root/dddmr_navigation/install/local_planner:/root/dddmr_navigation/install/trajectory_generators:/root/dddmr_navigation/install/pose_graph_merge_editor_panel:/root/dddmr_navigation/install/pose_graph_editor_panel:/root/dddmr_navigation/install/perception_3d:/root/dddmr_navigation/install/mpc_critics:/root/dddmr_navigation/install/mcl_3dl:/root/dddmr_navigation/install/mapping_panel:/root/dddmr_navigation/install/map_editor_panel:/root/dddmr_navigation/install/lego_loam_bor:/root/dddmr_navigation/install/global_planner:/root/dddmr_navigation/install/fast_lio:/root/dddmr_navigation/install/dddmr_trt:/root/dddmr_navigation/install/dddmr_sys_core:/root/dddmr_navigation/install/dddmr_semantic_segmentation:/root/dddmr_navigation/install/dddmr_rviz_default_plugins:/root/dddmr_navigation/install/dddmr_odom_3d:/root/dddmr_navigation/install/dddmr_fastlio_adapter:/root/dddmr_navigation/install/dddmr_beginner_guide:/root/dddmr_navigation/install/cloud_msgs:/opt/ros/humble LD_LIBRARY_PATH=/root/dddmr_navigation/install/base_trajectory/lib:/root/livox_ws/install/livox_ros_driver2/lib:/root/dddmr_navigation/install/dddmr_sc_pgo/lib:/opt/ros/humble/opt/rviz_ogre_vendor/lib:/opt/ros/humble/lib/x86_64-linux-gnu:/opt/ros/humble/lib:/root/dddmr_navigation/install/p2p_move_base/lib:/root/dddmr_navigation/install/recovery_behaviors/lib:/root/dddmr_navigation/install/local_planner/lib:/root/dddmr_navigation/install/trajectory_generators/lib:/root/dddmr_navigation/install/pose_graph_merge_editor_panel/lib:/root/dddmr_navigation/install/pose_graph_editor_panel/lib:/root/dddmr_navigation/install/perception_3d/lib:/root/dddmr_navigation/install/mpc_critics/lib:/root/dddmr_navigation/install/mcl_3dl/lib:/root/dddmr_navigation/install/mapping_panel/lib:/root/dddmr_navigation/install/map_editor_panel/lib:/root/dddmr_navigation/install/lego_loam_bor/lib:/root/dddmr_navigation/install/global_planner/lib:/root/dddmr_navigation/install/fast_lio/lib:/root/dddmr_navigation/install/dddmr_sys_core/lib:/root/dddmr_navigation/install/dddmr_rviz_default_plugins/lib:/root/dddmr_navigation/install/cloud_msgs/lib /usr/bin/cmake --build /root/dddmr_navigation/build/trajectory_generators -- -j28 -l28
[0.665s] DEBUG:colcon.colcon_core.event_handler.log_command:Invoked command in '/root/dddmr_navigation/build/map_editor_panel' returned '0': CMAKE_PREFIX_PATH=${CMAKE_PREFIX_PATH}:/opt/ros/humble /usr/bin/cmake --install /root/dddmr_navigation/build/map_editor_panel
[0.666s] Level 1:colcon.colcon_core.environment:checking '/root/dddmr_navigation/install/map_editor_panel' for CMake config files
[0.666s] Level 1:colcon.colcon_core.shell:create_environment_hook('map_editor_panel', 'cmake_prefix_path')
[0.667s] INFO:colcon.colcon_core.shell:Creating environment hook '/root/dddmr_navigation/install/map_editor_panel/share/map_editor_panel/hook/cmake_prefix_path.ps1'
[0.667s] INFO:colcon.colcon_core.shell:Creating environment descriptor '/root/dddmr_navigation/install/map_editor_panel/share/map_editor_panel/hook/cmake_prefix_path.dsv'
[0.667s] INFO:colcon.colcon_core.shell:Creating environment hook '/root/dddmr_navigation/install/map_editor_panel/share/map_editor_panel/hook/cmake_prefix_path.sh'
[0.668s] Level 1:colcon.colcon_core.environment:checking '/root/dddmr_navigation/install/map_editor_panel/lib'
[0.668s] Level 1:colcon.colcon_core.shell:create_environment_hook('map_editor_panel', 'ld_library_path_lib')
[0.668s] INFO:colcon.colcon_core.shell:Creating environment hook '/root/dddmr_navigation/install/map_editor_panel/share/map_editor_panel/hook/ld_library_path_lib.ps1'
[0.668s] INFO:colcon.colcon_core.shell:Creating environment descriptor '/root/dddmr_navigation/install/map_editor_panel/share/map_editor_panel/hook/ld_library_path_lib.dsv'
[0.669s] INFO:colcon.colcon_core.shell:Creating environment hook '/root/dddmr_navigation/install/map_editor_panel/share/map_editor_panel/hook/ld_library_path_lib.sh'
[0.669s] Level 1:colcon.colcon_core.environment:checking '/root/dddmr_navigation/install/map_editor_panel/bin'
[0.669s] Level 1:colcon.colcon_core.environment:checking '/root/dddmr_navigation/install/map_editor_panel/lib/pkgconfig/map_editor_panel.pc'
[0.669s] Level 1:colcon.colcon_core.environment:checking '/root/dddmr_navigation/install/map_editor_panel/lib/python3.10/site-packages'
[0.670s] Level 1:colcon.colcon_core.environment:checking '/root/dddmr_navigation/install/map_editor_panel/bin'
[0.670s] INFO:colcon.colcon_core.shell:Creating package script '/root/dddmr_navigation/install/map_editor_panel/share/map_editor_panel/package.ps1'
[0.670s] INFO:colcon.colcon_core.shell:Creating package descriptor '/root/dddmr_navigation/install/map_editor_panel/share/map_editor_panel/package.dsv'
[0.671s] INFO:colcon.colcon_core.shell:Creating package script '/root/dddmr_navigation/install/map_editor_panel/share/map_editor_panel/package.sh'
[0.671s] INFO:colcon.colcon_core.shell:Creating package script '/root/dddmr_navigation/install/map_editor_panel/share/map_editor_panel/package.bash'
[0.671s] INFO:colcon.colcon_core.shell:Creating package script '/root/dddmr_navigation/install/map_editor_panel/share/map_editor_panel/package.zsh'
[0.672s] Level 1:colcon.colcon_core.environment:create_file_with_runtime_dependencies(/root/dddmr_navigation/install/map_editor_panel/share/colcon-core/packages/map_editor_panel)
[0.672s] Level 1:colcon.colcon_core.environment:create_environment_scripts_only(map_editor_panel)
[0.672s] Level 1:colcon.colcon_core.environment:checking '/root/dddmr_navigation/install/map_editor_panel' for CMake module files
[0.673s] Level 1:colcon.colcon_core.environment:checking '/root/dddmr_navigation/install/map_editor_panel' for CMake config files
[0.673s] Level 1:colcon.colcon_core.shell:create_environment_hook('map_editor_panel', 'cmake_prefix_path')
[0.674s] INFO:colcon.colcon_core.shell:Creating environment hook '/root/dddmr_navigation/install/map_editor_panel/share/map_editor_panel/hook/cmake_prefix_path.ps1'
[0.674s] INFO:colcon.colcon_core.shell:Creating environment descriptor '/root/dddmr_navigation/install/map_editor_panel/share/map_editor_panel/hook/cmake_prefix_path.dsv'
[0.674s] INFO:colcon.colcon_core.shell:Creating environment hook '/root/dddmr_navigation/install/map_editor_panel/share/map_editor_panel/hook/cmake_prefix_path.sh'
[0.675s] Level 1:colcon.colcon_core.environment:checking '/root/dddmr_navigation/install/map_editor_panel/lib'
[0.675s] Level 1:colcon.colcon_core.shell:create_environment_hook('map_editor_panel', 'ld_library_path_lib')
[0.675s] INFO:colcon.colcon_core.shell:Creating environment hook '/root/dddmr_navigation/install/map_editor_panel/share/map_editor_panel/hook/ld_library_path_lib.ps1'
[0.675s] INFO:colcon.colcon_core.shell:Creating environment descriptor '/root/dddmr_navigation/install/map_editor_panel/share/map_editor_panel/hook/ld_library_path_lib.dsv'
[0.675s] INFO:colcon.colcon_core.shell:Creating environment hook '/root/dddmr_navigation/install/map_editor_panel/share/map_editor_panel/hook/ld_library_path_lib.sh'
[0.676s] Level 1:colcon.colcon_core.environment:checking '/root/dddmr_navigation/install/map_editor_panel/bin'
[0.676s] Level 1:colcon.colcon_core.environment:checking '/root/dddmr_navigation/install/map_editor_panel/lib/pkgconfig/map_editor_panel.pc'
[0.676s] Level 1:colcon.colcon_core.environment:checking '/root/dddmr_navigation/install/map_editor_panel/lib/python3.10/site-packages'
[0.676s] Level 1:colcon.colcon_core.environment:checking '/root/dddmr_navigation/install/map_editor_panel/bin'
[0.676s] INFO:colcon.colcon_core.shell:Creating package script '/root/dddmr_navigation/install/map_editor_panel/share/map_editor_panel/package.ps1'
[0.677s] INFO:colcon.colcon_core.shell:Creating package descriptor '/root/dddmr_navigation/install/map_editor_panel/share/map_editor_panel/package.dsv'
[0.678s] INFO:colcon.colcon_core.shell:Creating package script '/root/dddmr_navigation/install/map_editor_panel/share/map_editor_panel/package.sh'
[0.678s] INFO:colcon.colcon_core.shell:Creating package script '/root/dddmr_navigation/install/map_editor_panel/share/map_editor_panel/package.bash'
[0.679s] INFO:colcon.colcon_core.shell:Creating package script '/root/dddmr_navigation/install/map_editor_panel/share/map_editor_panel/package.zsh'
[0.679s] Level 1:colcon.colcon_core.environment:create_file_with_runtime_dependencies(/root/dddmr_navigation/install/map_editor_panel/share/colcon-core/packages/map_editor_panel)
[0.680s] DEBUG:colcon.colcon_core.event_handler.log_command:Invoked command in '/root/dddmr_navigation/build/dddmr_sys_core' returned '0': CMAKE_PREFIX_PATH=${CMAKE_PREFIX_PATH}:/opt/ros/humble /usr/bin/cmake --build /root/dddmr_navigation/build/dddmr_sys_core -- -j28 -l28
[0.681s] DEBUG:colcon.colcon_core.event_handler.log_command:Invoking command in '/root/dddmr_navigation/build/dddmr_sys_core': CMAKE_PREFIX_PATH=${CMAKE_PREFIX_PATH}:/opt/ros/humble /usr/bin/cmake --install /root/dddmr_navigation/build/dddmr_sys_core
[0.682s] DEBUG:colcon.colcon_core.event_handler.log_command:Invoked command in '/root/dddmr_navigation/build/perception_3d' returned '0': CMAKE_PREFIX_PATH=${CMAKE_PREFIX_PATH}:/opt/ros/humble /usr/bin/cmake --build /root/dddmr_navigation/build/perception_3d -- -j28 -l28
[0.683s] DEBUG:colcon.colcon_core.event_handler.log_command:Invoking command in '/root/dddmr_navigation/build/perception_3d': CMAKE_PREFIX_PATH=${CMAKE_PREFIX_PATH}:/opt/ros/humble /usr/bin/cmake --install /root/dddmr_navigation/build/perception_3d
[0.683s] Level 1:colcon.colcon_core.environment:create_environment_scripts_only(pose_graph_merge_editor_panel)
[0.684s] Level 1:colcon.colcon_core.environment:checking '/root/dddmr_navigation/install/pose_graph_merge_editor_panel' for CMake module files
[0.684s] DEBUG:colcon.colcon_core.event_handler.log_command:Invoked command in '/root/dddmr_navigation/build/pose_graph_merge_editor_panel' returned '0': CMAKE_PREFIX_PATH=${CMAKE_PREFIX_PATH}:/opt/ros/humble /usr/bin/cmake --install /root/dddmr_navigation/build/pose_graph_merge_editor_panel
[0.684s] Level 1:colcon.colcon_core.environment:checking '/root/dddmr_navigation/install/pose_graph_merge_editor_panel' for CMake config files
[0.685s] Level 1:colcon.colcon_core.shell:create_environment_hook('pose_graph_merge_editor_panel', 'cmake_prefix_path')
[0.685s] INFO:colcon.colcon_core.shell:Creating environment hook '/root/dddmr_navigation/install/pose_graph_merge_editor_panel/share/pose_graph_merge_editor_panel/hook/cmake_prefix_path.ps1'
[0.685s] INFO:colcon.colcon_core.shell:Creating environment descriptor '/root/dddmr_navigation/install/pose_graph_merge_editor_panel/share/pose_graph_merge_editor_panel/hook/cmake_prefix_path.dsv'
[0.686s] INFO:colcon.colcon_core.shell:Creating environment hook '/root/dddmr_navigation/install/pose_graph_merge_editor_panel/share/pose_graph_merge_editor_panel/hook/cmake_prefix_path.sh'
[0.686s] Level 1:colcon.colcon_core.environment:checking '/root/dddmr_navigation/install/pose_graph_merge_editor_panel/lib'
[0.686s] Level 1:colcon.colcon_core.shell:create_environment_hook('pose_graph_merge_editor_panel', 'ld_library_path_lib')
[0.686s] INFO:colcon.colcon_core.shell:Creating environment hook '/root/dddmr_navigation/install/pose_graph_merge_editor_panel/share/pose_graph_merge_editor_panel/hook/ld_library_path_lib.ps1'
[0.687s] INFO:colcon.colcon_core.shell:Creating environment descriptor '/root/dddmr_navigation/install/pose_graph_merge_editor_panel/share/pose_graph_merge_editor_panel/hook/ld_library_path_lib.dsv'
[0.687s] INFO:colcon.colcon_core.shell:Creating environment hook '/root/dddmr_navigation/install/pose_graph_merge_editor_panel/share/pose_graph_merge_editor_panel/hook/ld_library_path_lib.sh'
[0.687s] Level 1:colcon.colcon_core.environment:checking '/root/dddmr_navigation/install/pose_graph_merge_editor_panel/bin'
[0.687s] Level 1:colcon.colcon_core.environment:checking '/root/dddmr_navigation/install/pose_graph_merge_editor_panel/lib/pkgconfig/pose_graph_merge_editor_panel.pc'
[0.687s] Level 1:colcon.colcon_core.environment:checking '/root/dddmr_navigation/install/pose_graph_merge_editor_panel/lib/python3.10/site-packages'
[0.688s] Level 1:colcon.colcon_core.environment:checking '/root/dddmr_navigation/install/pose_graph_merge_editor_panel/bin'
[0.688s] INFO:colcon.colcon_core.shell:Creating package script '/root/dddmr_navigation/install/pose_graph_merge_editor_panel/share/pose_graph_merge_editor_panel/package.ps1'
[0.689s] INFO:colcon.colcon_core.shell:Creating package descriptor '/root/dddmr_navigation/install/pose_graph_merge_editor_panel/share/pose_graph_merge_editor_panel/package.dsv'
[0.689s] INFO:colcon.colcon_core.shell:Creating package script '/root/dddmr_navigation/install/pose_graph_merge_editor_panel/share/pose_graph_merge_editor_panel/package.sh'
[0.690s] INFO:colcon.colcon_core.shell:Creating package script '/root/dddmr_navigation/install/pose_graph_merge_editor_panel/share/pose_graph_merge_editor_panel/package.bash'
[0.690s] INFO:colcon.colcon_core.shell:Creating package script '/root/dddmr_navigation/install/pose_graph_merge_editor_panel/share/pose_graph_merge_editor_panel/package.zsh'
[0.690s] Level 1:colcon.colcon_core.environment:create_file_with_runtime_dependencies(/root/dddmr_navigation/install/pose_graph_merge_editor_panel/share/colcon-core/packages/pose_graph_merge_editor_panel)
[0.691s] Level 1:colcon.colcon_core.environment:create_environment_scripts_only(pose_graph_merge_editor_panel)
[0.691s] Level 1:colcon.colcon_core.environment:checking '/root/dddmr_navigation/install/pose_graph_merge_editor_panel' for CMake module files
[0.691s] Level 1:colcon.colcon_core.environment:checking '/root/dddmr_navigation/install/pose_graph_merge_editor_panel' for CMake config files
[0.692s] Level 1:colcon.colcon_core.shell:create_environment_hook('pose_graph_merge_editor_panel', 'cmake_prefix_path')
[0.692s] INFO:colcon.colcon_core.shell:Creating environment hook '/root/dddmr_navigation/install/pose_graph_merge_editor_panel/share/pose_graph_merge_editor_panel/hook/cmake_prefix_path.ps1'
[0.692s] INFO:colcon.colcon_core.shell:Creating environment descriptor '/root/dddmr_navigation/install/pose_graph_merge_editor_panel/share/pose_graph_merge_editor_panel/hook/cmake_prefix_path.dsv'
[0.692s] INFO:colcon.colcon_core.shell:Creating environment hook '/root/dddmr_navigation/install/pose_graph_merge_editor_panel/share/pose_graph_merge_editor_panel/hook/cmake_prefix_path.sh'
[0.693s] Level 1:colcon.colcon_core.environment:checking '/root/dddmr_navigation/install/pose_graph_merge_editor_panel/lib'
[0.693s] Level 1:colcon.colcon_core.shell:create_environment_hook('pose_graph_merge_editor_panel', 'ld_library_path_lib')
[0.693s] INFO:colcon.colcon_core.shell:Creating environment hook '/root/dddmr_navigation/install/pose_graph_merge_editor_panel/share/pose_graph_merge_editor_panel/hook/ld_library_path_lib.ps1'
[0.693s] INFO:colcon.colcon_core.shell:Creating environment descriptor '/root/dddmr_navigation/install/pose_graph_merge_editor_panel/share/pose_graph_merge_editor_panel/hook/ld_library_path_lib.dsv'
[0.694s] INFO:colcon.colcon_core.shell:Creating environment hook '/root/dddmr_navigation/install/pose_graph_merge_editor_panel/share/pose_graph_merge_editor_panel/hook/ld_library_path_lib.sh'
[0.694s] Level 1:colcon.colcon_core.environment:checking '/root/dddmr_navigation/install/pose_graph_merge_editor_panel/bin'
[0.694s] Level 1:colcon.colcon_core.environment:checking '/root/dddmr_navigation/install/pose_graph_merge_editor_panel/lib/pkgconfig/pose_graph_merge_editor_panel.pc'
[0.694s] Level 1:colcon.colcon_core.environment:checking '/root/dddmr_navigation/install/pose_graph_merge_editor_panel/lib/python3.10/site-packages'
[0.694s] Level 1:colcon.colcon_core.environment:checking '/root/dddmr_navigation/install/pose_graph_merge_editor_panel/bin'
[0.695s] INFO:colcon.colcon_core.shell:Creating package script '/root/dddmr_navigation/install/pose_graph_merge_editor_panel/share/pose_graph_merge_editor_panel/package.ps1'
[0.695s] INFO:colcon.colcon_core.shell:Creating package descriptor '/root/dddmr_navigation/install/pose_graph_merge_editor_panel/share/pose_graph_merge_editor_panel/package.dsv'
[0.696s] INFO:colcon.colcon_core.shell:Creating package script '/root/dddmr_navigation/install/pose_graph_merge_editor_panel/share/pose_graph_merge_editor_panel/package.sh'
[0.696s] INFO:colcon.colcon_core.shell:Creating package script '/root/dddmr_navigation/install/pose_graph_merge_editor_panel/share/pose_graph_merge_editor_panel/package.bash'
[0.696s] INFO:colcon.colcon_core.shell:Creating package script '/root/dddmr_navigation/install/pose_graph_merge_editor_panel/share/pose_graph_merge_editor_panel/package.zsh'
[0.697s] Level 1:colcon.colcon_core.environment:create_file_with_runtime_dependencies(/root/dddmr_navigation/install/pose_graph_merge_editor_panel/share/colcon-core/packages/pose_graph_merge_editor_panel)
[0.702s] DEBUG:colcon.colcon_core.event_handler.log_command:Invoked command in '/root/dddmr_navigation/build/cloud_msgs' returned '0': CMAKE_PREFIX_PATH=${CMAKE_PREFIX_PATH}:/opt/ros/humble /usr/bin/cmake --build /root/dddmr_navigation/build/cloud_msgs -- -j28 -l28
[0.703s] DEBUG:colcon.colcon_core.event_handler.log_command:Invoking command in '/root/dddmr_navigation/build/cloud_msgs': CMAKE_PREFIX_PATH=${CMAKE_PREFIX_PATH}:/opt/ros/humble /usr/bin/cmake --install /root/dddmr_navigation/build/cloud_msgs
[0.710s] Level 1:colcon.colcon_core.environment:create_environment_scripts_only(perception_3d)
[0.710s] Level 1:colcon.colcon_core.environment:checking '/root/dddmr_navigation/install/perception_3d' for CMake module files
[0.710s] DEBUG:colcon.colcon_core.event_handler.log_command:Invoked command in '/root/dddmr_navigation/build/perception_3d' returned '0': CMAKE_PREFIX_PATH=${CMAKE_PREFIX_PATH}:/opt/ros/humble /usr/bin/cmake --install /root/dddmr_navigation/build/perception_3d
[0.711s] Level 1:colcon.colcon_core.environment:checking '/root/dddmr_navigation/install/perception_3d' for CMake config files
[0.714s] Level 1:colcon.colcon_core.shell:create_environment_hook('perception_3d', 'cmake_prefix_path')
[0.715s] INFO:colcon.colcon_core.shell:Creating environment hook '/root/dddmr_navigation/install/perception_3d/share/perception_3d/hook/cmake_prefix_path.ps1'
[0.715s] INFO:colcon.colcon_core.shell:Creating environment descriptor '/root/dddmr_navigation/install/perception_3d/share/perception_3d/hook/cmake_prefix_path.dsv'
[0.716s] INFO:colcon.colcon_core.shell:Creating environment hook '/root/dddmr_navigation/install/perception_3d/share/perception_3d/hook/cmake_prefix_path.sh'
[0.716s] Level 1:colcon.colcon_core.environment:checking '/root/dddmr_navigation/install/perception_3d/lib'
[0.716s] Level 1:colcon.colcon_core.shell:create_environment_hook('perception_3d', 'ld_library_path_lib')
[0.717s] INFO:colcon.colcon_core.shell:Creating environment hook '/root/dddmr_navigation/install/perception_3d/share/perception_3d/hook/ld_library_path_lib.ps1'
[0.717s] INFO:colcon.colcon_core.shell:Creating environment descriptor '/root/dddmr_navigation/install/perception_3d/share/perception_3d/hook/ld_library_path_lib.dsv'
[0.718s] INFO:colcon.colcon_core.shell:Creating environment hook '/root/dddmr_navigation/install/perception_3d/share/perception_3d/hook/ld_library_path_lib.sh'
[0.718s] Level 1:colcon.colcon_core.environment:checking '/root/dddmr_navigation/install/perception_3d/bin'
[0.718s] Level 1:colcon.colcon_core.environment:checking '/root/dddmr_navigation/install/perception_3d/lib/pkgconfig/perception_3d.pc'
[0.718s] Level 1:colcon.colcon_core.environment:checking '/root/dddmr_navigation/install/perception_3d/lib/python3.10/site-packages'
[0.719s] Level 1:colcon.colcon_core.environment:checking '/root/dddmr_navigation/install/perception_3d/bin'
[0.719s] INFO:colcon.colcon_core.shell:Creating package script '/root/dddmr_navigation/install/perception_3d/share/perception_3d/package.ps1'
[0.720s] INFO:colcon.colcon_core.shell:Creating package descriptor '/root/dddmr_navigation/install/perception_3d/share/perception_3d/package.dsv'
[0.720s] INFO:colcon.colcon_core.shell:Creating package script '/root/dddmr_navigation/install/perception_3d/share/perception_3d/package.sh'
[0.720s] INFO:colcon.colcon_core.shell:Creating package script '/root/dddmr_navigation/install/perception_3d/share/perception_3d/package.bash'
[0.720s] INFO:colcon.colcon_core.shell:Creating package script '/root/dddmr_navigation/install/perception_3d/share/perception_3d/package.zsh'
[0.721s] Level 1:colcon.colcon_core.environment:create_file_with_runtime_dependencies(/root/dddmr_navigation/install/perception_3d/share/colcon-core/packages/perception_3d)
[0.722s] Level 1:colcon.colcon_core.environment:create_environment_scripts_only(perception_3d)
[0.722s] Level 1:colcon.colcon_core.environment:checking '/root/dddmr_navigation/install/perception_3d' for CMake module files
[0.723s] Level 1:colcon.colcon_core.environment:checking '/root/dddmr_navigation/install/perception_3d' for CMake config files
[0.724s] Level 1:colcon.colcon_core.shell:create_environment_hook('perception_3d', 'cmake_prefix_path')
[0.724s] INFO:colcon.colcon_core.shell:Creating environment hook '/root/dddmr_navigation/install/perception_3d/share/perception_3d/hook/cmake_prefix_path.ps1'
[0.725s] INFO:colcon.colcon_core.shell:Creating environment descriptor '/root/dddmr_navigation/install/perception_3d/share/perception_3d/hook/cmake_prefix_path.dsv'
[0.725s] INFO:colcon.colcon_core.shell:Creating environment hook '/root/dddmr_navigation/install/perception_3d/share/perception_3d/hook/cmake_prefix_path.sh'
[0.726s] Level 1:colcon.colcon_core.environment:checking '/root/dddmr_navigation/install/perception_3d/lib'
[0.726s] Level 1:colcon.colcon_core.shell:create_environment_hook('perception_3d', 'ld_library_path_lib')
[0.726s] INFO:colcon.colcon_core.shell:Creating environment hook '/root/dddmr_navigation/install/perception_3d/share/perception_3d/hook/ld_library_path_lib.ps1'
[0.727s] INFO:colcon.colcon_core.shell:Creating environment descriptor '/root/dddmr_navigation/install/perception_3d/share/perception_3d/hook/ld_library_path_lib.dsv'
[0.727s] INFO:colcon.colcon_core.shell:Creating environment hook '/root/dddmr_navigation/install/perception_3d/share/perception_3d/hook/ld_library_path_lib.sh'
[0.727s] Level 1:colcon.colcon_core.environment:checking '/root/dddmr_navigation/install/perception_3d/bin'
[0.727s] Level 1:colcon.colcon_core.environment:checking '/root/dddmr_navigation/install/perception_3d/lib/pkgconfig/perception_3d.pc'
[0.727s] Level 1:colcon.colcon_core.environment:checking '/root/dddmr_navigation/install/perception_3d/lib/python3.10/site-packages'
[0.728s] Level 1:colcon.colcon_core.environment:checking '/root/dddmr_navigation/install/perception_3d/bin'
[0.728s] INFO:colcon.colcon_core.shell:Creating package script '/root/dddmr_navigation/install/perception_3d/share/perception_3d/package.ps1'
[0.729s] INFO:colcon.colcon_core.shell:Creating package descriptor '/root/dddmr_navigation/install/perception_3d/share/perception_3d/package.dsv'
[0.729s] INFO:colcon.colcon_core.shell:Creating package script '/root/dddmr_navigation/install/perception_3d/share/perception_3d/package.sh'
[0.730s] INFO:colcon.colcon_core.shell:Creating package script '/root/dddmr_navigation/install/perception_3d/share/perception_3d/package.bash'
[0.730s] INFO:colcon.colcon_core.shell:Creating package script '/root/dddmr_navigation/install/perception_3d/share/perception_3d/package.zsh'
[0.731s] Level 1:colcon.colcon_core.environment:create_file_with_runtime_dependencies(/root/dddmr_navigation/install/perception_3d/share/colcon-core/packages/perception_3d)
[0.769s] Level 1:colcon.colcon_core.environment:create_environment_scripts_only(cloud_msgs)
[0.770s] Level 1:colcon.colcon_core.environment:checking '/root/dddmr_navigation/install/cloud_msgs' for CMake module files
[0.770s] DEBUG:colcon.colcon_core.event_handler.log_command:Invoked command in '/root/dddmr_navigation/build/cloud_msgs' returned '0': CMAKE_PREFIX_PATH=${CMAKE_PREFIX_PATH}:/opt/ros/humble /usr/bin/cmake --install /root/dddmr_navigation/build/cloud_msgs
[0.770s] Level 1:colcon.colcon_core.environment:checking '/root/dddmr_navigation/install/cloud_msgs' for CMake config files
[0.771s] Level 1:colcon.colcon_core.shell:create_environment_hook('cloud_msgs', 'cmake_prefix_path')
[0.771s] INFO:colcon.colcon_core.shell:Creating environment hook '/root/dddmr_navigation/install/cloud_msgs/share/cloud_msgs/hook/cmake_prefix_path.ps1'
[0.772s] INFO:colcon.colcon_core.shell:Creating environment descriptor '/root/dddmr_navigation/install/cloud_msgs/share/cloud_msgs/hook/cmake_prefix_path.dsv'
[0.772s] INFO:colcon.colcon_core.shell:Creating environment hook '/root/dddmr_navigation/install/cloud_msgs/share/cloud_msgs/hook/cmake_prefix_path.sh'
[0.772s] Level 1:colcon.colcon_core.environment:checking '/root/dddmr_navigation/install/cloud_msgs/lib'
[0.772s] Level 1:colcon.colcon_core.shell:create_environment_hook('cloud_msgs', 'ld_library_path_lib')
[0.772s] INFO:colcon.colcon_core.shell:Creating environment hook '/root/dddmr_navigation/install/cloud_msgs/share/cloud_msgs/hook/ld_library_path_lib.ps1'
[0.772s] INFO:colcon.colcon_core.shell:Creating environment descriptor '/root/dddmr_navigation/install/cloud_msgs/share/cloud_msgs/hook/ld_library_path_lib.dsv'
[0.772s] INFO:colcon.colcon_core.shell:Creating environment hook '/root/dddmr_navigation/install/cloud_msgs/share/cloud_msgs/hook/ld_library_path_lib.sh'
[0.773s] Level 1:colcon.colcon_core.environment:checking '/root/dddmr_navigation/install/cloud_msgs/bin'
[0.773s] Level 1:colcon.colcon_core.environment:checking '/root/dddmr_navigation/install/cloud_msgs/lib/pkgconfig/cloud_msgs.pc'
[0.773s] Level 1:colcon.colcon_core.environment:checking '/root/dddmr_navigation/install/cloud_msgs/lib/python3.10/site-packages'
[0.773s] Level 1:colcon.colcon_core.environment:checking '/root/dddmr_navigation/install/cloud_msgs/bin'
[0.773s] INFO:colcon.colcon_core.shell:Creating package script '/root/dddmr_navigation/install/cloud_msgs/share/cloud_msgs/package.ps1'
[0.773s] INFO:colcon.colcon_core.shell:Creating package descriptor '/root/dddmr_navigation/install/cloud_msgs/share/cloud_msgs/package.dsv'
[0.773s] INFO:colcon.colcon_core.shell:Creating package script '/root/dddmr_navigation/install/cloud_msgs/share/cloud_msgs/package.sh'
[0.774s] INFO:colcon.colcon_core.shell:Creating package script '/root/dddmr_navigation/install/cloud_msgs/share/cloud_msgs/package.bash'
[0.774s] INFO:colcon.colcon_core.shell:Creating package script '/root/dddmr_navigation/install/cloud_msgs/share/cloud_msgs/package.zsh'
[0.774s] Level 1:colcon.colcon_core.environment:create_file_with_runtime_dependencies(/root/dddmr_navigation/install/cloud_msgs/share/colcon-core/packages/cloud_msgs)
[0.774s] Level 1:colcon.colcon_core.environment:create_environment_scripts_only(cloud_msgs)
[0.774s] Level 1:colcon.colcon_core.environment:checking '/root/dddmr_navigation/install/cloud_msgs' for CMake module files
[0.774s] Level 1:colcon.colcon_core.environment:checking '/root/dddmr_navigation/install/cloud_msgs' for CMake config files
[0.775s] Level 1:colcon.colcon_core.shell:create_environment_hook('cloud_msgs', 'cmake_prefix_path')
[0.775s] INFO:colcon.colcon_core.shell:Creating environment hook '/root/dddmr_navigation/install/cloud_msgs/share/cloud_msgs/hook/cmake_prefix_path.ps1'
[0.775s] INFO:colcon.colcon_core.shell:Creating environment descriptor '/root/dddmr_navigation/install/cloud_msgs/share/cloud_msgs/hook/cmake_prefix_path.dsv'
[0.775s] INFO:colcon.colcon_core.shell:Creating environment hook '/root/dddmr_navigation/install/cloud_msgs/share/cloud_msgs/hook/cmake_prefix_path.sh'
[0.775s] Level 1:colcon.colcon_core.environment:checking '/root/dddmr_navigation/install/cloud_msgs/lib'
[0.776s] Level 1:colcon.colcon_core.shell:create_environment_hook('cloud_msgs', 'ld_library_path_lib')
[0.776s] INFO:colcon.colcon_core.shell:Creating environment hook '/root/dddmr_navigation/install/cloud_msgs/share/cloud_msgs/hook/ld_library_path_lib.ps1'
[0.776s] INFO:colcon.colcon_core.shell:Creating environment descriptor '/root/dddmr_navigation/install/cloud_msgs/share/cloud_msgs/hook/ld_library_path_lib.dsv'
[0.776s] INFO:colcon.colcon_core.shell:Creating environment hook '/root/dddmr_navigation/install/cloud_msgs/share/cloud_msgs/hook/ld_library_path_lib.sh'
[0.776s] Level 1:colcon.colcon_core.environment:checking '/root/dddmr_navigation/install/cloud_msgs/bin'
[0.776s] Level 1:colcon.colcon_core.environment:checking '/root/dddmr_navigation/install/cloud_msgs/lib/pkgconfig/cloud_msgs.pc'
[0.776s] Level 1:colcon.colcon_core.environment:checking '/root/dddmr_navigation/install/cloud_msgs/lib/python3.10/site-packages'
[0.776s] Level 1:colcon.colcon_core.environment:checking '/root/dddmr_navigation/install/cloud_msgs/bin'
[0.776s] INFO:colcon.colcon_core.shell:Creating package script '/root/dddmr_navigation/install/cloud_msgs/share/cloud_msgs/package.ps1'
[0.777s] INFO:colcon.colcon_core.shell:Creating package descriptor '/root/dddmr_navigation/install/cloud_msgs/share/cloud_msgs/package.dsv'
[0.777s] INFO:colcon.colcon_core.shell:Creating package script '/root/dddmr_navigation/install/cloud_msgs/share/cloud_msgs/package.sh'
[0.777s] INFO:colcon.colcon_core.shell:Creating package script '/root/dddmr_navigation/install/cloud_msgs/share/cloud_msgs/package.bash'
[0.777s] INFO:colcon.colcon_core.shell:Creating package script '/root/dddmr_navigation/install/cloud_msgs/share/cloud_msgs/package.zsh'
[0.777s] Level 1:colcon.colcon_core.environment:create_file_with_runtime_dependencies(/root/dddmr_navigation/install/cloud_msgs/share/colcon-core/packages/cloud_msgs)
[0.778s] INFO:colcon.colcon_ros.task.ament_cmake.build:Building ROS package in '/root/dddmr_navigation/src/dddmr_mcl_3dl' with build type 'ament_cmake'
[0.778s] INFO:colcon.colcon_cmake.task.cmake.build:Building CMake package in '/root/dddmr_navigation/src/dddmr_mcl_3dl'
[0.778s] INFO:colcon.colcon_core.shell:Skip shell extension 'powershell' for command environment: Not usable outside of PowerShell
[0.778s] DEBUG:colcon.colcon_core.shell:Skip shell extension 'dsv' for command environment
[0.781s] Level 1:colcon.colcon_core.environment:create_environment_scripts_only(dddmr_sys_core)
[0.781s] Level 1:colcon.colcon_core.environment:checking '/root/dddmr_navigation/install/dddmr_sys_core' for CMake module files
[0.781s] DEBUG:colcon.colcon_core.event_handler.log_command:Invoked command in '/root/dddmr_navigation/build/dddmr_sys_core' returned '0': CMAKE_PREFIX_PATH=${CMAKE_PREFIX_PATH}:/opt/ros/humble /usr/bin/cmake --install /root/dddmr_navigation/build/dddmr_sys_core
[0.782s] Level 1:colcon.colcon_core.environment:checking '/root/dddmr_navigation/install/dddmr_sys_core' for CMake config files
[0.783s] Level 1:colcon.colcon_core.shell:create_environment_hook('dddmr_sys_core', 'cmake_prefix_path')
[0.783s] INFO:colcon.colcon_core.shell:Creating environment hook '/root/dddmr_navigation/install/dddmr_sys_core/share/dddmr_sys_core/hook/cmake_prefix_path.ps1'
[0.783s] INFO:colcon.colcon_core.shell:Creating environment descriptor '/root/dddmr_navigation/install/dddmr_sys_core/share/dddmr_sys_core/hook/cmake_prefix_path.dsv'
[0.783s] INFO:colcon.colcon_core.shell:Creating environment hook '/root/dddmr_navigation/install/dddmr_sys_core/share/dddmr_sys_core/hook/cmake_prefix_path.sh'
[0.784s] Level 1:colcon.colcon_core.environment:checking '/root/dddmr_navigation/install/dddmr_sys_core/lib'
[0.784s] Level 1:colcon.colcon_core.shell:create_environment_hook('dddmr_sys_core', 'ld_library_path_lib')
[0.784s] INFO:colcon.colcon_core.shell:Creating environment hook '/root/dddmr_navigation/install/dddmr_sys_core/share/dddmr_sys_core/hook/ld_library_path_lib.ps1'
[0.784s] INFO:colcon.colcon_core.shell:Creating environment descriptor '/root/dddmr_navigation/install/dddmr_sys_core/share/dddmr_sys_core/hook/ld_library_path_lib.dsv'
[0.784s] INFO:colcon.colcon_core.shell:Creating environment hook '/root/dddmr_navigation/install/dddmr_sys_core/share/dddmr_sys_core/hook/ld_library_path_lib.sh'
[0.784s] Level 1:colcon.colcon_core.environment:checking '/root/dddmr_navigation/install/dddmr_sys_core/bin'
[0.784s] Level 1:colcon.colcon_core.environment:checking '/root/dddmr_navigation/install/dddmr_sys_core/lib/pkgconfig/dddmr_sys_core.pc'
[0.784s] Level 1:colcon.colcon_core.environment:checking '/root/dddmr_navigation/install/dddmr_sys_core/lib/python3.10/site-packages'
[0.784s] Level 1:colcon.colcon_core.environment:checking '/root/dddmr_navigation/install/dddmr_sys_core/bin'
[0.785s] INFO:colcon.colcon_core.shell:Creating package script '/root/dddmr_navigation/install/dddmr_sys_core/share/dddmr_sys_core/package.ps1'
[0.785s] INFO:colcon.colcon_core.shell:Creating package descriptor '/root/dddmr_navigation/install/dddmr_sys_core/share/dddmr_sys_core/package.dsv'
[0.785s] INFO:colcon.colcon_core.shell:Creating package script '/root/dddmr_navigation/install/dddmr_sys_core/share/dddmr_sys_core/package.sh'
[0.785s] INFO:colcon.colcon_core.shell:Creating package script '/root/dddmr_navigation/install/dddmr_sys_core/share/dddmr_sys_core/package.bash'
[0.785s] INFO:colcon.colcon_core.shell:Creating package script '/root/dddmr_navigation/install/dddmr_sys_core/share/dddmr_sys_core/package.zsh'
[0.786s] Level 1:colcon.colcon_core.environment:create_file_with_runtime_dependencies(/root/dddmr_navigation/install/dddmr_sys_core/share/colcon-core/packages/dddmr_sys_core)
[0.786s] Level 1:colcon.colcon_core.environment:create_environment_scripts_only(dddmr_sys_core)
[0.786s] Level 1:colcon.colcon_core.environment:checking '/root/dddmr_navigation/install/dddmr_sys_core' for CMake module files
[0.786s] Level 1:colcon.colcon_core.environment:checking '/root/dddmr_navigation/install/dddmr_sys_core' for CMake config files
[0.787s] Level 1:colcon.colcon_core.shell:create_environment_hook('dddmr_sys_core', 'cmake_prefix_path')
[0.787s] INFO:colcon.colcon_core.shell:Creating environment hook '/root/dddmr_navigation/install/dddmr_sys_core/share/dddmr_sys_core/hook/cmake_prefix_path.ps1'
[0.787s] INFO:colcon.colcon_core.shell:Creating environment descriptor '/root/dddmr_navigation/install/dddmr_sys_core/share/dddmr_sys_core/hook/cmake_prefix_path.dsv'
[0.787s] INFO:colcon.colcon_core.shell:Creating environment hook '/root/dddmr_navigation/install/dddmr_sys_core/share/dddmr_sys_core/hook/cmake_prefix_path.sh'
[0.788s] Level 1:colcon.colcon_core.environment:checking '/root/dddmr_navigation/install/dddmr_sys_core/lib'
[0.788s] Level 1:colcon.colcon_core.shell:create_environment_hook('dddmr_sys_core', 'ld_library_path_lib')
[0.788s] INFO:colcon.colcon_core.shell:Creating environment hook '/root/dddmr_navigation/install/dddmr_sys_core/share/dddmr_sys_core/hook/ld_library_path_lib.ps1'
[0.788s] INFO:colcon.colcon_core.shell:Creating environment descriptor '/root/dddmr_navigation/install/dddmr_sys_core/share/dddmr_sys_core/hook/ld_library_path_lib.dsv'
[0.788s] INFO:colcon.colcon_core.shell:Creating environment hook '/root/dddmr_navigation/install/dddmr_sys_core/share/dddmr_sys_core/hook/ld_library_path_lib.sh'
[0.788s] Level 1:colcon.colcon_core.environment:checking '/root/dddmr_navigation/install/dddmr_sys_core/bin'
[0.788s] Level 1:colcon.colcon_core.environment:checking '/root/dddmr_navigation/install/dddmr_sys_core/lib/pkgconfig/dddmr_sys_core.pc'
[0.788s] Level 1:colcon.colcon_core.environment:checking '/root/dddmr_navigation/install/dddmr_sys_core/lib/python3.10/site-packages'
[0.788s] Level 1:colcon.colcon_core.environment:checking '/root/dddmr_navigation/install/dddmr_sys_core/bin'
[0.789s] INFO:colcon.colcon_core.shell:Creating package script '/root/dddmr_navigation/install/dddmr_sys_core/share/dddmr_sys_core/package.ps1'
[0.789s] INFO:colcon.colcon_core.shell:Creating package descriptor '/root/dddmr_navigation/install/dddmr_sys_core/share/dddmr_sys_core/package.dsv'
[0.789s] INFO:colcon.colcon_core.shell:Creating package script '/root/dddmr_navigation/install/dddmr_sys_core/share/dddmr_sys_core/package.sh'
[0.789s] INFO:colcon.colcon_core.shell:Creating package script '/root/dddmr_navigation/install/dddmr_sys_core/share/dddmr_sys_core/package.bash'
[0.789s] INFO:colcon.colcon_core.shell:Creating package script '/root/dddmr_navigation/install/dddmr_sys_core/share/dddmr_sys_core/package.zsh'
[0.790s] Level 1:colcon.colcon_core.environment:create_file_with_runtime_dependencies(/root/dddmr_navigation/install/dddmr_sys_core/share/colcon-core/packages/dddmr_sys_core)
[0.790s] INFO:colcon.colcon_ros.task.ament_cmake.build:Building ROS package in '/root/dddmr_navigation/src/dddmr_global_planner' with build type 'ament_cmake'
[0.790s] INFO:colcon.colcon_cmake.task.cmake.build:Building CMake package in '/root/dddmr_navigation/src/dddmr_global_planner'
[0.790s] INFO:colcon.colcon_core.shell:Skip shell extension 'powershell' for command environment: Not usable outside of PowerShell
[0.791s] DEBUG:colcon.colcon_core.shell:Skip shell extension 'dsv' for command environment
[0.793s] INFO:colcon.colcon_ros.task.ament_cmake.build:Building ROS package in '/root/dddmr_navigation/src/dddmr_lego_loam/lego_loam_bor' with build type 'ament_cmake'
[0.793s] INFO:colcon.colcon_cmake.task.cmake.build:Building CMake package in '/root/dddmr_navigation/src/dddmr_lego_loam/lego_loam_bor'
[0.793s] INFO:colcon.colcon_core.shell:Skip shell extension 'powershell' for command environment: Not usable outside of PowerShell
[0.793s] DEBUG:colcon.colcon_core.shell:Skip shell extension 'dsv' for command environment
[0.799s] DEBUG:colcon.colcon_core.event_handler.log_command:Invoking command in '/root/dddmr_navigation/build/mcl_3dl': CMAKE_PREFIX_PATH=/root/dddmr_navigation/install/cloud_msgs:/root/livox_ws/install/livox_ros_driver2:/root/dddmr_navigation/install/dddmr_sc_pgo:/root/dddmr_navigation/install/p2p_move_base:/root/dddmr_navigation/install/recovery_behaviors:/root/dddmr_navigation/install/local_planner:/root/dddmr_navigation/install/trajectory_generators:/root/dddmr_navigation/install/pose_graph_merge_editor_panel:/root/dddmr_navigation/install/pose_graph_editor_panel:/root/dddmr_navigation/install/perception_3d:/root/dddmr_navigation/install/mpc_critics:/root/dddmr_navigation/install/mcl_3dl:/root/dddmr_navigation/install/mapping_panel:/root/dddmr_navigation/install/map_editor_panel:/root/dddmr_navigation/install/lego_loam_bor:/root/dddmr_navigation/install/global_planner:/root/dddmr_navigation/install/fast_lio:/root/dddmr_navigation/install/dddmr_trt:/root/dddmr_navigation/install/dddmr_sys_core:/root/dddmr_navigation/install/dddmr_semantic_segmentation:/root/dddmr_navigation/install/dddmr_rviz_default_plugins:/root/dddmr_navigation/install/dddmr_odom_3d:/root/dddmr_navigation/install/dddmr_fastlio_adapter:/root/dddmr_navigation/install/dddmr_beginner_guide:/root/dddmr_navigation/install/base_trajectory:/opt/ros/humble LD_LIBRARY_PATH=/root/dddmr_navigation/install/cloud_msgs/lib:/root/livox_ws/install/livox_ros_driver2/lib:/root/dddmr_navigation/install/dddmr_sc_pgo/lib:/opt/ros/humble/opt/rviz_ogre_vendor/lib:/opt/ros/humble/lib/x86_64-linux-gnu:/opt/ros/humble/lib:/root/dddmr_navigation/install/p2p_move_base/lib:/root/dddmr_navigation/install/recovery_behaviors/lib:/root/dddmr_navigation/install/local_planner/lib:/root/dddmr_navigation/install/trajectory_generators/lib:/root/dddmr_navigation/install/pose_graph_merge_editor_panel/lib:/root/dddmr_navigation/install/pose_graph_editor_panel/lib:/root/dddmr_navigation/install/perception_3d/lib:/root/dddmr_navigation/install/mpc_critics/lib:/root/dddmr_navigation/install/mcl_3dl/lib:/root/dddmr_navigation/install/mapping_panel/lib:/root/dddmr_navigation/install/map_editor_panel/lib:/root/dddmr_navigation/install/lego_loam_bor/lib:/root/dddmr_navigation/install/global_planner/lib:/root/dddmr_navigation/install/fast_lio/lib:/root/dddmr_navigation/install/dddmr_sys_core/lib:/root/dddmr_navigation/install/dddmr_rviz_default_plugins/lib:/root/dddmr_navigation/install/base_trajectory/lib /usr/bin/cmake --build /root/dddmr_navigation/build/mcl_3dl -- -j28 -l28
[0.804s] DEBUG:colcon.colcon_core.event_handler.log_command:Invoking command in '/root/dddmr_navigation/build/global_planner': CMAKE_PREFIX_PATH=/root/dddmr_navigation/install/perception_3d:/root/dddmr_navigation/install/dddmr_sys_core:/root/livox_ws/install/livox_ros_driver2:/root/dddmr_navigation/install/dddmr_sc_pgo:/root/dddmr_navigation/install/p2p_move_base:/root/dddmr_navigation/install/recovery_behaviors:/root/dddmr_navigation/install/local_planner:/root/dddmr_navigation/install/trajectory_generators:/root/dddmr_navigation/install/pose_graph_merge_editor_panel:/root/dddmr_navigation/install/pose_graph_editor_panel:/root/dddmr_navigation/install/mpc_critics:/root/dddmr_navigation/install/mcl_3dl:/root/dddmr_navigation/install/mapping_panel:/root/dddmr_navigation/install/map_editor_panel:/root/dddmr_navigation/install/lego_loam_bor:/root/dddmr_navigation/install/global_planner:/root/dddmr_navigation/install/fast_lio:/root/dddmr_navigation/install/dddmr_trt:/root/dddmr_navigation/install/dddmr_semantic_segmentation:/root/dddmr_navigation/install/dddmr_rviz_default_plugins:/root/dddmr_navigation/install/dddmr_odom_3d:/root/dddmr_navigation/install/dddmr_fastlio_adapter:/root/dddmr_navigation/install/dddmr_beginner_guide:/root/dddmr_navigation/install/cloud_msgs:/root/dddmr_navigation/install/base_trajectory:/opt/ros/humble LD_LIBRARY_PATH=/root/dddmr_navigation/install/perception_3d/lib:/root/dddmr_navigation/install/dddmr_sys_core/lib:/root/livox_ws/install/livox_ros_driver2/lib:/root/dddmr_navigation/install/dddmr_sc_pgo/lib:/opt/ros/humble/opt/rviz_ogre_vendor/lib:/opt/ros/humble/lib/x86_64-linux-gnu:/opt/ros/humble/lib:/root/dddmr_navigation/install/p2p_move_base/lib:/root/dddmr_navigation/install/recovery_behaviors/lib:/root/dddmr_navigation/install/local_planner/lib:/root/dddmr_navigation/install/trajectory_generators/lib:/root/dddmr_navigation/install/pose_graph_merge_editor_panel/lib:/root/dddmr_navigation/install/pose_graph_editor_panel/lib:/root/dddmr_navigation/install/mpc_critics/lib:/root/dddmr_navigation/install/mcl_3dl/lib:/root/dddmr_navigation/install/mapping_panel/lib:/root/dddmr_navigation/install/map_editor_panel/lib:/root/dddmr_navigation/install/lego_loam_bor/lib:/root/dddmr_navigation/install/global_planner/lib:/root/dddmr_navigation/install/fast_lio/lib:/root/dddmr_navigation/install/dddmr_rviz_default_plugins/lib:/root/dddmr_navigation/install/cloud_msgs/lib:/root/dddmr_navigation/install/base_trajectory/lib /usr/bin/cmake --build /root/dddmr_navigation/build/global_planner -- -j28 -l28
[0.808s] DEBUG:colcon.colcon_core.event_handler.log_command:Invoking command in '/root/dddmr_navigation/build/lego_loam_bor': CMAKE_PREFIX_PATH=/root/dddmr_navigation/install/dddmr_trt:/root/dddmr_navigation/install/dddmr_sys_core:/root/dddmr_navigation/install/cloud_msgs:/root/livox_ws/install/livox_ros_driver2:/root/dddmr_navigation/install/dddmr_sc_pgo:/root/dddmr_navigation/install/p2p_move_base:/root/dddmr_navigation/install/recovery_behaviors:/root/dddmr_navigation/install/local_planner:/root/dddmr_navigation/install/trajectory_generators:/root/dddmr_navigation/install/pose_graph_merge_editor_panel:/root/dddmr_navigation/install/pose_graph_editor_panel:/root/dddmr_navigation/install/perception_3d:/root/dddmr_navigation/install/mpc_critics:/root/dddmr_navigation/install/mcl_3dl:/root/dddmr_navigation/install/mapping_panel:/root/dddmr_navigation/install/map_editor_panel:/root/dddmr_navigation/install/lego_loam_bor:/root/dddmr_navigation/install/global_planner:/root/dddmr_navigation/install/fast_lio:/root/dddmr_navigation/install/dddmr_semantic_segmentation:/root/dddmr_navigation/install/dddmr_rviz_default_plugins:/root/dddmr_navigation/install/dddmr_odom_3d:/root/dddmr_navigation/install/dddmr_fastlio_adapter:/root/dddmr_navigation/install/dddmr_beginner_guide:/root/dddmr_navigation/install/base_trajectory:/opt/ros/humble LD_LIBRARY_PATH=/root/dddmr_navigation/install/dddmr_sys_core/lib:/root/dddmr_navigation/install/cloud_msgs/lib:/root/livox_ws/install/livox_ros_driver2/lib:/root/dddmr_navigation/install/dddmr_sc_pgo/lib:/opt/ros/humble/opt/rviz_ogre_vendor/lib:/opt/ros/humble/lib/x86_64-linux-gnu:/opt/ros/humble/lib:/root/dddmr_navigation/install/p2p_move_base/lib:/root/dddmr_navigation/install/recovery_behaviors/lib:/root/dddmr_navigation/install/local_planner/lib:/root/dddmr_navigation/install/trajectory_generators/lib:/root/dddmr_navigation/install/pose_graph_merge_editor_panel/lib:/root/dddmr_navigation/install/pose_graph_editor_panel/lib:/root/dddmr_navigation/install/perception_3d/lib:/root/dddmr_navigation/install/mpc_critics/lib:/root/dddmr_navigation/install/mcl_3dl/lib:/root/dddmr_navigation/install/mapping_panel/lib:/root/dddmr_navigation/install/map_editor_panel/lib:/root/dddmr_navigation/install/lego_loam_bor/lib:/root/dddmr_navigation/install/global_planner/lib:/root/dddmr_navigation/install/fast_lio/lib:/root/dddmr_navigation/install/dddmr_rviz_default_plugins/lib:/root/dddmr_navigation/install/base_trajectory/lib /usr/bin/cmake --build /root/dddmr_navigation/build/lego_loam_bor -- -j28 -l28
[0.851s] DEBUG:colcon.colcon_core.event_handler.log_command:Invoked command in '/root/dddmr_navigation/build/mpc_critics' returned '0': CMAKE_PREFIX_PATH=/root/dddmr_navigation/install/base_trajectory:/root/livox_ws/install/livox_ros_driver2:/root/dddmr_navigation/install/dddmr_sc_pgo:/root/dddmr_navigation/install/p2p_move_base:/root/dddmr_navigation/install/recovery_behaviors:/root/dddmr_navigation/install/local_planner:/root/dddmr_navigation/install/trajectory_generators:/root/dddmr_navigation/install/pose_graph_merge_editor_panel:/root/dddmr_navigation/install/pose_graph_editor_panel:/root/dddmr_navigation/install/perception_3d:/root/dddmr_navigation/install/mpc_critics:/root/dddmr_navigation/install/mcl_3dl:/root/dddmr_navigation/install/mapping_panel:/root/dddmr_navigation/install/map_editor_panel:/root/dddmr_navigation/install/lego_loam_bor:/root/dddmr_navigation/install/global_planner:/root/dddmr_navigation/install/fast_lio:/root/dddmr_navigation/install/dddmr_trt:/root/dddmr_navigation/install/dddmr_sys_core:/root/dddmr_navigation/install/dddmr_semantic_segmentation:/root/dddmr_navigation/install/dddmr_rviz_default_plugins:/root/dddmr_navigation/install/dddmr_odom_3d:/root/dddmr_navigation/install/dddmr_fastlio_adapter:/root/dddmr_navigation/install/dddmr_beginner_guide:/root/dddmr_navigation/install/cloud_msgs:/opt/ros/humble LD_LIBRARY_PATH=/root/dddmr_navigation/install/base_trajectory/lib:/root/livox_ws/install/livox_ros_driver2/lib:/root/dddmr_navigation/install/dddmr_sc_pgo/lib:/opt/ros/humble/opt/rviz_ogre_vendor/lib:/opt/ros/humble/lib/x86_64-linux-gnu:/opt/ros/humble/lib:/root/dddmr_navigation/install/p2p_move_base/lib:/root/dddmr_navigation/install/recovery_behaviors/lib:/root/dddmr_navigation/install/local_planner/lib:/root/dddmr_navigation/install/trajectory_generators/lib:/root/dddmr_navigation/install/pose_graph_merge_editor_panel/lib:/root/dddmr_navigation/install/pose_graph_editor_panel/lib:/root/dddmr_navigation/install/perception_3d/lib:/root/dddmr_navigation/install/mpc_critics/lib:/root/dddmr_navigation/install/mcl_3dl/lib:/root/dddmr_navigation/install/mapping_panel/lib:/root/dddmr_navigation/install/map_editor_panel/lib:/root/dddmr_navigation/install/lego_loam_bor/lib:/root/dddmr_navigation/install/global_planner/lib:/root/dddmr_navigation/install/fast_lio/lib:/root/dddmr_navigation/install/dddmr_sys_core/lib:/root/dddmr_navigation/install/dddmr_rviz_default_plugins/lib:/root/dddmr_navigation/install/cloud_msgs/lib /usr/bin/cmake --build /root/dddmr_navigation/build/mpc_critics -- -j28 -l28
[0.853s] DEBUG:colcon.colcon_core.event_handler.log_command:Invoking command in '/root/dddmr_navigation/build/mpc_critics': CMAKE_PREFIX_PATH=/root/dddmr_navigation/install/base_trajectory:/root/livox_ws/install/livox_ros_driver2:/root/dddmr_navigation/install/dddmr_sc_pgo:/root/dddmr_navigation/install/p2p_move_base:/root/dddmr_navigation/install/recovery_behaviors:/root/dddmr_navigation/install/local_planner:/root/dddmr_navigation/install/trajectory_generators:/root/dddmr_navigation/install/pose_graph_merge_editor_panel:/root/dddmr_navigation/install/pose_graph_editor_panel:/root/dddmr_navigation/install/perception_3d:/root/dddmr_navigation/install/mpc_critics:/root/dddmr_navigation/install/mcl_3dl:/root/dddmr_navigation/install/mapping_panel:/root/dddmr_navigation/install/map_editor_panel:/root/dddmr_navigation/install/lego_loam_bor:/root/dddmr_navigation/install/global_planner:/root/dddmr_navigation/install/fast_lio:/root/dddmr_navigation/install/dddmr_trt:/root/dddmr_navigation/install/dddmr_sys_core:/root/dddmr_navigation/install/dddmr_semantic_segmentation:/root/dddmr_navigation/install/dddmr_rviz_default_plugins:/root/dddmr_navigation/install/dddmr_odom_3d:/root/dddmr_navigation/install/dddmr_fastlio_adapter:/root/dddmr_navigation/install/dddmr_beginner_guide:/root/dddmr_navigation/install/cloud_msgs:/opt/ros/humble LD_LIBRARY_PATH=/root/dddmr_navigation/install/base_trajectory/lib:/root/livox_ws/install/livox_ros_driver2/lib:/root/dddmr_navigation/install/dddmr_sc_pgo/lib:/opt/ros/humble/opt/rviz_ogre_vendor/lib:/opt/ros/humble/lib/x86_64-linux-gnu:/opt/ros/humble/lib:/root/dddmr_navigation/install/p2p_move_base/lib:/root/dddmr_navigation/install/recovery_behaviors/lib:/root/dddmr_navigation/install/local_planner/lib:/root/dddmr_navigation/install/trajectory_generators/lib:/root/dddmr_navigation/install/pose_graph_merge_editor_panel/lib:/root/dddmr_navigation/install/pose_graph_editor_panel/lib:/root/dddmr_navigation/install/perception_3d/lib:/root/dddmr_navigation/install/mpc_critics/lib:/root/dddmr_navigation/install/mcl_3dl/lib:/root/dddmr_navigation/install/mapping_panel/lib:/root/dddmr_navigation/install/map_editor_panel/lib:/root/dddmr_navigation/install/lego_loam_bor/lib:/root/dddmr_navigation/install/global_planner/lib:/root/dddmr_navigation/install/fast_lio/lib:/root/dddmr_navigation/install/dddmr_sys_core/lib:/root/dddmr_navigation/install/dddmr_rviz_default_plugins/lib:/root/dddmr_navigation/install/cloud_msgs/lib /usr/bin/cmake --install /root/dddmr_navigation/build/mpc_critics
[0.875s] Level 1:colcon.colcon_core.environment:create_environment_scripts_only(mpc_critics)
[0.875s] Level 1:colcon.colcon_core.environment:checking '/root/dddmr_navigation/install/mpc_critics' for CMake module files
[0.875s] DEBUG:colcon.colcon_core.event_handler.log_command:Invoked command in '/root/dddmr_navigation/build/mpc_critics' returned '0': CMAKE_PREFIX_PATH=/root/dddmr_navigation/install/base_trajectory:/root/livox_ws/install/livox_ros_driver2:/root/dddmr_navigation/install/dddmr_sc_pgo:/root/dddmr_navigation/install/p2p_move_base:/root/dddmr_navigation/install/recovery_behaviors:/root/dddmr_navigation/install/local_planner:/root/dddmr_navigation/install/trajectory_generators:/root/dddmr_navigation/install/pose_graph_merge_editor_panel:/root/dddmr_navigation/install/pose_graph_editor_panel:/root/dddmr_navigation/install/perception_3d:/root/dddmr_navigation/install/mpc_critics:/root/dddmr_navigation/install/mcl_3dl:/root/dddmr_navigation/install/mapping_panel:/root/dddmr_navigation/install/map_editor_panel:/root/dddmr_navigation/install/lego_loam_bor:/root/dddmr_navigation/install/global_planner:/root/dddmr_navigation/install/fast_lio:/root/dddmr_navigation/install/dddmr_trt:/root/dddmr_navigation/install/dddmr_sys_core:/root/dddmr_navigation/install/dddmr_semantic_segmentation:/root/dddmr_navigation/install/dddmr_rviz_default_plugins:/root/dddmr_navigation/install/dddmr_odom_3d:/root/dddmr_navigation/install/dddmr_fastlio_adapter:/root/dddmr_navigation/install/dddmr_beginner_guide:/root/dddmr_navigation/install/cloud_msgs:/opt/ros/humble LD_LIBRARY_PATH=/root/dddmr_navigation/install/base_trajectory/lib:/root/livox_ws/install/livox_ros_driver2/lib:/root/dddmr_navigation/install/dddmr_sc_pgo/lib:/opt/ros/humble/opt/rviz_ogre_vendor/lib:/opt/ros/humble/lib/x86_64-linux-gnu:/opt/ros/humble/lib:/root/dddmr_navigation/install/p2p_move_base/lib:/root/dddmr_navigation/install/recovery_behaviors/lib:/root/dddmr_navigation/install/local_planner/lib:/root/dddmr_navigation/install/trajectory_generators/lib:/root/dddmr_navigation/install/pose_graph_merge_editor_panel/lib:/root/dddmr_navigation/install/pose_graph_editor_panel/lib:/root/dddmr_navigation/install/perception_3d/lib:/root/dddmr_navigation/install/mpc_critics/lib:/root/dddmr_navigation/install/mcl_3dl/lib:/root/dddmr_navigation/install/mapping_panel/lib:/root/dddmr_navigation/install/map_editor_panel/lib:/root/dddmr_navigation/install/lego_loam_bor/lib:/root/dddmr_navigation/install/global_planner/lib:/root/dddmr_navigation/install/fast_lio/lib:/root/dddmr_navigation/install/dddmr_sys_core/lib:/root/dddmr_navigation/install/dddmr_rviz_default_plugins/lib:/root/dddmr_navigation/install/cloud_msgs/lib /usr/bin/cmake --install /root/dddmr_navigation/build/mpc_critics
[0.876s] Level 1:colcon.colcon_core.environment:checking '/root/dddmr_navigation/install/mpc_critics' for CMake config files
[0.876s] Level 1:colcon.colcon_core.shell:create_environment_hook('mpc_critics', 'cmake_prefix_path')
[0.877s] INFO:colcon.colcon_core.shell:Creating environment hook '/root/dddmr_navigation/install/mpc_critics/share/mpc_critics/hook/cmake_prefix_path.ps1'
[0.877s] INFO:colcon.colcon_core.shell:Creating environment descriptor '/root/dddmr_navigation/install/mpc_critics/share/mpc_critics/hook/cmake_prefix_path.dsv'
[0.877s] INFO:colcon.colcon_core.shell:Creating environment hook '/root/dddmr_navigation/install/mpc_critics/share/mpc_critics/hook/cmake_prefix_path.sh'
[0.877s] Level 1:colcon.colcon_core.environment:checking '/root/dddmr_navigation/install/mpc_critics/lib'
[0.877s] Level 1:colcon.colcon_core.shell:create_environment_hook('mpc_critics', 'ld_library_path_lib')
[0.878s] INFO:colcon.colcon_core.shell:Creating environment hook '/root/dddmr_navigation/install/mpc_critics/share/mpc_critics/hook/ld_library_path_lib.ps1'
[0.878s] INFO:colcon.colcon_core.shell:Creating environment descriptor '/root/dddmr_navigation/install/mpc_critics/share/mpc_critics/hook/ld_library_path_lib.dsv'
[0.878s] INFO:colcon.colcon_core.shell:Creating environment hook '/root/dddmr_navigation/install/mpc_critics/share/mpc_critics/hook/ld_library_path_lib.sh'
[0.878s] Level 1:colcon.colcon_core.environment:checking '/root/dddmr_navigation/install/mpc_critics/bin'
[0.878s] Level 1:colcon.colcon_core.environment:checking '/root/dddmr_navigation/install/mpc_critics/lib/pkgconfig/mpc_critics.pc'
[0.878s] Level 1:colcon.colcon_core.environment:checking '/root/dddmr_navigation/install/mpc_critics/lib/python3.10/site-packages'
[0.878s] Level 1:colcon.colcon_core.environment:checking '/root/dddmr_navigation/install/mpc_critics/bin'
[0.879s] INFO:colcon.colcon_core.shell:Creating package script '/root/dddmr_navigation/install/mpc_critics/share/mpc_critics/package.ps1'
[0.879s] INFO:colcon.colcon_core.shell:Creating package descriptor '/root/dddmr_navigation/install/mpc_critics/share/mpc_critics/package.dsv'
[0.879s] INFO:colcon.colcon_core.shell:Creating package script '/root/dddmr_navigation/install/mpc_critics/share/mpc_critics/package.sh'
[0.879s] INFO:colcon.colcon_core.shell:Creating package script '/root/dddmr_navigation/install/mpc_critics/share/mpc_critics/package.bash'
[0.879s] INFO:colcon.colcon_core.shell:Creating package script '/root/dddmr_navigation/install/mpc_critics/share/mpc_critics/package.zsh'
[0.880s] Level 1:colcon.colcon_core.environment:create_file_with_runtime_dependencies(/root/dddmr_navigation/install/mpc_critics/share/colcon-core/packages/mpc_critics)
[0.880s] Level 1:colcon.colcon_core.environment:create_environment_scripts_only(mpc_critics)
[0.880s] Level 1:colcon.colcon_core.environment:checking '/root/dddmr_navigation/install/mpc_critics' for CMake module files
[0.880s] Level 1:colcon.colcon_core.environment:checking '/root/dddmr_navigation/install/mpc_critics' for CMake config files
[0.880s] Level 1:colcon.colcon_core.shell:create_environment_hook('mpc_critics', 'cmake_prefix_path')
[0.881s] INFO:colcon.colcon_core.shell:Creating environment hook '/root/dddmr_navigation/install/mpc_critics/share/mpc_critics/hook/cmake_prefix_path.ps1'
[0.881s] INFO:colcon.colcon_core.shell:Creating environment descriptor '/root/dddmr_navigation/install/mpc_critics/share/mpc_critics/hook/cmake_prefix_path.dsv'
[0.881s] INFO:colcon.colcon_core.shell:Creating environment hook '/root/dddmr_navigation/install/mpc_critics/share/mpc_critics/hook/cmake_prefix_path.sh'
[0.881s] Level 1:colcon.colcon_core.environment:checking '/root/dddmr_navigation/install/mpc_critics/lib'
[0.881s] Level 1:colcon.colcon_core.shell:create_environment_hook('mpc_critics', 'ld_library_path_lib')
[0.881s] INFO:colcon.colcon_core.shell:Creating environment hook '/root/dddmr_navigation/install/mpc_critics/share/mpc_critics/hook/ld_library_path_lib.ps1'
[0.882s] INFO:colcon.colcon_core.shell:Creating environment descriptor '/root/dddmr_navigation/install/mpc_critics/share/mpc_critics/hook/ld_library_path_lib.dsv'
[0.882s] INFO:colcon.colcon_core.shell:Creating environment hook '/root/dddmr_navigation/install/mpc_critics/share/mpc_critics/hook/ld_library_path_lib.sh'
[0.882s] Level 1:colcon.colcon_core.environment:checking '/root/dddmr_navigation/install/mpc_critics/bin'
[0.882s] Level 1:colcon.colcon_core.environment:checking '/root/dddmr_navigation/install/mpc_critics/lib/pkgconfig/mpc_critics.pc'
[0.882s] Level 1:colcon.colcon_core.environment:checking '/root/dddmr_navigation/install/mpc_critics/lib/python3.10/site-packages'
[0.882s] Level 1:colcon.colcon_core.environment:checking '/root/dddmr_navigation/install/mpc_critics/bin'
[0.883s] INFO:colcon.colcon_core.shell:Creating package script '/root/dddmr_navigation/install/mpc_critics/share/mpc_critics/package.ps1'
[0.883s] INFO:colcon.colcon_core.shell:Creating package descriptor '/root/dddmr_navigation/install/mpc_critics/share/mpc_critics/package.dsv'
[0.883s] INFO:colcon.colcon_core.shell:Creating package script '/root/dddmr_navigation/install/mpc_critics/share/mpc_critics/package.sh'
[0.884s] INFO:colcon.colcon_core.shell:Creating package script '/root/dddmr_navigation/install/mpc_critics/share/mpc_critics/package.bash'
[0.884s] INFO:colcon.colcon_core.shell:Creating package script '/root/dddmr_navigation/install/mpc_critics/share/mpc_critics/package.zsh'
[0.884s] Level 1:colcon.colcon_core.environment:create_file_with_runtime_dependencies(/root/dddmr_navigation/install/mpc_critics/share/colcon-core/packages/mpc_critics)
[0.885s] DEBUG:colcon.colcon_core.event_handler.log_command:Invoked command in '/root/dddmr_navigation/build/trajectory_generators' returned '0': CMAKE_PREFIX_PATH=/root/dddmr_navigation/install/base_trajectory:/root/livox_ws/install/livox_ros_driver2:/root/dddmr_navigation/install/dddmr_sc_pgo:/root/dddmr_navigation/install/p2p_move_base:/root/dddmr_navigation/install/recovery_behaviors:/root/dddmr_navigation/install/local_planner:/root/dddmr_navigation/install/trajectory_generators:/root/dddmr_navigation/install/pose_graph_merge_editor_panel:/root/dddmr_navigation/install/pose_graph_editor_panel:/root/dddmr_navigation/install/perception_3d:/root/dddmr_navigation/install/mpc_critics:/root/dddmr_navigation/install/mcl_3dl:/root/dddmr_navigation/install/mapping_panel:/root/dddmr_navigation/install/map_editor_panel:/root/dddmr_navigation/install/lego_loam_bor:/root/dddmr_navigation/install/global_planner:/root/dddmr_navigation/install/fast_lio:/root/dddmr_navigation/install/dddmr_trt:/root/dddmr_navigation/install/dddmr_sys_core:/root/dddmr_navigation/install/dddmr_semantic_segmentation:/root/dddmr_navigation/install/dddmr_rviz_default_plugins:/root/dddmr_navigation/install/dddmr_odom_3d:/root/dddmr_navigation/install/dddmr_fastlio_adapter:/root/dddmr_navigation/install/dddmr_beginner_guide:/root/dddmr_navigation/install/cloud_msgs:/opt/ros/humble LD_LIBRARY_PATH=/root/dddmr_navigation/install/base_trajectory/lib:/root/livox_ws/install/livox_ros_driver2/lib:/root/dddmr_navigation/install/dddmr_sc_pgo/lib:/opt/ros/humble/opt/rviz_ogre_vendor/lib:/opt/ros/humble/lib/x86_64-linux-gnu:/opt/ros/humble/lib:/root/dddmr_navigation/install/p2p_move_base/lib:/root/dddmr_navigation/install/recovery_behaviors/lib:/root/dddmr_navigation/install/local_planner/lib:/root/dddmr_navigation/install/trajectory_generators/lib:/root/dddmr_navigation/install/pose_graph_merge_editor_panel/lib:/root/dddmr_navigation/install/pose_graph_editor_panel/lib:/root/dddmr_navigation/install/perception_3d/lib:/root/dddmr_navigation/install/mpc_critics/lib:/root/dddmr_navigation/install/mcl_3dl/lib:/root/dddmr_navigation/install/mapping_panel/lib:/root/dddmr_navigation/install/map_editor_panel/lib:/root/dddmr_navigation/install/lego_loam_bor/lib:/root/dddmr_navigation/install/global_planner/lib:/root/dddmr_navigation/install/fast_lio/lib:/root/dddmr_navigation/install/dddmr_sys_core/lib:/root/dddmr_navigation/install/dddmr_rviz_default_plugins/lib:/root/dddmr_navigation/install/cloud_msgs/lib /usr/bin/cmake --build /root/dddmr_navigation/build/trajectory_generators -- -j28 -l28
[0.886s] DEBUG:colcon.colcon_core.event_handler.log_command:Invoking command in '/root/dddmr_navigation/build/trajectory_generators': CMAKE_PREFIX_PATH=/root/dddmr_navigation/install/base_trajectory:/root/livox_ws/install/livox_ros_driver2:/root/dddmr_navigation/install/dddmr_sc_pgo:/root/dddmr_navigation/install/p2p_move_base:/root/dddmr_navigation/install/recovery_behaviors:/root/dddmr_navigation/install/local_planner:/root/dddmr_navigation/install/trajectory_generators:/root/dddmr_navigation/install/pose_graph_merge_editor_panel:/root/dddmr_navigation/install/pose_graph_editor_panel:/root/dddmr_navigation/install/perception_3d:/root/dddmr_navigation/install/mpc_critics:/root/dddmr_navigation/install/mcl_3dl:/root/dddmr_navigation/install/mapping_panel:/root/dddmr_navigation/install/map_editor_panel:/root/dddmr_navigation/install/lego_loam_bor:/root/dddmr_navigation/install/global_planner:/root/dddmr_navigation/install/fast_lio:/root/dddmr_navigation/install/dddmr_trt:/root/dddmr_navigation/install/dddmr_sys_core:/root/dddmr_navigation/install/dddmr_semantic_segmentation:/root/dddmr_navigation/install/dddmr_rviz_default_plugins:/root/dddmr_navigation/install/dddmr_odom_3d:/root/dddmr_navigation/install/dddmr_fastlio_adapter:/root/dddmr_navigation/install/dddmr_beginner_guide:/root/dddmr_navigation/install/cloud_msgs:/opt/ros/humble LD_LIBRARY_PATH=/root/dddmr_navigation/install/base_trajectory/lib:/root/livox_ws/install/livox_ros_driver2/lib:/root/dddmr_navigation/install/dddmr_sc_pgo/lib:/opt/ros/humble/opt/rviz_ogre_vendor/lib:/opt/ros/humble/lib/x86_64-linux-gnu:/opt/ros/humble/lib:/root/dddmr_navigation/install/p2p_move_base/lib:/root/dddmr_navigation/install/recovery_behaviors/lib:/root/dddmr_navigation/install/local_planner/lib:/root/dddmr_navigation/install/trajectory_generators/lib:/root/dddmr_navigation/install/pose_graph_merge_editor_panel/lib:/root/dddmr_navigation/install/pose_graph_editor_panel/lib:/root/dddmr_navigation/install/perception_3d/lib:/root/dddmr_navigation/install/mpc_critics/lib:/root/dddmr_navigation/install/mcl_3dl/lib:/root/dddmr_navigation/install/mapping_panel/lib:/root/dddmr_navigation/install/map_editor_panel/lib:/root/dddmr_navigation/install/lego_loam_bor/lib:/root/dddmr_navigation/install/global_planner/lib:/root/dddmr_navigation/install/fast_lio/lib:/root/dddmr_navigation/install/dddmr_sys_core/lib:/root/dddmr_navigation/install/dddmr_rviz_default_plugins/lib:/root/dddmr_navigation/install/cloud_msgs/lib /usr/bin/cmake --install /root/dddmr_navigation/build/trajectory_generators
[0.908s] Level 1:colcon.colcon_core.environment:create_environment_scripts_only(trajectory_generators)
[0.908s] Level 1:colcon.colcon_core.environment:checking '/root/dddmr_navigation/install/trajectory_generators' for CMake module files
[0.908s] DEBUG:colcon.colcon_core.event_handler.log_command:Invoked command in '/root/dddmr_navigation/build/trajectory_generators' returned '0': CMAKE_PREFIX_PATH=/root/dddmr_navigation/install/base_trajectory:/root/livox_ws/install/livox_ros_driver2:/root/dddmr_navigation/install/dddmr_sc_pgo:/root/dddmr_navigation/install/p2p_move_base:/root/dddmr_navigation/install/recovery_behaviors:/root/dddmr_navigation/install/local_planner:/root/dddmr_navigation/install/trajectory_generators:/root/dddmr_navigation/install/pose_graph_merge_editor_panel:/root/dddmr_navigation/install/pose_graph_editor_panel:/root/dddmr_navigation/install/perception_3d:/root/dddmr_navigation/install/mpc_critics:/root/dddmr_navigation/install/mcl_3dl:/root/dddmr_navigation/install/mapping_panel:/root/dddmr_navigation/install/map_editor_panel:/root/dddmr_navigation/install/lego_loam_bor:/root/dddmr_navigation/install/global_planner:/root/dddmr_navigation/install/fast_lio:/root/dddmr_navigation/install/dddmr_trt:/root/dddmr_navigation/install/dddmr_sys_core:/root/dddmr_navigation/install/dddmr_semantic_segmentation:/root/dddmr_navigation/install/dddmr_rviz_default_plugins:/root/dddmr_navigation/install/dddmr_odom_3d:/root/dddmr_navigation/install/dddmr_fastlio_adapter:/root/dddmr_navigation/install/dddmr_beginner_guide:/root/dddmr_navigation/install/cloud_msgs:/opt/ros/humble LD_LIBRARY_PATH=/root/dddmr_navigation/install/base_trajectory/lib:/root/livox_ws/install/livox_ros_driver2/lib:/root/dddmr_navigation/install/dddmr_sc_pgo/lib:/opt/ros/humble/opt/rviz_ogre_vendor/lib:/opt/ros/humble/lib/x86_64-linux-gnu:/opt/ros/humble/lib:/root/dddmr_navigation/install/p2p_move_base/lib:/root/dddmr_navigation/install/recovery_behaviors/lib:/root/dddmr_navigation/install/local_planner/lib:/root/dddmr_navigation/install/trajectory_generators/lib:/root/dddmr_navigation/install/pose_graph_merge_editor_panel/lib:/root/dddmr_navigation/install/pose_graph_editor_panel/lib:/root/dddmr_navigation/install/perception_3d/lib:/root/dddmr_navigation/install/mpc_critics/lib:/root/dddmr_navigation/install/mcl_3dl/lib:/root/dddmr_navigation/install/mapping_panel/lib:/root/dddmr_navigation/install/map_editor_panel/lib:/root/dddmr_navigation/install/lego_loam_bor/lib:/root/dddmr_navigation/install/global_planner/lib:/root/dddmr_navigation/install/fast_lio/lib:/root/dddmr_navigation/install/dddmr_sys_core/lib:/root/dddmr_navigation/install/dddmr_rviz_default_plugins/lib:/root/dddmr_navigation/install/cloud_msgs/lib /usr/bin/cmake --install /root/dddmr_navigation/build/trajectory_generators
[0.909s] Level 1:colcon.colcon_core.environment:checking '/root/dddmr_navigation/install/trajectory_generators' for CMake config files
[0.910s] Level 1:colcon.colcon_core.shell:create_environment_hook('trajectory_generators', 'cmake_prefix_path')
[0.910s] INFO:colcon.colcon_core.shell:Creating environment hook '/root/dddmr_navigation/install/trajectory_generators/share/trajectory_generators/hook/cmake_prefix_path.ps1'
[0.911s] INFO:colcon.colcon_core.shell:Creating environment descriptor '/root/dddmr_navigation/install/trajectory_generators/share/trajectory_generators/hook/cmake_prefix_path.dsv'
[0.911s] INFO:colcon.colcon_core.shell:Creating environment hook '/root/dddmr_navigation/install/trajectory_generators/share/trajectory_generators/hook/cmake_prefix_path.sh'
[0.912s] Level 1:colcon.colcon_core.environment:checking '/root/dddmr_navigation/install/trajectory_generators/lib'
[0.912s] Level 1:colcon.colcon_core.shell:create_environment_hook('trajectory_generators', 'ld_library_path_lib')
[0.912s] INFO:colcon.colcon_core.shell:Creating environment hook '/root/dddmr_navigation/install/trajectory_generators/share/trajectory_generators/hook/ld_library_path_lib.ps1'
[0.912s] INFO:colcon.colcon_core.shell:Creating environment descriptor '/root/dddmr_navigation/install/trajectory_generators/share/trajectory_generators/hook/ld_library_path_lib.dsv'
[0.913s] INFO:colcon.colcon_core.shell:Creating environment hook '/root/dddmr_navigation/install/trajectory_generators/share/trajectory_generators/hook/ld_library_path_lib.sh'
[0.913s] Level 1:colcon.colcon_core.environment:checking '/root/dddmr_navigation/install/trajectory_generators/bin'
[0.913s] Level 1:colcon.colcon_core.environment:checking '/root/dddmr_navigation/install/trajectory_generators/lib/pkgconfig/trajectory_generators.pc'
[0.913s] Level 1:colcon.colcon_core.environment:checking '/root/dddmr_navigation/install/trajectory_generators/lib/python3.10/site-packages'
[0.913s] Level 1:colcon.colcon_core.environment:checking '/root/dddmr_navigation/install/trajectory_generators/bin'
[0.914s] INFO:colcon.colcon_core.shell:Creating package script '/root/dddmr_navigation/install/trajectory_generators/share/trajectory_generators/package.ps1'
[0.914s] INFO:colcon.colcon_core.shell:Creating package descriptor '/root/dddmr_navigation/install/trajectory_generators/share/trajectory_generators/package.dsv'
[0.915s] INFO:colcon.colcon_core.shell:Creating package script '/root/dddmr_navigation/install/trajectory_generators/share/trajectory_generators/package.sh'
[0.915s] INFO:colcon.colcon_core.shell:Creating package script '/root/dddmr_navigation/install/trajectory_generators/share/trajectory_generators/package.bash'
[0.915s] INFO:colcon.colcon_core.shell:Creating package script '/root/dddmr_navigation/install/trajectory_generators/share/trajectory_generators/package.zsh'
[0.916s] Level 1:colcon.colcon_core.environment:create_file_with_runtime_dependencies(/root/dddmr_navigation/install/trajectory_generators/share/colcon-core/packages/trajectory_generators)
[0.916s] Level 1:colcon.colcon_core.environment:create_environment_scripts_only(trajectory_generators)
[0.916s] Level 1:colcon.colcon_core.environment:checking '/root/dddmr_navigation/install/trajectory_generators' for CMake module files
[0.917s] Level 1:colcon.colcon_core.environment:checking '/root/dddmr_navigation/install/trajectory_generators' for CMake config files
[0.917s] Level 1:colcon.colcon_core.shell:create_environment_hook('trajectory_generators', 'cmake_prefix_path')
[0.918s] INFO:colcon.colcon_core.shell:Creating environment hook '/root/dddmr_navigation/install/trajectory_generators/share/trajectory_generators/hook/cmake_prefix_path.ps1'
[0.918s] INFO:colcon.colcon_core.shell:Creating environment descriptor '/root/dddmr_navigation/install/trajectory_generators/share/trajectory_generators/hook/cmake_prefix_path.dsv'
[0.918s] INFO:colcon.colcon_core.shell:Creating environment hook '/root/dddmr_navigation/install/trajectory_generators/share/trajectory_generators/hook/cmake_prefix_path.sh'
[0.919s] Level 1:colcon.colcon_core.environment:checking '/root/dddmr_navigation/install/trajectory_generators/lib'
[0.919s] Level 1:colcon.colcon_core.shell:create_environment_hook('trajectory_generators', 'ld_library_path_lib')
[0.919s] INFO:colcon.colcon_core.shell:Creating environment hook '/root/dddmr_navigation/install/trajectory_generators/share/trajectory_generators/hook/ld_library_path_lib.ps1'
[0.919s] INFO:colcon.colcon_core.shell:Creating environment descriptor '/root/dddmr_navigation/install/trajectory_generators/share/trajectory_generators/hook/ld_library_path_lib.dsv'
[0.920s] INFO:colcon.colcon_core.shell:Creating environment hook '/root/dddmr_navigation/install/trajectory_generators/share/trajectory_generators/hook/ld_library_path_lib.sh'
[0.920s] Level 1:colcon.colcon_core.environment:checking '/root/dddmr_navigation/install/trajectory_generators/bin'
[0.920s] Level 1:colcon.colcon_core.environment:checking '/root/dddmr_navigation/install/trajectory_generators/lib/pkgconfig/trajectory_generators.pc'
[0.920s] Level 1:colcon.colcon_core.environment:checking '/root/dddmr_navigation/install/trajectory_generators/lib/python3.10/site-packages'
[0.920s] Level 1:colcon.colcon_core.environment:checking '/root/dddmr_navigation/install/trajectory_generators/bin'
[0.921s] INFO:colcon.colcon_core.shell:Creating package script '/root/dddmr_navigation/install/trajectory_generators/share/trajectory_generators/package.ps1'
[0.921s] INFO:colcon.colcon_core.shell:Creating package descriptor '/root/dddmr_navigation/install/trajectory_generators/share/trajectory_generators/package.dsv'
[0.922s] INFO:colcon.colcon_core.shell:Creating package script '/root/dddmr_navigation/install/trajectory_generators/share/trajectory_generators/package.sh'
[0.922s] INFO:colcon.colcon_core.shell:Creating package script '/root/dddmr_navigation/install/trajectory_generators/share/trajectory_generators/package.bash'
[0.923s] INFO:colcon.colcon_core.shell:Creating package script '/root/dddmr_navigation/install/trajectory_generators/share/trajectory_generators/package.zsh'
[0.923s] Level 1:colcon.colcon_core.environment:create_file_with_runtime_dependencies(/root/dddmr_navigation/install/trajectory_generators/share/colcon-core/packages/trajectory_generators)
[0.923s] INFO:colcon.colcon_ros.task.ament_cmake.build:Building ROS package in '/root/dddmr_navigation/src/dddmr_local_planner/local_planner' with build type 'ament_cmake'
[0.923s] INFO:colcon.colcon_cmake.task.cmake.build:Building CMake package in '/root/dddmr_navigation/src/dddmr_local_planner/local_planner'
[0.924s] INFO:colcon.colcon_core.shell:Skip shell extension 'powershell' for command environment: Not usable outside of PowerShell
[0.924s] DEBUG:colcon.colcon_core.shell:Skip shell extension 'dsv' for command environment
[0.929s] INFO:colcon.colcon_ros.task.ament_cmake.build:Building ROS package in '/root/dddmr_navigation/src/dddmr_local_planner/recovery_behaviors' with build type 'ament_cmake'
[0.929s] INFO:colcon.colcon_cmake.task.cmake.build:Building CMake package in '/root/dddmr_navigation/src/dddmr_local_planner/recovery_behaviors'
[0.930s] INFO:colcon.colcon_core.shell:Skip shell extension 'powershell' for command environment: Not usable outside of PowerShell
[0.930s] DEBUG:colcon.colcon_core.shell:Skip shell extension 'dsv' for command environment
[0.950s] DEBUG:colcon.colcon_core.event_handler.log_command:Invoking command in '/root/dddmr_navigation/build/local_planner': CMAKE_PREFIX_PATH=/root/dddmr_navigation/install/trajectory_generators:/root/dddmr_navigation/install/mpc_critics:/root/dddmr_navigation/install/perception_3d:/root/dddmr_navigation/install/dddmr_sys_core:/root/dddmr_navigation/install/base_trajectory:/root/livox_ws/install/livox_ros_driver2:/root/dddmr_navigation/install/dddmr_sc_pgo:/root/dddmr_navigation/install/p2p_move_base:/root/dddmr_navigation/install/recovery_behaviors:/root/dddmr_navigation/install/local_planner:/root/dddmr_navigation/install/pose_graph_merge_editor_panel:/root/dddmr_navigation/install/pose_graph_editor_panel:/root/dddmr_navigation/install/mcl_3dl:/root/dddmr_navigation/install/mapping_panel:/root/dddmr_navigation/install/map_editor_panel:/root/dddmr_navigation/install/lego_loam_bor:/root/dddmr_navigation/install/global_planner:/root/dddmr_navigation/install/fast_lio:/root/dddmr_navigation/install/dddmr_trt:/root/dddmr_navigation/install/dddmr_semantic_segmentation:/root/dddmr_navigation/install/dddmr_rviz_default_plugins:/root/dddmr_navigation/install/dddmr_odom_3d:/root/dddmr_navigation/install/dddmr_fastlio_adapter:/root/dddmr_navigation/install/dddmr_beginner_guide:/root/dddmr_navigation/install/cloud_msgs:/opt/ros/humble LD_LIBRARY_PATH=/root/dddmr_navigation/install/trajectory_generators/lib:/root/dddmr_navigation/install/mpc_critics/lib:/root/dddmr_navigation/install/perception_3d/lib:/root/dddmr_navigation/install/dddmr_sys_core/lib:/root/dddmr_navigation/install/base_trajectory/lib:/root/livox_ws/install/livox_ros_driver2/lib:/root/dddmr_navigation/install/dddmr_sc_pgo/lib:/opt/ros/humble/opt/rviz_ogre_vendor/lib:/opt/ros/humble/lib/x86_64-linux-gnu:/opt/ros/humble/lib:/root/dddmr_navigation/install/p2p_move_base/lib:/root/dddmr_navigation/install/recovery_behaviors/lib:/root/dddmr_navigation/install/local_planner/lib:/root/dddmr_navigation/install/pose_graph_merge_editor_panel/lib:/root/dddmr_navigation/install/pose_graph_editor_panel/lib:/root/dddmr_navigation/install/mcl_3dl/lib:/root/dddmr_navigation/install/mapping_panel/lib:/root/dddmr_navigation/install/map_editor_panel/lib:/root/dddmr_navigation/install/lego_loam_bor/lib:/root/dddmr_navigation/install/global_planner/lib:/root/dddmr_navigation/install/fast_lio/lib:/root/dddmr_navigation/install/dddmr_rviz_default_plugins/lib:/root/dddmr_navigation/install/cloud_msgs/lib /usr/bin/cmake --build /root/dddmr_navigation/build/local_planner -- -j28 -l28
[0.953s] DEBUG:colcon.colcon_core.event_handler.log_command:Invoking command in '/root/dddmr_navigation/build/recovery_behaviors': CMAKE_PREFIX_PATH=/root/dddmr_navigation/install/trajectory_generators:/root/dddmr_navigation/install/mpc_critics:/root/dddmr_navigation/install/perception_3d:/root/dddmr_navigation/install/dddmr_sys_core:/root/dddmr_navigation/install/base_trajectory:/root/livox_ws/install/livox_ros_driver2:/root/dddmr_navigation/install/dddmr_sc_pgo:/root/dddmr_navigation/install/p2p_move_base:/root/dddmr_navigation/install/recovery_behaviors:/root/dddmr_navigation/install/local_planner:/root/dddmr_navigation/install/pose_graph_merge_editor_panel:/root/dddmr_navigation/install/pose_graph_editor_panel:/root/dddmr_navigation/install/mcl_3dl:/root/dddmr_navigation/install/mapping_panel:/root/dddmr_navigation/install/map_editor_panel:/root/dddmr_navigation/install/lego_loam_bor:/root/dddmr_navigation/install/global_planner:/root/dddmr_navigation/install/fast_lio:/root/dddmr_navigation/install/dddmr_trt:/root/dddmr_navigation/install/dddmr_semantic_segmentation:/root/dddmr_navigation/install/dddmr_rviz_default_plugins:/root/dddmr_navigation/install/dddmr_odom_3d:/root/dddmr_navigation/install/dddmr_fastlio_adapter:/root/dddmr_navigation/install/dddmr_beginner_guide:/root/dddmr_navigation/install/cloud_msgs:/opt/ros/humble LD_LIBRARY_PATH=/root/dddmr_navigation/install/trajectory_generators/lib:/root/dddmr_navigation/install/mpc_critics/lib:/root/dddmr_navigation/install/perception_3d/lib:/root/dddmr_navigation/install/dddmr_sys_core/lib:/root/dddmr_navigation/install/base_trajectory/lib:/root/livox_ws/install/livox_ros_driver2/lib:/root/dddmr_navigation/install/dddmr_sc_pgo/lib:/opt/ros/humble/opt/rviz_ogre_vendor/lib:/opt/ros/humble/lib/x86_64-linux-gnu:/opt/ros/humble/lib:/root/dddmr_navigation/install/p2p_move_base/lib:/root/dddmr_navigation/install/recovery_behaviors/lib:/root/dddmr_navigation/install/local_planner/lib:/root/dddmr_navigation/install/pose_graph_merge_editor_panel/lib:/root/dddmr_navigation/install/pose_graph_editor_panel/lib:/root/dddmr_navigation/install/mcl_3dl/lib:/root/dddmr_navigation/install/mapping_panel/lib:/root/dddmr_navigation/install/map_editor_panel/lib:/root/dddmr_navigation/install/lego_loam_bor/lib:/root/dddmr_navigation/install/global_planner/lib:/root/dddmr_navigation/install/fast_lio/lib:/root/dddmr_navigation/install/dddmr_rviz_default_plugins/lib:/root/dddmr_navigation/install/cloud_msgs/lib /usr/bin/cmake --build /root/dddmr_navigation/build/recovery_behaviors -- -j28 -l28
[0.960s] DEBUG:colcon.colcon_core.event_handler.log_command:Invoked command in '/root/dddmr_navigation/build/mcl_3dl' returned '0': CMAKE_PREFIX_PATH=/root/dddmr_navigation/install/cloud_msgs:/root/livox_ws/install/livox_ros_driver2:/root/dddmr_navigation/install/dddmr_sc_pgo:/root/dddmr_navigation/install/p2p_move_base:/root/dddmr_navigation/install/recovery_behaviors:/root/dddmr_navigation/install/local_planner:/root/dddmr_navigation/install/trajectory_generators:/root/dddmr_navigation/install/pose_graph_merge_editor_panel:/root/dddmr_navigation/install/pose_graph_editor_panel:/root/dddmr_navigation/install/perception_3d:/root/dddmr_navigation/install/mpc_critics:/root/dddmr_navigation/install/mcl_3dl:/root/dddmr_navigation/install/mapping_panel:/root/dddmr_navigation/install/map_editor_panel:/root/dddmr_navigation/install/lego_loam_bor:/root/dddmr_navigation/install/global_planner:/root/dddmr_navigation/install/fast_lio:/root/dddmr_navigation/install/dddmr_trt:/root/dddmr_navigation/install/dddmr_sys_core:/root/dddmr_navigation/install/dddmr_semantic_segmentation:/root/dddmr_navigation/install/dddmr_rviz_default_plugins:/root/dddmr_navigation/install/dddmr_odom_3d:/root/dddmr_navigation/install/dddmr_fastlio_adapter:/root/dddmr_navigation/install/dddmr_beginner_guide:/root/dddmr_navigation/install/base_trajectory:/opt/ros/humble LD_LIBRARY_PATH=/root/dddmr_navigation/install/cloud_msgs/lib:/root/livox_ws/install/livox_ros_driver2/lib:/root/dddmr_navigation/install/dddmr_sc_pgo/lib:/opt/ros/humble/opt/rviz_ogre_vendor/lib:/opt/ros/humble/lib/x86_64-linux-gnu:/opt/ros/humble/lib:/root/dddmr_navigation/install/p2p_move_base/lib:/root/dddmr_navigation/install/recovery_behaviors/lib:/root/dddmr_navigation/install/local_planner/lib:/root/dddmr_navigation/install/trajectory_generators/lib:/root/dddmr_navigation/install/pose_graph_merge_editor_panel/lib:/root/dddmr_navigation/install/pose_graph_editor_panel/lib:/root/dddmr_navigation/install/perception_3d/lib:/root/dddmr_navigation/install/mpc_critics/lib:/root/dddmr_navigation/install/mcl_3dl/lib:/root/dddmr_navigation/install/mapping_panel/lib:/root/dddmr_navigation/install/map_editor_panel/lib:/root/dddmr_navigation/install/lego_loam_bor/lib:/root/dddmr_navigation/install/global_planner/lib:/root/dddmr_navigation/install/fast_lio/lib:/root/dddmr_navigation/install/dddmr_sys_core/lib:/root/dddmr_navigation/install/dddmr_rviz_default_plugins/lib:/root/dddmr_navigation/install/base_trajectory/lib /usr/bin/cmake --build /root/dddmr_navigation/build/mcl_3dl -- -j28 -l28
[0.962s] DEBUG:colcon.colcon_core.event_handler.log_command:Invoking command in '/root/dddmr_navigation/build/mcl_3dl': CMAKE_PREFIX_PATH=/root/dddmr_navigation/install/cloud_msgs:/root/livox_ws/install/livox_ros_driver2:/root/dddmr_navigation/install/dddmr_sc_pgo:/root/dddmr_navigation/install/p2p_move_base:/root/dddmr_navigation/install/recovery_behaviors:/root/dddmr_navigation/install/local_planner:/root/dddmr_navigation/install/trajectory_generators:/root/dddmr_navigation/install/pose_graph_merge_editor_panel:/root/dddmr_navigation/install/pose_graph_editor_panel:/root/dddmr_navigation/install/perception_3d:/root/dddmr_navigation/install/mpc_critics:/root/dddmr_navigation/install/mcl_3dl:/root/dddmr_navigation/install/mapping_panel:/root/dddmr_navigation/install/map_editor_panel:/root/dddmr_navigation/install/lego_loam_bor:/root/dddmr_navigation/install/global_planner:/root/dddmr_navigation/install/fast_lio:/root/dddmr_navigation/install/dddmr_trt:/root/dddmr_navigation/install/dddmr_sys_core:/root/dddmr_navigation/install/dddmr_semantic_segmentation:/root/dddmr_navigation/install/dddmr_rviz_default_plugins:/root/dddmr_navigation/install/dddmr_odom_3d:/root/dddmr_navigation/install/dddmr_fastlio_adapter:/root/dddmr_navigation/install/dddmr_beginner_guide:/root/dddmr_navigation/install/base_trajectory:/opt/ros/humble LD_LIBRARY_PATH=/root/dddmr_navigation/install/cloud_msgs/lib:/root/livox_ws/install/livox_ros_driver2/lib:/root/dddmr_navigation/install/dddmr_sc_pgo/lib:/opt/ros/humble/opt/rviz_ogre_vendor/lib:/opt/ros/humble/lib/x86_64-linux-gnu:/opt/ros/humble/lib:/root/dddmr_navigation/install/p2p_move_base/lib:/root/dddmr_navigation/install/recovery_behaviors/lib:/root/dddmr_navigation/install/local_planner/lib:/root/dddmr_navigation/install/trajectory_generators/lib:/root/dddmr_navigation/install/pose_graph_merge_editor_panel/lib:/root/dddmr_navigation/install/pose_graph_editor_panel/lib:/root/dddmr_navigation/install/perception_3d/lib:/root/dddmr_navigation/install/mpc_critics/lib:/root/dddmr_navigation/install/mcl_3dl/lib:/root/dddmr_navigation/install/mapping_panel/lib:/root/dddmr_navigation/install/map_editor_panel/lib:/root/dddmr_navigation/install/lego_loam_bor/lib:/root/dddmr_navigation/install/global_planner/lib:/root/dddmr_navigation/install/fast_lio/lib:/root/dddmr_navigation/install/dddmr_sys_core/lib:/root/dddmr_navigation/install/dddmr_rviz_default_plugins/lib:/root/dddmr_navigation/install/base_trajectory/lib /usr/bin/cmake --install /root/dddmr_navigation/build/mcl_3dl
[0.992s] Level 1:colcon.colcon_core.environment:create_environment_scripts_only(mcl_3dl)
[0.992s] Level 1:colcon.colcon_core.environment:checking '/root/dddmr_navigation/install/mcl_3dl' for CMake module files
[0.993s] DEBUG:colcon.colcon_core.event_handler.log_command:Invoked command in '/root/dddmr_navigation/build/mcl_3dl' returned '0': CMAKE_PREFIX_PATH=/root/dddmr_navigation/install/cloud_msgs:/root/livox_ws/install/livox_ros_driver2:/root/dddmr_navigation/install/dddmr_sc_pgo:/root/dddmr_navigation/install/p2p_move_base:/root/dddmr_navigation/install/recovery_behaviors:/root/dddmr_navigation/install/local_planner:/root/dddmr_navigation/install/trajectory_generators:/root/dddmr_navigation/install/pose_graph_merge_editor_panel:/root/dddmr_navigation/install/pose_graph_editor_panel:/root/dddmr_navigation/install/perception_3d:/root/dddmr_navigation/install/mpc_critics:/root/dddmr_navigation/install/mcl_3dl:/root/dddmr_navigation/install/mapping_panel:/root/dddmr_navigation/install/map_editor_panel:/root/dddmr_navigation/install/lego_loam_bor:/root/dddmr_navigation/install/global_planner:/root/dddmr_navigation/install/fast_lio:/root/dddmr_navigation/install/dddmr_trt:/root/dddmr_navigation/install/dddmr_sys_core:/root/dddmr_navigation/install/dddmr_semantic_segmentation:/root/dddmr_navigation/install/dddmr_rviz_default_plugins:/root/dddmr_navigation/install/dddmr_odom_3d:/root/dddmr_navigation/install/dddmr_fastlio_adapter:/root/dddmr_navigation/install/dddmr_beginner_guide:/root/dddmr_navigation/install/base_trajectory:/opt/ros/humble LD_LIBRARY_PATH=/root/dddmr_navigation/install/cloud_msgs/lib:/root/livox_ws/install/livox_ros_driver2/lib:/root/dddmr_navigation/install/dddmr_sc_pgo/lib:/opt/ros/humble/opt/rviz_ogre_vendor/lib:/opt/ros/humble/lib/x86_64-linux-gnu:/opt/ros/humble/lib:/root/dddmr_navigation/install/p2p_move_base/lib:/root/dddmr_navigation/install/recovery_behaviors/lib:/root/dddmr_navigation/install/local_planner/lib:/root/dddmr_navigation/install/trajectory_generators/lib:/root/dddmr_navigation/install/pose_graph_merge_editor_panel/lib:/root/dddmr_navigation/install/pose_graph_editor_panel/lib:/root/dddmr_navigation/install/perception_3d/lib:/root/dddmr_navigation/install/mpc_critics/lib:/root/dddmr_navigation/install/mcl_3dl/lib:/root/dddmr_navigation/install/mapping_panel/lib:/root/dddmr_navigation/install/map_editor_panel/lib:/root/dddmr_navigation/install/lego_loam_bor/lib:/root/dddmr_navigation/install/global_planner/lib:/root/dddmr_navigation/install/fast_lio/lib:/root/dddmr_navigation/install/dddmr_sys_core/lib:/root/dddmr_navigation/install/dddmr_rviz_default_plugins/lib:/root/dddmr_navigation/install/base_trajectory/lib /usr/bin/cmake --install /root/dddmr_navigation/build/mcl_3dl
[0.993s] Level 1:colcon.colcon_core.environment:checking '/root/dddmr_navigation/install/mcl_3dl' for CMake config files
[0.994s] Level 1:colcon.colcon_core.shell:create_environment_hook('mcl_3dl', 'cmake_prefix_path')
[0.994s] INFO:colcon.colcon_core.shell:Creating environment hook '/root/dddmr_navigation/install/mcl_3dl/share/mcl_3dl/hook/cmake_prefix_path.ps1'
[0.995s] INFO:colcon.colcon_core.shell:Creating environment descriptor '/root/dddmr_navigation/install/mcl_3dl/share/mcl_3dl/hook/cmake_prefix_path.dsv'
[0.995s] INFO:colcon.colcon_core.shell:Creating environment hook '/root/dddmr_navigation/install/mcl_3dl/share/mcl_3dl/hook/cmake_prefix_path.sh'
[0.996s] Level 1:colcon.colcon_core.environment:checking '/root/dddmr_navigation/install/mcl_3dl/lib'
[0.996s] Level 1:colcon.colcon_core.shell:create_environment_hook('mcl_3dl', 'ld_library_path_lib')
[0.996s] INFO:colcon.colcon_core.shell:Creating environment hook '/root/dddmr_navigation/install/mcl_3dl/share/mcl_3dl/hook/ld_library_path_lib.ps1'
[0.996s] INFO:colcon.colcon_core.shell:Creating environment descriptor '/root/dddmr_navigation/install/mcl_3dl/share/mcl_3dl/hook/ld_library_path_lib.dsv'
[0.997s] INFO:colcon.colcon_core.shell:Creating environment hook '/root/dddmr_navigation/install/mcl_3dl/share/mcl_3dl/hook/ld_library_path_lib.sh'
[0.997s] Level 1:colcon.colcon_core.environment:checking '/root/dddmr_navigation/install/mcl_3dl/bin'
[0.997s] Level 1:colcon.colcon_core.environment:checking '/root/dddmr_navigation/install/mcl_3dl/lib/pkgconfig/mcl_3dl.pc'
[0.997s] Level 1:colcon.colcon_core.environment:checking '/root/dddmr_navigation/install/mcl_3dl/lib/python3.10/site-packages'
[0.997s] Level 1:colcon.colcon_core.environment:checking '/root/dddmr_navigation/install/mcl_3dl/bin'
[0.998s] INFO:colcon.colcon_core.shell:Creating package script '/root/dddmr_navigation/install/mcl_3dl/share/mcl_3dl/package.ps1'
[0.998s] INFO:colcon.colcon_core.shell:Creating package descriptor '/root/dddmr_navigation/install/mcl_3dl/share/mcl_3dl/package.dsv'
[0.999s] INFO:colcon.colcon_core.shell:Creating package script '/root/dddmr_navigation/install/mcl_3dl/share/mcl_3dl/package.sh'
[0.999s] INFO:colcon.colcon_core.shell:Creating package script '/root/dddmr_navigation/install/mcl_3dl/share/mcl_3dl/package.bash'
[0.999s] INFO:colcon.colcon_core.shell:Creating package script '/root/dddmr_navigation/install/mcl_3dl/share/mcl_3dl/package.zsh'
[1.000s] Level 1:colcon.colcon_core.environment:create_file_with_runtime_dependencies(/root/dddmr_navigation/install/mcl_3dl/share/colcon-core/packages/mcl_3dl)
[1.000s] Level 1:colcon.colcon_core.environment:create_environment_scripts_only(mcl_3dl)
[1.000s] Level 1:colcon.colcon_core.environment:checking '/root/dddmr_navigation/install/mcl_3dl' for CMake module files
[1.001s] Level 1:colcon.colcon_core.environment:checking '/root/dddmr_navigation/install/mcl_3dl' for CMake config files
[1.002s] Level 1:colcon.colcon_core.shell:create_environment_hook('mcl_3dl', 'cmake_prefix_path')
[1.002s] INFO:colcon.colcon_core.shell:Creating environment hook '/root/dddmr_navigation/install/mcl_3dl/share/mcl_3dl/hook/cmake_prefix_path.ps1'
[1.002s] INFO:colcon.colcon_core.shell:Creating environment descriptor '/root/dddmr_navigation/install/mcl_3dl/share/mcl_3dl/hook/cmake_prefix_path.dsv'
[1.002s] INFO:colcon.colcon_core.shell:Creating environment hook '/root/dddmr_navigation/install/mcl_3dl/share/mcl_3dl/hook/cmake_prefix_path.sh'
[1.003s] Level 1:colcon.colcon_core.environment:checking '/root/dddmr_navigation/install/mcl_3dl/lib'
[1.003s] Level 1:colcon.colcon_core.shell:create_environment_hook('mcl_3dl', 'ld_library_path_lib')
[1.003s] INFO:colcon.colcon_core.shell:Creating environment hook '/root/dddmr_navigation/install/mcl_3dl/share/mcl_3dl/hook/ld_library_path_lib.ps1'
[1.003s] INFO:colcon.colcon_core.shell:Creating environment descriptor '/root/dddmr_navigation/install/mcl_3dl/share/mcl_3dl/hook/ld_library_path_lib.dsv'
[1.004s] INFO:colcon.colcon_core.shell:Creating environment hook '/root/dddmr_navigation/install/mcl_3dl/share/mcl_3dl/hook/ld_library_path_lib.sh'
[1.004s] Level 1:colcon.colcon_core.environment:checking '/root/dddmr_navigation/install/mcl_3dl/bin'
[1.004s] Level 1:colcon.colcon_core.environment:checking '/root/dddmr_navigation/install/mcl_3dl/lib/pkgconfig/mcl_3dl.pc'
[1.004s] Level 1:colcon.colcon_core.environment:checking '/root/dddmr_navigation/install/mcl_3dl/lib/python3.10/site-packages'
[1.005s] Level 1:colcon.colcon_core.environment:checking '/root/dddmr_navigation/install/mcl_3dl/bin'
[1.005s] INFO:colcon.colcon_core.shell:Creating package script '/root/dddmr_navigation/install/mcl_3dl/share/mcl_3dl/package.ps1'
[1.006s] INFO:colcon.colcon_core.shell:Creating package descriptor '/root/dddmr_navigation/install/mcl_3dl/share/mcl_3dl/package.dsv'
[1.006s] INFO:colcon.colcon_core.shell:Creating package script '/root/dddmr_navigation/install/mcl_3dl/share/mcl_3dl/package.sh'
[1.006s] INFO:colcon.colcon_core.shell:Creating package script '/root/dddmr_navigation/install/mcl_3dl/share/mcl_3dl/package.bash'
[1.007s] INFO:colcon.colcon_core.shell:Creating package script '/root/dddmr_navigation/install/mcl_3dl/share/mcl_3dl/package.zsh'
[1.007s] Level 1:colcon.colcon_core.environment:create_file_with_runtime_dependencies(/root/dddmr_navigation/install/mcl_3dl/share/colcon-core/packages/mcl_3dl)
[27.496s] DEBUG:colcon.colcon_core.event_handler.log_command:Invoked command in '/root/dddmr_navigation/build/global_planner' returned '0': CMAKE_PREFIX_PATH=/root/dddmr_navigation/install/perception_3d:/root/dddmr_navigation/install/dddmr_sys_core:/root/livox_ws/install/livox_ros_driver2:/root/dddmr_navigation/install/dddmr_sc_pgo:/root/dddmr_navigation/install/p2p_move_base:/root/dddmr_navigation/install/recovery_behaviors:/root/dddmr_navigation/install/local_planner:/root/dddmr_navigation/install/trajectory_generators:/root/dddmr_navigation/install/pose_graph_merge_editor_panel:/root/dddmr_navigation/install/pose_graph_editor_panel:/root/dddmr_navigation/install/mpc_critics:/root/dddmr_navigation/install/mcl_3dl:/root/dddmr_navigation/install/mapping_panel:/root/dddmr_navigation/install/map_editor_panel:/root/dddmr_navigation/install/lego_loam_bor:/root/dddmr_navigation/install/global_planner:/root/dddmr_navigation/install/fast_lio:/root/dddmr_navigation/install/dddmr_trt:/root/dddmr_navigation/install/dddmr_semantic_segmentation:/root/dddmr_navigation/install/dddmr_rviz_default_plugins:/root/dddmr_navigation/install/dddmr_odom_3d:/root/dddmr_navigation/install/dddmr_fastlio_adapter:/root/dddmr_navigation/install/dddmr_beginner_guide:/root/dddmr_navigation/install/cloud_msgs:/root/dddmr_navigation/install/base_trajectory:/opt/ros/humble LD_LIBRARY_PATH=/root/dddmr_navigation/install/perception_3d/lib:/root/dddmr_navigation/install/dddmr_sys_core/lib:/root/livox_ws/install/livox_ros_driver2/lib:/root/dddmr_navigation/install/dddmr_sc_pgo/lib:/opt/ros/humble/opt/rviz_ogre_vendor/lib:/opt/ros/humble/lib/x86_64-linux-gnu:/opt/ros/humble/lib:/root/dddmr_navigation/install/p2p_move_base/lib:/root/dddmr_navigation/install/recovery_behaviors/lib:/root/dddmr_navigation/install/local_planner/lib:/root/dddmr_navigation/install/trajectory_generators/lib:/root/dddmr_navigation/install/pose_graph_merge_editor_panel/lib:/root/dddmr_navigation/install/pose_graph_editor_panel/lib:/root/dddmr_navigation/install/mpc_critics/lib:/root/dddmr_navigation/install/mcl_3dl/lib:/root/dddmr_navigation/install/mapping_panel/lib:/root/dddmr_navigation/install/map_editor_panel/lib:/root/dddmr_navigation/install/lego_loam_bor/lib:/root/dddmr_navigation/install/global_planner/lib:/root/dddmr_navigation/install/fast_lio/lib:/root/dddmr_navigation/install/dddmr_rviz_default_plugins/lib:/root/dddmr_navigation/install/cloud_msgs/lib:/root/dddmr_navigation/install/base_trajectory/lib /usr/bin/cmake --build /root/dddmr_navigation/build/global_planner -- -j28 -l28
[27.500s] DEBUG:colcon.colcon_core.event_handler.log_command:Invoking command in '/root/dddmr_navigation/build/global_planner': CMAKE_PREFIX_PATH=/root/dddmr_navigation/install/perception_3d:/root/dddmr_navigation/install/dddmr_sys_core:/root/livox_ws/install/livox_ros_driver2:/root/dddmr_navigation/install/dddmr_sc_pgo:/root/dddmr_navigation/install/p2p_move_base:/root/dddmr_navigation/install/recovery_behaviors:/root/dddmr_navigation/install/local_planner:/root/dddmr_navigation/install/trajectory_generators:/root/dddmr_navigation/install/pose_graph_merge_editor_panel:/root/dddmr_navigation/install/pose_graph_editor_panel:/root/dddmr_navigation/install/mpc_critics:/root/dddmr_navigation/install/mcl_3dl:/root/dddmr_navigation/install/mapping_panel:/root/dddmr_navigation/install/map_editor_panel:/root/dddmr_navigation/install/lego_loam_bor:/root/dddmr_navigation/install/global_planner:/root/dddmr_navigation/install/fast_lio:/root/dddmr_navigation/install/dddmr_trt:/root/dddmr_navigation/install/dddmr_semantic_segmentation:/root/dddmr_navigation/install/dddmr_rviz_default_plugins:/root/dddmr_navigation/install/dddmr_odom_3d:/root/dddmr_navigation/install/dddmr_fastlio_adapter:/root/dddmr_navigation/install/dddmr_beginner_guide:/root/dddmr_navigation/install/cloud_msgs:/root/dddmr_navigation/install/base_trajectory:/opt/ros/humble LD_LIBRARY_PATH=/root/dddmr_navigation/install/perception_3d/lib:/root/dddmr_navigation/install/dddmr_sys_core/lib:/root/livox_ws/install/livox_ros_driver2/lib:/root/dddmr_navigation/install/dddmr_sc_pgo/lib:/opt/ros/humble/opt/rviz_ogre_vendor/lib:/opt/ros/humble/lib/x86_64-linux-gnu:/opt/ros/humble/lib:/root/dddmr_navigation/install/p2p_move_base/lib:/root/dddmr_navigation/install/recovery_behaviors/lib:/root/dddmr_navigation/install/local_planner/lib:/root/dddmr_navigation/install/trajectory_generators/lib:/root/dddmr_navigation/install/pose_graph_merge_editor_panel/lib:/root/dddmr_navigation/install/pose_graph_editor_panel/lib:/root/dddmr_navigation/install/mpc_critics/lib:/root/dddmr_navigation/install/mcl_3dl/lib:/root/dddmr_navigation/install/mapping_panel/lib:/root/dddmr_navigation/install/map_editor_panel/lib:/root/dddmr_navigation/install/lego_loam_bor/lib:/root/dddmr_navigation/install/global_planner/lib:/root/dddmr_navigation/install/fast_lio/lib:/root/dddmr_navigation/install/dddmr_rviz_default_plugins/lib:/root/dddmr_navigation/install/cloud_msgs/lib:/root/dddmr_navigation/install/base_trajectory/lib /usr/bin/cmake --install /root/dddmr_navigation/build/global_planner
[27.538s] Level 1:colcon.colcon_core.environment:create_environment_scripts_only(global_planner)
[27.539s] Level 1:colcon.colcon_core.environment:checking '/root/dddmr_navigation/install/global_planner' for CMake module files
[27.539s] DEBUG:colcon.colcon_core.event_handler.log_command:Invoked command in '/root/dddmr_navigation/build/global_planner' returned '0': CMAKE_PREFIX_PATH=/root/dddmr_navigation/install/perception_3d:/root/dddmr_navigation/install/dddmr_sys_core:/root/livox_ws/install/livox_ros_driver2:/root/dddmr_navigation/install/dddmr_sc_pgo:/root/dddmr_navigation/install/p2p_move_base:/root/dddmr_navigation/install/recovery_behaviors:/root/dddmr_navigation/install/local_planner:/root/dddmr_navigation/install/trajectory_generators:/root/dddmr_navigation/install/pose_graph_merge_editor_panel:/root/dddmr_navigation/install/pose_graph_editor_panel:/root/dddmr_navigation/install/mpc_critics:/root/dddmr_navigation/install/mcl_3dl:/root/dddmr_navigation/install/mapping_panel:/root/dddmr_navigation/install/map_editor_panel:/root/dddmr_navigation/install/lego_loam_bor:/root/dddmr_navigation/install/global_planner:/root/dddmr_navigation/install/fast_lio:/root/dddmr_navigation/install/dddmr_trt:/root/dddmr_navigation/install/dddmr_semantic_segmentation:/root/dddmr_navigation/install/dddmr_rviz_default_plugins:/root/dddmr_navigation/install/dddmr_odom_3d:/root/dddmr_navigation/install/dddmr_fastlio_adapter:/root/dddmr_navigation/install/dddmr_beginner_guide:/root/dddmr_navigation/install/cloud_msgs:/root/dddmr_navigation/install/base_trajectory:/opt/ros/humble LD_LIBRARY_PATH=/root/dddmr_navigation/install/perception_3d/lib:/root/dddmr_navigation/install/dddmr_sys_core/lib:/root/livox_ws/install/livox_ros_driver2/lib:/root/dddmr_navigation/install/dddmr_sc_pgo/lib:/opt/ros/humble/opt/rviz_ogre_vendor/lib:/opt/ros/humble/lib/x86_64-linux-gnu:/opt/ros/humble/lib:/root/dddmr_navigation/install/p2p_move_base/lib:/root/dddmr_navigation/install/recovery_behaviors/lib:/root/dddmr_navigation/install/local_planner/lib:/root/dddmr_navigation/install/trajectory_generators/lib:/root/dddmr_navigation/install/pose_graph_merge_editor_panel/lib:/root/dddmr_navigation/install/pose_graph_editor_panel/lib:/root/dddmr_navigation/install/mpc_critics/lib:/root/dddmr_navigation/install/mcl_3dl/lib:/root/dddmr_navigation/install/mapping_panel/lib:/root/dddmr_navigation/install/map_editor_panel/lib:/root/dddmr_navigation/install/lego_loam_bor/lib:/root/dddmr_navigation/install/global_planner/lib:/root/dddmr_navigation/install/fast_lio/lib:/root/dddmr_navigation/install/dddmr_rviz_default_plugins/lib:/root/dddmr_navigation/install/cloud_msgs/lib:/root/dddmr_navigation/install/base_trajectory/lib /usr/bin/cmake --install /root/dddmr_navigation/build/global_planner
[27.540s] Level 1:colcon.colcon_core.environment:checking '/root/dddmr_navigation/install/global_planner' for CMake config files
[27.541s] Level 1:colcon.colcon_core.shell:create_environment_hook('global_planner', 'cmake_prefix_path')
[27.541s] INFO:colcon.colcon_core.shell:Creating environment hook '/root/dddmr_navigation/install/global_planner/share/global_planner/hook/cmake_prefix_path.ps1'
[27.543s] INFO:colcon.colcon_core.shell:Creating environment descriptor '/root/dddmr_navigation/install/global_planner/share/global_planner/hook/cmake_prefix_path.dsv'
[27.544s] INFO:colcon.colcon_core.shell:Creating environment hook '/root/dddmr_navigation/install/global_planner/share/global_planner/hook/cmake_prefix_path.sh'
[27.546s] Level 1:colcon.colcon_core.environment:checking '/root/dddmr_navigation/install/global_planner/lib'
[27.546s] Level 1:colcon.colcon_core.shell:create_environment_hook('global_planner', 'ld_library_path_lib')
[27.547s] INFO:colcon.colcon_core.shell:Creating environment hook '/root/dddmr_navigation/install/global_planner/share/global_planner/hook/ld_library_path_lib.ps1'
[27.547s] INFO:colcon.colcon_core.shell:Creating environment descriptor '/root/dddmr_navigation/install/global_planner/share/global_planner/hook/ld_library_path_lib.dsv'
[27.547s] INFO:colcon.colcon_core.shell:Creating environment hook '/root/dddmr_navigation/install/global_planner/share/global_planner/hook/ld_library_path_lib.sh'
[27.548s] Level 1:colcon.colcon_core.environment:checking '/root/dddmr_navigation/install/global_planner/bin'
[27.548s] Level 1:colcon.colcon_core.environment:checking '/root/dddmr_navigation/install/global_planner/lib/pkgconfig/global_planner.pc'
[27.548s] Level 1:colcon.colcon_core.environment:checking '/root/dddmr_navigation/install/global_planner/lib/python3.10/site-packages'
[27.549s] Level 1:colcon.colcon_core.environment:checking '/root/dddmr_navigation/install/global_planner/bin'
[27.549s] INFO:colcon.colcon_core.shell:Creating package script '/root/dddmr_navigation/install/global_planner/share/global_planner/package.ps1'
[27.550s] INFO:colcon.colcon_core.shell:Creating package descriptor '/root/dddmr_navigation/install/global_planner/share/global_planner/package.dsv'
[27.550s] INFO:colcon.colcon_core.shell:Creating package script '/root/dddmr_navigation/install/global_planner/share/global_planner/package.sh'
[27.551s] INFO:colcon.colcon_core.shell:Creating package script '/root/dddmr_navigation/install/global_planner/share/global_planner/package.bash'
[27.552s] INFO:colcon.colcon_core.shell:Creating package script '/root/dddmr_navigation/install/global_planner/share/global_planner/package.zsh'
[27.552s] Level 1:colcon.colcon_core.environment:create_file_with_runtime_dependencies(/root/dddmr_navigation/install/global_planner/share/colcon-core/packages/global_planner)
[27.553s] Level 1:colcon.colcon_core.environment:create_environment_scripts_only(global_planner)
[27.554s] Level 1:colcon.colcon_core.environment:checking '/root/dddmr_navigation/install/global_planner' for CMake module files
[27.554s] Level 1:colcon.colcon_core.environment:checking '/root/dddmr_navigation/install/global_planner' for CMake config files
[27.555s] Level 1:colcon.colcon_core.shell:create_environment_hook('global_planner', 'cmake_prefix_path')
[27.555s] INFO:colcon.colcon_core.shell:Creating environment hook '/root/dddmr_navigation/install/global_planner/share/global_planner/hook/cmake_prefix_path.ps1'
[27.555s] INFO:colcon.colcon_core.shell:Creating environment descriptor '/root/dddmr_navigation/install/global_planner/share/global_planner/hook/cmake_prefix_path.dsv'
[27.556s] INFO:colcon.colcon_core.shell:Creating environment hook '/root/dddmr_navigation/install/global_planner/share/global_planner/hook/cmake_prefix_path.sh'
[27.556s] Level 1:colcon.colcon_core.environment:checking '/root/dddmr_navigation/install/global_planner/lib'
[27.556s] Level 1:colcon.colcon_core.shell:create_environment_hook('global_planner', 'ld_library_path_lib')
[27.557s] INFO:colcon.colcon_core.shell:Creating environment hook '/root/dddmr_navigation/install/global_planner/share/global_planner/hook/ld_library_path_lib.ps1'
[27.557s] INFO:colcon.colcon_core.shell:Creating environment descriptor '/root/dddmr_navigation/install/global_planner/share/global_planner/hook/ld_library_path_lib.dsv'
[27.557s] INFO:colcon.colcon_core.shell:Creating environment hook '/root/dddmr_navigation/install/global_planner/share/global_planner/hook/ld_library_path_lib.sh'
[27.558s] Level 1:colcon.colcon_core.environment:checking '/root/dddmr_navigation/install/global_planner/bin'
[27.558s] Level 1:colcon.colcon_core.environment:checking '/root/dddmr_navigation/install/global_planner/lib/pkgconfig/global_planner.pc'
[27.558s] Level 1:colcon.colcon_core.environment:checking '/root/dddmr_navigation/install/global_planner/lib/python3.10/site-packages'
[27.559s] Level 1:colcon.colcon_core.environment:checking '/root/dddmr_navigation/install/global_planner/bin'
[27.559s] INFO:colcon.colcon_core.shell:Creating package script '/root/dddmr_navigation/install/global_planner/share/global_planner/package.ps1'
[27.560s] INFO:colcon.colcon_core.shell:Creating package descriptor '/root/dddmr_navigation/install/global_planner/share/global_planner/package.dsv'
[27.560s] INFO:colcon.colcon_core.shell:Creating package script '/root/dddmr_navigation/install/global_planner/share/global_planner/package.sh'
[27.561s] INFO:colcon.colcon_core.shell:Creating package script '/root/dddmr_navigation/install/global_planner/share/global_planner/package.bash'
[27.561s] INFO:colcon.colcon_core.shell:Creating package script '/root/dddmr_navigation/install/global_planner/share/global_planner/package.zsh'
[27.561s] Level 1:colcon.colcon_core.environment:create_file_with_runtime_dependencies(/root/dddmr_navigation/install/global_planner/share/colcon-core/packages/global_planner)
[28.179s] DEBUG:colcon.colcon_core.event_handler.log_command:Invoked command in '/root/dddmr_navigation/build/local_planner' returned '0': CMAKE_PREFIX_PATH=/root/dddmr_navigation/install/trajectory_generators:/root/dddmr_navigation/install/mpc_critics:/root/dddmr_navigation/install/perception_3d:/root/dddmr_navigation/install/dddmr_sys_core:/root/dddmr_navigation/install/base_trajectory:/root/livox_ws/install/livox_ros_driver2:/root/dddmr_navigation/install/dddmr_sc_pgo:/root/dddmr_navigation/install/p2p_move_base:/root/dddmr_navigation/install/recovery_behaviors:/root/dddmr_navigation/install/local_planner:/root/dddmr_navigation/install/pose_graph_merge_editor_panel:/root/dddmr_navigation/install/pose_graph_editor_panel:/root/dddmr_navigation/install/mcl_3dl:/root/dddmr_navigation/install/mapping_panel:/root/dddmr_navigation/install/map_editor_panel:/root/dddmr_navigation/install/lego_loam_bor:/root/dddmr_navigation/install/global_planner:/root/dddmr_navigation/install/fast_lio:/root/dddmr_navigation/install/dddmr_trt:/root/dddmr_navigation/install/dddmr_semantic_segmentation:/root/dddmr_navigation/install/dddmr_rviz_default_plugins:/root/dddmr_navigation/install/dddmr_odom_3d:/root/dddmr_navigation/install/dddmr_fastlio_adapter:/root/dddmr_navigation/install/dddmr_beginner_guide:/root/dddmr_navigation/install/cloud_msgs:/opt/ros/humble LD_LIBRARY_PATH=/root/dddmr_navigation/install/trajectory_generators/lib:/root/dddmr_navigation/install/mpc_critics/lib:/root/dddmr_navigation/install/perception_3d/lib:/root/dddmr_navigation/install/dddmr_sys_core/lib:/root/dddmr_navigation/install/base_trajectory/lib:/root/livox_ws/install/livox_ros_driver2/lib:/root/dddmr_navigation/install/dddmr_sc_pgo/lib:/opt/ros/humble/opt/rviz_ogre_vendor/lib:/opt/ros/humble/lib/x86_64-linux-gnu:/opt/ros/humble/lib:/root/dddmr_navigation/install/p2p_move_base/lib:/root/dddmr_navigation/install/recovery_behaviors/lib:/root/dddmr_navigation/install/local_planner/lib:/root/dddmr_navigation/install/pose_graph_merge_editor_panel/lib:/root/dddmr_navigation/install/pose_graph_editor_panel/lib:/root/dddmr_navigation/install/mcl_3dl/lib:/root/dddmr_navigation/install/mapping_panel/lib:/root/dddmr_navigation/install/map_editor_panel/lib:/root/dddmr_navigation/install/lego_loam_bor/lib:/root/dddmr_navigation/install/global_planner/lib:/root/dddmr_navigation/install/fast_lio/lib:/root/dddmr_navigation/install/dddmr_rviz_default_plugins/lib:/root/dddmr_navigation/install/cloud_msgs/lib /usr/bin/cmake --build /root/dddmr_navigation/build/local_planner -- -j28 -l28
[28.181s] DEBUG:colcon.colcon_core.event_handler.log_command:Invoking command in '/root/dddmr_navigation/build/local_planner': CMAKE_PREFIX_PATH=/root/dddmr_navigation/install/trajectory_generators:/root/dddmr_navigation/install/mpc_critics:/root/dddmr_navigation/install/perception_3d:/root/dddmr_navigation/install/dddmr_sys_core:/root/dddmr_navigation/install/base_trajectory:/root/livox_ws/install/livox_ros_driver2:/root/dddmr_navigation/install/dddmr_sc_pgo:/root/dddmr_navigation/install/p2p_move_base:/root/dddmr_navigation/install/recovery_behaviors:/root/dddmr_navigation/install/local_planner:/root/dddmr_navigation/install/pose_graph_merge_editor_panel:/root/dddmr_navigation/install/pose_graph_editor_panel:/root/dddmr_navigation/install/mcl_3dl:/root/dddmr_navigation/install/mapping_panel:/root/dddmr_navigation/install/map_editor_panel:/root/dddmr_navigation/install/lego_loam_bor:/root/dddmr_navigation/install/global_planner:/root/dddmr_navigation/install/fast_lio:/root/dddmr_navigation/install/dddmr_trt:/root/dddmr_navigation/install/dddmr_semantic_segmentation:/root/dddmr_navigation/install/dddmr_rviz_default_plugins:/root/dddmr_navigation/install/dddmr_odom_3d:/root/dddmr_navigation/install/dddmr_fastlio_adapter:/root/dddmr_navigation/install/dddmr_beginner_guide:/root/dddmr_navigation/install/cloud_msgs:/opt/ros/humble LD_LIBRARY_PATH=/root/dddmr_navigation/install/trajectory_generators/lib:/root/dddmr_navigation/install/mpc_critics/lib:/root/dddmr_navigation/install/perception_3d/lib:/root/dddmr_navigation/install/dddmr_sys_core/lib:/root/dddmr_navigation/install/base_trajectory/lib:/root/livox_ws/install/livox_ros_driver2/lib:/root/dddmr_navigation/install/dddmr_sc_pgo/lib:/opt/ros/humble/opt/rviz_ogre_vendor/lib:/opt/ros/humble/lib/x86_64-linux-gnu:/opt/ros/humble/lib:/root/dddmr_navigation/install/p2p_move_base/lib:/root/dddmr_navigation/install/recovery_behaviors/lib:/root/dddmr_navigation/install/local_planner/lib:/root/dddmr_navigation/install/pose_graph_merge_editor_panel/lib:/root/dddmr_navigation/install/pose_graph_editor_panel/lib:/root/dddmr_navigation/install/mcl_3dl/lib:/root/dddmr_navigation/install/mapping_panel/lib:/root/dddmr_navigation/install/map_editor_panel/lib:/root/dddmr_navigation/install/lego_loam_bor/lib:/root/dddmr_navigation/install/global_planner/lib:/root/dddmr_navigation/install/fast_lio/lib:/root/dddmr_navigation/install/dddmr_rviz_default_plugins/lib:/root/dddmr_navigation/install/cloud_msgs/lib /usr/bin/cmake --install /root/dddmr_navigation/build/local_planner
[28.213s] Level 1:colcon.colcon_core.environment:create_environment_scripts_only(local_planner)
[28.213s] Level 1:colcon.colcon_core.environment:checking '/root/dddmr_navigation/install/local_planner' for CMake module files
[28.214s] DEBUG:colcon.colcon_core.event_handler.log_command:Invoked command in '/root/dddmr_navigation/build/local_planner' returned '0': CMAKE_PREFIX_PATH=/root/dddmr_navigation/install/trajectory_generators:/root/dddmr_navigation/install/mpc_critics:/root/dddmr_navigation/install/perception_3d:/root/dddmr_navigation/install/dddmr_sys_core:/root/dddmr_navigation/install/base_trajectory:/root/livox_ws/install/livox_ros_driver2:/root/dddmr_navigation/install/dddmr_sc_pgo:/root/dddmr_navigation/install/p2p_move_base:/root/dddmr_navigation/install/recovery_behaviors:/root/dddmr_navigation/install/local_planner:/root/dddmr_navigation/install/pose_graph_merge_editor_panel:/root/dddmr_navigation/install/pose_graph_editor_panel:/root/dddmr_navigation/install/mcl_3dl:/root/dddmr_navigation/install/mapping_panel:/root/dddmr_navigation/install/map_editor_panel:/root/dddmr_navigation/install/lego_loam_bor:/root/dddmr_navigation/install/global_planner:/root/dddmr_navigation/install/fast_lio:/root/dddmr_navigation/install/dddmr_trt:/root/dddmr_navigation/install/dddmr_semantic_segmentation:/root/dddmr_navigation/install/dddmr_rviz_default_plugins:/root/dddmr_navigation/install/dddmr_odom_3d:/root/dddmr_navigation/install/dddmr_fastlio_adapter:/root/dddmr_navigation/install/dddmr_beginner_guide:/root/dddmr_navigation/install/cloud_msgs:/opt/ros/humble LD_LIBRARY_PATH=/root/dddmr_navigation/install/trajectory_generators/lib:/root/dddmr_navigation/install/mpc_critics/lib:/root/dddmr_navigation/install/perception_3d/lib:/root/dddmr_navigation/install/dddmr_sys_core/lib:/root/dddmr_navigation/install/base_trajectory/lib:/root/livox_ws/install/livox_ros_driver2/lib:/root/dddmr_navigation/install/dddmr_sc_pgo/lib:/opt/ros/humble/opt/rviz_ogre_vendor/lib:/opt/ros/humble/lib/x86_64-linux-gnu:/opt/ros/humble/lib:/root/dddmr_navigation/install/p2p_move_base/lib:/root/dddmr_navigation/install/recovery_behaviors/lib:/root/dddmr_navigation/install/local_planner/lib:/root/dddmr_navigation/install/pose_graph_merge_editor_panel/lib:/root/dddmr_navigation/install/pose_graph_editor_panel/lib:/root/dddmr_navigation/install/mcl_3dl/lib:/root/dddmr_navigation/install/mapping_panel/lib:/root/dddmr_navigation/install/map_editor_panel/lib:/root/dddmr_navigation/install/lego_loam_bor/lib:/root/dddmr_navigation/install/global_planner/lib:/root/dddmr_navigation/install/fast_lio/lib:/root/dddmr_navigation/install/dddmr_rviz_default_plugins/lib:/root/dddmr_navigation/install/cloud_msgs/lib /usr/bin/cmake --install /root/dddmr_navigation/build/local_planner
[28.214s] Level 1:colcon.colcon_core.environment:checking '/root/dddmr_navigation/install/local_planner' for CMake config files
[28.215s] Level 1:colcon.colcon_core.shell:create_environment_hook('local_planner', 'cmake_prefix_path')
[28.215s] INFO:colcon.colcon_core.shell:Creating environment hook '/root/dddmr_navigation/install/local_planner/share/local_planner/hook/cmake_prefix_path.ps1'
[28.215s] INFO:colcon.colcon_core.shell:Creating environment descriptor '/root/dddmr_navigation/install/local_planner/share/local_planner/hook/cmake_prefix_path.dsv'
[28.216s] INFO:colcon.colcon_core.shell:Creating environment hook '/root/dddmr_navigation/install/local_planner/share/local_planner/hook/cmake_prefix_path.sh'
[28.216s] Level 1:colcon.colcon_core.environment:checking '/root/dddmr_navigation/install/local_planner/lib'
[28.216s] Level 1:colcon.colcon_core.shell:create_environment_hook('local_planner', 'ld_library_path_lib')
[28.217s] INFO:colcon.colcon_core.shell:Creating environment hook '/root/dddmr_navigation/install/local_planner/share/local_planner/hook/ld_library_path_lib.ps1'
[28.217s] INFO:colcon.colcon_core.shell:Creating environment descriptor '/root/dddmr_navigation/install/local_planner/share/local_planner/hook/ld_library_path_lib.dsv'
[28.217s] INFO:colcon.colcon_core.shell:Creating environment hook '/root/dddmr_navigation/install/local_planner/share/local_planner/hook/ld_library_path_lib.sh'
[28.218s] Level 1:colcon.colcon_core.environment:checking '/root/dddmr_navigation/install/local_planner/bin'
[28.218s] Level 1:colcon.colcon_core.environment:checking '/root/dddmr_navigation/install/local_planner/lib/pkgconfig/local_planner.pc'
[28.218s] Level 1:colcon.colcon_core.environment:checking '/root/dddmr_navigation/install/local_planner/lib/python3.10/site-packages'
[28.218s] Level 1:colcon.colcon_core.environment:checking '/root/dddmr_navigation/install/local_planner/bin'
[28.219s] INFO:colcon.colcon_core.shell:Creating package script '/root/dddmr_navigation/install/local_planner/share/local_planner/package.ps1'
[28.219s] INFO:colcon.colcon_core.shell:Creating package descriptor '/root/dddmr_navigation/install/local_planner/share/local_planner/package.dsv'
[28.220s] INFO:colcon.colcon_core.shell:Creating package script '/root/dddmr_navigation/install/local_planner/share/local_planner/package.sh'
[28.220s] INFO:colcon.colcon_core.shell:Creating package script '/root/dddmr_navigation/install/local_planner/share/local_planner/package.bash'
[28.221s] INFO:colcon.colcon_core.shell:Creating package script '/root/dddmr_navigation/install/local_planner/share/local_planner/package.zsh'
[28.221s] Level 1:colcon.colcon_core.environment:create_file_with_runtime_dependencies(/root/dddmr_navigation/install/local_planner/share/colcon-core/packages/local_planner)
[28.221s] Level 1:colcon.colcon_core.environment:create_environment_scripts_only(local_planner)
[28.222s] Level 1:colcon.colcon_core.environment:checking '/root/dddmr_navigation/install/local_planner' for CMake module files
[28.222s] Level 1:colcon.colcon_core.environment:checking '/root/dddmr_navigation/install/local_planner' for CMake config files
[28.222s] Level 1:colcon.colcon_core.shell:create_environment_hook('local_planner', 'cmake_prefix_path')
[28.222s] INFO:colcon.colcon_core.shell:Creating environment hook '/root/dddmr_navigation/install/local_planner/share/local_planner/hook/cmake_prefix_path.ps1'
[28.222s] INFO:colcon.colcon_core.shell:Creating environment descriptor '/root/dddmr_navigation/install/local_planner/share/local_planner/hook/cmake_prefix_path.dsv'
[28.223s] INFO:colcon.colcon_core.shell:Creating environment hook '/root/dddmr_navigation/install/local_planner/share/local_planner/hook/cmake_prefix_path.sh'
[28.223s] Level 1:colcon.colcon_core.environment:checking '/root/dddmr_navigation/install/local_planner/lib'
[28.223s] Level 1:colcon.colcon_core.shell:create_environment_hook('local_planner', 'ld_library_path_lib')
[28.223s] INFO:colcon.colcon_core.shell:Creating environment hook '/root/dddmr_navigation/install/local_planner/share/local_planner/hook/ld_library_path_lib.ps1'
[28.223s] INFO:colcon.colcon_core.shell:Creating environment descriptor '/root/dddmr_navigation/install/local_planner/share/local_planner/hook/ld_library_path_lib.dsv'
[28.223s] INFO:colcon.colcon_core.shell:Creating environment hook '/root/dddmr_navigation/install/local_planner/share/local_planner/hook/ld_library_path_lib.sh'
[28.224s] Level 1:colcon.colcon_core.environment:checking '/root/dddmr_navigation/install/local_planner/bin'
[28.224s] Level 1:colcon.colcon_core.environment:checking '/root/dddmr_navigation/install/local_planner/lib/pkgconfig/local_planner.pc'
[28.224s] Level 1:colcon.colcon_core.environment:checking '/root/dddmr_navigation/install/local_planner/lib/python3.10/site-packages'
[28.224s] Level 1:colcon.colcon_core.environment:checking '/root/dddmr_navigation/install/local_planner/bin'
[28.224s] INFO:colcon.colcon_core.shell:Creating package script '/root/dddmr_navigation/install/local_planner/share/local_planner/package.ps1'
[28.225s] INFO:colcon.colcon_core.shell:Creating package descriptor '/root/dddmr_navigation/install/local_planner/share/local_planner/package.dsv'
[28.225s] INFO:colcon.colcon_core.shell:Creating package script '/root/dddmr_navigation/install/local_planner/share/local_planner/package.sh'
[28.225s] INFO:colcon.colcon_core.shell:Creating package script '/root/dddmr_navigation/install/local_planner/share/local_planner/package.bash'
[28.226s] INFO:colcon.colcon_core.shell:Creating package script '/root/dddmr_navigation/install/local_planner/share/local_planner/package.zsh'
[28.227s] Level 1:colcon.colcon_core.environment:create_file_with_runtime_dependencies(/root/dddmr_navigation/install/local_planner/share/colcon-core/packages/local_planner)
[39.196s] DEBUG:colcon.colcon_core.event_handler.log_command:Invoked command in '/root/dddmr_navigation/build/fast_lio' returned '0': CMAKE_PREFIX_PATH=${CMAKE_PREFIX_PATH}:/opt/ros/humble /usr/bin/cmake --build /root/dddmr_navigation/build/fast_lio -- -j28 -l28
[39.197s] DEBUG:colcon.colcon_core.event_handler.log_command:Invoking command in '/root/dddmr_navigation/build/fast_lio': CMAKE_PREFIX_PATH=${CMAKE_PREFIX_PATH}:/opt/ros/humble /usr/bin/cmake --install /root/dddmr_navigation/build/fast_lio
[39.279s] Level 1:colcon.colcon_core.environment:create_environment_scripts_only(fast_lio)
[39.279s] DEBUG:colcon.colcon_core.event_handler.log_command:Invoked command in '/root/dddmr_navigation/build/fast_lio' returned '0': CMAKE_PREFIX_PATH=${CMAKE_PREFIX_PATH}:/opt/ros/humble /usr/bin/cmake --install /root/dddmr_navigation/build/fast_lio
[39.279s] Level 1:colcon.colcon_core.environment:checking '/root/dddmr_navigation/install/fast_lio' for CMake module files
[39.280s] Level 1:colcon.colcon_core.environment:checking '/root/dddmr_navigation/install/fast_lio' for CMake config files
[39.281s] Level 1:colcon.colcon_core.shell:create_environment_hook('fast_lio', 'cmake_prefix_path')
[39.281s] INFO:colcon.colcon_core.shell:Creating environment hook '/root/dddmr_navigation/install/fast_lio/share/fast_lio/hook/cmake_prefix_path.ps1'
[39.282s] INFO:colcon.colcon_core.shell:Creating environment descriptor '/root/dddmr_navigation/install/fast_lio/share/fast_lio/hook/cmake_prefix_path.dsv'
[39.282s] INFO:colcon.colcon_core.shell:Creating environment hook '/root/dddmr_navigation/install/fast_lio/share/fast_lio/hook/cmake_prefix_path.sh'
[39.283s] Level 1:colcon.colcon_core.environment:checking '/root/dddmr_navigation/install/fast_lio/lib'
[39.283s] Level 1:colcon.colcon_core.shell:create_environment_hook('fast_lio', 'ld_library_path_lib')
[39.283s] INFO:colcon.colcon_core.shell:Creating environment hook '/root/dddmr_navigation/install/fast_lio/share/fast_lio/hook/ld_library_path_lib.ps1'
[39.283s] INFO:colcon.colcon_core.shell:Creating environment descriptor '/root/dddmr_navigation/install/fast_lio/share/fast_lio/hook/ld_library_path_lib.dsv'
[39.284s] INFO:colcon.colcon_core.shell:Creating environment hook '/root/dddmr_navigation/install/fast_lio/share/fast_lio/hook/ld_library_path_lib.sh'
[39.284s] Level 1:colcon.colcon_core.environment:checking '/root/dddmr_navigation/install/fast_lio/bin'
[39.284s] Level 1:colcon.colcon_core.environment:checking '/root/dddmr_navigation/install/fast_lio/lib/pkgconfig/fast_lio.pc'
[39.284s] Level 1:colcon.colcon_core.environment:checking '/root/dddmr_navigation/install/fast_lio/lib/python3.10/site-packages'
[39.284s] Level 1:colcon.colcon_core.environment:checking '/root/dddmr_navigation/install/fast_lio/bin'
[39.285s] INFO:colcon.colcon_core.shell:Creating package script '/root/dddmr_navigation/install/fast_lio/share/fast_lio/package.ps1'
[39.285s] INFO:colcon.colcon_core.shell:Creating package descriptor '/root/dddmr_navigation/install/fast_lio/share/fast_lio/package.dsv'
[39.286s] INFO:colcon.colcon_core.shell:Creating package script '/root/dddmr_navigation/install/fast_lio/share/fast_lio/package.sh'
[39.286s] INFO:colcon.colcon_core.shell:Creating package script '/root/dddmr_navigation/install/fast_lio/share/fast_lio/package.bash'
[39.287s] INFO:colcon.colcon_core.shell:Creating package script '/root/dddmr_navigation/install/fast_lio/share/fast_lio/package.zsh'
[39.287s] Level 1:colcon.colcon_core.environment:create_file_with_runtime_dependencies(/root/dddmr_navigation/install/fast_lio/share/colcon-core/packages/fast_lio)
[39.287s] Level 1:colcon.colcon_core.environment:create_environment_scripts_only(fast_lio)
[39.288s] Level 1:colcon.colcon_core.environment:checking '/root/dddmr_navigation/install/fast_lio' for CMake module files
[39.288s] Level 1:colcon.colcon_core.environment:checking '/root/dddmr_navigation/install/fast_lio' for CMake config files
[39.289s] Level 1:colcon.colcon_core.shell:create_environment_hook('fast_lio', 'cmake_prefix_path')
[39.289s] INFO:colcon.colcon_core.shell:Creating environment hook '/root/dddmr_navigation/install/fast_lio/share/fast_lio/hook/cmake_prefix_path.ps1'
[39.289s] INFO:colcon.colcon_core.shell:Creating environment descriptor '/root/dddmr_navigation/install/fast_lio/share/fast_lio/hook/cmake_prefix_path.dsv'
[39.289s] INFO:colcon.colcon_core.shell:Creating environment hook '/root/dddmr_navigation/install/fast_lio/share/fast_lio/hook/cmake_prefix_path.sh'
[39.290s] Level 1:colcon.colcon_core.environment:checking '/root/dddmr_navigation/install/fast_lio/lib'
[39.290s] Level 1:colcon.colcon_core.shell:create_environment_hook('fast_lio', 'ld_library_path_lib')
[39.290s] INFO:colcon.colcon_core.shell:Creating environment hook '/root/dddmr_navigation/install/fast_lio/share/fast_lio/hook/ld_library_path_lib.ps1'
[39.290s] INFO:colcon.colcon_core.shell:Creating environment descriptor '/root/dddmr_navigation/install/fast_lio/share/fast_lio/hook/ld_library_path_lib.dsv'
[39.290s] INFO:colcon.colcon_core.shell:Creating environment hook '/root/dddmr_navigation/install/fast_lio/share/fast_lio/hook/ld_library_path_lib.sh'
[39.290s] Level 1:colcon.colcon_core.environment:checking '/root/dddmr_navigation/install/fast_lio/bin'
[39.290s] Level 1:colcon.colcon_core.environment:checking '/root/dddmr_navigation/install/fast_lio/lib/pkgconfig/fast_lio.pc'
[39.290s] Level 1:colcon.colcon_core.environment:checking '/root/dddmr_navigation/install/fast_lio/lib/python3.10/site-packages'
[39.291s] Level 1:colcon.colcon_core.environment:checking '/root/dddmr_navigation/install/fast_lio/bin'
[39.291s] INFO:colcon.colcon_core.shell:Creating package script '/root/dddmr_navigation/install/fast_lio/share/fast_lio/package.ps1'
[39.291s] INFO:colcon.colcon_core.shell:Creating package descriptor '/root/dddmr_navigation/install/fast_lio/share/fast_lio/package.dsv'
[39.291s] INFO:colcon.colcon_core.shell:Creating package script '/root/dddmr_navigation/install/fast_lio/share/fast_lio/package.sh'
[39.291s] INFO:colcon.colcon_core.shell:Creating package script '/root/dddmr_navigation/install/fast_lio/share/fast_lio/package.bash'
[39.292s] INFO:colcon.colcon_core.shell:Creating package script '/root/dddmr_navigation/install/fast_lio/share/fast_lio/package.zsh'
[39.292s] Level 1:colcon.colcon_core.environment:create_file_with_runtime_dependencies(/root/dddmr_navigation/install/fast_lio/share/colcon-core/packages/fast_lio)
[64.823s] DEBUG:colcon.colcon_core.event_handler.log_command:Invoked command in '/root/dddmr_navigation/build/lego_loam_bor' returned '0': CMAKE_PREFIX_PATH=/root/dddmr_navigation/install/dddmr_trt:/root/dddmr_navigation/install/dddmr_sys_core:/root/dddmr_navigation/install/cloud_msgs:/root/livox_ws/install/livox_ros_driver2:/root/dddmr_navigation/install/dddmr_sc_pgo:/root/dddmr_navigation/install/p2p_move_base:/root/dddmr_navigation/install/recovery_behaviors:/root/dddmr_navigation/install/local_planner:/root/dddmr_navigation/install/trajectory_generators:/root/dddmr_navigation/install/pose_graph_merge_editor_panel:/root/dddmr_navigation/install/pose_graph_editor_panel:/root/dddmr_navigation/install/perception_3d:/root/dddmr_navigation/install/mpc_critics:/root/dddmr_navigation/install/mcl_3dl:/root/dddmr_navigation/install/mapping_panel:/root/dddmr_navigation/install/map_editor_panel:/root/dddmr_navigation/install/lego_loam_bor:/root/dddmr_navigation/install/global_planner:/root/dddmr_navigation/install/fast_lio:/root/dddmr_navigation/install/dddmr_semantic_segmentation:/root/dddmr_navigation/install/dddmr_rviz_default_plugins:/root/dddmr_navigation/install/dddmr_odom_3d:/root/dddmr_navigation/install/dddmr_fastlio_adapter:/root/dddmr_navigation/install/dddmr_beginner_guide:/root/dddmr_navigation/install/base_trajectory:/opt/ros/humble LD_LIBRARY_PATH=/root/dddmr_navigation/install/dddmr_sys_core/lib:/root/dddmr_navigation/install/cloud_msgs/lib:/root/livox_ws/install/livox_ros_driver2/lib:/root/dddmr_navigation/install/dddmr_sc_pgo/lib:/opt/ros/humble/opt/rviz_ogre_vendor/lib:/opt/ros/humble/lib/x86_64-linux-gnu:/opt/ros/humble/lib:/root/dddmr_navigation/install/p2p_move_base/lib:/root/dddmr_navigation/install/recovery_behaviors/lib:/root/dddmr_navigation/install/local_planner/lib:/root/dddmr_navigation/install/trajectory_generators/lib:/root/dddmr_navigation/install/pose_graph_merge_editor_panel/lib:/root/dddmr_navigation/install/pose_graph_editor_panel/lib:/root/dddmr_navigation/install/perception_3d/lib:/root/dddmr_navigation/install/mpc_critics/lib:/root/dddmr_navigation/install/mcl_3dl/lib:/root/dddmr_navigation/install/mapping_panel/lib:/root/dddmr_navigation/install/map_editor_panel/lib:/root/dddmr_navigation/install/lego_loam_bor/lib:/root/dddmr_navigation/install/global_planner/lib:/root/dddmr_navigation/install/fast_lio/lib:/root/dddmr_navigation/install/dddmr_rviz_default_plugins/lib:/root/dddmr_navigation/install/base_trajectory/lib /usr/bin/cmake --build /root/dddmr_navigation/build/lego_loam_bor -- -j28 -l28
[64.825s] DEBUG:colcon.colcon_core.event_handler.log_command:Invoking command in '/root/dddmr_navigation/build/lego_loam_bor': CMAKE_PREFIX_PATH=/root/dddmr_navigation/install/dddmr_trt:/root/dddmr_navigation/install/dddmr_sys_core:/root/dddmr_navigation/install/cloud_msgs:/root/livox_ws/install/livox_ros_driver2:/root/dddmr_navigation/install/dddmr_sc_pgo:/root/dddmr_navigation/install/p2p_move_base:/root/dddmr_navigation/install/recovery_behaviors:/root/dddmr_navigation/install/local_planner:/root/dddmr_navigation/install/trajectory_generators:/root/dddmr_navigation/install/pose_graph_merge_editor_panel:/root/dddmr_navigation/install/pose_graph_editor_panel:/root/dddmr_navigation/install/perception_3d:/root/dddmr_navigation/install/mpc_critics:/root/dddmr_navigation/install/mcl_3dl:/root/dddmr_navigation/install/mapping_panel:/root/dddmr_navigation/install/map_editor_panel:/root/dddmr_navigation/install/lego_loam_bor:/root/dddmr_navigation/install/global_planner:/root/dddmr_navigation/install/fast_lio:/root/dddmr_navigation/install/dddmr_semantic_segmentation:/root/dddmr_navigation/install/dddmr_rviz_default_plugins:/root/dddmr_navigation/install/dddmr_odom_3d:/root/dddmr_navigation/install/dddmr_fastlio_adapter:/root/dddmr_navigation/install/dddmr_beginner_guide:/root/dddmr_navigation/install/base_trajectory:/opt/ros/humble LD_LIBRARY_PATH=/root/dddmr_navigation/install/dddmr_sys_core/lib:/root/dddmr_navigation/install/cloud_msgs/lib:/root/livox_ws/install/livox_ros_driver2/lib:/root/dddmr_navigation/install/dddmr_sc_pgo/lib:/opt/ros/humble/opt/rviz_ogre_vendor/lib:/opt/ros/humble/lib/x86_64-linux-gnu:/opt/ros/humble/lib:/root/dddmr_navigation/install/p2p_move_base/lib:/root/dddmr_navigation/install/recovery_behaviors/lib:/root/dddmr_navigation/install/local_planner/lib:/root/dddmr_navigation/install/trajectory_generators/lib:/root/dddmr_navigation/install/pose_graph_merge_editor_panel/lib:/root/dddmr_navigation/install/pose_graph_editor_panel/lib:/root/dddmr_navigation/install/perception_3d/lib:/root/dddmr_navigation/install/mpc_critics/lib:/root/dddmr_navigation/install/mcl_3dl/lib:/root/dddmr_navigation/install/mapping_panel/lib:/root/dddmr_navigation/install/map_editor_panel/lib:/root/dddmr_navigation/install/lego_loam_bor/lib:/root/dddmr_navigation/install/global_planner/lib:/root/dddmr_navigation/install/fast_lio/lib:/root/dddmr_navigation/install/dddmr_rviz_default_plugins/lib:/root/dddmr_navigation/install/base_trajectory/lib /usr/bin/cmake --install /root/dddmr_navigation/build/lego_loam_bor
[64.850s] Level 1:colcon.colcon_core.environment:create_environment_scripts_only(lego_loam_bor)
[64.850s] DEBUG:colcon.colcon_core.event_handler.log_command:Invoked command in '/root/dddmr_navigation/build/lego_loam_bor' returned '0': CMAKE_PREFIX_PATH=/root/dddmr_navigation/install/dddmr_trt:/root/dddmr_navigation/install/dddmr_sys_core:/root/dddmr_navigation/install/cloud_msgs:/root/livox_ws/install/livox_ros_driver2:/root/dddmr_navigation/install/dddmr_sc_pgo:/root/dddmr_navigation/install/p2p_move_base:/root/dddmr_navigation/install/recovery_behaviors:/root/dddmr_navigation/install/local_planner:/root/dddmr_navigation/install/trajectory_generators:/root/dddmr_navigation/install/pose_graph_merge_editor_panel:/root/dddmr_navigation/install/pose_graph_editor_panel:/root/dddmr_navigation/install/perception_3d:/root/dddmr_navigation/install/mpc_critics:/root/dddmr_navigation/install/mcl_3dl:/root/dddmr_navigation/install/mapping_panel:/root/dddmr_navigation/install/map_editor_panel:/root/dddmr_navigation/install/lego_loam_bor:/root/dddmr_navigation/install/global_planner:/root/dddmr_navigation/install/fast_lio:/root/dddmr_navigation/install/dddmr_semantic_segmentation:/root/dddmr_navigation/install/dddmr_rviz_default_plugins:/root/dddmr_navigation/install/dddmr_odom_3d:/root/dddmr_navigation/install/dddmr_fastlio_adapter:/root/dddmr_navigation/install/dddmr_beginner_guide:/root/dddmr_navigation/install/base_trajectory:/opt/ros/humble LD_LIBRARY_PATH=/root/dddmr_navigation/install/dddmr_sys_core/lib:/root/dddmr_navigation/install/cloud_msgs/lib:/root/livox_ws/install/livox_ros_driver2/lib:/root/dddmr_navigation/install/dddmr_sc_pgo/lib:/opt/ros/humble/opt/rviz_ogre_vendor/lib:/opt/ros/humble/lib/x86_64-linux-gnu:/opt/ros/humble/lib:/root/dddmr_navigation/install/p2p_move_base/lib:/root/dddmr_navigation/install/recovery_behaviors/lib:/root/dddmr_navigation/install/local_planner/lib:/root/dddmr_navigation/install/trajectory_generators/lib:/root/dddmr_navigation/install/pose_graph_merge_editor_panel/lib:/root/dddmr_navigation/install/pose_graph_editor_panel/lib:/root/dddmr_navigation/install/perception_3d/lib:/root/dddmr_navigation/install/mpc_critics/lib:/root/dddmr_navigation/install/mcl_3dl/lib:/root/dddmr_navigation/install/mapping_panel/lib:/root/dddmr_navigation/install/map_editor_panel/lib:/root/dddmr_navigation/install/lego_loam_bor/lib:/root/dddmr_navigation/install/global_planner/lib:/root/dddmr_navigation/install/fast_lio/lib:/root/dddmr_navigation/install/dddmr_rviz_default_plugins/lib:/root/dddmr_navigation/install/base_trajectory/lib /usr/bin/cmake --install /root/dddmr_navigation/build/lego_loam_bor
[64.851s] Level 1:colcon.colcon_core.environment:checking '/root/dddmr_navigation/install/lego_loam_bor' for CMake module files
[64.851s] Level 1:colcon.colcon_core.environment:checking '/root/dddmr_navigation/install/lego_loam_bor' for CMake config files
[64.852s] Level 1:colcon.colcon_core.shell:create_environment_hook('lego_loam_bor', 'cmake_prefix_path')
[64.852s] INFO:colcon.colcon_core.shell:Creating environment hook '/root/dddmr_navigation/install/lego_loam_bor/share/lego_loam_bor/hook/cmake_prefix_path.ps1'
[64.852s] INFO:colcon.colcon_core.shell:Creating environment descriptor '/root/dddmr_navigation/install/lego_loam_bor/share/lego_loam_bor/hook/cmake_prefix_path.dsv'
[64.853s] INFO:colcon.colcon_core.shell:Creating environment hook '/root/dddmr_navigation/install/lego_loam_bor/share/lego_loam_bor/hook/cmake_prefix_path.sh'
[64.853s] Level 1:colcon.colcon_core.environment:checking '/root/dddmr_navigation/install/lego_loam_bor/lib'
[64.853s] Level 1:colcon.colcon_core.shell:create_environment_hook('lego_loam_bor', 'ld_library_path_lib')
[64.853s] INFO:colcon.colcon_core.shell:Creating environment hook '/root/dddmr_navigation/install/lego_loam_bor/share/lego_loam_bor/hook/ld_library_path_lib.ps1'
[64.854s] INFO:colcon.colcon_core.shell:Creating environment descriptor '/root/dddmr_navigation/install/lego_loam_bor/share/lego_loam_bor/hook/ld_library_path_lib.dsv'
[64.854s] INFO:colcon.colcon_core.shell:Creating environment hook '/root/dddmr_navigation/install/lego_loam_bor/share/lego_loam_bor/hook/ld_library_path_lib.sh'
[64.854s] Level 1:colcon.colcon_core.environment:checking '/root/dddmr_navigation/install/lego_loam_bor/bin'
[64.854s] Level 1:colcon.colcon_core.environment:checking '/root/dddmr_navigation/install/lego_loam_bor/lib/pkgconfig/lego_loam_bor.pc'
[64.854s] Level 1:colcon.colcon_core.environment:checking '/root/dddmr_navigation/install/lego_loam_bor/lib/python3.10/site-packages'
[64.854s] Level 1:colcon.colcon_core.environment:checking '/root/dddmr_navigation/install/lego_loam_bor/bin'
[64.855s] INFO:colcon.colcon_core.shell:Creating package script '/root/dddmr_navigation/install/lego_loam_bor/share/lego_loam_bor/package.ps1'
[64.855s] INFO:colcon.colcon_core.shell:Creating package descriptor '/root/dddmr_navigation/install/lego_loam_bor/share/lego_loam_bor/package.dsv'
[64.855s] INFO:colcon.colcon_core.shell:Creating package script '/root/dddmr_navigation/install/lego_loam_bor/share/lego_loam_bor/package.sh'
[64.855s] INFO:colcon.colcon_core.shell:Creating package script '/root/dddmr_navigation/install/lego_loam_bor/share/lego_loam_bor/package.bash'
[64.855s] INFO:colcon.colcon_core.shell:Creating package script '/root/dddmr_navigation/install/lego_loam_bor/share/lego_loam_bor/package.zsh'
[64.855s] Level 1:colcon.colcon_core.environment:create_file_with_runtime_dependencies(/root/dddmr_navigation/install/lego_loam_bor/share/colcon-core/packages/lego_loam_bor)
[64.856s] Level 1:colcon.colcon_core.environment:create_environment_scripts_only(lego_loam_bor)
[64.856s] Level 1:colcon.colcon_core.environment:checking '/root/dddmr_navigation/install/lego_loam_bor' for CMake module files
[64.856s] Level 1:colcon.colcon_core.environment:checking '/root/dddmr_navigation/install/lego_loam_bor' for CMake config files
[64.857s] Level 1:colcon.colcon_core.shell:create_environment_hook('lego_loam_bor', 'cmake_prefix_path')
[64.857s] INFO:colcon.colcon_core.shell:Creating environment hook '/root/dddmr_navigation/install/lego_loam_bor/share/lego_loam_bor/hook/cmake_prefix_path.ps1'
[64.857s] INFO:colcon.colcon_core.shell:Creating environment descriptor '/root/dddmr_navigation/install/lego_loam_bor/share/lego_loam_bor/hook/cmake_prefix_path.dsv'
[64.857s] INFO:colcon.colcon_core.shell:Creating environment hook '/root/dddmr_navigation/install/lego_loam_bor/share/lego_loam_bor/hook/cmake_prefix_path.sh'
[64.857s] Level 1:colcon.colcon_core.environment:checking '/root/dddmr_navigation/install/lego_loam_bor/lib'
[64.857s] Level 1:colcon.colcon_core.shell:create_environment_hook('lego_loam_bor', 'ld_library_path_lib')
[64.857s] INFO:colcon.colcon_core.shell:Creating environment hook '/root/dddmr_navigation/install/lego_loam_bor/share/lego_loam_bor/hook/ld_library_path_lib.ps1'
[64.857s] INFO:colcon.colcon_core.shell:Creating environment descriptor '/root/dddmr_navigation/install/lego_loam_bor/share/lego_loam_bor/hook/ld_library_path_lib.dsv'
[64.858s] INFO:colcon.colcon_core.shell:Creating environment hook '/root/dddmr_navigation/install/lego_loam_bor/share/lego_loam_bor/hook/ld_library_path_lib.sh'
[64.858s] Level 1:colcon.colcon_core.environment:checking '/root/dddmr_navigation/install/lego_loam_bor/bin'
[64.858s] Level 1:colcon.colcon_core.environment:checking '/root/dddmr_navigation/install/lego_loam_bor/lib/pkgconfig/lego_loam_bor.pc'
[64.858s] Level 1:colcon.colcon_core.environment:checking '/root/dddmr_navigation/install/lego_loam_bor/lib/python3.10/site-packages'
[64.858s] Level 1:colcon.colcon_core.environment:checking '/root/dddmr_navigation/install/lego_loam_bor/bin'
[64.858s] INFO:colcon.colcon_core.shell:Creating package script '/root/dddmr_navigation/install/lego_loam_bor/share/lego_loam_bor/package.ps1'
[64.858s] INFO:colcon.colcon_core.shell:Creating package descriptor '/root/dddmr_navigation/install/lego_loam_bor/share/lego_loam_bor/package.dsv'
[64.859s] INFO:colcon.colcon_core.shell:Creating package script '/root/dddmr_navigation/install/lego_loam_bor/share/lego_loam_bor/package.sh'
[64.859s] INFO:colcon.colcon_core.shell:Creating package script '/root/dddmr_navigation/install/lego_loam_bor/share/lego_loam_bor/package.bash'
[64.859s] INFO:colcon.colcon_core.shell:Creating package script '/root/dddmr_navigation/install/lego_loam_bor/share/lego_loam_bor/package.zsh'
[64.859s] Level 1:colcon.colcon_core.environment:create_file_with_runtime_dependencies(/root/dddmr_navigation/install/lego_loam_bor/share/colcon-core/packages/lego_loam_bor)
[113.319s] DEBUG:colcon.colcon_core.event_handler.log_command:Invoked command in '/root/dddmr_navigation/build/recovery_behaviors' returned '0': CMAKE_PREFIX_PATH=/root/dddmr_navigation/install/trajectory_generators:/root/dddmr_navigation/install/mpc_critics:/root/dddmr_navigation/install/perception_3d:/root/dddmr_navigation/install/dddmr_sys_core:/root/dddmr_navigation/install/base_trajectory:/root/livox_ws/install/livox_ros_driver2:/root/dddmr_navigation/install/dddmr_sc_pgo:/root/dddmr_navigation/install/p2p_move_base:/root/dddmr_navigation/install/recovery_behaviors:/root/dddmr_navigation/install/local_planner:/root/dddmr_navigation/install/pose_graph_merge_editor_panel:/root/dddmr_navigation/install/pose_graph_editor_panel:/root/dddmr_navigation/install/mcl_3dl:/root/dddmr_navigation/install/mapping_panel:/root/dddmr_navigation/install/map_editor_panel:/root/dddmr_navigation/install/lego_loam_bor:/root/dddmr_navigation/install/global_planner:/root/dddmr_navigation/install/fast_lio:/root/dddmr_navigation/install/dddmr_trt:/root/dddmr_navigation/install/dddmr_semantic_segmentation:/root/dddmr_navigation/install/dddmr_rviz_default_plugins:/root/dddmr_navigation/install/dddmr_odom_3d:/root/dddmr_navigation/install/dddmr_fastlio_adapter:/root/dddmr_navigation/install/dddmr_beginner_guide:/root/dddmr_navigation/install/cloud_msgs:/opt/ros/humble LD_LIBRARY_PATH=/root/dddmr_navigation/install/trajectory_generators/lib:/root/dddmr_navigation/install/mpc_critics/lib:/root/dddmr_navigation/install/perception_3d/lib:/root/dddmr_navigation/install/dddmr_sys_core/lib:/root/dddmr_navigation/install/base_trajectory/lib:/root/livox_ws/install/livox_ros_driver2/lib:/root/dddmr_navigation/install/dddmr_sc_pgo/lib:/opt/ros/humble/opt/rviz_ogre_vendor/lib:/opt/ros/humble/lib/x86_64-linux-gnu:/opt/ros/humble/lib:/root/dddmr_navigation/install/p2p_move_base/lib:/root/dddmr_navigation/install/recovery_behaviors/lib:/root/dddmr_navigation/install/local_planner/lib:/root/dddmr_navigation/install/pose_graph_merge_editor_panel/lib:/root/dddmr_navigation/install/pose_graph_editor_panel/lib:/root/dddmr_navigation/install/mcl_3dl/lib:/root/dddmr_navigation/install/mapping_panel/lib:/root/dddmr_navigation/install/map_editor_panel/lib:/root/dddmr_navigation/install/lego_loam_bor/lib:/root/dddmr_navigation/install/global_planner/lib:/root/dddmr_navigation/install/fast_lio/lib:/root/dddmr_navigation/install/dddmr_rviz_default_plugins/lib:/root/dddmr_navigation/install/cloud_msgs/lib /usr/bin/cmake --build /root/dddmr_navigation/build/recovery_behaviors -- -j28 -l28
[113.321s] DEBUG:colcon.colcon_core.event_handler.log_command:Invoking command in '/root/dddmr_navigation/build/recovery_behaviors': CMAKE_PREFIX_PATH=/root/dddmr_navigation/install/trajectory_generators:/root/dddmr_navigation/install/mpc_critics:/root/dddmr_navigation/install/perception_3d:/root/dddmr_navigation/install/dddmr_sys_core:/root/dddmr_navigation/install/base_trajectory:/root/livox_ws/install/livox_ros_driver2:/root/dddmr_navigation/install/dddmr_sc_pgo:/root/dddmr_navigation/install/p2p_move_base:/root/dddmr_navigation/install/recovery_behaviors:/root/dddmr_navigation/install/local_planner:/root/dddmr_navigation/install/pose_graph_merge_editor_panel:/root/dddmr_navigation/install/pose_graph_editor_panel:/root/dddmr_navigation/install/mcl_3dl:/root/dddmr_navigation/install/mapping_panel:/root/dddmr_navigation/install/map_editor_panel:/root/dddmr_navigation/install/lego_loam_bor:/root/dddmr_navigation/install/global_planner:/root/dddmr_navigation/install/fast_lio:/root/dddmr_navigation/install/dddmr_trt:/root/dddmr_navigation/install/dddmr_semantic_segmentation:/root/dddmr_navigation/install/dddmr_rviz_default_plugins:/root/dddmr_navigation/install/dddmr_odom_3d:/root/dddmr_navigation/install/dddmr_fastlio_adapter:/root/dddmr_navigation/install/dddmr_beginner_guide:/root/dddmr_navigation/install/cloud_msgs:/opt/ros/humble LD_LIBRARY_PATH=/root/dddmr_navigation/install/trajectory_generators/lib:/root/dddmr_navigation/install/mpc_critics/lib:/root/dddmr_navigation/install/perception_3d/lib:/root/dddmr_navigation/install/dddmr_sys_core/lib:/root/dddmr_navigation/install/base_trajectory/lib:/root/livox_ws/install/livox_ros_driver2/lib:/root/dddmr_navigation/install/dddmr_sc_pgo/lib:/opt/ros/humble/opt/rviz_ogre_vendor/lib:/opt/ros/humble/lib/x86_64-linux-gnu:/opt/ros/humble/lib:/root/dddmr_navigation/install/p2p_move_base/lib:/root/dddmr_navigation/install/recovery_behaviors/lib:/root/dddmr_navigation/install/local_planner/lib:/root/dddmr_navigation/install/pose_graph_merge_editor_panel/lib:/root/dddmr_navigation/install/pose_graph_editor_panel/lib:/root/dddmr_navigation/install/mcl_3dl/lib:/root/dddmr_navigation/install/mapping_panel/lib:/root/dddmr_navigation/install/map_editor_panel/lib:/root/dddmr_navigation/install/lego_loam_bor/lib:/root/dddmr_navigation/install/global_planner/lib:/root/dddmr_navigation/install/fast_lio/lib:/root/dddmr_navigation/install/dddmr_rviz_default_plugins/lib:/root/dddmr_navigation/install/cloud_msgs/lib /usr/bin/cmake --install /root/dddmr_navigation/build/recovery_behaviors
[113.343s] Level 1:colcon.colcon_core.environment:create_environment_scripts_only(recovery_behaviors)
[113.343s] DEBUG:colcon.colcon_core.event_handler.log_command:Invoked command in '/root/dddmr_navigation/build/recovery_behaviors' returned '0': CMAKE_PREFIX_PATH=/root/dddmr_navigation/install/trajectory_generators:/root/dddmr_navigation/install/mpc_critics:/root/dddmr_navigation/install/perception_3d:/root/dddmr_navigation/install/dddmr_sys_core:/root/dddmr_navigation/install/base_trajectory:/root/livox_ws/install/livox_ros_driver2:/root/dddmr_navigation/install/dddmr_sc_pgo:/root/dddmr_navigation/install/p2p_move_base:/root/dddmr_navigation/install/recovery_behaviors:/root/dddmr_navigation/install/local_planner:/root/dddmr_navigation/install/pose_graph_merge_editor_panel:/root/dddmr_navigation/install/pose_graph_editor_panel:/root/dddmr_navigation/install/mcl_3dl:/root/dddmr_navigation/install/mapping_panel:/root/dddmr_navigation/install/map_editor_panel:/root/dddmr_navigation/install/lego_loam_bor:/root/dddmr_navigation/install/global_planner:/root/dddmr_navigation/install/fast_lio:/root/dddmr_navigation/install/dddmr_trt:/root/dddmr_navigation/install/dddmr_semantic_segmentation:/root/dddmr_navigation/install/dddmr_rviz_default_plugins:/root/dddmr_navigation/install/dddmr_odom_3d:/root/dddmr_navigation/install/dddmr_fastlio_adapter:/root/dddmr_navigation/install/dddmr_beginner_guide:/root/dddmr_navigation/install/cloud_msgs:/opt/ros/humble LD_LIBRARY_PATH=/root/dddmr_navigation/install/trajectory_generators/lib:/root/dddmr_navigation/install/mpc_critics/lib:/root/dddmr_navigation/install/perception_3d/lib:/root/dddmr_navigation/install/dddmr_sys_core/lib:/root/dddmr_navigation/install/base_trajectory/lib:/root/livox_ws/install/livox_ros_driver2/lib:/root/dddmr_navigation/install/dddmr_sc_pgo/lib:/opt/ros/humble/opt/rviz_ogre_vendor/lib:/opt/ros/humble/lib/x86_64-linux-gnu:/opt/ros/humble/lib:/root/dddmr_navigation/install/p2p_move_base/lib:/root/dddmr_navigation/install/recovery_behaviors/lib:/root/dddmr_navigation/install/local_planner/lib:/root/dddmr_navigation/install/pose_graph_merge_editor_panel/lib:/root/dddmr_navigation/install/pose_graph_editor_panel/lib:/root/dddmr_navigation/install/mcl_3dl/lib:/root/dddmr_navigation/install/mapping_panel/lib:/root/dddmr_navigation/install/map_editor_panel/lib:/root/dddmr_navigation/install/lego_loam_bor/lib:/root/dddmr_navigation/install/global_planner/lib:/root/dddmr_navigation/install/fast_lio/lib:/root/dddmr_navigation/install/dddmr_rviz_default_plugins/lib:/root/dddmr_navigation/install/cloud_msgs/lib /usr/bin/cmake --install /root/dddmr_navigation/build/recovery_behaviors
[113.343s] Level 1:colcon.colcon_core.environment:checking '/root/dddmr_navigation/install/recovery_behaviors' for CMake module files
[113.344s] Level 1:colcon.colcon_core.environment:checking '/root/dddmr_navigation/install/recovery_behaviors' for CMake config files
[113.344s] Level 1:colcon.colcon_core.shell:create_environment_hook('recovery_behaviors', 'cmake_prefix_path')
[113.344s] INFO:colcon.colcon_core.shell:Creating environment hook '/root/dddmr_navigation/install/recovery_behaviors/share/recovery_behaviors/hook/cmake_prefix_path.ps1'
[113.344s] INFO:colcon.colcon_core.shell:Creating environment descriptor '/root/dddmr_navigation/install/recovery_behaviors/share/recovery_behaviors/hook/cmake_prefix_path.dsv'
[113.344s] INFO:colcon.colcon_core.shell:Creating environment hook '/root/dddmr_navigation/install/recovery_behaviors/share/recovery_behaviors/hook/cmake_prefix_path.sh'
[113.345s] Level 1:colcon.colcon_core.environment:checking '/root/dddmr_navigation/install/recovery_behaviors/lib'
[113.345s] Level 1:colcon.colcon_core.shell:create_environment_hook('recovery_behaviors', 'ld_library_path_lib')
[113.345s] INFO:colcon.colcon_core.shell:Creating environment hook '/root/dddmr_navigation/install/recovery_behaviors/share/recovery_behaviors/hook/ld_library_path_lib.ps1'
[113.345s] INFO:colcon.colcon_core.shell:Creating environment descriptor '/root/dddmr_navigation/install/recovery_behaviors/share/recovery_behaviors/hook/ld_library_path_lib.dsv'
[113.345s] INFO:colcon.colcon_core.shell:Creating environment hook '/root/dddmr_navigation/install/recovery_behaviors/share/recovery_behaviors/hook/ld_library_path_lib.sh'
[113.345s] Level 1:colcon.colcon_core.environment:checking '/root/dddmr_navigation/install/recovery_behaviors/bin'
[113.345s] Level 1:colcon.colcon_core.environment:checking '/root/dddmr_navigation/install/recovery_behaviors/lib/pkgconfig/recovery_behaviors.pc'
[113.345s] Level 1:colcon.colcon_core.environment:checking '/root/dddmr_navigation/install/recovery_behaviors/lib/python3.10/site-packages'
[113.346s] Level 1:colcon.colcon_core.environment:checking '/root/dddmr_navigation/install/recovery_behaviors/bin'
[113.346s] INFO:colcon.colcon_core.shell:Creating package script '/root/dddmr_navigation/install/recovery_behaviors/share/recovery_behaviors/package.ps1'
[113.346s] INFO:colcon.colcon_core.shell:Creating package descriptor '/root/dddmr_navigation/install/recovery_behaviors/share/recovery_behaviors/package.dsv'
[113.346s] INFO:colcon.colcon_core.shell:Creating package script '/root/dddmr_navigation/install/recovery_behaviors/share/recovery_behaviors/package.sh'
[113.346s] INFO:colcon.colcon_core.shell:Creating package script '/root/dddmr_navigation/install/recovery_behaviors/share/recovery_behaviors/package.bash'
[113.346s] INFO:colcon.colcon_core.shell:Creating package script '/root/dddmr_navigation/install/recovery_behaviors/share/recovery_behaviors/package.zsh'
[113.347s] Level 1:colcon.colcon_core.environment:create_file_with_runtime_dependencies(/root/dddmr_navigation/install/recovery_behaviors/share/colcon-core/packages/recovery_behaviors)
[113.347s] Level 1:colcon.colcon_core.environment:create_environment_scripts_only(recovery_behaviors)
[113.347s] Level 1:colcon.colcon_core.environment:checking '/root/dddmr_navigation/install/recovery_behaviors' for CMake module files
[113.347s] Level 1:colcon.colcon_core.environment:checking '/root/dddmr_navigation/install/recovery_behaviors' for CMake config files
[113.348s] Level 1:colcon.colcon_core.shell:create_environment_hook('recovery_behaviors', 'cmake_prefix_path')
[113.348s] INFO:colcon.colcon_core.shell:Creating environment hook '/root/dddmr_navigation/install/recovery_behaviors/share/recovery_behaviors/hook/cmake_prefix_path.ps1'
[113.348s] INFO:colcon.colcon_core.shell:Creating environment descriptor '/root/dddmr_navigation/install/recovery_behaviors/share/recovery_behaviors/hook/cmake_prefix_path.dsv'
[113.348s] INFO:colcon.colcon_core.shell:Creating environment hook '/root/dddmr_navigation/install/recovery_behaviors/share/recovery_behaviors/hook/cmake_prefix_path.sh'
[113.348s] Level 1:colcon.colcon_core.environment:checking '/root/dddmr_navigation/install/recovery_behaviors/lib'
[113.348s] Level 1:colcon.colcon_core.shell:create_environment_hook('recovery_behaviors', 'ld_library_path_lib')
[113.348s] INFO:colcon.colcon_core.shell:Creating environment hook '/root/dddmr_navigation/install/recovery_behaviors/share/recovery_behaviors/hook/ld_library_path_lib.ps1'
[113.348s] INFO:colcon.colcon_core.shell:Creating environment descriptor '/root/dddmr_navigation/install/recovery_behaviors/share/recovery_behaviors/hook/ld_library_path_lib.dsv'
[113.349s] INFO:colcon.colcon_core.shell:Creating environment hook '/root/dddmr_navigation/install/recovery_behaviors/share/recovery_behaviors/hook/ld_library_path_lib.sh'
[113.349s] Level 1:colcon.colcon_core.environment:checking '/root/dddmr_navigation/install/recovery_behaviors/bin'
[113.349s] Level 1:colcon.colcon_core.environment:checking '/root/dddmr_navigation/install/recovery_behaviors/lib/pkgconfig/recovery_behaviors.pc'
[113.349s] Level 1:colcon.colcon_core.environment:checking '/root/dddmr_navigation/install/recovery_behaviors/lib/python3.10/site-packages'
[113.349s] Level 1:colcon.colcon_core.environment:checking '/root/dddmr_navigation/install/recovery_behaviors/bin'
[113.349s] INFO:colcon.colcon_core.shell:Creating package script '/root/dddmr_navigation/install/recovery_behaviors/share/recovery_behaviors/package.ps1'
[113.349s] INFO:colcon.colcon_core.shell:Creating package descriptor '/root/dddmr_navigation/install/recovery_behaviors/share/recovery_behaviors/package.dsv'
[113.350s] INFO:colcon.colcon_core.shell:Creating package script '/root/dddmr_navigation/install/recovery_behaviors/share/recovery_behaviors/package.sh'
[113.350s] INFO:colcon.colcon_core.shell:Creating package script '/root/dddmr_navigation/install/recovery_behaviors/share/recovery_behaviors/package.bash'
[113.350s] INFO:colcon.colcon_core.shell:Creating package script '/root/dddmr_navigation/install/recovery_behaviors/share/recovery_behaviors/package.zsh'
[113.350s] Level 1:colcon.colcon_core.environment:create_file_with_runtime_dependencies(/root/dddmr_navigation/install/recovery_behaviors/share/colcon-core/packages/recovery_behaviors)
[113.350s] INFO:colcon.colcon_ros.task.ament_cmake.build:Building ROS package in '/root/dddmr_navigation/src/dddmr_p2p_move_base' with build type 'ament_cmake'
[113.351s] INFO:colcon.colcon_cmake.task.cmake.build:Building CMake package in '/root/dddmr_navigation/src/dddmr_p2p_move_base'
[113.351s] INFO:colcon.colcon_core.shell:Skip shell extension 'powershell' for command environment: Not usable outside of PowerShell
[113.351s] DEBUG:colcon.colcon_core.shell:Skip shell extension 'dsv' for command environment
[113.388s] DEBUG:colcon.colcon_core.event_handler.log_command:Invoking command in '/root/dddmr_navigation/build/p2p_move_base': CMAKE_PREFIX_PATH=/root/dddmr_navigation/install/recovery_behaviors:/root/dddmr_navigation/install/local_planner:/root/dddmr_navigation/install/trajectory_generators:/root/dddmr_navigation/install/mpc_critics:/root/dddmr_navigation/install/perception_3d:/root/dddmr_navigation/install/dddmr_sys_core:/root/dddmr_navigation/install/base_trajectory:/root/livox_ws/install/livox_ros_driver2:/root/dddmr_navigation/install/dddmr_sc_pgo:/root/dddmr_navigation/install/p2p_move_base:/root/dddmr_navigation/install/pose_graph_merge_editor_panel:/root/dddmr_navigation/install/pose_graph_editor_panel:/root/dddmr_navigation/install/mcl_3dl:/root/dddmr_navigation/install/mapping_panel:/root/dddmr_navigation/install/map_editor_panel:/root/dddmr_navigation/install/lego_loam_bor:/root/dddmr_navigation/install/global_planner:/root/dddmr_navigation/install/fast_lio:/root/dddmr_navigation/install/dddmr_trt:/root/dddmr_navigation/install/dddmr_semantic_segmentation:/root/dddmr_navigation/install/dddmr_rviz_default_plugins:/root/dddmr_navigation/install/dddmr_odom_3d:/root/dddmr_navigation/install/dddmr_fastlio_adapter:/root/dddmr_navigation/install/dddmr_beginner_guide:/root/dddmr_navigation/install/cloud_msgs:/opt/ros/humble LD_LIBRARY_PATH=/root/dddmr_navigation/install/recovery_behaviors/lib:/root/dddmr_navigation/install/local_planner/lib:/root/dddmr_navigation/install/trajectory_generators/lib:/root/dddmr_navigation/install/mpc_critics/lib:/root/dddmr_navigation/install/perception_3d/lib:/root/dddmr_navigation/install/dddmr_sys_core/lib:/root/dddmr_navigation/install/base_trajectory/lib:/root/livox_ws/install/livox_ros_driver2/lib:/root/dddmr_navigation/install/dddmr_sc_pgo/lib:/opt/ros/humble/opt/rviz_ogre_vendor/lib:/opt/ros/humble/lib/x86_64-linux-gnu:/opt/ros/humble/lib:/root/dddmr_navigation/install/p2p_move_base/lib:/root/dddmr_navigation/install/pose_graph_merge_editor_panel/lib:/root/dddmr_navigation/install/pose_graph_editor_panel/lib:/root/dddmr_navigation/install/mcl_3dl/lib:/root/dddmr_navigation/install/mapping_panel/lib:/root/dddmr_navigation/install/map_editor_panel/lib:/root/dddmr_navigation/install/lego_loam_bor/lib:/root/dddmr_navigation/install/global_planner/lib:/root/dddmr_navigation/install/fast_lio/lib:/root/dddmr_navigation/install/dddmr_rviz_default_plugins/lib:/root/dddmr_navigation/install/cloud_msgs/lib /usr/bin/cmake /root/dddmr_navigation/src/dddmr_p2p_move_base -DAMENT_CMAKE_SYMLINK_INSTALL=1 -DCMAKE_INSTALL_PREFIX=/root/dddmr_navigation/install/p2p_move_base
[115.914s] DEBUG:colcon.colcon_core.event_handler.log_command:Invoked command in '/root/dddmr_navigation/build/p2p_move_base' returned '0': CMAKE_PREFIX_PATH=/root/dddmr_navigation/install/recovery_behaviors:/root/dddmr_navigation/install/local_planner:/root/dddmr_navigation/install/trajectory_generators:/root/dddmr_navigation/install/mpc_critics:/root/dddmr_navigation/install/perception_3d:/root/dddmr_navigation/install/dddmr_sys_core:/root/dddmr_navigation/install/base_trajectory:/root/livox_ws/install/livox_ros_driver2:/root/dddmr_navigation/install/dddmr_sc_pgo:/root/dddmr_navigation/install/p2p_move_base:/root/dddmr_navigation/install/pose_graph_merge_editor_panel:/root/dddmr_navigation/install/pose_graph_editor_panel:/root/dddmr_navigation/install/mcl_3dl:/root/dddmr_navigation/install/mapping_panel:/root/dddmr_navigation/install/map_editor_panel:/root/dddmr_navigation/install/lego_loam_bor:/root/dddmr_navigation/install/global_planner:/root/dddmr_navigation/install/fast_lio:/root/dddmr_navigation/install/dddmr_trt:/root/dddmr_navigation/install/dddmr_semantic_segmentation:/root/dddmr_navigation/install/dddmr_rviz_default_plugins:/root/dddmr_navigation/install/dddmr_odom_3d:/root/dddmr_navigation/install/dddmr_fastlio_adapter:/root/dddmr_navigation/install/dddmr_beginner_guide:/root/dddmr_navigation/install/cloud_msgs:/opt/ros/humble LD_LIBRARY_PATH=/root/dddmr_navigation/install/recovery_behaviors/lib:/root/dddmr_navigation/install/local_planner/lib:/root/dddmr_navigation/install/trajectory_generators/lib:/root/dddmr_navigation/install/mpc_critics/lib:/root/dddmr_navigation/install/perception_3d/lib:/root/dddmr_navigation/install/dddmr_sys_core/lib:/root/dddmr_navigation/install/base_trajectory/lib:/root/livox_ws/install/livox_ros_driver2/lib:/root/dddmr_navigation/install/dddmr_sc_pgo/lib:/opt/ros/humble/opt/rviz_ogre_vendor/lib:/opt/ros/humble/lib/x86_64-linux-gnu:/opt/ros/humble/lib:/root/dddmr_navigation/install/p2p_move_base/lib:/root/dddmr_navigation/install/pose_graph_merge_editor_panel/lib:/root/dddmr_navigation/install/pose_graph_editor_panel/lib:/root/dddmr_navigation/install/mcl_3dl/lib:/root/dddmr_navigation/install/mapping_panel/lib:/root/dddmr_navigation/install/map_editor_panel/lib:/root/dddmr_navigation/install/lego_loam_bor/lib:/root/dddmr_navigation/install/global_planner/lib:/root/dddmr_navigation/install/fast_lio/lib:/root/dddmr_navigation/install/dddmr_rviz_default_plugins/lib:/root/dddmr_navigation/install/cloud_msgs/lib /usr/bin/cmake /root/dddmr_navigation/src/dddmr_p2p_move_base -DAMENT_CMAKE_SYMLINK_INSTALL=1 -DCMAKE_INSTALL_PREFIX=/root/dddmr_navigation/install/p2p_move_base
[115.914s] DEBUG:colcon.colcon_core.event_handler.log_command:Invoking command in '/root/dddmr_navigation/build/p2p_move_base': CMAKE_PREFIX_PATH=/root/dddmr_navigation/install/recovery_behaviors:/root/dddmr_navigation/install/local_planner:/root/dddmr_navigation/install/trajectory_generators:/root/dddmr_navigation/install/mpc_critics:/root/dddmr_navigation/install/perception_3d:/root/dddmr_navigation/install/dddmr_sys_core:/root/dddmr_navigation/install/base_trajectory:/root/livox_ws/install/livox_ros_driver2:/root/dddmr_navigation/install/dddmr_sc_pgo:/root/dddmr_navigation/install/p2p_move_base:/root/dddmr_navigation/install/pose_graph_merge_editor_panel:/root/dddmr_navigation/install/pose_graph_editor_panel:/root/dddmr_navigation/install/mcl_3dl:/root/dddmr_navigation/install/mapping_panel:/root/dddmr_navigation/install/map_editor_panel:/root/dddmr_navigation/install/lego_loam_bor:/root/dddmr_navigation/install/global_planner:/root/dddmr_navigation/install/fast_lio:/root/dddmr_navigation/install/dddmr_trt:/root/dddmr_navigation/install/dddmr_semantic_segmentation:/root/dddmr_navigation/install/dddmr_rviz_default_plugins:/root/dddmr_navigation/install/dddmr_odom_3d:/root/dddmr_navigation/install/dddmr_fastlio_adapter:/root/dddmr_navigation/install/dddmr_beginner_guide:/root/dddmr_navigation/install/cloud_msgs:/opt/ros/humble LD_LIBRARY_PATH=/root/dddmr_navigation/install/recovery_behaviors/lib:/root/dddmr_navigation/install/local_planner/lib:/root/dddmr_navigation/install/trajectory_generators/lib:/root/dddmr_navigation/install/mpc_critics/lib:/root/dddmr_navigation/install/perception_3d/lib:/root/dddmr_navigation/install/dddmr_sys_core/lib:/root/dddmr_navigation/install/base_trajectory/lib:/root/livox_ws/install/livox_ros_driver2/lib:/root/dddmr_navigation/install/dddmr_sc_pgo/lib:/opt/ros/humble/opt/rviz_ogre_vendor/lib:/opt/ros/humble/lib/x86_64-linux-gnu:/opt/ros/humble/lib:/root/dddmr_navigation/install/p2p_move_base/lib:/root/dddmr_navigation/install/pose_graph_merge_editor_panel/lib:/root/dddmr_navigation/install/pose_graph_editor_panel/lib:/root/dddmr_navigation/install/mcl_3dl/lib:/root/dddmr_navigation/install/mapping_panel/lib:/root/dddmr_navigation/install/map_editor_panel/lib:/root/dddmr_navigation/install/lego_loam_bor/lib:/root/dddmr_navigation/install/global_planner/lib:/root/dddmr_navigation/install/fast_lio/lib:/root/dddmr_navigation/install/dddmr_rviz_default_plugins/lib:/root/dddmr_navigation/install/cloud_msgs/lib /usr/bin/cmake --build /root/dddmr_navigation/build/p2p_move_base -- -j28 -l28
[129.284s] DEBUG:colcon.colcon_core.event_handler.log_command:Invoked command in '/root/dddmr_navigation/build/p2p_move_base' returned '0': CMAKE_PREFIX_PATH=/root/dddmr_navigation/install/recovery_behaviors:/root/dddmr_navigation/install/local_planner:/root/dddmr_navigation/install/trajectory_generators:/root/dddmr_navigation/install/mpc_critics:/root/dddmr_navigation/install/perception_3d:/root/dddmr_navigation/install/dddmr_sys_core:/root/dddmr_navigation/install/base_trajectory:/root/livox_ws/install/livox_ros_driver2:/root/dddmr_navigation/install/dddmr_sc_pgo:/root/dddmr_navigation/install/p2p_move_base:/root/dddmr_navigation/install/pose_graph_merge_editor_panel:/root/dddmr_navigation/install/pose_graph_editor_panel:/root/dddmr_navigation/install/mcl_3dl:/root/dddmr_navigation/install/mapping_panel:/root/dddmr_navigation/install/map_editor_panel:/root/dddmr_navigation/install/lego_loam_bor:/root/dddmr_navigation/install/global_planner:/root/dddmr_navigation/install/fast_lio:/root/dddmr_navigation/install/dddmr_trt:/root/dddmr_navigation/install/dddmr_semantic_segmentation:/root/dddmr_navigation/install/dddmr_rviz_default_plugins:/root/dddmr_navigation/install/dddmr_odom_3d:/root/dddmr_navigation/install/dddmr_fastlio_adapter:/root/dddmr_navigation/install/dddmr_beginner_guide:/root/dddmr_navigation/install/cloud_msgs:/opt/ros/humble LD_LIBRARY_PATH=/root/dddmr_navigation/install/recovery_behaviors/lib:/root/dddmr_navigation/install/local_planner/lib:/root/dddmr_navigation/install/trajectory_generators/lib:/root/dddmr_navigation/install/mpc_critics/lib:/root/dddmr_navigation/install/perception_3d/lib:/root/dddmr_navigation/install/dddmr_sys_core/lib:/root/dddmr_navigation/install/base_trajectory/lib:/root/livox_ws/install/livox_ros_driver2/lib:/root/dddmr_navigation/install/dddmr_sc_pgo/lib:/opt/ros/humble/opt/rviz_ogre_vendor/lib:/opt/ros/humble/lib/x86_64-linux-gnu:/opt/ros/humble/lib:/root/dddmr_navigation/install/p2p_move_base/lib:/root/dddmr_navigation/install/pose_graph_merge_editor_panel/lib:/root/dddmr_navigation/install/pose_graph_editor_panel/lib:/root/dddmr_navigation/install/mcl_3dl/lib:/root/dddmr_navigation/install/mapping_panel/lib:/root/dddmr_navigation/install/map_editor_panel/lib:/root/dddmr_navigation/install/lego_loam_bor/lib:/root/dddmr_navigation/install/global_planner/lib:/root/dddmr_navigation/install/fast_lio/lib:/root/dddmr_navigation/install/dddmr_rviz_default_plugins/lib:/root/dddmr_navigation/install/cloud_msgs/lib /usr/bin/cmake --build /root/dddmr_navigation/build/p2p_move_base -- -j28 -l28
[129.285s] DEBUG:colcon.colcon_core.event_handler.log_command:Invoking command in '/root/dddmr_navigation/build/p2p_move_base': CMAKE_PREFIX_PATH=/root/dddmr_navigation/install/recovery_behaviors:/root/dddmr_navigation/install/local_planner:/root/dddmr_navigation/install/trajectory_generators:/root/dddmr_navigation/install/mpc_critics:/root/dddmr_navigation/install/perception_3d:/root/dddmr_navigation/install/dddmr_sys_core:/root/dddmr_navigation/install/base_trajectory:/root/livox_ws/install/livox_ros_driver2:/root/dddmr_navigation/install/dddmr_sc_pgo:/root/dddmr_navigation/install/p2p_move_base:/root/dddmr_navigation/install/pose_graph_merge_editor_panel:/root/dddmr_navigation/install/pose_graph_editor_panel:/root/dddmr_navigation/install/mcl_3dl:/root/dddmr_navigation/install/mapping_panel:/root/dddmr_navigation/install/map_editor_panel:/root/dddmr_navigation/install/lego_loam_bor:/root/dddmr_navigation/install/global_planner:/root/dddmr_navigation/install/fast_lio:/root/dddmr_navigation/install/dddmr_trt:/root/dddmr_navigation/install/dddmr_semantic_segmentation:/root/dddmr_navigation/install/dddmr_rviz_default_plugins:/root/dddmr_navigation/install/dddmr_odom_3d:/root/dddmr_navigation/install/dddmr_fastlio_adapter:/root/dddmr_navigation/install/dddmr_beginner_guide:/root/dddmr_navigation/install/cloud_msgs:/opt/ros/humble LD_LIBRARY_PATH=/root/dddmr_navigation/install/recovery_behaviors/lib:/root/dddmr_navigation/install/local_planner/lib:/root/dddmr_navigation/install/trajectory_generators/lib:/root/dddmr_navigation/install/mpc_critics/lib:/root/dddmr_navigation/install/perception_3d/lib:/root/dddmr_navigation/install/dddmr_sys_core/lib:/root/dddmr_navigation/install/base_trajectory/lib:/root/livox_ws/install/livox_ros_driver2/lib:/root/dddmr_navigation/install/dddmr_sc_pgo/lib:/opt/ros/humble/opt/rviz_ogre_vendor/lib:/opt/ros/humble/lib/x86_64-linux-gnu:/opt/ros/humble/lib:/root/dddmr_navigation/install/p2p_move_base/lib:/root/dddmr_navigation/install/pose_graph_merge_editor_panel/lib:/root/dddmr_navigation/install/pose_graph_editor_panel/lib:/root/dddmr_navigation/install/mcl_3dl/lib:/root/dddmr_navigation/install/mapping_panel/lib:/root/dddmr_navigation/install/map_editor_panel/lib:/root/dddmr_navigation/install/lego_loam_bor/lib:/root/dddmr_navigation/install/global_planner/lib:/root/dddmr_navigation/install/fast_lio/lib:/root/dddmr_navigation/install/dddmr_rviz_default_plugins/lib:/root/dddmr_navigation/install/cloud_msgs/lib /usr/bin/cmake --install /root/dddmr_navigation/build/p2p_move_base
[129.304s] Level 1:colcon.colcon_core.environment:create_environment_scripts_only(p2p_move_base)
[129.304s] DEBUG:colcon.colcon_core.event_handler.log_command:Invoked command in '/root/dddmr_navigation/build/p2p_move_base' returned '0': CMAKE_PREFIX_PATH=/root/dddmr_navigation/install/recovery_behaviors:/root/dddmr_navigation/install/local_planner:/root/dddmr_navigation/install/trajectory_generators:/root/dddmr_navigation/install/mpc_critics:/root/dddmr_navigation/install/perception_3d:/root/dddmr_navigation/install/dddmr_sys_core:/root/dddmr_navigation/install/base_trajectory:/root/livox_ws/install/livox_ros_driver2:/root/dddmr_navigation/install/dddmr_sc_pgo:/root/dddmr_navigation/install/p2p_move_base:/root/dddmr_navigation/install/pose_graph_merge_editor_panel:/root/dddmr_navigation/install/pose_graph_editor_panel:/root/dddmr_navigation/install/mcl_3dl:/root/dddmr_navigation/install/mapping_panel:/root/dddmr_navigation/install/map_editor_panel:/root/dddmr_navigation/install/lego_loam_bor:/root/dddmr_navigation/install/global_planner:/root/dddmr_navigation/install/fast_lio:/root/dddmr_navigation/install/dddmr_trt:/root/dddmr_navigation/install/dddmr_semantic_segmentation:/root/dddmr_navigation/install/dddmr_rviz_default_plugins:/root/dddmr_navigation/install/dddmr_odom_3d:/root/dddmr_navigation/install/dddmr_fastlio_adapter:/root/dddmr_navigation/install/dddmr_beginner_guide:/root/dddmr_navigation/install/cloud_msgs:/opt/ros/humble LD_LIBRARY_PATH=/root/dddmr_navigation/install/recovery_behaviors/lib:/root/dddmr_navigation/install/local_planner/lib:/root/dddmr_navigation/install/trajectory_generators/lib:/root/dddmr_navigation/install/mpc_critics/lib:/root/dddmr_navigation/install/perception_3d/lib:/root/dddmr_navigation/install/dddmr_sys_core/lib:/root/dddmr_navigation/install/base_trajectory/lib:/root/livox_ws/install/livox_ros_driver2/lib:/root/dddmr_navigation/install/dddmr_sc_pgo/lib:/opt/ros/humble/opt/rviz_ogre_vendor/lib:/opt/ros/humble/lib/x86_64-linux-gnu:/opt/ros/humble/lib:/root/dddmr_navigation/install/p2p_move_base/lib:/root/dddmr_navigation/install/pose_graph_merge_editor_panel/lib:/root/dddmr_navigation/install/pose_graph_editor_panel/lib:/root/dddmr_navigation/install/mcl_3dl/lib:/root/dddmr_navigation/install/mapping_panel/lib:/root/dddmr_navigation/install/map_editor_panel/lib:/root/dddmr_navigation/install/lego_loam_bor/lib:/root/dddmr_navigation/install/global_planner/lib:/root/dddmr_navigation/install/fast_lio/lib:/root/dddmr_navigation/install/dddmr_rviz_default_plugins/lib:/root/dddmr_navigation/install/cloud_msgs/lib /usr/bin/cmake --install /root/dddmr_navigation/build/p2p_move_base
[129.305s] Level 1:colcon.colcon_core.environment:checking '/root/dddmr_navigation/install/p2p_move_base' for CMake module files
[129.305s] Level 1:colcon.colcon_core.environment:checking '/root/dddmr_navigation/install/p2p_move_base' for CMake config files
[129.305s] Level 1:colcon.colcon_core.shell:create_environment_hook('p2p_move_base', 'cmake_prefix_path')
[129.305s] INFO:colcon.colcon_core.shell:Creating environment hook '/root/dddmr_navigation/install/p2p_move_base/share/p2p_move_base/hook/cmake_prefix_path.ps1'
[129.306s] INFO:colcon.colcon_core.shell:Creating environment descriptor '/root/dddmr_navigation/install/p2p_move_base/share/p2p_move_base/hook/cmake_prefix_path.dsv'
[129.306s] INFO:colcon.colcon_core.shell:Creating environment hook '/root/dddmr_navigation/install/p2p_move_base/share/p2p_move_base/hook/cmake_prefix_path.sh'
[129.306s] Level 1:colcon.colcon_core.environment:checking '/root/dddmr_navigation/install/p2p_move_base/lib'
[129.306s] Level 1:colcon.colcon_core.shell:create_environment_hook('p2p_move_base', 'ld_library_path_lib')
[129.306s] INFO:colcon.colcon_core.shell:Creating environment hook '/root/dddmr_navigation/install/p2p_move_base/share/p2p_move_base/hook/ld_library_path_lib.ps1'
[129.306s] INFO:colcon.colcon_core.shell:Creating environment descriptor '/root/dddmr_navigation/install/p2p_move_base/share/p2p_move_base/hook/ld_library_path_lib.dsv'
[129.306s] INFO:colcon.colcon_core.shell:Creating environment hook '/root/dddmr_navigation/install/p2p_move_base/share/p2p_move_base/hook/ld_library_path_lib.sh'
[129.307s] Level 1:colcon.colcon_core.environment:checking '/root/dddmr_navigation/install/p2p_move_base/bin'
[129.307s] Level 1:colcon.colcon_core.environment:checking '/root/dddmr_navigation/install/p2p_move_base/lib/pkgconfig/p2p_move_base.pc'
[129.307s] Level 1:colcon.colcon_core.environment:checking '/root/dddmr_navigation/install/p2p_move_base/lib/python3.10/site-packages'
[129.307s] Level 1:colcon.colcon_core.environment:checking '/root/dddmr_navigation/install/p2p_move_base/bin'
[129.307s] INFO:colcon.colcon_core.shell:Creating package script '/root/dddmr_navigation/install/p2p_move_base/share/p2p_move_base/package.ps1'
[129.307s] INFO:colcon.colcon_core.shell:Creating package descriptor '/root/dddmr_navigation/install/p2p_move_base/share/p2p_move_base/package.dsv'
[129.307s] INFO:colcon.colcon_core.shell:Creating package script '/root/dddmr_navigation/install/p2p_move_base/share/p2p_move_base/package.sh'
[129.308s] INFO:colcon.colcon_core.shell:Creating package script '/root/dddmr_navigation/install/p2p_move_base/share/p2p_move_base/package.bash'
[129.308s] INFO:colcon.colcon_core.shell:Creating package script '/root/dddmr_navigation/install/p2p_move_base/share/p2p_move_base/package.zsh'
[129.308s] Level 1:colcon.colcon_core.environment:create_file_with_runtime_dependencies(/root/dddmr_navigation/install/p2p_move_base/share/colcon-core/packages/p2p_move_base)
[129.308s] Level 1:colcon.colcon_core.environment:create_environment_scripts_only(p2p_move_base)
[129.308s] Level 1:colcon.colcon_core.environment:checking '/root/dddmr_navigation/install/p2p_move_base' for CMake module files
[129.308s] Level 1:colcon.colcon_core.environment:checking '/root/dddmr_navigation/install/p2p_move_base' for CMake config files
[129.308s] Level 1:colcon.colcon_core.shell:create_environment_hook('p2p_move_base', 'cmake_prefix_path')
[129.309s] INFO:colcon.colcon_core.shell:Creating environment hook '/root/dddmr_navigation/install/p2p_move_base/share/p2p_move_base/hook/cmake_prefix_path.ps1'
[129.309s] INFO:colcon.colcon_core.shell:Creating environment descriptor '/root/dddmr_navigation/install/p2p_move_base/share/p2p_move_base/hook/cmake_prefix_path.dsv'
[129.309s] INFO:colcon.colcon_core.shell:Creating environment hook '/root/dddmr_navigation/install/p2p_move_base/share/p2p_move_base/hook/cmake_prefix_path.sh'
[129.309s] Level 1:colcon.colcon_core.environment:checking '/root/dddmr_navigation/install/p2p_move_base/lib'
[129.309s] Level 1:colcon.colcon_core.shell:create_environment_hook('p2p_move_base', 'ld_library_path_lib')
[129.309s] INFO:colcon.colcon_core.shell:Creating environment hook '/root/dddmr_navigation/install/p2p_move_base/share/p2p_move_base/hook/ld_library_path_lib.ps1'
[129.309s] INFO:colcon.colcon_core.shell:Creating environment descriptor '/root/dddmr_navigation/install/p2p_move_base/share/p2p_move_base/hook/ld_library_path_lib.dsv'
[129.309s] INFO:colcon.colcon_core.shell:Creating environment hook '/root/dddmr_navigation/install/p2p_move_base/share/p2p_move_base/hook/ld_library_path_lib.sh'
[129.310s] Level 1:colcon.colcon_core.environment:checking '/root/dddmr_navigation/install/p2p_move_base/bin'
[129.310s] Level 1:colcon.colcon_core.environment:checking '/root/dddmr_navigation/install/p2p_move_base/lib/pkgconfig/p2p_move_base.pc'
[129.310s] Level 1:colcon.colcon_core.environment:checking '/root/dddmr_navigation/install/p2p_move_base/lib/python3.10/site-packages'
[129.310s] Level 1:colcon.colcon_core.environment:checking '/root/dddmr_navigation/install/p2p_move_base/bin'
[129.310s] INFO:colcon.colcon_core.shell:Creating package script '/root/dddmr_navigation/install/p2p_move_base/share/p2p_move_base/package.ps1'
[129.310s] INFO:colcon.colcon_core.shell:Creating package descriptor '/root/dddmr_navigation/install/p2p_move_base/share/p2p_move_base/package.dsv'
[129.311s] INFO:colcon.colcon_core.shell:Creating package script '/root/dddmr_navigation/install/p2p_move_base/share/p2p_move_base/package.sh'
[129.311s] INFO:colcon.colcon_core.shell:Creating package script '/root/dddmr_navigation/install/p2p_move_base/share/p2p_move_base/package.bash'
[129.311s] INFO:colcon.colcon_core.shell:Creating package script '/root/dddmr_navigation/install/p2p_move_base/share/p2p_move_base/package.zsh'
[129.311s] Level 1:colcon.colcon_core.environment:create_file_with_runtime_dependencies(/root/dddmr_navigation/install/p2p_move_base/share/colcon-core/packages/p2p_move_base)
[129.311s] DEBUG:colcon.colcon_parallel_executor.executor.parallel:closing loop
[129.311s] DEBUG:colcon.colcon_parallel_executor.executor.parallel:loop closed
[129.311s] DEBUG:colcon.colcon_parallel_executor.executor.parallel:run_until_complete finished with '0'
[129.311s] DEBUG:colcon.colcon_core.event_reactor:joining thread
[129.320s] INFO:colcon.colcon_core.plugin_system:Skipping extension 'colcon_notification.desktop_notification.notify_send': Could not find 'notify-send'
[129.320s] INFO:colcon.colcon_core.plugin_system:Skipping extension 'colcon_notification.desktop_notification.terminal_notifier': Not used on non-Darwin systems
[129.320s] INFO:colcon.colcon_core.plugin_system:Skipping extension 'colcon_notification.desktop_notification.win32': Not used on non-Windows systems
[129.320s] INFO:colcon.colcon_notification.desktop_notification:Sending desktop notification using 'notify2'
[129.322s] DEBUG:colcon.colcon_notification.desktop_notification.notify2:Failed to initialize notify2: org.freedesktop.DBus.Error.Spawn.ExecFailed: /usr/bin/dbus-launch terminated abnormally without any error message
[129.322s] DEBUG:colcon.colcon_core.event_reactor:joined thread
[129.322s] INFO:colcon.colcon_core.shell:Creating prefix script '/root/dddmr_navigation/install/local_setup.ps1'
[129.323s] INFO:colcon.colcon_core.shell:Creating prefix util module '/root/dddmr_navigation/install/_local_setup_util_ps1.py'
[129.324s] INFO:colcon.colcon_core.shell:Creating prefix chain script '/root/dddmr_navigation/install/setup.ps1'
[129.325s] INFO:colcon.colcon_core.shell:Creating prefix script '/root/dddmr_navigation/install/local_setup.sh'
[129.326s] INFO:colcon.colcon_core.shell:Creating prefix util module '/root/dddmr_navigation/install/_local_setup_util_sh.py'
[129.326s] INFO:colcon.colcon_core.shell:Creating prefix chain script '/root/dddmr_navigation/install/setup.sh'
[129.327s] INFO:colcon.colcon_core.shell:Creating prefix script '/root/dddmr_navigation/install/local_setup.bash'
[129.327s] INFO:colcon.colcon_core.shell:Creating prefix chain script '/root/dddmr_navigation/install/setup.bash'
[129.329s] INFO:colcon.colcon_core.shell:Creating prefix script '/root/dddmr_navigation/install/local_setup.zsh'
[129.329s] INFO:colcon.colcon_core.shell:Creating prefix chain script '/root/dddmr_navigation/install/setup.zsh'
