[0.000000] (-) TimerEvent: {}
[0.000095] (-) JobUnselected: {'identifier': 'base_trajectory'}
[0.000153] (-) JobUnselected: {'identifier': 'cloud_msgs'}
[0.000161] (-) JobUnselected: {'identifier': 'dddmr_beginner_guide'}
[0.000257] (-) JobUnselected: {'identifier': 'dddmr_fastlio_adapter'}
[0.000264] (-) JobUnselected: {'identifier': 'dddmr_odom_3d'}
[0.000271] (-) JobUnselected: {'identifier': 'dddmr_rviz_default_plugins'}
[0.000277] (-) JobUnselected: {'identifier': 'dddmr_semantic_segmentation'}
[0.000284] (-) JobUnselected: {'identifier': 'dddmr_sys_core'}
[0.000290] (-) JobUnselected: {'identifier': 'dddmr_trt'}
[0.000297] (-) JobUnselected: {'identifier': 'fast_lio'}
[0.000304] (-) JobUnselected: {'identifier': 'global_planner'}
[0.000310] (-) JobUnselected: {'identifier': 'lego_loam_bor'}
[0.000316] (-) JobUnselected: {'identifier': 'local_planner'}
[0.000323] (-) JobUnselected: {'identifier': 'map_editor_panel'}
[0.000374] (-) JobUnselected: {'identifier': 'mapping_panel'}
[0.000381] (-) JobUnselected: {'identifier': 'mcl_3dl'}
[0.000387] (-) JobUnselected: {'identifier': 'mpc_critics'}
[0.000393] (-) JobUnselected: {'identifier': 'p2p_move_base'}
[0.000400] (-) JobUnselected: {'identifier': 'perception_3d'}
[0.000406] (-) JobUnselected: {'identifier': 'pose_graph_editor_panel'}
[0.000413] (-) JobUnselected: {'identifier': 'pose_graph_merge_editor_panel'}
[0.000419] (-) JobUnselected: {'identifier': 'recovery_behaviors'}
[0.000425] (-) JobUnselected: {'identifier': 'trajectory_generators'}
[0.000483] (dddmr_sc_pgo) JobQueued: {'identifier': 'dddmr_sc_pgo', 'dependencies': OrderedDict()}
[0.000492] (dddmr_sc_pgo) JobStarted: {'identifier': 'dddmr_sc_pgo'}
[0.005816] (dddmr_sc_pgo) JobProgress: {'identifier': 'dddmr_sc_pgo', 'progress': 'cmake'}
[0.006276] (dddmr_sc_pgo) Command: {'cmd': ['/usr/bin/cmake', '/root/dddmr_navigation/src/dddmr_sc_pgo', '-DCMAKE_INSTALL_PREFIX=/root/dddmr_navigation/install/dddmr_sc_pgo'], 'cwd': '/root/dddmr_navigation/build/dddmr_sc_pgo', 'env': OrderedDict([('LESSOPEN', '| /usr/bin/lesspipe %s'), ('HOSTNAME', 'yk'), ('GIT_ASKPASS', '/root/.cursor-server/bin/009bb5a3600dd98fe1c1f25798f767f686e14750/extensions/git/dist/askpass.sh'), ('SHLVL', '1'), ('LD_LIBRARY_PATH', '/opt/ros/humble/opt/rviz_ogre_vendor/lib:/opt/ros/humble/lib/x86_64-linux-gnu:/opt/ros/humble/lib:/root/dddmr_navigation/install/p2p_move_base/lib:/root/dddmr_navigation/install/recovery_behaviors/lib:/root/dddmr_navigation/install/local_planner/lib:/root/dddmr_navigation/install/trajectory_generators/lib:/root/dddmr_navigation/install/pose_graph_merge_editor_panel/lib:/root/dddmr_navigation/install/pose_graph_editor_panel/lib:/root/dddmr_navigation/install/perception_3d/lib:/root/dddmr_navigation/install/mpc_critics/lib:/root/dddmr_navigation/install/mcl_3dl/lib:/root/dddmr_navigation/install/mapping_panel/lib:/root/dddmr_navigation/install/map_editor_panel/lib:/root/dddmr_navigation/install/lego_loam_bor/lib:/root/dddmr_navigation/install/global_planner/lib:/root/dddmr_navigation/install/fast_lio/lib:/root/dddmr_navigation/install/dddmr_sys_core/lib:/root/dddmr_navigation/install/dddmr_rviz_default_plugins/lib:/root/dddmr_navigation/install/cloud_msgs/lib:/root/dddmr_navigation/install/base_trajectory/lib'), ('BROWSER', '/root/.cursor-server/bin/009bb5a3600dd98fe1c1f25798f767f686e14750/bin/helpers/browser.sh'), ('HOME', '/root'), ('OLDPWD', '/root'), ('TERM_PROGRAM_VERSION', '3.5.38'), ('VSCODE_IPC_HOOK_CLI', '/tmp/vscode-ipc-27ace972-e339-4102-9cb6-a68ff8daf15c.sock'), ('ROS_PYTHON_VERSION', '3'), ('VSCODE_GIT_ASKPASS_MAIN', '/root/.cursor-server/bin/009bb5a3600dd98fe1c1f25798f767f686e14750/extensions/git/dist/askpass-main.js'), ('VSCODE_GIT_ASKPASS_NODE', '/root/.cursor-server/bin/009bb5a3600dd98fe1c1f25798f767f686e14750/node'), ('COLORTERM', 'truecolor'), ('DEBUGINFOD_URLS', ''), ('COLCON_PREFIX_PATH', '/root/dddmr_navigation/install'), ('ROS_DISTRO', 'humble'), ('OVSX_REGISTRY_URL', 'https://open-vsx.org'), ('_', '/usr/bin/colcon'), ('ROS_VERSION', '2'), ('TERM', 'xterm-256color'), ('ROS_LOCALHOST_ONLY', '0'), ('QT_X11_NO_MITSHM', '1'), ('PATH', '/opt/ros/humble/bin:/root/.cursor-server/bin/009bb5a3600dd98fe1c1f25798f767f686e14750/bin/remote-cli:/root/.cursor-server/bin/009bb5a3600dd98fe1c1f25798f767f686e14750/bin/remote-cli:/usr/local/sbin:/usr/local/bin:/usr/sbin:/usr/bin:/sbin:/bin'), ('DISPLAY', ':1'), ('LANG', 'en_US.UTF-8'), ('LS_COLORS', 'rs=0:di=01;34:ln=01;36:mh=00:pi=40;33:so=01;35:do=01;35:bd=40;33;01:cd=40;33;01:or=40;31;01:mi=00:su=37;41:sg=30;43:ca=30;41:tw=30;42:ow=34;42:st=37;44:ex=01;32:*.tar=01;31:*.tgz=01;31:*.arc=01;31:*.arj=01;31:*.taz=01;31:*.lha=01;31:*.lz4=01;31:*.lzh=01;31:*.lzma=01;31:*.tlz=01;31:*.txz=01;31:*.tzo=01;31:*.t7z=01;31:*.zip=01;31:*.z=01;31:*.dz=01;31:*.gz=01;31:*.lrz=01;31:*.lz=01;31:*.lzo=01;31:*.xz=01;31:*.zst=01;31:*.tzst=01;31:*.bz2=01;31:*.bz=01;31:*.tbz=01;31:*.tbz2=01;31:*.tz=01;31:*.deb=01;31:*.rpm=01;31:*.jar=01;31:*.war=01;31:*.ear=01;31:*.sar=01;31:*.rar=01;31:*.alz=01;31:*.ace=01;31:*.zoo=01;31:*.cpio=01;31:*.7z=01;31:*.rz=01;31:*.cab=01;31:*.wim=01;31:*.swm=01;31:*.dwm=01;31:*.esd=01;31:*.jpg=01;35:*.jpeg=01;35:*.mjpg=01;35:*.mjpeg=01;35:*.gif=01;35:*.bmp=01;35:*.pbm=01;35:*.pgm=01;35:*.ppm=01;35:*.tga=01;35:*.xbm=01;35:*.xpm=01;35:*.tif=01;35:*.tiff=01;35:*.png=01;35:*.svg=01;35:*.svgz=01;35:*.mng=01;35:*.pcx=01;35:*.mov=01;35:*.mpg=01;35:*.mpeg=01;35:*.m2v=01;35:*.mkv=01;35:*.webm=01;35:*.webp=01;35:*.ogm=01;35:*.mp4=01;35:*.m4v=01;35:*.mp4v=01;35:*.vob=01;35:*.qt=01;35:*.nuv=01;35:*.wmv=01;35:*.asf=01;35:*.rm=01;35:*.rmvb=01;35:*.flc=01;35:*.avi=01;35:*.fli=01;35:*.flv=01;35:*.gl=01;35:*.dl=01;35:*.xcf=01;35:*.xwd=01;35:*.yuv=01;35:*.cgm=01;35:*.emf=01;35:*.ogv=01;35:*.ogx=01;35:*.aac=00;36:*.au=00;36:*.flac=00;36:*.m4a=00;36:*.mid=00;36:*.midi=00;36:*.mka=00;36:*.mp3=00;36:*.mpc=00;36:*.ogg=00;36:*.ra=00;36:*.wav=00;36:*.oga=00;36:*.opus=00;36:*.spx=00;36:*.xspf=00;36:'), ('VSCODE_GIT_IPC_HANDLE', '/tmp/vscode-git-8d4a5eca80.sock'), ('TERM_PROGRAM', 'vscode'), ('SSH_AUTH_SOCK', '/tmp/cursor-remote-ssh-cc04204e-865f-4c41-b7d9-7fa2afb2864a.sock'), ('ROS_DOMAIN_ID', '18'), ('AMENT_PREFIX_PATH', '/opt/ros/humble:/root/dddmr_navigation/install/p2p_move_base:/root/dddmr_navigation/install/recovery_behaviors:/root/dddmr_navigation/install/local_planner:/root/dddmr_navigation/install/trajectory_generators:/root/dddmr_navigation/install/pose_graph_merge_editor_panel:/root/dddmr_navigation/install/pose_graph_editor_panel:/root/dddmr_navigation/install/perception_3d:/root/dddmr_navigation/install/mpc_critics:/root/dddmr_navigation/install/mcl_3dl:/root/dddmr_navigation/install/mapping_panel:/root/dddmr_navigation/install/map_editor_panel:/root/dddmr_navigation/install/lego_loam_bor:/root/dddmr_navigation/install/global_planner:/root/dddmr_navigation/install/fast_lio:/root/dddmr_navigation/install/dddmr_trt:/root/dddmr_navigation/install/dddmr_sys_core:/root/dddmr_navigation/install/dddmr_semantic_segmentation:/root/dddmr_navigation/install/dddmr_rviz_default_plugins:/root/dddmr_navigation/install/dddmr_odom_3d:/root/dddmr_navigation/install/dddmr_fastlio_adapter:/root/dddmr_navigation/install/dddmr_beginner_guide:/root/dddmr_navigation/install/cloud_msgs:/root/dddmr_navigation/install/base_trajectory'), ('LESSCLOSE', '/usr/bin/lesspipe %s %s'), ('VSCODE_GIT_IPC_AUTH_TOKEN', '4a8016d1c03267560b2dc3cb3b7ca8a7839b6fb33ba6112bee41260685a1090b'), ('VSCODE_GIT_ASKPASS_EXTRA_ARGS', ''), ('PWD', '/root/dddmr_navigation/build/dddmr_sc_pgo'), ('PYTHONPATH', '/opt/ros/humble/lib/python3.10/site-packages:/opt/ros/humble/local/lib/python3.10/dist-packages:/root/dddmr_navigation/install/fast_lio/local/lib/python3.10/dist-packages:/root/dddmr_navigation/install/dddmr_sys_core/local/lib/python3.10/dist-packages:/root/dddmr_navigation/install/cloud_msgs/local/lib/python3.10/dist-packages'), ('COLCON', '1'), ('CMAKE_PREFIX_PATH', '/root/dddmr_navigation/install/p2p_move_base:/root/dddmr_navigation/install/recovery_behaviors:/root/dddmr_navigation/install/local_planner:/root/dddmr_navigation/install/trajectory_generators:/root/dddmr_navigation/install/pose_graph_merge_editor_panel:/root/dddmr_navigation/install/pose_graph_editor_panel:/root/dddmr_navigation/install/perception_3d:/root/dddmr_navigation/install/mpc_critics:/root/dddmr_navigation/install/mcl_3dl:/root/dddmr_navigation/install/mapping_panel:/root/dddmr_navigation/install/map_editor_panel:/root/dddmr_navigation/install/lego_loam_bor:/root/dddmr_navigation/install/global_planner:/root/dddmr_navigation/install/fast_lio:/root/dddmr_navigation/install/dddmr_trt:/root/dddmr_navigation/install/dddmr_sys_core:/root/dddmr_navigation/install/dddmr_semantic_segmentation:/root/dddmr_navigation/install/dddmr_rviz_default_plugins:/root/dddmr_navigation/install/dddmr_odom_3d:/root/dddmr_navigation/install/dddmr_fastlio_adapter:/root/dddmr_navigation/install/dddmr_beginner_guide:/root/dddmr_navigation/install/cloud_msgs:/root/dddmr_navigation/install/base_trajectory:/opt/ros/humble')]), 'shell': False}
[0.039167] (dddmr_sc_pgo) StdoutLine: {'line': b'-- Found ament_cmake_ros: 0.10.0 (/opt/ros/humble/share/ament_cmake_ros/cmake)\n'}
[0.099964] (-) TimerEvent: {}
[0.154658] (dddmr_sc_pgo) StdoutLine: {'line': b'-- Found Python3: /usr/bin/python3 (found version "3.10.12") found components: Interpreter \n'}
[0.200197] (-) TimerEvent: {}
[0.225101] (dddmr_sc_pgo) StdoutLine: {'line': b'-- Found rclcpp: 16.0.19 (/opt/ros/humble/share/rclcpp/cmake)\n'}
[0.265393] (dddmr_sc_pgo) StdoutLine: {'line': b'-- Found rosidl_generator_c: 3.1.8 (/opt/ros/humble/share/rosidl_generator_c/cmake)\n'}
[0.270242] (dddmr_sc_pgo) StdoutLine: {'line': b'-- Found rosidl_adapter: 3.1.8 (/opt/ros/humble/share/rosidl_adapter/cmake)\n'}
[0.277766] (dddmr_sc_pgo) StdoutLine: {'line': b'-- Found rosidl_generator_cpp: 3.1.8 (/opt/ros/humble/share/rosidl_generator_cpp/cmake)\n'}
[0.288068] (dddmr_sc_pgo) StdoutLine: {'line': b'-- Using all available rosidl_typesupport_c: rosidl_typesupport_fastrtps_c;rosidl_typesupport_introspection_c\n'}
[0.300322] (-) TimerEvent: {}
[0.300577] (dddmr_sc_pgo) StdoutLine: {'line': b'-- Using all available rosidl_typesupport_cpp: rosidl_typesupport_fastrtps_cpp;rosidl_typesupport_introspection_cpp\n'}
[0.338396] (dddmr_sc_pgo) StdoutLine: {'line': b'-- Found rmw_implementation_cmake: 6.1.2 (/opt/ros/humble/share/rmw_implementation_cmake/cmake)\n'}
[0.341342] (dddmr_sc_pgo) StdoutLine: {'line': b'-- Found rmw_fastrtps_cpp: 6.2.10 (/opt/ros/humble/share/rmw_fastrtps_cpp/cmake)\n'}
[0.400566] (-) TimerEvent: {}
[0.422606] (dddmr_sc_pgo) StdoutLine: {'line': b'-- Found OpenSSL: /usr/lib/x86_64-linux-gnu/libcrypto.so (found version "3.0.2")  \n'}
[0.442367] (dddmr_sc_pgo) StdoutLine: {'line': b'-- Found FastRTPS: /opt/ros/humble/include  \n'}
[0.467061] (dddmr_sc_pgo) StdoutLine: {'line': b"-- Using RMW implementation 'rmw_fastrtps_cpp' as default\n"}
[0.476888] (dddmr_sc_pgo) StdoutLine: {'line': b'-- Looking for pthread.h\n'}
[0.500717] (-) TimerEvent: {}
[0.536188] (dddmr_sc_pgo) StdoutLine: {'line': b'-- Looking for pthread.h - found\n'}
[0.536487] (dddmr_sc_pgo) StdoutLine: {'line': b'-- Performing Test CMAKE_HAVE_LIBC_PTHREAD\n'}
[0.600971] (-) TimerEvent: {}
[0.601356] (dddmr_sc_pgo) StdoutLine: {'line': b'-- Performing Test CMAKE_HAVE_LIBC_PTHREAD - Success\n'}
[0.602392] (dddmr_sc_pgo) StdoutLine: {'line': b'-- Found Threads: TRUE  \n'}
[0.645560] (dddmr_sc_pgo) StdoutLine: {'line': b'-- Found rclcpp_components: 16.0.19 (/opt/ros/humble/share/rclcpp_components/cmake)\n'}
[0.667187] (dddmr_sc_pgo) StdoutLine: {'line': b'-- Found nav_msgs: 4.9.1 (/opt/ros/humble/share/nav_msgs/cmake)\n'}
[0.688709] (dddmr_sc_pgo) StdoutLine: {'line': b'-- Found sensor_msgs: 4.9.1 (/opt/ros/humble/share/sensor_msgs/cmake)\n'}
[0.700778] (dddmr_sc_pgo) StdoutLine: {'line': b'-- Found visualization_msgs: 4.9.1 (/opt/ros/humble/share/visualization_msgs/cmake)\n'}
[0.700993] (-) TimerEvent: {}
[0.714878] (dddmr_sc_pgo) StdoutLine: {'line': b'-- Found tf2: 0.25.20 (/opt/ros/humble/share/tf2/cmake)\n'}
[0.718533] (dddmr_sc_pgo) StdoutLine: {'line': b'-- Found tf2_ros: 0.25.20 (/opt/ros/humble/share/tf2_ros/cmake)\n'}
[0.763986] (dddmr_sc_pgo) StdoutLine: {'line': b'-- Found tf2_eigen: 0.25.20 (/opt/ros/humble/share/tf2_eigen/cmake)\n'}
[0.772284] (dddmr_sc_pgo) StdoutLine: {'line': b'-- Found pcl_conversions: 2.4.5 (/opt/ros/humble/share/pcl_conversions/cmake)\n'}
[0.797194] (dddmr_sc_pgo) StdoutLine: {'line': b"-- Checking for module 'eigen3'\n"}
[0.801089] (-) TimerEvent: {}
[0.808007] (dddmr_sc_pgo) StdoutLine: {'line': b'--   Found eigen3, version 3.4.0\n'}
[0.837117] (dddmr_sc_pgo) StdoutLine: {'line': b'-- Found Eigen: /usr/include/eigen3 (Required is at least version "3.1") \n'}
[0.837280] (dddmr_sc_pgo) StdoutLine: {'line': b'-- Eigen found (include: /usr/include/eigen3, version: 3.4.0)\n'}
[0.870489] (dddmr_sc_pgo) StdoutLine: {'line': b"-- Checking for module 'flann'\n"}
[0.882278] (dddmr_sc_pgo) StdoutLine: {'line': b'--   Found flann, version 1.9.1\n'}
[0.901195] (-) TimerEvent: {}
[0.916050] (dddmr_sc_pgo) StdoutLine: {'line': b'-- Found FLANN: /usr/lib/x86_64-linux-gnu/libflann_cpp.so  \n'}
[0.916204] (dddmr_sc_pgo) StdoutLine: {'line': b'-- FLANN found (include: /usr/include, lib: /usr/lib/x86_64-linux-gnu/libflann_cpp.so)\n'}
[1.001337] (-) TimerEvent: {}
[1.101700] (-) TimerEvent: {}
[1.202053] (-) TimerEvent: {}
[1.302409] (-) TimerEvent: {}
[1.402659] (-) TimerEvent: {}
[1.502897] (-) TimerEvent: {}
[1.603162] (-) TimerEvent: {}
[1.650470] (dddmr_sc_pgo) StdoutLine: {'line': b"-- Checking for module 'libusb-1.0'\n"}
[1.661955] (dddmr_sc_pgo) StdoutLine: {'line': b'--   Found libusb-1.0, version 1.0.25\n'}
[1.691945] (dddmr_sc_pgo) StdoutLine: {'line': b'-- Found libusb: /usr/lib/x86_64-linux-gnu/libusb-1.0.so  \n'}
[1.692975] (dddmr_sc_pgo) StdoutLine: {'line': b'-- OpenNI found (version: 1.5.4.0, include: /usr/include/ni, lib: /usr/lib/libOpenNI.so;libusb::libusb)\n'}
[1.703275] (-) TimerEvent: {}
[1.739690] (dddmr_sc_pgo) StdoutLine: {'line': b'-- OpenNI2 found (version: 2.2.0.33, include: /usr/include/openni2, lib: /usr/lib/x86_64-linux-gnu/libOpenNI2.so;libusb::libusb)\n'}
[1.803440] (-) TimerEvent: {}
[1.825625] (dddmr_sc_pgo) StdoutLine: {'line': b'-- Eigen found (include: /usr/include/eigen3, version: 3.4.0)\n'}
[1.830028] (dddmr_sc_pgo) StdoutLine: {'line': b'-- OpenNI found (version: 1.5.4.0, include: /usr/include/ni, lib: /usr/lib/libOpenNI.so;libusb::libusb)\n'}
[1.835016] (dddmr_sc_pgo) StdoutLine: {'line': b'-- OpenNI2 found (version: 2.2.0.33, include: /usr/include/openni2, lib: /usr/lib/x86_64-linux-gnu/libOpenNI2.so;libusb::libusb)\n'}
[1.903600] (-) TimerEvent: {}
[1.953027] (dddmr_sc_pgo) StdoutLine: {'line': b'-- Found Qhull version 8.0.2\n'}
[2.003782] (-) TimerEvent: {}
[2.038240] (dddmr_sc_pgo) StdoutLine: {'line': b'-- OpenNI found (version: 1.5.4.0, include: /usr/include/ni, lib: /usr/lib/libOpenNI.so;libusb::libusb)\n'}
[2.103996] (-) TimerEvent: {}
[2.120026] (dddmr_sc_pgo) StdoutLine: {'line': b'-- Found PCL_COMMON: /usr/lib/x86_64-linux-gnu/libpcl_common.so  \n'}
[2.120418] (dddmr_sc_pgo) StdoutLine: {'line': b'-- Found PCL_KDTREE: /usr/lib/x86_64-linux-gnu/libpcl_kdtree.so  \n'}
[2.120736] (dddmr_sc_pgo) StdoutLine: {'line': b'-- Found PCL_OCTREE: /usr/lib/x86_64-linux-gnu/libpcl_octree.so  \n'}
[2.121127] (dddmr_sc_pgo) StdoutLine: {'line': b'-- Found PCL_SEARCH: /usr/lib/x86_64-linux-gnu/libpcl_search.so  \n'}
[2.121452] (dddmr_sc_pgo) StdoutLine: {'line': b'-- Found PCL_SAMPLE_CONSENSUS: /usr/lib/x86_64-linux-gnu/libpcl_sample_consensus.so  \n'}
[2.121981] (dddmr_sc_pgo) StdoutLine: {'line': b'-- Found PCL_FILTERS: /usr/lib/x86_64-linux-gnu/libpcl_filters.so  \n'}
[2.122195] (dddmr_sc_pgo) StdoutLine: {'line': b'-- Found PCL_2D: /usr/include/pcl-1.12  \n'}
[2.122379] (dddmr_sc_pgo) StdoutLine: {'line': b'-- Found PCL_GEOMETRY: /usr/include/pcl-1.12  \n'}
[2.122541] (dddmr_sc_pgo) StdoutLine: {'line': b'-- Found PCL_IO: /usr/lib/x86_64-linux-gnu/libpcl_io.so  \n'}
[2.123299] (dddmr_sc_pgo) StdoutLine: {'line': b'-- Found PCL_FEATURES: /usr/lib/x86_64-linux-gnu/libpcl_features.so  \n'}
[2.123755] (dddmr_sc_pgo) StdoutLine: {'line': b'-- Found PCL_ML: /usr/lib/x86_64-linux-gnu/libpcl_ml.so  \n'}
[2.124059] (dddmr_sc_pgo) StdoutLine: {'line': b'-- Found PCL_SEGMENTATION: /usr/lib/x86_64-linux-gnu/libpcl_segmentation.so  \n'}
[2.124599] (dddmr_sc_pgo) StdoutLine: {'line': b'-- Found PCL_VISUALIZATION: /usr/lib/x86_64-linux-gnu/libpcl_visualization.so  \n'}
[2.124982] (dddmr_sc_pgo) StdoutLine: {'line': b'-- Found PCL_SURFACE: /usr/lib/x86_64-linux-gnu/libpcl_surface.so  \n'}
[2.125488] (dddmr_sc_pgo) StdoutLine: {'line': b'-- Found PCL_REGISTRATION: /usr/lib/x86_64-linux-gnu/libpcl_registration.so  \n'}
[2.125848] (dddmr_sc_pgo) StdoutLine: {'line': b'-- Found PCL_KEYPOINTS: /usr/lib/x86_64-linux-gnu/libpcl_keypoints.so  \n'}
[2.126258] (dddmr_sc_pgo) StdoutLine: {'line': b'-- Found PCL_TRACKING: /usr/lib/x86_64-linux-gnu/libpcl_tracking.so  \n'}
[2.126660] (dddmr_sc_pgo) StdoutLine: {'line': b'-- Found PCL_RECOGNITION: /usr/lib/x86_64-linux-gnu/libpcl_recognition.so  \n'}
[2.127148] (dddmr_sc_pgo) StdoutLine: {'line': b'-- Found PCL_STEREO: /usr/lib/x86_64-linux-gnu/libpcl_stereo.so  \n'}
[2.127438] (dddmr_sc_pgo) StdoutLine: {'line': b'-- Found PCL_APPS: /usr/lib/x86_64-linux-gnu/libpcl_apps.so  \n'}
[2.127871] (dddmr_sc_pgo) StdoutLine: {'line': b'-- Found PCL_IN_HAND_SCANNER: /usr/include/pcl-1.12  \n'}
[2.128018] (dddmr_sc_pgo) StdoutLine: {'line': b'-- Found PCL_MODELER: /usr/include/pcl-1.12  \n'}
[2.160129] (dddmr_sc_pgo) StdoutLine: {'line': b'-- Found PCL_POINT_CLOUD_EDITOR: /usr/include/pcl-1.12  \n'}
[2.160613] (dddmr_sc_pgo) StdoutLine: {'line': b'-- Found PCL_OUTOFCORE: /usr/lib/x86_64-linux-gnu/libpcl_outofcore.so  \n'}
[2.161074] (dddmr_sc_pgo) StdoutLine: {'line': b'-- Found PCL_PEOPLE: /usr/lib/x86_64-linux-gnu/libpcl_people.so  \n'}
[2.163628] (dddmr_sc_pgo) StdoutLine: {'line': b'-- Found pcl_ros: 2.4.5 (/opt/ros/humble/share/pcl_ros/cmake)\n'}
[2.178111] (dddmr_sc_pgo) StdoutLine: {'line': b'-- Found eigen3_cmake_module: 0.1.1 (/opt/ros/humble/share/eigen3_cmake_module/cmake)\n'}
[2.179021] (dddmr_sc_pgo) StdoutLine: {'line': b'-- Found Eigen3: TRUE (found version "3.4.0") \n'}
[2.179079] (dddmr_sc_pgo) StdoutLine: {'line': b'-- Ensuring Eigen3 include directory is part of orocos-kdl CMake target\n'}
[2.180449] (dddmr_sc_pgo) StderrLine: {'line': b'\x1b[33mCMake Warning (dev) at CMakeLists.txt:56 (find_package):\n'}
[2.180520] (dddmr_sc_pgo) StderrLine: {'line': b'  Policy CMP0074 is not set: find_package uses <PackageName>_ROOT variables.\n'}
[2.180548] (dddmr_sc_pgo) StderrLine: {'line': b'  Run "cmake --help-policy CMP0074" for policy details.  Use the cmake_policy\n'}
[2.180572] (dddmr_sc_pgo) StderrLine: {'line': b'  command to set the policy and suppress this warning.\n'}
[2.180593] (dddmr_sc_pgo) StderrLine: {'line': b'\n'}
[2.180615] (dddmr_sc_pgo) StderrLine: {'line': b'  CMake variable PCL_ROOT is set to:\n'}
[2.180636] (dddmr_sc_pgo) StderrLine: {'line': b'\n'}
[2.180656] (dddmr_sc_pgo) StderrLine: {'line': b'    /usr\n'}
[2.180675] (dddmr_sc_pgo) StderrLine: {'line': b'\n'}
[2.180695] (dddmr_sc_pgo) StderrLine: {'line': b'  For compatibility, CMake is ignoring the variable.\n'}
[2.180716] (dddmr_sc_pgo) StderrLine: {'line': b'This warning is for project developers.  Use -Wno-dev to suppress it.\n'}
[2.180735] (dddmr_sc_pgo) StderrLine: {'line': b'\x1b[0m\n'}
[2.204101] (-) TimerEvent: {}
[2.209278] (dddmr_sc_pgo) StdoutLine: {'line': b'-- Found Boost: /usr/lib/x86_64-linux-gnu/cmake/Boost-1.74.0/BoostConfig.cmake (found suitable version "1.74.0", minimum required is "1.65") found components: serialization system filesystem thread program_options date_time timer chrono regex \n'}
[2.211119] (dddmr_sc_pgo) StdoutLine: {'line': b'-- GTSAM include directory:  /usr/local/lib/cmake/GTSAM/../../../include\n'}
[2.221361] (dddmr_sc_pgo) StdoutLine: {'line': b'-- Found ament_lint_auto: 0.12.15 (/opt/ros/humble/share/ament_lint_auto/cmake)\n'}
[2.278509] (dddmr_sc_pgo) StdoutLine: {'line': b"-- Added test 'copyright' to check source files copyright and LICENSE\n"}
[2.279330] (dddmr_sc_pgo) StdoutLine: {'line': b"-- Added test 'cppcheck' to perform static code analysis on C / C++ code\n"}
[2.279521] (dddmr_sc_pgo) StdoutLine: {'line': b'-- Configured cppcheck include dirs: /root/dddmr_navigation/src/dddmr_sc_pgo/include;/root/dddmr_navigation/src/dddmr_sc_pgo/include/dddmr_sc_pgo\n'}
[2.279556] (dddmr_sc_pgo) StdoutLine: {'line': b'-- Configured cppcheck exclude dirs and/or files: \n'}
[2.280422] (dddmr_sc_pgo) StdoutLine: {'line': b"-- Added test 'cpplint' to check C / C++ code against the Google style\n"}
[2.280481] (dddmr_sc_pgo) StdoutLine: {'line': b'-- Configured cpplint exclude dirs and/or files: \n'}
[2.280899] (dddmr_sc_pgo) StdoutLine: {'line': b"-- Added test 'flake8' to check Python code syntax and style conventions\n"}
[2.281291] (dddmr_sc_pgo) StdoutLine: {'line': b"-- Added test 'lint_cmake' to check CMake code style\n"}
[2.281609] (dddmr_sc_pgo) StdoutLine: {'line': b"-- Added test 'pep257' to check Python code against some of the docstring style conventions in PEP 257\n"}
[2.282364] (dddmr_sc_pgo) StdoutLine: {'line': b"-- Added test 'uncrustify' to check C / C++ code style\n"}
[2.282426] (dddmr_sc_pgo) StdoutLine: {'line': b'-- Configured uncrustify additional arguments: \n'}
[2.282811] (dddmr_sc_pgo) StdoutLine: {'line': b"-- Added test 'xmllint' to check XML markup files\n"}
[2.284677] (dddmr_sc_pgo) StdoutLine: {'line': b'-- Configuring done\n'}
[2.304211] (-) TimerEvent: {}
[2.344699] (dddmr_sc_pgo) StdoutLine: {'line': b'-- Generating done\n'}
[2.349935] (dddmr_sc_pgo) StdoutLine: {'line': b'-- Build files have been written to: /root/dddmr_navigation/build/dddmr_sc_pgo\n'}
[2.358554] (dddmr_sc_pgo) CommandEnded: {'returncode': 0}
[2.358745] (dddmr_sc_pgo) JobProgress: {'identifier': 'dddmr_sc_pgo', 'progress': 'build'}
[2.359505] (dddmr_sc_pgo) Command: {'cmd': ['/usr/bin/cmake', '--build', '/root/dddmr_navigation/build/dddmr_sc_pgo', '--', '-j28', '-l28'], 'cwd': '/root/dddmr_navigation/build/dddmr_sc_pgo', 'env': OrderedDict([('LESSOPEN', '| /usr/bin/lesspipe %s'), ('HOSTNAME', 'yk'), ('GIT_ASKPASS', '/root/.cursor-server/bin/009bb5a3600dd98fe1c1f25798f767f686e14750/extensions/git/dist/askpass.sh'), ('SHLVL', '1'), ('LD_LIBRARY_PATH', '/opt/ros/humble/opt/rviz_ogre_vendor/lib:/opt/ros/humble/lib/x86_64-linux-gnu:/opt/ros/humble/lib:/root/dddmr_navigation/install/p2p_move_base/lib:/root/dddmr_navigation/install/recovery_behaviors/lib:/root/dddmr_navigation/install/local_planner/lib:/root/dddmr_navigation/install/trajectory_generators/lib:/root/dddmr_navigation/install/pose_graph_merge_editor_panel/lib:/root/dddmr_navigation/install/pose_graph_editor_panel/lib:/root/dddmr_navigation/install/perception_3d/lib:/root/dddmr_navigation/install/mpc_critics/lib:/root/dddmr_navigation/install/mcl_3dl/lib:/root/dddmr_navigation/install/mapping_panel/lib:/root/dddmr_navigation/install/map_editor_panel/lib:/root/dddmr_navigation/install/lego_loam_bor/lib:/root/dddmr_navigation/install/global_planner/lib:/root/dddmr_navigation/install/fast_lio/lib:/root/dddmr_navigation/install/dddmr_sys_core/lib:/root/dddmr_navigation/install/dddmr_rviz_default_plugins/lib:/root/dddmr_navigation/install/cloud_msgs/lib:/root/dddmr_navigation/install/base_trajectory/lib'), ('BROWSER', '/root/.cursor-server/bin/009bb5a3600dd98fe1c1f25798f767f686e14750/bin/helpers/browser.sh'), ('HOME', '/root'), ('OLDPWD', '/root'), ('TERM_PROGRAM_VERSION', '3.5.38'), ('VSCODE_IPC_HOOK_CLI', '/tmp/vscode-ipc-27ace972-e339-4102-9cb6-a68ff8daf15c.sock'), ('ROS_PYTHON_VERSION', '3'), ('VSCODE_GIT_ASKPASS_MAIN', '/root/.cursor-server/bin/009bb5a3600dd98fe1c1f25798f767f686e14750/extensions/git/dist/askpass-main.js'), ('VSCODE_GIT_ASKPASS_NODE', '/root/.cursor-server/bin/009bb5a3600dd98fe1c1f25798f767f686e14750/node'), ('COLORTERM', 'truecolor'), ('DEBUGINFOD_URLS', ''), ('COLCON_PREFIX_PATH', '/root/dddmr_navigation/install'), ('ROS_DISTRO', 'humble'), ('OVSX_REGISTRY_URL', 'https://open-vsx.org'), ('_', '/usr/bin/colcon'), ('ROS_VERSION', '2'), ('TERM', 'xterm-256color'), ('ROS_LOCALHOST_ONLY', '0'), ('QT_X11_NO_MITSHM', '1'), ('PATH', '/opt/ros/humble/bin:/root/.cursor-server/bin/009bb5a3600dd98fe1c1f25798f767f686e14750/bin/remote-cli:/root/.cursor-server/bin/009bb5a3600dd98fe1c1f25798f767f686e14750/bin/remote-cli:/usr/local/sbin:/usr/local/bin:/usr/sbin:/usr/bin:/sbin:/bin'), ('DISPLAY', ':1'), ('LANG', 'en_US.UTF-8'), ('LS_COLORS', 'rs=0:di=01;34:ln=01;36:mh=00:pi=40;33:so=01;35:do=01;35:bd=40;33;01:cd=40;33;01:or=40;31;01:mi=00:su=37;41:sg=30;43:ca=30;41:tw=30;42:ow=34;42:st=37;44:ex=01;32:*.tar=01;31:*.tgz=01;31:*.arc=01;31:*.arj=01;31:*.taz=01;31:*.lha=01;31:*.lz4=01;31:*.lzh=01;31:*.lzma=01;31:*.tlz=01;31:*.txz=01;31:*.tzo=01;31:*.t7z=01;31:*.zip=01;31:*.z=01;31:*.dz=01;31:*.gz=01;31:*.lrz=01;31:*.lz=01;31:*.lzo=01;31:*.xz=01;31:*.zst=01;31:*.tzst=01;31:*.bz2=01;31:*.bz=01;31:*.tbz=01;31:*.tbz2=01;31:*.tz=01;31:*.deb=01;31:*.rpm=01;31:*.jar=01;31:*.war=01;31:*.ear=01;31:*.sar=01;31:*.rar=01;31:*.alz=01;31:*.ace=01;31:*.zoo=01;31:*.cpio=01;31:*.7z=01;31:*.rz=01;31:*.cab=01;31:*.wim=01;31:*.swm=01;31:*.dwm=01;31:*.esd=01;31:*.jpg=01;35:*.jpeg=01;35:*.mjpg=01;35:*.mjpeg=01;35:*.gif=01;35:*.bmp=01;35:*.pbm=01;35:*.pgm=01;35:*.ppm=01;35:*.tga=01;35:*.xbm=01;35:*.xpm=01;35:*.tif=01;35:*.tiff=01;35:*.png=01;35:*.svg=01;35:*.svgz=01;35:*.mng=01;35:*.pcx=01;35:*.mov=01;35:*.mpg=01;35:*.mpeg=01;35:*.m2v=01;35:*.mkv=01;35:*.webm=01;35:*.webp=01;35:*.ogm=01;35:*.mp4=01;35:*.m4v=01;35:*.mp4v=01;35:*.vob=01;35:*.qt=01;35:*.nuv=01;35:*.wmv=01;35:*.asf=01;35:*.rm=01;35:*.rmvb=01;35:*.flc=01;35:*.avi=01;35:*.fli=01;35:*.flv=01;35:*.gl=01;35:*.dl=01;35:*.xcf=01;35:*.xwd=01;35:*.yuv=01;35:*.cgm=01;35:*.emf=01;35:*.ogv=01;35:*.ogx=01;35:*.aac=00;36:*.au=00;36:*.flac=00;36:*.m4a=00;36:*.mid=00;36:*.midi=00;36:*.mka=00;36:*.mp3=00;36:*.mpc=00;36:*.ogg=00;36:*.ra=00;36:*.wav=00;36:*.oga=00;36:*.opus=00;36:*.spx=00;36:*.xspf=00;36:'), ('VSCODE_GIT_IPC_HANDLE', '/tmp/vscode-git-8d4a5eca80.sock'), ('TERM_PROGRAM', 'vscode'), ('SSH_AUTH_SOCK', '/tmp/cursor-remote-ssh-cc04204e-865f-4c41-b7d9-7fa2afb2864a.sock'), ('ROS_DOMAIN_ID', '18'), ('AMENT_PREFIX_PATH', '/opt/ros/humble:/root/dddmr_navigation/install/p2p_move_base:/root/dddmr_navigation/install/recovery_behaviors:/root/dddmr_navigation/install/local_planner:/root/dddmr_navigation/install/trajectory_generators:/root/dddmr_navigation/install/pose_graph_merge_editor_panel:/root/dddmr_navigation/install/pose_graph_editor_panel:/root/dddmr_navigation/install/perception_3d:/root/dddmr_navigation/install/mpc_critics:/root/dddmr_navigation/install/mcl_3dl:/root/dddmr_navigation/install/mapping_panel:/root/dddmr_navigation/install/map_editor_panel:/root/dddmr_navigation/install/lego_loam_bor:/root/dddmr_navigation/install/global_planner:/root/dddmr_navigation/install/fast_lio:/root/dddmr_navigation/install/dddmr_trt:/root/dddmr_navigation/install/dddmr_sys_core:/root/dddmr_navigation/install/dddmr_semantic_segmentation:/root/dddmr_navigation/install/dddmr_rviz_default_plugins:/root/dddmr_navigation/install/dddmr_odom_3d:/root/dddmr_navigation/install/dddmr_fastlio_adapter:/root/dddmr_navigation/install/dddmr_beginner_guide:/root/dddmr_navigation/install/cloud_msgs:/root/dddmr_navigation/install/base_trajectory'), ('LESSCLOSE', '/usr/bin/lesspipe %s %s'), ('VSCODE_GIT_IPC_AUTH_TOKEN', '4a8016d1c03267560b2dc3cb3b7ca8a7839b6fb33ba6112bee41260685a1090b'), ('VSCODE_GIT_ASKPASS_EXTRA_ARGS', ''), ('PWD', '/root/dddmr_navigation/build/dddmr_sc_pgo'), ('PYTHONPATH', '/opt/ros/humble/lib/python3.10/site-packages:/opt/ros/humble/local/lib/python3.10/dist-packages:/root/dddmr_navigation/install/fast_lio/local/lib/python3.10/dist-packages:/root/dddmr_navigation/install/dddmr_sys_core/local/lib/python3.10/dist-packages:/root/dddmr_navigation/install/cloud_msgs/local/lib/python3.10/dist-packages'), ('COLCON', '1'), ('CMAKE_PREFIX_PATH', '/root/dddmr_navigation/install/p2p_move_base:/root/dddmr_navigation/install/recovery_behaviors:/root/dddmr_navigation/install/local_planner:/root/dddmr_navigation/install/trajectory_generators:/root/dddmr_navigation/install/pose_graph_merge_editor_panel:/root/dddmr_navigation/install/pose_graph_editor_panel:/root/dddmr_navigation/install/perception_3d:/root/dddmr_navigation/install/mpc_critics:/root/dddmr_navigation/install/mcl_3dl:/root/dddmr_navigation/install/mapping_panel:/root/dddmr_navigation/install/map_editor_panel:/root/dddmr_navigation/install/lego_loam_bor:/root/dddmr_navigation/install/global_planner:/root/dddmr_navigation/install/fast_lio:/root/dddmr_navigation/install/dddmr_trt:/root/dddmr_navigation/install/dddmr_sys_core:/root/dddmr_navigation/install/dddmr_semantic_segmentation:/root/dddmr_navigation/install/dddmr_rviz_default_plugins:/root/dddmr_navigation/install/dddmr_odom_3d:/root/dddmr_navigation/install/dddmr_fastlio_adapter:/root/dddmr_navigation/install/dddmr_beginner_guide:/root/dddmr_navigation/install/cloud_msgs:/root/dddmr_navigation/install/base_trajectory:/opt/ros/humble')]), 'shell': False}
[2.403601] (dddmr_sc_pgo) StdoutLine: {'line': b'[ 25%] \x1b[32mBuilding CXX object CMakeFiles/scan_context_lib.dir/src/scan_context.cpp.o\x1b[0m\n'}
[2.404299] (-) TimerEvent: {}
[2.504473] (-) TimerEvent: {}
[2.604759] (-) TimerEvent: {}
[2.705088] (-) TimerEvent: {}
[2.805381] (-) TimerEvent: {}
[2.905780] (-) TimerEvent: {}
[3.006118] (-) TimerEvent: {}
[3.106424] (-) TimerEvent: {}
[3.206742] (-) TimerEvent: {}
[3.307080] (-) TimerEvent: {}
[3.325053] (dddmr_sc_pgo) StderrLine: {'line': b'In file included from \x1b[01m\x1b[K/usr/include/pcl-1.12/pcl/point_types.h:354\x1b[m\x1b[K,\n'}
[3.325164] (dddmr_sc_pgo) StderrLine: {'line': b'                 from \x1b[01m\x1b[K/root/dddmr_navigation/src/dddmr_sc_pgo/include/dddmr_sc_pgo/scan_context.h:21\x1b[m\x1b[K,\n'}
[3.325194] (dddmr_sc_pgo) StderrLine: {'line': b'                 from \x1b[01m\x1b[K/root/dddmr_navigation/src/dddmr_sc_pgo/src/scan_context.cpp:8\x1b[m\x1b[K:\n'}
[3.325216] (dddmr_sc_pgo) StderrLine: {'line': b'\x1b[01m\x1b[K/usr/include/pcl-1.12/pcl/impl/point_types.hpp:241:12:\x1b[m\x1b[K \x1b[01;35m\x1b[Kwarning: \x1b[m\x1b[KISO C++ prohibits anonymous structs [\x1b[01;35m\x1b[K\x1b]8;;https://gcc.gnu.org/onlinedocs/gcc/Warning-Options.html#index-Wpedantic\x07-Wpedantic\x1b]8;;\x07\x1b[m\x1b[K]\n'}
[3.325243] (dddmr_sc_pgo) StderrLine: {'line': b'  241 |     struct \x1b[01;35m\x1b[K{\x1b[m\x1b[K \\\n'}
[3.325286] (dddmr_sc_pgo) StderrLine: {'line': b'      |            \x1b[01;35m\x1b[K^\x1b[m\x1b[K\n'}
[3.325307] (dddmr_sc_pgo) StderrLine: {'line': b'\x1b[01m\x1b[K/usr/include/pcl-1.12/pcl/impl/point_types.hpp:259:3:\x1b[m\x1b[K \x1b[01;36m\x1b[Knote: \x1b[m\x1b[Kin expansion of macro \xe2\x80\x98\x1b[01m\x1b[KPCL_ADD_UNION_POINT4D\x1b[m\x1b[K\xe2\x80\x99\n'}
[3.325328] (dddmr_sc_pgo) StderrLine: {'line': b'  259 |   \x1b[01;36m\x1b[KPCL_ADD_UNION_POINT4D\x1b[m\x1b[K \\\n'}
[3.325348] (dddmr_sc_pgo) StderrLine: {'line': b'      |   \x1b[01;36m\x1b[K^~~~~~~~~~~~~~~~~~~~~\x1b[m\x1b[K\n'}
[3.325368] (dddmr_sc_pgo) StderrLine: {'line': b'\x1b[01m\x1b[K/usr/include/pcl-1.12/pcl/impl/point_types.hpp:337:5:\x1b[m\x1b[K \x1b[01;36m\x1b[Knote: \x1b[m\x1b[Kin expansion of macro \xe2\x80\x98\x1b[01m\x1b[KPCL_ADD_POINT4D\x1b[m\x1b[K\xe2\x80\x99\n'}
[3.325389] (dddmr_sc_pgo) StderrLine: {'line': b'  337 |     \x1b[01;36m\x1b[KPCL_ADD_POINT4D\x1b[m\x1b[K; // This adds the members x,y,z which can also be accessed using the point (which is float[4])\n'}
[3.325408] (dddmr_sc_pgo) StderrLine: {'line': b'      |     \x1b[01;36m\x1b[K^~~~~~~~~~~~~~~\x1b[m\x1b[K\n'}
[3.360270] (dddmr_sc_pgo) StderrLine: {'line': b'\x1b[01m\x1b[K/usr/include/pcl-1.12/pcl/impl/point_types.hpp:289:7:\x1b[m\x1b[K \x1b[01;35m\x1b[Kwarning: \x1b[m\x1b[KISO C++ prohibits anonymous structs [\x1b[01;35m\x1b[K\x1b]8;;https://gcc.gnu.org/onlinedocs/gcc/Warning-Options.html#index-Wpedantic\x07-Wpedantic\x1b]8;;\x07\x1b[m\x1b[K]\n'}
[3.360422] (dddmr_sc_pgo) StderrLine: {'line': b'  289 |       \x1b[01;35m\x1b[K{\x1b[m\x1b[K \\\n'}
[3.360451] (dddmr_sc_pgo) StderrLine: {'line': b'      |       \x1b[01;35m\x1b[K^\x1b[m\x1b[K\n'}
[3.360474] (dddmr_sc_pgo) StderrLine: {'line': b'\x1b[01m\x1b[K/usr/include/pcl-1.12/pcl/impl/point_types.hpp:313:3:\x1b[m\x1b[K \x1b[01;36m\x1b[Knote: \x1b[m\x1b[Kin expansion of macro \xe2\x80\x98\x1b[01m\x1b[KPCL_ADD_UNION_RGB\x1b[m\x1b[K\xe2\x80\x99\n'}
[3.360497] (dddmr_sc_pgo) StderrLine: {'line': b'  313 |   \x1b[01;36m\x1b[KPCL_ADD_UNION_RGB\x1b[m\x1b[K \\\n'}
[3.360519] (dddmr_sc_pgo) StderrLine: {'line': b'      |   \x1b[01;36m\x1b[K^~~~~~~~~~~~~~~~~\x1b[m\x1b[K\n'}
[3.360540] (dddmr_sc_pgo) StderrLine: {'line': b'\x1b[01m\x1b[K/usr/include/pcl-1.12/pcl/impl/point_types.hpp:368:5:\x1b[m\x1b[K \x1b[01;36m\x1b[Knote: \x1b[m\x1b[Kin expansion of macro \xe2\x80\x98\x1b[01m\x1b[KPCL_ADD_RGB\x1b[m\x1b[K\xe2\x80\x99\n'}
[3.360565] (dddmr_sc_pgo) StderrLine: {'line': b'  368 |     \x1b[01;36m\x1b[KPCL_ADD_RGB\x1b[m\x1b[K;\n'}
[3.360586] (dddmr_sc_pgo) StderrLine: {'line': b'      |     \x1b[01;36m\x1b[K^~~~~~~~~~~\x1b[m\x1b[K\n'}
[3.391959] (dddmr_sc_pgo) StderrLine: {'line': b'\x1b[01m\x1b[K/usr/include/pcl-1.12/pcl/impl/point_types.hpp:318:5:\x1b[m\x1b[K \x1b[01;35m\x1b[Kwarning: \x1b[m\x1b[KISO C++ prohibits anonymous structs [\x1b[01;35m\x1b[K\x1b]8;;https://gcc.gnu.org/onlinedocs/gcc/Warning-Options.html#index-Wpedantic\x07-Wpedantic\x1b]8;;\x07\x1b[m\x1b[K]\n'}
[3.392074] (dddmr_sc_pgo) StderrLine: {'line': b'  318 |     \x1b[01;35m\x1b[K{\x1b[m\x1b[K \\\n'}
[3.392256] (dddmr_sc_pgo) StderrLine: {'line': b'      |     \x1b[01;35m\x1b[K^\x1b[m\x1b[K\n'}
[3.392295] (dddmr_sc_pgo) StderrLine: {'line': b'\x1b[01m\x1b[K/usr/include/pcl-1.12/pcl/impl/point_types.hpp:411:5:\x1b[m\x1b[K \x1b[01;36m\x1b[Knote: \x1b[m\x1b[Kin expansion of macro \xe2\x80\x98\x1b[01m\x1b[KPCL_ADD_INTENSITY\x1b[m\x1b[K\xe2\x80\x99\n'}
[3.392324] (dddmr_sc_pgo) StderrLine: {'line': b'  411 |     \x1b[01;36m\x1b[KPCL_ADD_INTENSITY\x1b[m\x1b[K;\n'}
[3.392346] (dddmr_sc_pgo) StderrLine: {'line': b'      |     \x1b[01;36m\x1b[K^~~~~~~~~~~~~~~~~\x1b[m\x1b[K\n'}
[3.392367] (dddmr_sc_pgo) StderrLine: {'line': b'\x1b[01m\x1b[K/usr/include/pcl-1.12/pcl/impl/point_types.hpp:411:22:\x1b[m\x1b[K \x1b[01;35m\x1b[Kwarning: \x1b[m\x1b[Kextra \xe2\x80\x98\x1b[01m\x1b[K;\x1b[m\x1b[K\xe2\x80\x99 [\x1b[01;35m\x1b[K\x1b]8;;https://gcc.gnu.org/onlinedocs/gcc/Warning-Options.html#index-Wpedantic\x07-Wpedantic\x1b]8;;\x07\x1b[m\x1b[K]\n'}
[3.392391] (dddmr_sc_pgo) StderrLine: {'line': b'  411 |     PCL_ADD_INTENSITY\x1b[01;35m\x1b[K;\x1b[m\x1b[K\n'}
[3.392411] (dddmr_sc_pgo) StderrLine: {'line': b'      |                      \x1b[01;35m\x1b[K^\x1b[m\x1b[K\n'}
[3.392430] (dddmr_sc_pgo) StderrLine: {'line': b'      |                      \x1b[31m\x1b[K-\x1b[m\x1b[K\n'}
[3.392449] (dddmr_sc_pgo) StderrLine: {'line': b'\x1b[01m\x1b[K/usr/include/pcl-1.12/pcl/impl/point_types.hpp:324:5:\x1b[m\x1b[K \x1b[01;35m\x1b[Kwarning: \x1b[m\x1b[KISO C++ prohibits anonymous structs [\x1b[01;35m\x1b[K\x1b]8;;https://gcc.gnu.org/onlinedocs/gcc/Warning-Options.html#index-Wpedantic\x07-Wpedantic\x1b]8;;\x07\x1b[m\x1b[K]\n'}
[3.392470] (dddmr_sc_pgo) StderrLine: {'line': b'  324 |     \x1b[01;35m\x1b[K{\x1b[m\x1b[K \\\n'}
[3.392489] (dddmr_sc_pgo) StderrLine: {'line': b'      |     \x1b[01;35m\x1b[K^\x1b[m\x1b[K\n'}
[3.392508] (dddmr_sc_pgo) StderrLine: {'line': b'\x1b[01m\x1b[K/usr/include/pcl-1.12/pcl/impl/point_types.hpp:437:5:\x1b[m\x1b[K \x1b[01;36m\x1b[Knote: \x1b[m\x1b[Kin expansion of macro \xe2\x80\x98\x1b[01m\x1b[KPCL_ADD_INTENSITY_8U\x1b[m\x1b[K\xe2\x80\x99\n'}
[3.392530] (dddmr_sc_pgo) StderrLine: {'line': b'  437 |     \x1b[01;36m\x1b[KPCL_ADD_INTENSITY_8U\x1b[m\x1b[K;\n'}
[3.392551] (dddmr_sc_pgo) StderrLine: {'line': b'      |     \x1b[01;36m\x1b[K^~~~~~~~~~~~~~~~~~~~\x1b[m\x1b[K\n'}
[3.392577] (dddmr_sc_pgo) StderrLine: {'line': b'\x1b[01m\x1b[K/usr/include/pcl-1.12/pcl/impl/point_types.hpp:437:25:\x1b[m\x1b[K \x1b[01;35m\x1b[Kwarning: \x1b[m\x1b[Kextra \xe2\x80\x98\x1b[01m\x1b[K;\x1b[m\x1b[K\xe2\x80\x99 [\x1b[01;35m\x1b[K\x1b]8;;https://gcc.gnu.org/onlinedocs/gcc/Warning-Options.html#index-Wpedantic\x07-Wpedantic\x1b]8;;\x07\x1b[m\x1b[K]\n'}
[3.392600] (dddmr_sc_pgo) StderrLine: {'line': b'  437 |     PCL_ADD_INTENSITY_8U\x1b[01;35m\x1b[K;\x1b[m\x1b[K\n'}
[3.392676] (dddmr_sc_pgo) StderrLine: {'line': b'      |                         \x1b[01;35m\x1b[K^\x1b[m\x1b[K\n'}
[3.392696] (dddmr_sc_pgo) StderrLine: {'line': b'      |                         \x1b[31m\x1b[K-\x1b[m\x1b[K\n'}
[3.392716] (dddmr_sc_pgo) StderrLine: {'line': b'\x1b[01m\x1b[K/usr/include/pcl-1.12/pcl/impl/point_types.hpp:330:5:\x1b[m\x1b[K \x1b[01;35m\x1b[Kwarning: \x1b[m\x1b[KISO C++ prohibits anonymous structs [\x1b[01;35m\x1b[K\x1b]8;;https://gcc.gnu.org/onlinedocs/gcc/Warning-Options.html#index-Wpedantic\x07-Wpedantic\x1b]8;;\x07\x1b[m\x1b[K]\n'}
[3.392737] (dddmr_sc_pgo) StderrLine: {'line': b'  330 |     \x1b[01;35m\x1b[K{\x1b[m\x1b[K \\\n'}
[3.392762] (dddmr_sc_pgo) StderrLine: {'line': b'      |     \x1b[01;35m\x1b[K^\x1b[m\x1b[K\n'}
[3.392788] (dddmr_sc_pgo) StderrLine: {'line': b'\x1b[01m\x1b[K/usr/include/pcl-1.12/pcl/impl/point_types.hpp:469:5:\x1b[m\x1b[K \x1b[01;36m\x1b[Knote: \x1b[m\x1b[Kin expansion of macro \xe2\x80\x98\x1b[01m\x1b[KPCL_ADD_INTENSITY_32U\x1b[m\x1b[K\xe2\x80\x99\n'}
[3.392809] (dddmr_sc_pgo) StderrLine: {'line': b'  469 |     \x1b[01;36m\x1b[KPCL_ADD_INTENSITY_32U\x1b[m\x1b[K;\n'}
[3.392830] (dddmr_sc_pgo) StderrLine: {'line': b'      |     \x1b[01;36m\x1b[K^~~~~~~~~~~~~~~~~~~~~\x1b[m\x1b[K\n'}
[3.392849] (dddmr_sc_pgo) StderrLine: {'line': b'\x1b[01m\x1b[K/usr/include/pcl-1.12/pcl/impl/point_types.hpp:469:26:\x1b[m\x1b[K \x1b[01;35m\x1b[Kwarning: \x1b[m\x1b[Kextra \xe2\x80\x98\x1b[01m\x1b[K;\x1b[m\x1b[K\xe2\x80\x99 [\x1b[01;35m\x1b[K\x1b]8;;https://gcc.gnu.org/onlinedocs/gcc/Warning-Options.html#index-Wpedantic\x07-Wpedantic\x1b]8;;\x07\x1b[m\x1b[K]\n'}
[3.392870] (dddmr_sc_pgo) StderrLine: {'line': b'  469 |     PCL_ADD_INTENSITY_32U\x1b[01;35m\x1b[K;\x1b[m\x1b[K\n'}
[3.392889] (dddmr_sc_pgo) StderrLine: {'line': b'      |                          \x1b[01;35m\x1b[K^\x1b[m\x1b[K\n'}
[3.392909] (dddmr_sc_pgo) StderrLine: {'line': b'      |                          \x1b[31m\x1b[K-\x1b[m\x1b[K\n'}
[3.392928] (dddmr_sc_pgo) StderrLine: {'line': b'\x1b[01m\x1b[K/usr/include/pcl-1.12/pcl/impl/point_types.hpp:241:12:\x1b[m\x1b[K \x1b[01;35m\x1b[Kwarning: \x1b[m\x1b[KISO C++ prohibits anonymous structs [\x1b[01;35m\x1b[K\x1b]8;;https://gcc.gnu.org/onlinedocs/gcc/Warning-Options.html#index-Wpedantic\x07-Wpedantic\x1b]8;;\x07\x1b[m\x1b[K]\n'}
[3.392947] (dddmr_sc_pgo) StderrLine: {'line': b'  241 |     struct \x1b[01;35m\x1b[K{\x1b[m\x1b[K \\\n'}
[3.392967] (dddmr_sc_pgo) StderrLine: {'line': b'      |            \x1b[01;35m\x1b[K^\x1b[m\x1b[K\n'}
[3.392994] (dddmr_sc_pgo) StderrLine: {'line': b'\x1b[01m\x1b[K/usr/include/pcl-1.12/pcl/impl/point_types.hpp:259:3:\x1b[m\x1b[K \x1b[01;36m\x1b[Knote: \x1b[m\x1b[Kin expansion of macro \xe2\x80\x98\x1b[01m\x1b[KPCL_ADD_UNION_POINT4D\x1b[m\x1b[K\xe2\x80\x99\n'}
[3.393016] (dddmr_sc_pgo) StderrLine: {'line': b'  259 |   \x1b[01;36m\x1b[KPCL_ADD_UNION_POINT4D\x1b[m\x1b[K \\\n'}
[3.393037] (dddmr_sc_pgo) StderrLine: {'line': b'      |   \x1b[01;36m\x1b[K^~~~~~~~~~~~~~~~~~~~~\x1b[m\x1b[K\n'}
[3.393056] (dddmr_sc_pgo) StderrLine: {'line': b'\x1b[01m\x1b[K/usr/include/pcl-1.12/pcl/impl/point_types.hpp:497:5:\x1b[m\x1b[K \x1b[01;36m\x1b[Knote: \x1b[m\x1b[Kin expansion of macro \xe2\x80\x98\x1b[01m\x1b[KPCL_ADD_POINT4D\x1b[m\x1b[K\xe2\x80\x99\n'}
[3.393228] (dddmr_sc_pgo) StderrLine: {'line': b'  497 |     \x1b[01;36m\x1b[KPCL_ADD_POINT4D\x1b[m\x1b[K; // This adds the members x,y,z which can also be accessed using the point (which is float[4])\n'}
[3.393267] (dddmr_sc_pgo) StderrLine: {'line': b'      |     \x1b[01;36m\x1b[K^~~~~~~~~~~~~~~\x1b[m\x1b[K\n'}
[3.393292] (dddmr_sc_pgo) StderrLine: {'line': b'\x1b[01m\x1b[K/usr/include/pcl-1.12/pcl/impl/point_types.hpp:501:7:\x1b[m\x1b[K \x1b[01;35m\x1b[Kwarning: \x1b[m\x1b[KISO C++ prohibits anonymous structs [\x1b[01;35m\x1b[K\x1b]8;;https://gcc.gnu.org/onlinedocs/gcc/Warning-Options.html#index-Wpedantic\x07-Wpedantic\x1b]8;;\x07\x1b[m\x1b[K]\n'}
[3.393315] (dddmr_sc_pgo) StderrLine: {'line': b'  501 |       \x1b[01;35m\x1b[K{\x1b[m\x1b[K\n'}
[3.393336] (dddmr_sc_pgo) StderrLine: {'line': b'      |       \x1b[01;35m\x1b[K^\x1b[m\x1b[K\n'}
[3.393357] (dddmr_sc_pgo) StderrLine: {'line': b'\x1b[01m\x1b[K/usr/include/pcl-1.12/pcl/impl/point_types.hpp:241:12:\x1b[m\x1b[K \x1b[01;35m\x1b[Kwarning: \x1b[m\x1b[KISO C++ prohibits anonymous structs [\x1b[01;35m\x1b[K\x1b]8;;https://gcc.gnu.org/onlinedocs/gcc/Warning-Options.html#index-Wpedantic\x07-Wpedantic\x1b]8;;\x07\x1b[m\x1b[K]\n'}
[3.393381] (dddmr_sc_pgo) StderrLine: {'line': b'  241 |     struct \x1b[01;35m\x1b[K{\x1b[m\x1b[K \\\n'}
[3.393402] (dddmr_sc_pgo) StderrLine: {'line': b'      |            \x1b[01;35m\x1b[K^\x1b[m\x1b[K\n'}
[3.393423] (dddmr_sc_pgo) StderrLine: {'line': b'\x1b[01m\x1b[K/usr/include/pcl-1.12/pcl/impl/point_types.hpp:259:3:\x1b[m\x1b[K \x1b[01;36m\x1b[Knote: \x1b[m\x1b[Kin expansion of macro \xe2\x80\x98\x1b[01m\x1b[KPCL_ADD_UNION_POINT4D\x1b[m\x1b[K\xe2\x80\x99\n'}
[3.393445] (dddmr_sc_pgo) StderrLine: {'line': b'  259 |   \x1b[01;36m\x1b[KPCL_ADD_UNION_POINT4D\x1b[m\x1b[K \\\n'}
[3.393465] (dddmr_sc_pgo) StderrLine: {'line': b'      |   \x1b[01;36m\x1b[K^~~~~~~~~~~~~~~~~~~~~\x1b[m\x1b[K\n'}
[3.393485] (dddmr_sc_pgo) StderrLine: {'line': b'\x1b[01m\x1b[K/usr/include/pcl-1.12/pcl/impl/point_types.hpp:533:5:\x1b[m\x1b[K \x1b[01;36m\x1b[Knote: \x1b[m\x1b[Kin expansion of macro \xe2\x80\x98\x1b[01m\x1b[KPCL_ADD_POINT4D\x1b[m\x1b[K\xe2\x80\x99\n'}
[3.393505] (dddmr_sc_pgo) StderrLine: {'line': b'  533 |     \x1b[01;36m\x1b[KPCL_ADD_POINT4D\x1b[m\x1b[K; // This adds the members x,y,z which can also be accessed using the point (which is float[4])\n'}
[3.393525] (dddmr_sc_pgo) StderrLine: {'line': b'      |     \x1b[01;36m\x1b[K^~~~~~~~~~~~~~~\x1b[m\x1b[K\n'}
[3.393545] (dddmr_sc_pgo) StderrLine: {'line': b'\x1b[01m\x1b[K/usr/include/pcl-1.12/pcl/impl/point_types.hpp:241:12:\x1b[m\x1b[K \x1b[01;35m\x1b[Kwarning: \x1b[m\x1b[KISO C++ prohibits anonymous structs [\x1b[01;35m\x1b[K\x1b]8;;https://gcc.gnu.org/onlinedocs/gcc/Warning-Options.html#index-Wpedantic\x07-Wpedantic\x1b]8;;\x07\x1b[m\x1b[K]\n'}
[3.393565] (dddmr_sc_pgo) StderrLine: {'line': b'  241 |     struct \x1b[01;35m\x1b[K{\x1b[m\x1b[K \\\n'}
[3.393585] (dddmr_sc_pgo) StderrLine: {'line': b'      |            \x1b[01;35m\x1b[K^\x1b[m\x1b[K\n'}
[3.393605] (dddmr_sc_pgo) StderrLine: {'line': b'\x1b[01m\x1b[K/usr/include/pcl-1.12/pcl/impl/point_types.hpp:259:3:\x1b[m\x1b[K \x1b[01;36m\x1b[Knote: \x1b[m\x1b[Kin expansion of macro \xe2\x80\x98\x1b[01m\x1b[KPCL_ADD_UNION_POINT4D\x1b[m\x1b[K\xe2\x80\x99\n'}
[3.393624] (dddmr_sc_pgo) StderrLine: {'line': b'  259 |   \x1b[01;36m\x1b[KPCL_ADD_UNION_POINT4D\x1b[m\x1b[K \\\n'}
[3.393643] (dddmr_sc_pgo) StderrLine: {'line': b'      |   \x1b[01;36m\x1b[K^~~~~~~~~~~~~~~~~~~~~\x1b[m\x1b[K\n'}
[3.393662] (dddmr_sc_pgo) StderrLine: {'line': b'\x1b[01m\x1b[K/usr/include/pcl-1.12/pcl/impl/point_types.hpp:573:5:\x1b[m\x1b[K \x1b[01;36m\x1b[Knote: \x1b[m\x1b[Kin expansion of macro \xe2\x80\x98\x1b[01m\x1b[KPCL_ADD_POINT4D\x1b[m\x1b[K\xe2\x80\x99\n'}
[3.393681] (dddmr_sc_pgo) StderrLine: {'line': b'  573 |     \x1b[01;36m\x1b[KPCL_ADD_POINT4D\x1b[m\x1b[K; // This adds the members x,y,z which can also be accessed using the point (which is float[4])\n'}
[3.393702] (dddmr_sc_pgo) StderrLine: {'line': b'      |     \x1b[01;36m\x1b[K^~~~~~~~~~~~~~~\x1b[m\x1b[K\n'}
[3.393722] (dddmr_sc_pgo) StderrLine: {'line': b'\x1b[01m\x1b[K/usr/include/pcl-1.12/pcl/impl/point_types.hpp:289:7:\x1b[m\x1b[K \x1b[01;35m\x1b[Kwarning: \x1b[m\x1b[KISO C++ prohibits anonymous structs [\x1b[01;35m\x1b[K\x1b]8;;https://gcc.gnu.org/onlinedocs/gcc/Warning-Options.html#index-Wpedantic\x07-Wpedantic\x1b]8;;\x07\x1b[m\x1b[K]\n'}
[3.393741] (dddmr_sc_pgo) StderrLine: {'line': b'  289 |       \x1b[01;35m\x1b[K{\x1b[m\x1b[K \\\n'}
[3.393761] (dddmr_sc_pgo) StderrLine: {'line': b'      |       \x1b[01;35m\x1b[K^\x1b[m\x1b[K\n'}
[3.393786] (dddmr_sc_pgo) StderrLine: {'line': b'\x1b[01m\x1b[K/usr/include/pcl-1.12/pcl/impl/point_types.hpp:313:3:\x1b[m\x1b[K \x1b[01;36m\x1b[Knote: \x1b[m\x1b[Kin expansion of macro \xe2\x80\x98\x1b[01m\x1b[KPCL_ADD_UNION_RGB\x1b[m\x1b[K\xe2\x80\x99\n'}
[3.393807] (dddmr_sc_pgo) StderrLine: {'line': b'  313 |   \x1b[01;36m\x1b[KPCL_ADD_UNION_RGB\x1b[m\x1b[K \\\n'}
[3.393827] (dddmr_sc_pgo) StderrLine: {'line': b'      |   \x1b[01;36m\x1b[K^~~~~~~~~~~~~~~~~\x1b[m\x1b[K\n'}
[3.393848] (dddmr_sc_pgo) StderrLine: {'line': b'\x1b[01m\x1b[K/usr/include/pcl-1.12/pcl/impl/point_types.hpp:574:5:\x1b[m\x1b[K \x1b[01;36m\x1b[Knote: \x1b[m\x1b[Kin expansion of macro \xe2\x80\x98\x1b[01m\x1b[KPCL_ADD_RGB\x1b[m\x1b[K\xe2\x80\x99\n'}
[3.393869] (dddmr_sc_pgo) StderrLine: {'line': b'  574 |     \x1b[01;36m\x1b[KPCL_ADD_RGB\x1b[m\x1b[K;\n'}
[3.393888] (dddmr_sc_pgo) StderrLine: {'line': b'      |     \x1b[01;36m\x1b[K^~~~~~~~~~~\x1b[m\x1b[K\n'}
[3.394054] (dddmr_sc_pgo) StderrLine: {'line': b'\x1b[01m\x1b[K/usr/include/pcl-1.12/pcl/impl/point_types.hpp:241:12:\x1b[m\x1b[K \x1b[01;35m\x1b[Kwarning: \x1b[m\x1b[KISO C++ prohibits anonymous structs [\x1b[01;35m\x1b[K\x1b]8;;https://gcc.gnu.org/onlinedocs/gcc/Warning-Options.html#index-Wpedantic\x07-Wpedantic\x1b]8;;\x07\x1b[m\x1b[K]\n'}
[3.394098] (dddmr_sc_pgo) StderrLine: {'line': b'  241 |     struct \x1b[01;35m\x1b[K{\x1b[m\x1b[K \\\n'}
[3.394124] (dddmr_sc_pgo) StderrLine: {'line': b'      |            \x1b[01;35m\x1b[K^\x1b[m\x1b[K\n'}
[3.394145] (dddmr_sc_pgo) StderrLine: {'line': b'\x1b[01m\x1b[K/usr/include/pcl-1.12/pcl/impl/point_types.hpp:259:3:\x1b[m\x1b[K \x1b[01;36m\x1b[Knote: \x1b[m\x1b[Kin expansion of macro \xe2\x80\x98\x1b[01m\x1b[KPCL_ADD_UNION_POINT4D\x1b[m\x1b[K\xe2\x80\x99\n'}
[3.394168] (dddmr_sc_pgo) StderrLine: {'line': b'  259 |   \x1b[01;36m\x1b[KPCL_ADD_UNION_POINT4D\x1b[m\x1b[K \\\n'}
[3.394193] (dddmr_sc_pgo) StderrLine: {'line': b'      |   \x1b[01;36m\x1b[K^~~~~~~~~~~~~~~~~~~~~\x1b[m\x1b[K\n'}
[3.394214] (dddmr_sc_pgo) StderrLine: {'line': b'\x1b[01m\x1b[K/usr/include/pcl-1.12/pcl/impl/point_types.hpp:629:5:\x1b[m\x1b[K \x1b[01;36m\x1b[Knote: \x1b[m\x1b[Kin expansion of macro \xe2\x80\x98\x1b[01m\x1b[KPCL_ADD_POINT4D\x1b[m\x1b[K\xe2\x80\x99\n'}
[3.394235] (dddmr_sc_pgo) StderrLine: {'line': b'  629 |     \x1b[01;36m\x1b[KPCL_ADD_POINT4D\x1b[m\x1b[K; // This adds the members x,y,z which can also be accessed using the point (which is float[4])\n'}
[3.394256] (dddmr_sc_pgo) StderrLine: {'line': b'      |     \x1b[01;36m\x1b[K^~~~~~~~~~~~~~~\x1b[m\x1b[K\n'}
[3.394275] (dddmr_sc_pgo) StderrLine: {'line': b'\x1b[01m\x1b[K/usr/include/pcl-1.12/pcl/impl/point_types.hpp:289:7:\x1b[m\x1b[K \x1b[01;35m\x1b[Kwarning: \x1b[m\x1b[KISO C++ prohibits anonymous structs [\x1b[01;35m\x1b[K\x1b]8;;https://gcc.gnu.org/onlinedocs/gcc/Warning-Options.html#index-Wpedantic\x07-Wpedantic\x1b]8;;\x07\x1b[m\x1b[K]\n'}
[3.394302] (dddmr_sc_pgo) StderrLine: {'line': b'  289 |       \x1b[01;35m\x1b[K{\x1b[m\x1b[K \\\n'}
[3.394333] (dddmr_sc_pgo) StderrLine: {'line': b'      |       \x1b[01;35m\x1b[K^\x1b[m\x1b[K\n'}
[3.394354] (dddmr_sc_pgo) StderrLine: {'line': b'\x1b[01m\x1b[K/usr/include/pcl-1.12/pcl/impl/point_types.hpp:313:3:\x1b[m\x1b[K \x1b[01;36m\x1b[Knote: \x1b[m\x1b[Kin expansion of macro \xe2\x80\x98\x1b[01m\x1b[KPCL_ADD_UNION_RGB\x1b[m\x1b[K\xe2\x80\x99\n'}
[3.394375] (dddmr_sc_pgo) StderrLine: {'line': b'  313 |   \x1b[01;36m\x1b[KPCL_ADD_UNION_RGB\x1b[m\x1b[K \\\n'}
[3.394395] (dddmr_sc_pgo) StderrLine: {'line': b'      |   \x1b[01;36m\x1b[K^~~~~~~~~~~~~~~~~\x1b[m\x1b[K\n'}
[3.394418] (dddmr_sc_pgo) StderrLine: {'line': b'\x1b[01m\x1b[K/usr/include/pcl-1.12/pcl/impl/point_types.hpp:630:5:\x1b[m\x1b[K \x1b[01;36m\x1b[Knote: \x1b[m\x1b[Kin expansion of macro \xe2\x80\x98\x1b[01m\x1b[KPCL_ADD_RGB\x1b[m\x1b[K\xe2\x80\x99\n'}
[3.394439] (dddmr_sc_pgo) StderrLine: {'line': b'  630 |     \x1b[01;36m\x1b[KPCL_ADD_RGB\x1b[m\x1b[K;\n'}
[3.394460] (dddmr_sc_pgo) StderrLine: {'line': b'      |     \x1b[01;36m\x1b[K^~~~~~~~~~~\x1b[m\x1b[K\n'}
[3.394542] (dddmr_sc_pgo) StderrLine: {'line': b'\x1b[01m\x1b[K/usr/include/pcl-1.12/pcl/impl/point_types.hpp:241:12:\x1b[m\x1b[K \x1b[01;35m\x1b[Kwarning: \x1b[m\x1b[KISO C++ prohibits anonymous structs [\x1b[01;35m\x1b[K\x1b]8;;https://gcc.gnu.org/onlinedocs/gcc/Warning-Options.html#index-Wpedantic\x07-Wpedantic\x1b]8;;\x07\x1b[m\x1b[K]\n'}
[3.394566] (dddmr_sc_pgo) StderrLine: {'line': b'  241 |     struct \x1b[01;35m\x1b[K{\x1b[m\x1b[K \\\n'}
[3.394586] (dddmr_sc_pgo) StderrLine: {'line': b'      |            \x1b[01;35m\x1b[K^\x1b[m\x1b[K\n'}
[3.394607] (dddmr_sc_pgo) StderrLine: {'line': b'\x1b[01m\x1b[K/usr/include/pcl-1.12/pcl/impl/point_types.hpp:259:3:\x1b[m\x1b[K \x1b[01;36m\x1b[Knote: \x1b[m\x1b[Kin expansion of macro \xe2\x80\x98\x1b[01m\x1b[KPCL_ADD_UNION_POINT4D\x1b[m\x1b[K\xe2\x80\x99\n'}
[3.394635] (dddmr_sc_pgo) StderrLine: {'line': b'  259 |   \x1b[01;36m\x1b[KPCL_ADD_UNION_POINT4D\x1b[m\x1b[K \\\n'}
[3.394656] (dddmr_sc_pgo) StderrLine: {'line': b'      |   \x1b[01;36m\x1b[K^~~~~~~~~~~~~~~~~~~~~\x1b[m\x1b[K\n'}
[3.394676] (dddmr_sc_pgo) StderrLine: {'line': b'\x1b[01m\x1b[K/usr/include/pcl-1.12/pcl/impl/point_types.hpp:636:5:\x1b[m\x1b[K \x1b[01;36m\x1b[Knote: \x1b[m\x1b[Kin expansion of macro \xe2\x80\x98\x1b[01m\x1b[KPCL_ADD_POINT4D\x1b[m\x1b[K\xe2\x80\x99\n'}
[3.394698] (dddmr_sc_pgo) StderrLine: {'line': b'  636 |     \x1b[01;36m\x1b[KPCL_ADD_POINT4D\x1b[m\x1b[K; // This adds the members x,y,z which can also be accessed using the point (which is float[4])\n'}
[3.394717] (dddmr_sc_pgo) StderrLine: {'line': b'      |     \x1b[01;36m\x1b[K^~~~~~~~~~~~~~~\x1b[m\x1b[K\n'}
[3.394737] (dddmr_sc_pgo) StderrLine: {'line': b'\x1b[01m\x1b[K/usr/include/pcl-1.12/pcl/impl/point_types.hpp:289:7:\x1b[m\x1b[K \x1b[01;35m\x1b[Kwarning: \x1b[m\x1b[KISO C++ prohibits anonymous structs [\x1b[01;35m\x1b[K\x1b]8;;https://gcc.gnu.org/onlinedocs/gcc/Warning-Options.html#index-Wpedantic\x07-Wpedantic\x1b]8;;\x07\x1b[m\x1b[K]\n'}
[3.394757] (dddmr_sc_pgo) StderrLine: {'line': b'  289 |       \x1b[01;35m\x1b[K{\x1b[m\x1b[K \\\n'}
[3.394782] (dddmr_sc_pgo) StderrLine: {'line': b'      |       \x1b[01;35m\x1b[K^\x1b[m\x1b[K\n'}
[3.394802] (dddmr_sc_pgo) StderrLine: {'line': b'\x1b[01m\x1b[K/usr/include/pcl-1.12/pcl/impl/point_types.hpp:313:3:\x1b[m\x1b[K \x1b[01;36m\x1b[Knote: \x1b[m\x1b[Kin expansion of macro \xe2\x80\x98\x1b[01m\x1b[KPCL_ADD_UNION_RGB\x1b[m\x1b[K\xe2\x80\x99\n'}
[3.394822] (dddmr_sc_pgo) StderrLine: {'line': b'  313 |   \x1b[01;36m\x1b[KPCL_ADD_UNION_RGB\x1b[m\x1b[K \\\n'}
[3.394841] (dddmr_sc_pgo) StderrLine: {'line': b'      |   \x1b[01;36m\x1b[K^~~~~~~~~~~~~~~~~\x1b[m\x1b[K\n'}
[3.394860] (dddmr_sc_pgo) StderrLine: {'line': b'\x1b[01m\x1b[K/usr/include/pcl-1.12/pcl/impl/point_types.hpp:637:5:\x1b[m\x1b[K \x1b[01;36m\x1b[Knote: \x1b[m\x1b[Kin expansion of macro \xe2\x80\x98\x1b[01m\x1b[KPCL_ADD_RGB\x1b[m\x1b[K\xe2\x80\x99\n'}
[3.394881] (dddmr_sc_pgo) StderrLine: {'line': b'  637 |     \x1b[01;36m\x1b[KPCL_ADD_RGB\x1b[m\x1b[K;\n'}
[3.394900] (dddmr_sc_pgo) StderrLine: {'line': b'      |     \x1b[01;36m\x1b[K^~~~~~~~~~~\x1b[m\x1b[K\n'}
[3.395397] (dddmr_sc_pgo) StderrLine: {'line': b'\x1b[01m\x1b[K/usr/include/pcl-1.12/pcl/impl/point_types.hpp:241:12:\x1b[m\x1b[K \x1b[01;35m\x1b[Kwarning: \x1b[m\x1b[KISO C++ prohibits anonymous structs [\x1b[01;35m\x1b[K\x1b]8;;https://gcc.gnu.org/onlinedocs/gcc/Warning-Options.html#index-Wpedantic\x07-Wpedantic\x1b]8;;\x07\x1b[m\x1b[K]\n'}
[3.395437] (dddmr_sc_pgo) StderrLine: {'line': b'  241 |     struct \x1b[01;35m\x1b[K{\x1b[m\x1b[K \\\n'}
[3.395458] (dddmr_sc_pgo) StderrLine: {'line': b'      |            \x1b[01;35m\x1b[K^\x1b[m\x1b[K\n'}
[3.395478] (dddmr_sc_pgo) StderrLine: {'line': b'\x1b[01m\x1b[K/usr/include/pcl-1.12/pcl/impl/point_types.hpp:259:3:\x1b[m\x1b[K \x1b[01;36m\x1b[Knote: \x1b[m\x1b[Kin expansion of macro \xe2\x80\x98\x1b[01m\x1b[KPCL_ADD_UNION_POINT4D\x1b[m\x1b[K\xe2\x80\x99\n'}
[3.395499] (dddmr_sc_pgo) StderrLine: {'line': b'  259 |   \x1b[01;36m\x1b[KPCL_ADD_UNION_POINT4D\x1b[m\x1b[K \\\n'}
[3.395519] (dddmr_sc_pgo) StderrLine: {'line': b'      |   \x1b[01;36m\x1b[K^~~~~~~~~~~~~~~~~~~~~\x1b[m\x1b[K\n'}
[3.395543] (dddmr_sc_pgo) StderrLine: {'line': b'\x1b[01m\x1b[K/usr/include/pcl-1.12/pcl/impl/point_types.hpp:741:5:\x1b[m\x1b[K \x1b[01;36m\x1b[Knote: \x1b[m\x1b[Kin expansion of macro \xe2\x80\x98\x1b[01m\x1b[KPCL_ADD_POINT4D\x1b[m\x1b[K\xe2\x80\x99\n'}
[3.395564] (dddmr_sc_pgo) StderrLine: {'line': b'  741 |     \x1b[01;36m\x1b[KPCL_ADD_POINT4D\x1b[m\x1b[K; // this adds the members x,y,z\n'}
[3.395584] (dddmr_sc_pgo) StderrLine: {'line': b'      |     \x1b[01;36m\x1b[K^~~~~~~~~~~~~~~\x1b[m\x1b[K\n'}
[3.395605] (dddmr_sc_pgo) StderrLine: {'line': b'\x1b[01m\x1b[K/usr/include/pcl-1.12/pcl/impl/point_types.hpp:745:7:\x1b[m\x1b[K \x1b[01;35m\x1b[Kwarning: \x1b[m\x1b[KISO C++ prohibits anonymous structs [\x1b[01;35m\x1b[K\x1b]8;;https://gcc.gnu.org/onlinedocs/gcc/Warning-Options.html#index-Wpedantic\x07-Wpedantic\x1b]8;;\x07\x1b[m\x1b[K]\n'}
[3.395624] (dddmr_sc_pgo) StderrLine: {'line': b'  745 |       \x1b[01;35m\x1b[K{\x1b[m\x1b[K\n'}
[3.395644] (dddmr_sc_pgo) StderrLine: {'line': b'      |       \x1b[01;35m\x1b[K^\x1b[m\x1b[K\n'}
[3.395758] (dddmr_sc_pgo) StderrLine: {'line': b'\x1b[01m\x1b[K/usr/include/pcl-1.12/pcl/impl/point_types.hpp:241:12:\x1b[m\x1b[K \x1b[01;35m\x1b[Kwarning: \x1b[m\x1b[KISO C++ prohibits anonymous structs [\x1b[01;35m\x1b[K\x1b]8;;https://gcc.gnu.org/onlinedocs/gcc/Warning-Options.html#index-Wpedantic\x07-Wpedantic\x1b]8;;\x07\x1b[m\x1b[K]\n'}
[3.395784] (dddmr_sc_pgo) StderrLine: {'line': b'  241 |     struct \x1b[01;35m\x1b[K{\x1b[m\x1b[K \\\n'}
[3.395805] (dddmr_sc_pgo) StderrLine: {'line': b'      |            \x1b[01;35m\x1b[K^\x1b[m\x1b[K\n'}
[3.395826] (dddmr_sc_pgo) StderrLine: {'line': b'\x1b[01m\x1b[K/usr/include/pcl-1.12/pcl/impl/point_types.hpp:259:3:\x1b[m\x1b[K \x1b[01;36m\x1b[Knote: \x1b[m\x1b[Kin expansion of macro \xe2\x80\x98\x1b[01m\x1b[KPCL_ADD_UNION_POINT4D\x1b[m\x1b[K\xe2\x80\x99\n'}
[3.395849] (dddmr_sc_pgo) StderrLine: {'line': b'  259 |   \x1b[01;36m\x1b[KPCL_ADD_UNION_POINT4D\x1b[m\x1b[K \\\n'}
[3.395869] (dddmr_sc_pgo) StderrLine: {'line': b'      |   \x1b[01;36m\x1b[K^~~~~~~~~~~~~~~~~~~~~\x1b[m\x1b[K\n'}
[3.395889] (dddmr_sc_pgo) StderrLine: {'line': b'\x1b[01m\x1b[K/usr/include/pcl-1.12/pcl/impl/point_types.hpp:782:5:\x1b[m\x1b[K \x1b[01;36m\x1b[Knote: \x1b[m\x1b[Kin expansion of macro \xe2\x80\x98\x1b[01m\x1b[KPCL_ADD_POINT4D\x1b[m\x1b[K\xe2\x80\x99\n'}
[3.395908] (dddmr_sc_pgo) StderrLine: {'line': b'  782 |     \x1b[01;36m\x1b[KPCL_ADD_POINT4D\x1b[m\x1b[K;    // This adds the members x,y,z which can also be accessed using the point (which is float[4])\n'}
[3.395927] (dddmr_sc_pgo) StderrLine: {'line': b'      |     \x1b[01;36m\x1b[K^~~~~~~~~~~~~~~\x1b[m\x1b[K\n'}
[3.395946] (dddmr_sc_pgo) StderrLine: {'line': b'\x1b[01m\x1b[K/usr/include/pcl-1.12/pcl/impl/point_types.hpp:786:7:\x1b[m\x1b[K \x1b[01;35m\x1b[Kwarning: \x1b[m\x1b[KISO C++ prohibits anonymous structs [\x1b[01;35m\x1b[K\x1b]8;;https://gcc.gnu.org/onlinedocs/gcc/Warning-Options.html#index-Wpedantic\x07-Wpedantic\x1b]8;;\x07\x1b[m\x1b[K]\n'}
[3.395966] (dddmr_sc_pgo) StderrLine: {'line': b'  786 |       \x1b[01;35m\x1b[K{\x1b[m\x1b[K\n'}
[3.395985] (dddmr_sc_pgo) StderrLine: {'line': b'      |       \x1b[01;35m\x1b[K^\x1b[m\x1b[K\n'}
[3.396409] (dddmr_sc_pgo) StderrLine: {'line': b'\x1b[01m\x1b[K/usr/include/pcl-1.12/pcl/impl/point_types.hpp:241:12:\x1b[m\x1b[K \x1b[01;35m\x1b[Kwarning: \x1b[m\x1b[KISO C++ prohibits anonymous structs [\x1b[01;35m\x1b[K\x1b]8;;https://gcc.gnu.org/onlinedocs/gcc/Warning-Options.html#index-Wpedantic\x07-Wpedantic\x1b]8;;\x07\x1b[m\x1b[K]\n'}
[3.396438] (dddmr_sc_pgo) StderrLine: {'line': b'  241 |     struct \x1b[01;35m\x1b[K{\x1b[m\x1b[K \\\n'}
[3.396458] (dddmr_sc_pgo) StderrLine: {'line': b'      |            \x1b[01;35m\x1b[K^\x1b[m\x1b[K\n'}
[3.396481] (dddmr_sc_pgo) StderrLine: {'line': b'\x1b[01m\x1b[K/usr/include/pcl-1.12/pcl/impl/point_types.hpp:259:3:\x1b[m\x1b[K \x1b[01;36m\x1b[Knote: \x1b[m\x1b[Kin expansion of macro \xe2\x80\x98\x1b[01m\x1b[KPCL_ADD_UNION_POINT4D\x1b[m\x1b[K\xe2\x80\x99\n'}
[3.396502] (dddmr_sc_pgo) StderrLine: {'line': b'  259 |   \x1b[01;36m\x1b[KPCL_ADD_UNION_POINT4D\x1b[m\x1b[K \\\n'}
[3.396549] (dddmr_sc_pgo) StderrLine: {'line': b'      |   \x1b[01;36m\x1b[K^~~~~~~~~~~~~~~~~~~~~\x1b[m\x1b[K\n'}
[3.396571] (dddmr_sc_pgo) StderrLine: {'line': b'\x1b[01m\x1b[K/usr/include/pcl-1.12/pcl/impl/point_types.hpp:867:5:\x1b[m\x1b[K \x1b[01;36m\x1b[Knote: \x1b[m\x1b[Kin expansion of macro \xe2\x80\x98\x1b[01m\x1b[KPCL_ADD_POINT4D\x1b[m\x1b[K\xe2\x80\x99\n'}
[3.396593] (dddmr_sc_pgo) StderrLine: {'line': b'  867 |     \x1b[01;36m\x1b[KPCL_ADD_POINT4D\x1b[m\x1b[K; // This adds the members x,y,z which can also be accessed using the point (which is float[4])\n'}
[3.396614] (dddmr_sc_pgo) StderrLine: {'line': b'      |     \x1b[01;36m\x1b[K^~~~~~~~~~~~~~~\x1b[m\x1b[K\n'}
[3.396635] (dddmr_sc_pgo) StderrLine: {'line': b'\x1b[01m\x1b[K/usr/include/pcl-1.12/pcl/impl/point_types.hpp:871:7:\x1b[m\x1b[K \x1b[01;35m\x1b[Kwarning: \x1b[m\x1b[KISO C++ prohibits anonymous structs [\x1b[01;35m\x1b[K\x1b]8;;https://gcc.gnu.org/onlinedocs/gcc/Warning-Options.html#index-Wpedantic\x07-Wpedantic\x1b]8;;\x07\x1b[m\x1b[K]\n'}
[3.396655] (dddmr_sc_pgo) StderrLine: {'line': b'  871 |       \x1b[01;35m\x1b[K{\x1b[m\x1b[K\n'}
[3.396676] (dddmr_sc_pgo) StderrLine: {'line': b'      |       \x1b[01;35m\x1b[K^\x1b[m\x1b[K\n'}
[3.396696] (dddmr_sc_pgo) StderrLine: {'line': b'\x1b[01m\x1b[K/usr/include/pcl-1.12/pcl/impl/point_types.hpp:266:12:\x1b[m\x1b[K \x1b[01;35m\x1b[Kwarning: \x1b[m\x1b[KISO C++ prohibits anonymous structs [\x1b[01;35m\x1b[K\x1b]8;;https://gcc.gnu.org/onlinedocs/gcc/Warning-Options.html#index-Wpedantic\x07-Wpedantic\x1b]8;;\x07\x1b[m\x1b[K]\n'}
[3.396716] (dddmr_sc_pgo) StderrLine: {'line': b'  266 |     struct \x1b[01;35m\x1b[K{\x1b[m\x1b[K \\\n'}
[3.396735] (dddmr_sc_pgo) StderrLine: {'line': b'      |            \x1b[01;35m\x1b[K^\x1b[m\x1b[K\n'}
[3.396755] (dddmr_sc_pgo) StderrLine: {'line': b'\x1b[01m\x1b[K/usr/include/pcl-1.12/pcl/impl/point_types.hpp:280:3:\x1b[m\x1b[K \x1b[01;36m\x1b[Knote: \x1b[m\x1b[Kin expansion of macro \xe2\x80\x98\x1b[01m\x1b[KPCL_ADD_UNION_NORMAL4D\x1b[m\x1b[K\xe2\x80\x99\n'}
[3.396776] (dddmr_sc_pgo) StderrLine: {'line': b'  280 |   \x1b[01;36m\x1b[KPCL_ADD_UNION_NORMAL4D\x1b[m\x1b[K \\\n'}
[3.396796] (dddmr_sc_pgo) StderrLine: {'line': b'      |   \x1b[01;36m\x1b[K^~~~~~~~~~~~~~~~~~~~~~\x1b[m\x1b[K\n'}
[3.396815] (dddmr_sc_pgo) StderrLine: {'line': b'\x1b[01m\x1b[K/usr/include/pcl-1.12/pcl/impl/point_types.hpp:883:5:\x1b[m\x1b[K \x1b[01;36m\x1b[Knote: \x1b[m\x1b[Kin expansion of macro \xe2\x80\x98\x1b[01m\x1b[KPCL_ADD_NORMAL4D\x1b[m\x1b[K\xe2\x80\x99\n'}
[3.396835] (dddmr_sc_pgo) StderrLine: {'line': b'  883 |     \x1b[01;36m\x1b[KPCL_ADD_NORMAL4D\x1b[m\x1b[K; // This adds the member normal[3] which can also be accessed using the point (which is float[4])\n'}
[3.396854] (dddmr_sc_pgo) StderrLine: {'line': b'      |     \x1b[01;36m\x1b[K^~~~~~~~~~~~~~~~\x1b[m\x1b[K\n'}
[3.397039] (dddmr_sc_pgo) StderrLine: {'line': b'\x1b[01m\x1b[K/usr/include/pcl-1.12/pcl/impl/point_types.hpp:887:7:\x1b[m\x1b[K \x1b[01;35m\x1b[Kwarning: \x1b[m\x1b[KISO C++ prohibits anonymous structs [\x1b[01;35m\x1b[K\x1b]8;;https://gcc.gnu.org/onlinedocs/gcc/Warning-Options.html#index-Wpedantic\x07-Wpedantic\x1b]8;;\x07\x1b[m\x1b[K]\n'}
[3.397069] (dddmr_sc_pgo) StderrLine: {'line': b'  887 |       \x1b[01;35m\x1b[K{\x1b[m\x1b[K\n'}
[3.397092] (dddmr_sc_pgo) StderrLine: {'line': b'      |       \x1b[01;35m\x1b[K^\x1b[m\x1b[K\n'}
[3.397114] (dddmr_sc_pgo) StderrLine: {'line': b'\x1b[01m\x1b[K/usr/include/pcl-1.12/pcl/impl/point_types.hpp:266:12:\x1b[m\x1b[K \x1b[01;35m\x1b[Kwarning: \x1b[m\x1b[KISO C++ prohibits anonymous structs [\x1b[01;35m\x1b[K\x1b]8;;https://gcc.gnu.org/onlinedocs/gcc/Warning-Options.html#index-Wpedantic\x07-Wpedantic\x1b]8;;\x07\x1b[m\x1b[K]\n'}
[3.397136] (dddmr_sc_pgo) StderrLine: {'line': b'  266 |     struct \x1b[01;35m\x1b[K{\x1b[m\x1b[K \\\n'}
[3.397158] (dddmr_sc_pgo) StderrLine: {'line': b'      |            \x1b[01;35m\x1b[K^\x1b[m\x1b[K\n'}
[3.397180] (dddmr_sc_pgo) StderrLine: {'line': b'\x1b[01m\x1b[K/usr/include/pcl-1.12/pcl/impl/point_types.hpp:280:3:\x1b[m\x1b[K \x1b[01;36m\x1b[Knote: \x1b[m\x1b[Kin expansion of macro \xe2\x80\x98\x1b[01m\x1b[KPCL_ADD_UNION_NORMAL4D\x1b[m\x1b[K\xe2\x80\x99\n'}
[3.397204] (dddmr_sc_pgo) StderrLine: {'line': b'  280 |   \x1b[01;36m\x1b[KPCL_ADD_UNION_NORMAL4D\x1b[m\x1b[K \\\n'}
[3.397226] (dddmr_sc_pgo) StderrLine: {'line': b'      |   \x1b[01;36m\x1b[K^~~~~~~~~~~~~~~~~~~~~~\x1b[m\x1b[K\n'}
[3.397248] (dddmr_sc_pgo) StderrLine: {'line': b'\x1b[01m\x1b[K/usr/include/pcl-1.12/pcl/impl/point_types.hpp:924:5:\x1b[m\x1b[K \x1b[01;36m\x1b[Knote: \x1b[m\x1b[Kin expansion of macro \xe2\x80\x98\x1b[01m\x1b[KPCL_ADD_NORMAL4D\x1b[m\x1b[K\xe2\x80\x99\n'}
[3.397406] (dddmr_sc_pgo) StderrLine: {'line': b'  924 |     \x1b[01;36m\x1b[KPCL_ADD_NORMAL4D\x1b[m\x1b[K;\n'}
[3.397436] (dddmr_sc_pgo) StderrLine: {'line': b'      |     \x1b[01;36m\x1b[K^~~~~~~~~~~~~~~~\x1b[m\x1b[K\n'}
[3.397460] (dddmr_sc_pgo) StderrLine: {'line': b'\x1b[01m\x1b[K/usr/include/pcl-1.12/pcl/impl/point_types.hpp:241:12:\x1b[m\x1b[K \x1b[01;35m\x1b[Kwarning: \x1b[m\x1b[KISO C++ prohibits anonymous structs [\x1b[01;35m\x1b[K\x1b]8;;https://gcc.gnu.org/onlinedocs/gcc/Warning-Options.html#index-Wpedantic\x07-Wpedantic\x1b]8;;\x07\x1b[m\x1b[K]\n'}
[3.397487] (dddmr_sc_pgo) StderrLine: {'line': b'  241 |     struct \x1b[01;35m\x1b[K{\x1b[m\x1b[K \\\n'}
[3.397510] (dddmr_sc_pgo) StderrLine: {'line': b'      |            \x1b[01;35m\x1b[K^\x1b[m\x1b[K\n'}
[3.397531] (dddmr_sc_pgo) StderrLine: {'line': b'\x1b[01m\x1b[K/usr/include/pcl-1.12/pcl/impl/point_types.hpp:259:3:\x1b[m\x1b[K \x1b[01;36m\x1b[Knote: \x1b[m\x1b[Kin expansion of macro \xe2\x80\x98\x1b[01m\x1b[KPCL_ADD_UNION_POINT4D\x1b[m\x1b[K\xe2\x80\x99\n'}
[3.397554] (dddmr_sc_pgo) StderrLine: {'line': b'  259 |   \x1b[01;36m\x1b[KPCL_ADD_UNION_POINT4D\x1b[m\x1b[K \\\n'}
[3.397576] (dddmr_sc_pgo) StderrLine: {'line': b'      |   \x1b[01;36m\x1b[K^~~~~~~~~~~~~~~~~~~~~\x1b[m\x1b[K\n'}
[3.397596] (dddmr_sc_pgo) StderrLine: {'line': b'\x1b[01m\x1b[K/usr/include/pcl-1.12/pcl/impl/point_types.hpp:955:5:\x1b[m\x1b[K \x1b[01;36m\x1b[Knote: \x1b[m\x1b[Kin expansion of macro \xe2\x80\x98\x1b[01m\x1b[KPCL_ADD_POINT4D\x1b[m\x1b[K\xe2\x80\x99\n'}
[3.397617] (dddmr_sc_pgo) StderrLine: {'line': b'  955 |     \x1b[01;36m\x1b[KPCL_ADD_POINT4D\x1b[m\x1b[K; // This adds the members x,y,z which can also be accessed using the point (which is float[4])\n'}
[3.397639] (dddmr_sc_pgo) StderrLine: {'line': b'      |     \x1b[01;36m\x1b[K^~~~~~~~~~~~~~~\x1b[m\x1b[K\n'}
[3.397659] (dddmr_sc_pgo) StderrLine: {'line': b'\x1b[01m\x1b[K/usr/include/pcl-1.12/pcl/impl/point_types.hpp:266:12:\x1b[m\x1b[K \x1b[01;35m\x1b[Kwarning: \x1b[m\x1b[KISO C++ prohibits anonymous structs [\x1b[01;35m\x1b[K\x1b]8;;https://gcc.gnu.org/onlinedocs/gcc/Warning-Options.html#index-Wpedantic\x07-Wpedantic\x1b]8;;\x07\x1b[m\x1b[K]\n'}
[3.397679] (dddmr_sc_pgo) StderrLine: {'line': b'  266 |     struct \x1b[01;35m\x1b[K{\x1b[m\x1b[K \\\n'}
[3.397700] (dddmr_sc_pgo) StderrLine: {'line': b'      |            \x1b[01;35m\x1b[K^\x1b[m\x1b[K\n'}
[3.397720] (dddmr_sc_pgo) StderrLine: {'line': b'\x1b[01m\x1b[K/usr/include/pcl-1.12/pcl/impl/point_types.hpp:280:3:\x1b[m\x1b[K \x1b[01;36m\x1b[Knote: \x1b[m\x1b[Kin expansion of macro \xe2\x80\x98\x1b[01m\x1b[KPCL_ADD_UNION_NORMAL4D\x1b[m\x1b[K\xe2\x80\x99\n'}
[3.397740] (dddmr_sc_pgo) StderrLine: {'line': b'  280 |   \x1b[01;36m\x1b[KPCL_ADD_UNION_NORMAL4D\x1b[m\x1b[K \\\n'}
[3.397760] (dddmr_sc_pgo) StderrLine: {'line': b'      |   \x1b[01;36m\x1b[K^~~~~~~~~~~~~~~~~~~~~~\x1b[m\x1b[K\n'}
[3.397802] (dddmr_sc_pgo) StderrLine: {'line': b'\x1b[01m\x1b[K/usr/include/pcl-1.12/pcl/impl/point_types.hpp:956:5:\x1b[m\x1b[K \x1b[01;36m\x1b[Knote: \x1b[m\x1b[Kin expansion of macro \xe2\x80\x98\x1b[01m\x1b[KPCL_ADD_NORMAL4D\x1b[m\x1b[K\xe2\x80\x99\n'}
[3.397826] (dddmr_sc_pgo) StderrLine: {'line': b'  956 |     \x1b[01;36m\x1b[KPCL_ADD_NORMAL4D\x1b[m\x1b[K; // This adds the member normal[3] which can also be accessed using the point (which is float[4])\n'}
[3.397848] (dddmr_sc_pgo) StderrLine: {'line': b'      |     \x1b[01;36m\x1b[K^~~~~~~~~~~~~~~~\x1b[m\x1b[K\n'}
[3.397869] (dddmr_sc_pgo) StderrLine: {'line': b'\x1b[01m\x1b[K/usr/include/pcl-1.12/pcl/impl/point_types.hpp:960:7:\x1b[m\x1b[K \x1b[01;35m\x1b[Kwarning: \x1b[m\x1b[KISO C++ prohibits anonymous structs [\x1b[01;35m\x1b[K\x1b]8;;https://gcc.gnu.org/onlinedocs/gcc/Warning-Options.html#index-Wpedantic\x07-Wpedantic\x1b]8;;\x07\x1b[m\x1b[K]\n'}
[3.397891] (dddmr_sc_pgo) StderrLine: {'line': b'  960 |       \x1b[01;35m\x1b[K{\x1b[m\x1b[K\n'}
[3.397913] (dddmr_sc_pgo) StderrLine: {'line': b'      |       \x1b[01;35m\x1b[K^\x1b[m\x1b[K\n'}
[3.397954] (dddmr_sc_pgo) StderrLine: {'line': b'\x1b[01m\x1b[K/usr/include/pcl-1.12/pcl/impl/point_types.hpp:241:12:\x1b[m\x1b[K \x1b[01;35m\x1b[Kwarning: \x1b[m\x1b[KISO C++ prohibits anonymous structs [\x1b[01;35m\x1b[K\x1b]8;;https://gcc.gnu.org/onlinedocs/gcc/Warning-Options.html#index-Wpedantic\x07-Wpedantic\x1b]8;;\x07\x1b[m\x1b[K]\n'}
[3.398025] (dddmr_sc_pgo) StderrLine: {'line': b'  241 |     struct \x1b[01;35m\x1b[K{\x1b[m\x1b[K \\\n'}
[3.398046] (dddmr_sc_pgo) StderrLine: {'line': b'      |            \x1b[01;35m\x1b[K^\x1b[m\x1b[K\n'}
[3.398066] (dddmr_sc_pgo) StderrLine: {'line': b'\x1b[01m\x1b[K/usr/include/pcl-1.12/pcl/impl/point_types.hpp:259:3:\x1b[m\x1b[K \x1b[01;36m\x1b[Knote: \x1b[m\x1b[Kin expansion of macro \xe2\x80\x98\x1b[01m\x1b[KPCL_ADD_UNION_POINT4D\x1b[m\x1b[K\xe2\x80\x99\n'}
[3.398087] (dddmr_sc_pgo) StderrLine: {'line': b'  259 |   \x1b[01;36m\x1b[KPCL_ADD_UNION_POINT4D\x1b[m\x1b[K \\\n'}
[3.398107] (dddmr_sc_pgo) StderrLine: {'line': b'      |   \x1b[01;36m\x1b[K^~~~~~~~~~~~~~~~~~~~~\x1b[m\x1b[K\n'}
[3.398126] (dddmr_sc_pgo) StderrLine: {'line': b'\x1b[01m\x1b[K/usr/include/pcl-1.12/pcl/impl/point_types.hpp:1001:5:\x1b[m\x1b[K \x1b[01;36m\x1b[Knote: \x1b[m\x1b[Kin expansion of macro \xe2\x80\x98\x1b[01m\x1b[KPCL_ADD_POINT4D\x1b[m\x1b[K\xe2\x80\x99\n'}
[3.398146] (dddmr_sc_pgo) StderrLine: {'line': b' 1001 |     \x1b[01;36m\x1b[KPCL_ADD_POINT4D\x1b[m\x1b[K; // This adds the members x,y,z which can also be accessed using the point (which is float[4])\n'}
[3.398165] (dddmr_sc_pgo) StderrLine: {'line': b'      |     \x1b[01;36m\x1b[K^~~~~~~~~~~~~~~\x1b[m\x1b[K\n'}
[3.398184] (dddmr_sc_pgo) StderrLine: {'line': b'\x1b[01m\x1b[K/usr/include/pcl-1.12/pcl/impl/point_types.hpp:266:12:\x1b[m\x1b[K \x1b[01;35m\x1b[Kwarning: \x1b[m\x1b[KISO C++ prohibits anonymous structs [\x1b[01;35m\x1b[K\x1b]8;;https://gcc.gnu.org/onlinedocs/gcc/Warning-Options.html#index-Wpedantic\x07-Wpedantic\x1b]8;;\x07\x1b[m\x1b[K]\n'}
[3.398204] (dddmr_sc_pgo) StderrLine: {'line': b'  266 |     struct \x1b[01;35m\x1b[K{\x1b[m\x1b[K \\\n'}
[3.398223] (dddmr_sc_pgo) StderrLine: {'line': b'      |            \x1b[01;35m\x1b[K^\x1b[m\x1b[K\n'}
[3.398241] (dddmr_sc_pgo) StderrLine: {'line': b'\x1b[01m\x1b[K/usr/include/pcl-1.12/pcl/impl/point_types.hpp:280:3:\x1b[m\x1b[K \x1b[01;36m\x1b[Knote: \x1b[m\x1b[Kin expansion of macro \xe2\x80\x98\x1b[01m\x1b[KPCL_ADD_UNION_NORMAL4D\x1b[m\x1b[K\xe2\x80\x99\n'}
[3.398261] (dddmr_sc_pgo) StderrLine: {'line': b'  280 |   \x1b[01;36m\x1b[KPCL_ADD_UNION_NORMAL4D\x1b[m\x1b[K \\\n'}
[3.398280] (dddmr_sc_pgo) StderrLine: {'line': b'      |   \x1b[01;36m\x1b[K^~~~~~~~~~~~~~~~~~~~~~\x1b[m\x1b[K\n'}
[3.398299] (dddmr_sc_pgo) StderrLine: {'line': b'\x1b[01m\x1b[K/usr/include/pcl-1.12/pcl/impl/point_types.hpp:1002:5:\x1b[m\x1b[K \x1b[01;36m\x1b[Knote: \x1b[m\x1b[Kin expansion of macro \xe2\x80\x98\x1b[01m\x1b[KPCL_ADD_NORMAL4D\x1b[m\x1b[K\xe2\x80\x99\n'}
[3.398318] (dddmr_sc_pgo) StderrLine: {'line': b' 1002 |     \x1b[01;36m\x1b[KPCL_ADD_NORMAL4D\x1b[m\x1b[K; // This adds the member normal[3] which can also be accessed using the point (which is float[4])\n'}
[3.398338] (dddmr_sc_pgo) StderrLine: {'line': b'      |     \x1b[01;36m\x1b[K^~~~~~~~~~~~~~~~\x1b[m\x1b[K\n'}
[3.398357] (dddmr_sc_pgo) StderrLine: {'line': b'\x1b[01m\x1b[K/usr/include/pcl-1.12/pcl/impl/point_types.hpp:289:7:\x1b[m\x1b[K \x1b[01;35m\x1b[Kwarning: \x1b[m\x1b[KISO C++ prohibits anonymous structs [\x1b[01;35m\x1b[K\x1b]8;;https://gcc.gnu.org/onlinedocs/gcc/Warning-Options.html#index-Wpedantic\x07-Wpedantic\x1b]8;;\x07\x1b[m\x1b[K]\n'}
[3.398377] (dddmr_sc_pgo) StderrLine: {'line': b'  289 |       \x1b[01;35m\x1b[K{\x1b[m\x1b[K \\\n'}
[3.398397] (dddmr_sc_pgo) StderrLine: {'line': b'      |       \x1b[01;35m\x1b[K^\x1b[m\x1b[K\n'}
[3.398416] (dddmr_sc_pgo) StderrLine: {'line': b'\x1b[01m\x1b[K/usr/include/pcl-1.12/pcl/impl/point_types.hpp:1007:9:\x1b[m\x1b[K \x1b[01;36m\x1b[Knote: \x1b[m\x1b[Kin expansion of macro \xe2\x80\x98\x1b[01m\x1b[KPCL_ADD_UNION_RGB\x1b[m\x1b[K\xe2\x80\x99\n'}
[3.398437] (dddmr_sc_pgo) StderrLine: {'line': b' 1007 |         \x1b[01;36m\x1b[KPCL_ADD_UNION_RGB\x1b[m\x1b[K;\n'}
[3.398456] (dddmr_sc_pgo) StderrLine: {'line': b'      |         \x1b[01;36m\x1b[K^~~~~~~~~~~~~~~~~\x1b[m\x1b[K\n'}
[3.398475] (dddmr_sc_pgo) StderrLine: {'line': b'\x1b[01m\x1b[K/usr/include/pcl-1.12/pcl/impl/point_types.hpp:1007:26:\x1b[m\x1b[K \x1b[01;35m\x1b[Kwarning: \x1b[m\x1b[Kextra \xe2\x80\x98\x1b[01m\x1b[K;\x1b[m\x1b[K\xe2\x80\x99 [\x1b[01;35m\x1b[K\x1b]8;;https://gcc.gnu.org/onlinedocs/gcc/Warning-Options.html#index-Wpedantic\x07-Wpedantic\x1b]8;;\x07\x1b[m\x1b[K]\n'}
[3.398496] (dddmr_sc_pgo) StderrLine: {'line': b' 1007 |         PCL_ADD_UNION_RGB\x1b[01;35m\x1b[K;\x1b[m\x1b[K\n'}
[3.398516] (dddmr_sc_pgo) StderrLine: {'line': b'      |                          \x1b[01;35m\x1b[K^\x1b[m\x1b[K\n'}
[3.398534] (dddmr_sc_pgo) StderrLine: {'line': b'      |                          \x1b[31m\x1b[K-\x1b[m\x1b[K\n'}
[3.398553] (dddmr_sc_pgo) StderrLine: {'line': b'\x1b[01m\x1b[K/usr/include/pcl-1.12/pcl/impl/point_types.hpp:1006:7:\x1b[m\x1b[K \x1b[01;35m\x1b[Kwarning: \x1b[m\x1b[KISO C++ prohibits anonymous structs [\x1b[01;35m\x1b[K\x1b]8;;https://gcc.gnu.org/onlinedocs/gcc/Warning-Options.html#index-Wpedantic\x07-Wpedantic\x1b]8;;\x07\x1b[m\x1b[K]\n'}
[3.398572] (dddmr_sc_pgo) StderrLine: {'line': b' 1006 |       \x1b[01;35m\x1b[K{\x1b[m\x1b[K\n'}
[3.398593] (dddmr_sc_pgo) StderrLine: {'line': b'      |       \x1b[01;35m\x1b[K^\x1b[m\x1b[K\n'}
[3.398937] (dddmr_sc_pgo) StderrLine: {'line': b'\x1b[01m\x1b[K/usr/include/pcl-1.12/pcl/impl/point_types.hpp:241:12:\x1b[m\x1b[K \x1b[01;35m\x1b[Kwarning: \x1b[m\x1b[KISO C++ prohibits anonymous structs [\x1b[01;35m\x1b[K\x1b]8;;https://gcc.gnu.org/onlinedocs/gcc/Warning-Options.html#index-Wpedantic\x07-Wpedantic\x1b]8;;\x07\x1b[m\x1b[K]\n'}
[3.398993] (dddmr_sc_pgo) StderrLine: {'line': b'  241 |     struct \x1b[01;35m\x1b[K{\x1b[m\x1b[K \\\n'}
[3.399016] (dddmr_sc_pgo) StderrLine: {'line': b'      |            \x1b[01;35m\x1b[K^\x1b[m\x1b[K\n'}
[3.399037] (dddmr_sc_pgo) StderrLine: {'line': b'\x1b[01m\x1b[K/usr/include/pcl-1.12/pcl/impl/point_types.hpp:259:3:\x1b[m\x1b[K \x1b[01;36m\x1b[Knote: \x1b[m\x1b[Kin expansion of macro \xe2\x80\x98\x1b[01m\x1b[KPCL_ADD_UNION_POINT4D\x1b[m\x1b[K\xe2\x80\x99\n'}
[3.399061] (dddmr_sc_pgo) StderrLine: {'line': b'  259 |   \x1b[01;36m\x1b[KPCL_ADD_UNION_POINT4D\x1b[m\x1b[K \\\n'}
[3.399083] (dddmr_sc_pgo) StderrLine: {'line': b'      |   \x1b[01;36m\x1b[K^~~~~~~~~~~~~~~~~~~~~\x1b[m\x1b[K\n'}
[3.399105] (dddmr_sc_pgo) StderrLine: {'line': b'\x1b[01m\x1b[K/usr/include/pcl-1.12/pcl/impl/point_types.hpp:1085:5:\x1b[m\x1b[K \x1b[01;36m\x1b[Knote: \x1b[m\x1b[Kin expansion of macro \xe2\x80\x98\x1b[01m\x1b[KPCL_ADD_POINT4D\x1b[m\x1b[K\xe2\x80\x99\n'}
[3.399126] (dddmr_sc_pgo) StderrLine: {'line': b' 1085 |     \x1b[01;36m\x1b[KPCL_ADD_POINT4D\x1b[m\x1b[K; // This adds the members x,y,z which can also be accessed using the point (which is float[4])\n'}
[3.399148] (dddmr_sc_pgo) StderrLine: {'line': b'      |     \x1b[01;36m\x1b[K^~~~~~~~~~~~~~~\x1b[m\x1b[K\n'}
[3.399169] (dddmr_sc_pgo) StderrLine: {'line': b'\x1b[01m\x1b[K/usr/include/pcl-1.12/pcl/impl/point_types.hpp:266:12:\x1b[m\x1b[K \x1b[01;35m\x1b[Kwarning: \x1b[m\x1b[KISO C++ prohibits anonymous structs [\x1b[01;35m\x1b[K\x1b]8;;https://gcc.gnu.org/onlinedocs/gcc/Warning-Options.html#index-Wpedantic\x07-Wpedantic\x1b]8;;\x07\x1b[m\x1b[K]\n'}
[3.399190] (dddmr_sc_pgo) StderrLine: {'line': b'  266 |     struct \x1b[01;35m\x1b[K{\x1b[m\x1b[K \\\n'}
[3.399210] (dddmr_sc_pgo) StderrLine: {'line': b'      |            \x1b[01;35m\x1b[K^\x1b[m\x1b[K\n'}
[3.399245] (dddmr_sc_pgo) StderrLine: {'line': b'\x1b[01m\x1b[K/usr/include/pcl-1.12/pcl/impl/point_types.hpp:280:3:\x1b[m\x1b[K \x1b[01;36m\x1b[Knote: \x1b[m\x1b[Kin expansion of macro \xe2\x80\x98\x1b[01m\x1b[KPCL_ADD_UNION_NORMAL4D\x1b[m\x1b[K\xe2\x80\x99\n'}
[3.399264] (dddmr_sc_pgo) StderrLine: {'line': b'  280 |   \x1b[01;36m\x1b[KPCL_ADD_UNION_NORMAL4D\x1b[m\x1b[K \\\n'}
[3.399284] (dddmr_sc_pgo) StderrLine: {'line': b'      |   \x1b[01;36m\x1b[K^~~~~~~~~~~~~~~~~~~~~~\x1b[m\x1b[K\n'}
[3.399304] (dddmr_sc_pgo) StderrLine: {'line': b'\x1b[01m\x1b[K/usr/include/pcl-1.12/pcl/impl/point_types.hpp:1086:5:\x1b[m\x1b[K \x1b[01;36m\x1b[Knote: \x1b[m\x1b[Kin expansion of macro \xe2\x80\x98\x1b[01m\x1b[KPCL_ADD_NORMAL4D\x1b[m\x1b[K\xe2\x80\x99\n'}
[3.399323] (dddmr_sc_pgo) StderrLine: {'line': b' 1086 |     \x1b[01;36m\x1b[KPCL_ADD_NORMAL4D\x1b[m\x1b[K; // This adds the member normal[3] which can also be accessed using the point (which is float[4])\n'}
[3.399343] (dddmr_sc_pgo) StderrLine: {'line': b'      |     \x1b[01;36m\x1b[K^~~~~~~~~~~~~~~~\x1b[m\x1b[K\n'}
[3.399362] (dddmr_sc_pgo) StderrLine: {'line': b'\x1b[01m\x1b[K/usr/include/pcl-1.12/pcl/impl/point_types.hpp:1090:7:\x1b[m\x1b[K \x1b[01;35m\x1b[Kwarning: \x1b[m\x1b[KISO C++ prohibits anonymous structs [\x1b[01;35m\x1b[K\x1b]8;;https://gcc.gnu.org/onlinedocs/gcc/Warning-Options.html#index-Wpedantic\x07-Wpedantic\x1b]8;;\x07\x1b[m\x1b[K]\n'}
[3.399381] (dddmr_sc_pgo) StderrLine: {'line': b' 1090 |       \x1b[01;35m\x1b[K{\x1b[m\x1b[K\n'}
[3.399400] (dddmr_sc_pgo) StderrLine: {'line': b'      |       \x1b[01;35m\x1b[K^\x1b[m\x1b[K\n'}
[3.399477] (dddmr_sc_pgo) StderrLine: {'line': b'\x1b[01m\x1b[K/usr/include/pcl-1.12/pcl/impl/point_types.hpp:241:12:\x1b[m\x1b[K \x1b[01;35m\x1b[Kwarning: \x1b[m\x1b[KISO C++ prohibits anonymous structs [\x1b[01;35m\x1b[K\x1b]8;;https://gcc.gnu.org/onlinedocs/gcc/Warning-Options.html#index-Wpedantic\x07-Wpedantic\x1b]8;;\x07\x1b[m\x1b[K]\n'}
[3.399500] (dddmr_sc_pgo) StderrLine: {'line': b'  241 |     struct \x1b[01;35m\x1b[K{\x1b[m\x1b[K \\\n'}
[3.399522] (dddmr_sc_pgo) StderrLine: {'line': b'      |            \x1b[01;35m\x1b[K^\x1b[m\x1b[K\n'}
[3.399541] (dddmr_sc_pgo) StderrLine: {'line': b'\x1b[01m\x1b[K/usr/include/pcl-1.12/pcl/impl/point_types.hpp:259:3:\x1b[m\x1b[K \x1b[01;36m\x1b[Knote: \x1b[m\x1b[Kin expansion of macro \xe2\x80\x98\x1b[01m\x1b[KPCL_ADD_UNION_POINT4D\x1b[m\x1b[K\xe2\x80\x99\n'}
[3.399562] (dddmr_sc_pgo) StderrLine: {'line': b'  259 |   \x1b[01;36m\x1b[KPCL_ADD_UNION_POINT4D\x1b[m\x1b[K \\\n'}
[3.399582] (dddmr_sc_pgo) StderrLine: {'line': b'      |   \x1b[01;36m\x1b[K^~~~~~~~~~~~~~~~~~~~~\x1b[m\x1b[K\n'}
[3.399603] (dddmr_sc_pgo) StderrLine: {'line': b'\x1b[01m\x1b[K/usr/include/pcl-1.12/pcl/impl/point_types.hpp:1135:5:\x1b[m\x1b[K \x1b[01;36m\x1b[Knote: \x1b[m\x1b[Kin expansion of macro \xe2\x80\x98\x1b[01m\x1b[KPCL_ADD_POINT4D\x1b[m\x1b[K\xe2\x80\x99\n'}
[3.399624] (dddmr_sc_pgo) StderrLine: {'line': b' 1135 |     \x1b[01;36m\x1b[KPCL_ADD_POINT4D\x1b[m\x1b[K; // This adds the members x,y,z which can also be accessed using the point (which is float[4])\n'}
[3.399646] (dddmr_sc_pgo) StderrLine: {'line': b'      |     \x1b[01;36m\x1b[K^~~~~~~~~~~~~~~\x1b[m\x1b[K\n'}
[3.399701] (dddmr_sc_pgo) StderrLine: {'line': b'\x1b[01m\x1b[K/usr/include/pcl-1.12/pcl/impl/point_types.hpp:266:12:\x1b[m\x1b[K \x1b[01;35m\x1b[Kwarning: \x1b[m\x1b[KISO C++ prohibits anonymous structs [\x1b[01;35m\x1b[K\x1b]8;;https://gcc.gnu.org/onlinedocs/gcc/Warning-Options.html#index-Wpedantic\x07-Wpedantic\x1b]8;;\x07\x1b[m\x1b[K]\n'}
[3.399726] (dddmr_sc_pgo) StderrLine: {'line': b'  266 |     struct \x1b[01;35m\x1b[K{\x1b[m\x1b[K \\\n'}
[3.399746] (dddmr_sc_pgo) StderrLine: {'line': b'      |            \x1b[01;35m\x1b[K^\x1b[m\x1b[K\n'}
[3.399767] (dddmr_sc_pgo) StderrLine: {'line': b'\x1b[01m\x1b[K/usr/include/pcl-1.12/pcl/impl/point_types.hpp:280:3:\x1b[m\x1b[K \x1b[01;36m\x1b[Knote: \x1b[m\x1b[Kin expansion of macro \xe2\x80\x98\x1b[01m\x1b[KPCL_ADD_UNION_NORMAL4D\x1b[m\x1b[K\xe2\x80\x99\n'}
[3.399790] (dddmr_sc_pgo) StderrLine: {'line': b'  280 |   \x1b[01;36m\x1b[KPCL_ADD_UNION_NORMAL4D\x1b[m\x1b[K \\\n'}
[3.399810] (dddmr_sc_pgo) StderrLine: {'line': b'      |   \x1b[01;36m\x1b[K^~~~~~~~~~~~~~~~~~~~~~\x1b[m\x1b[K\n'}
[3.399829] (dddmr_sc_pgo) StderrLine: {'line': b'\x1b[01m\x1b[K/usr/include/pcl-1.12/pcl/impl/point_types.hpp:1136:5:\x1b[m\x1b[K \x1b[01;36m\x1b[Knote: \x1b[m\x1b[Kin expansion of macro \xe2\x80\x98\x1b[01m\x1b[KPCL_ADD_NORMAL4D\x1b[m\x1b[K\xe2\x80\x99\n'}
[3.399850] (dddmr_sc_pgo) StderrLine: {'line': b' 1136 |     \x1b[01;36m\x1b[KPCL_ADD_NORMAL4D\x1b[m\x1b[K; // This adds the member normal[3] which can also be accessed using the point (which is float[4])\n'}
[3.399869] (dddmr_sc_pgo) StderrLine: {'line': b'      |     \x1b[01;36m\x1b[K^~~~~~~~~~~~~~~~\x1b[m\x1b[K\n'}
[3.399888] (dddmr_sc_pgo) StderrLine: {'line': b'\x1b[01m\x1b[K/usr/include/pcl-1.12/pcl/impl/point_types.hpp:1140:7:\x1b[m\x1b[K \x1b[01;35m\x1b[Kwarning: \x1b[m\x1b[KISO C++ prohibits anonymous structs [\x1b[01;35m\x1b[K\x1b]8;;https://gcc.gnu.org/onlinedocs/gcc/Warning-Options.html#index-Wpedantic\x07-Wpedantic\x1b]8;;\x07\x1b[m\x1b[K]\n'}
[3.399907] (dddmr_sc_pgo) StderrLine: {'line': b' 1140 |       \x1b[01;35m\x1b[K{\x1b[m\x1b[K\n'}
[3.399926] (dddmr_sc_pgo) StderrLine: {'line': b'      |       \x1b[01;35m\x1b[K^\x1b[m\x1b[K\n'}
[3.400230] (dddmr_sc_pgo) StderrLine: {'line': b'\x1b[01m\x1b[K/usr/include/pcl-1.12/pcl/impl/point_types.hpp:241:12:\x1b[m\x1b[K \x1b[01;35m\x1b[Kwarning: \x1b[m\x1b[KISO C++ prohibits anonymous structs [\x1b[01;35m\x1b[K\x1b]8;;https://gcc.gnu.org/onlinedocs/gcc/Warning-Options.html#index-Wpedantic\x07-Wpedantic\x1b]8;;\x07\x1b[m\x1b[K]\n'}
[3.400253] (dddmr_sc_pgo) StderrLine: {'line': b'  241 |     struct \x1b[01;35m\x1b[K{\x1b[m\x1b[K \\\n'}
[3.400272] (dddmr_sc_pgo) StderrLine: {'line': b'      |            \x1b[01;35m\x1b[K^\x1b[m\x1b[K\n'}
[3.400292] (dddmr_sc_pgo) StderrLine: {'line': b'\x1b[01m\x1b[K/usr/include/pcl-1.12/pcl/impl/point_types.hpp:259:3:\x1b[m\x1b[K \x1b[01;36m\x1b[Knote: \x1b[m\x1b[Kin expansion of macro \xe2\x80\x98\x1b[01m\x1b[KPCL_ADD_UNION_POINT4D\x1b[m\x1b[K\xe2\x80\x99\n'}
[3.400313] (dddmr_sc_pgo) StderrLine: {'line': b'  259 |   \x1b[01;36m\x1b[KPCL_ADD_UNION_POINT4D\x1b[m\x1b[K \\\n'}
[3.400333] (dddmr_sc_pgo) StderrLine: {'line': b'      |   \x1b[01;36m\x1b[K^~~~~~~~~~~~~~~~~~~~~\x1b[m\x1b[K\n'}
[3.400353] (dddmr_sc_pgo) StderrLine: {'line': b'\x1b[01m\x1b[K/usr/include/pcl-1.12/pcl/impl/point_types.hpp:1187:5:\x1b[m\x1b[K \x1b[01;36m\x1b[Knote: \x1b[m\x1b[Kin expansion of macro \xe2\x80\x98\x1b[01m\x1b[KPCL_ADD_POINT4D\x1b[m\x1b[K\xe2\x80\x99\n'}
[3.400372] (dddmr_sc_pgo) StderrLine: {'line': b' 1187 |     \x1b[01;36m\x1b[KPCL_ADD_POINT4D\x1b[m\x1b[K; // This adds the members x,y,z which can also be accessed using the point (which is float[4])\n'}
[3.400392] (dddmr_sc_pgo) StderrLine: {'line': b'      |     \x1b[01;36m\x1b[K^~~~~~~~~~~~~~~\x1b[m\x1b[K\n'}
[3.400412] (dddmr_sc_pgo) StderrLine: {'line': b'\x1b[01m\x1b[K/usr/include/pcl-1.12/pcl/impl/point_types.hpp:1191:7:\x1b[m\x1b[K \x1b[01;35m\x1b[Kwarning: \x1b[m\x1b[KISO C++ prohibits anonymous structs [\x1b[01;35m\x1b[K\x1b]8;;https://gcc.gnu.org/onlinedocs/gcc/Warning-Options.html#index-Wpedantic\x07-Wpedantic\x1b]8;;\x07\x1b[m\x1b[K]\n'}
[3.400432] (dddmr_sc_pgo) StderrLine: {'line': b' 1191 |       \x1b[01;35m\x1b[K{\x1b[m\x1b[K\n'}
[3.400451] (dddmr_sc_pgo) StderrLine: {'line': b'      |       \x1b[01;35m\x1b[K^\x1b[m\x1b[K\n'}
[3.400728] (dddmr_sc_pgo) StderrLine: {'line': b'\x1b[01m\x1b[K/usr/include/pcl-1.12/pcl/impl/point_types.hpp:241:12:\x1b[m\x1b[K \x1b[01;35m\x1b[Kwarning: \x1b[m\x1b[KISO C++ prohibits anonymous structs [\x1b[01;35m\x1b[K\x1b]8;;https://gcc.gnu.org/onlinedocs/gcc/Warning-Options.html#index-Wpedantic\x07-Wpedantic\x1b]8;;\x07\x1b[m\x1b[K]\n'}
[3.400750] (dddmr_sc_pgo) StderrLine: {'line': b'  241 |     struct \x1b[01;35m\x1b[K{\x1b[m\x1b[K \\\n'}
[3.400771] (dddmr_sc_pgo) StderrLine: {'line': b'      |            \x1b[01;35m\x1b[K^\x1b[m\x1b[K\n'}
[3.400793] (dddmr_sc_pgo) StderrLine: {'line': b'\x1b[01m\x1b[K/usr/include/pcl-1.12/pcl/impl/point_types.hpp:259:3:\x1b[m\x1b[K \x1b[01;36m\x1b[Knote: \x1b[m\x1b[Kin expansion of macro \xe2\x80\x98\x1b[01m\x1b[KPCL_ADD_UNION_POINT4D\x1b[m\x1b[K\xe2\x80\x99\n'}
[3.400813] (dddmr_sc_pgo) StderrLine: {'line': b'  259 |   \x1b[01;36m\x1b[KPCL_ADD_UNION_POINT4D\x1b[m\x1b[K \\\n'}
[3.400833] (dddmr_sc_pgo) StderrLine: {'line': b'      |   \x1b[01;36m\x1b[K^~~~~~~~~~~~~~~~~~~~~\x1b[m\x1b[K\n'}
[3.400852] (dddmr_sc_pgo) StderrLine: {'line': b'\x1b[01m\x1b[K/usr/include/pcl-1.12/pcl/impl/point_types.hpp:1226:5:\x1b[m\x1b[K \x1b[01;36m\x1b[Knote: \x1b[m\x1b[Kin expansion of macro \xe2\x80\x98\x1b[01m\x1b[KPCL_ADD_POINT4D\x1b[m\x1b[K\xe2\x80\x99\n'}
[3.400873] (dddmr_sc_pgo) StderrLine: {'line': b' 1226 |     \x1b[01;36m\x1b[KPCL_ADD_POINT4D\x1b[m\x1b[K; // This adds the members x,y,z which can also be accessed using the point (which is float[4])\n'}
[3.400893] (dddmr_sc_pgo) StderrLine: {'line': b'      |     \x1b[01;36m\x1b[K^~~~~~~~~~~~~~~\x1b[m\x1b[K\n'}
[3.400912] (dddmr_sc_pgo) StderrLine: {'line': b'\x1b[01m\x1b[K/usr/include/pcl-1.12/pcl/impl/point_types.hpp:1230:7:\x1b[m\x1b[K \x1b[01;35m\x1b[Kwarning: \x1b[m\x1b[KISO C++ prohibits anonymous structs [\x1b[01;35m\x1b[K\x1b]8;;https://gcc.gnu.org/onlinedocs/gcc/Warning-Options.html#index-Wpedantic\x07-Wpedantic\x1b]8;;\x07\x1b[m\x1b[K]\n'}
[3.400932] (dddmr_sc_pgo) StderrLine: {'line': b' 1230 |       \x1b[01;35m\x1b[K{\x1b[m\x1b[K\n'}
[3.400951] (dddmr_sc_pgo) StderrLine: {'line': b'      |       \x1b[01;35m\x1b[K^\x1b[m\x1b[K\n'}
[3.401286] (dddmr_sc_pgo) StderrLine: {'line': b'\x1b[01m\x1b[K/usr/include/pcl-1.12/pcl/impl/point_types.hpp:1326:7:\x1b[m\x1b[K \x1b[01;35m\x1b[Kwarning: \x1b[m\x1b[KISO C++ prohibits anonymous structs [\x1b[01;35m\x1b[K\x1b]8;;https://gcc.gnu.org/onlinedocs/gcc/Warning-Options.html#index-Wpedantic\x07-Wpedantic\x1b]8;;\x07\x1b[m\x1b[K]\n'}
[3.401312] (dddmr_sc_pgo) StderrLine: {'line': b' 1326 |       \x1b[01;35m\x1b[K{\x1b[m\x1b[K\n'}
[3.401354] (dddmr_sc_pgo) StderrLine: {'line': b'      |       \x1b[01;35m\x1b[K^\x1b[m\x1b[K\n'}
[3.402038] (dddmr_sc_pgo) StderrLine: {'line': b'\x1b[01m\x1b[K/usr/include/pcl-1.12/pcl/impl/point_types.hpp:1519:7:\x1b[m\x1b[K \x1b[01;35m\x1b[Kwarning: \x1b[m\x1b[KISO C++ prohibits anonymous structs [\x1b[01;35m\x1b[K\x1b]8;;https://gcc.gnu.org/onlinedocs/gcc/Warning-Options.html#index-Wpedantic\x07-Wpedantic\x1b]8;;\x07\x1b[m\x1b[K]\n'}
[3.402062] (dddmr_sc_pgo) StderrLine: {'line': b' 1519 |       \x1b[01;35m\x1b[K{\x1b[m\x1b[K\n'}
[3.402083] (dddmr_sc_pgo) StderrLine: {'line': b'      |       \x1b[01;35m\x1b[K^\x1b[m\x1b[K\n'}
[3.407155] (-) TimerEvent: {}
[3.413700] (dddmr_sc_pgo) StderrLine: {'line': b'\x1b[01m\x1b[K/usr/include/pcl-1.12/pcl/impl/point_types.hpp:1738:7:\x1b[m\x1b[K \x1b[01;35m\x1b[Kwarning: \x1b[m\x1b[KISO C++ prohibits anonymous structs [\x1b[01;35m\x1b[K\x1b]8;;https://gcc.gnu.org/onlinedocs/gcc/Warning-Options.html#index-Wpedantic\x07-Wpedantic\x1b]8;;\x07\x1b[m\x1b[K]\n'}
[3.413749] (dddmr_sc_pgo) StderrLine: {'line': b' 1738 |       \x1b[01;35m\x1b[K{\x1b[m\x1b[K\n'}
[3.413974] (dddmr_sc_pgo) StderrLine: {'line': b'      |       \x1b[01;35m\x1b[K^\x1b[m\x1b[K\n'}
[3.413996] (dddmr_sc_pgo) StderrLine: {'line': b'\x1b[01m\x1b[K/usr/include/pcl-1.12/pcl/impl/point_types.hpp:241:12:\x1b[m\x1b[K \x1b[01;35m\x1b[Kwarning: \x1b[m\x1b[KISO C++ prohibits anonymous structs [\x1b[01;35m\x1b[K\x1b]8;;https://gcc.gnu.org/onlinedocs/gcc/Warning-Options.html#index-Wpedantic\x07-Wpedantic\x1b]8;;\x07\x1b[m\x1b[K]\n'}
[3.414016] (dddmr_sc_pgo) StderrLine: {'line': b'  241 |     struct \x1b[01;35m\x1b[K{\x1b[m\x1b[K \\\n'}
[3.414036] (dddmr_sc_pgo) StderrLine: {'line': b'      |            \x1b[01;35m\x1b[K^\x1b[m\x1b[K\n'}
[3.414055] (dddmr_sc_pgo) StderrLine: {'line': b'\x1b[01m\x1b[K/usr/include/pcl-1.12/pcl/impl/point_types.hpp:259:3:\x1b[m\x1b[K \x1b[01;36m\x1b[Knote: \x1b[m\x1b[Kin expansion of macro \xe2\x80\x98\x1b[01m\x1b[KPCL_ADD_UNION_POINT4D\x1b[m\x1b[K\xe2\x80\x99\n'}
[3.414076] (dddmr_sc_pgo) StderrLine: {'line': b'  259 |   \x1b[01;36m\x1b[KPCL_ADD_UNION_POINT4D\x1b[m\x1b[K \\\n'}
[3.414095] (dddmr_sc_pgo) StderrLine: {'line': b'      |   \x1b[01;36m\x1b[K^~~~~~~~~~~~~~~~~~~~~\x1b[m\x1b[K\n'}
[3.414114] (dddmr_sc_pgo) StderrLine: {'line': b'\x1b[01m\x1b[K/usr/include/pcl-1.12/pcl/impl/point_types.hpp:1765:5:\x1b[m\x1b[K \x1b[01;36m\x1b[Knote: \x1b[m\x1b[Kin expansion of macro \xe2\x80\x98\x1b[01m\x1b[KPCL_ADD_POINT4D\x1b[m\x1b[K\xe2\x80\x99\n'}
[3.414134] (dddmr_sc_pgo) StderrLine: {'line': b' 1765 |     \x1b[01;36m\x1b[KPCL_ADD_POINT4D\x1b[m\x1b[K; // This adds the members x,y,z which can also be accessed using the point (which is float[4])\n'}
[3.414155] (dddmr_sc_pgo) StderrLine: {'line': b'      |     \x1b[01;36m\x1b[K^~~~~~~~~~~~~~~\x1b[m\x1b[K\n'}
[3.414456] (dddmr_sc_pgo) StderrLine: {'line': b'\x1b[01m\x1b[K/usr/include/pcl-1.12/pcl/impl/point_types.hpp:241:12:\x1b[m\x1b[K \x1b[01;35m\x1b[Kwarning: \x1b[m\x1b[KISO C++ prohibits anonymous structs [\x1b[01;35m\x1b[K\x1b]8;;https://gcc.gnu.org/onlinedocs/gcc/Warning-Options.html#index-Wpedantic\x07-Wpedantic\x1b]8;;\x07\x1b[m\x1b[K]\n'}
[3.414480] (dddmr_sc_pgo) StderrLine: {'line': b'  241 |     struct \x1b[01;35m\x1b[K{\x1b[m\x1b[K \\\n'}
[3.414501] (dddmr_sc_pgo) StderrLine: {'line': b'      |            \x1b[01;35m\x1b[K^\x1b[m\x1b[K\n'}
[3.414522] (dddmr_sc_pgo) StderrLine: {'line': b'\x1b[01m\x1b[K/usr/include/pcl-1.12/pcl/impl/point_types.hpp:259:3:\x1b[m\x1b[K \x1b[01;36m\x1b[Knote: \x1b[m\x1b[Kin expansion of macro \xe2\x80\x98\x1b[01m\x1b[KPCL_ADD_UNION_POINT4D\x1b[m\x1b[K\xe2\x80\x99\n'}
[3.414543] (dddmr_sc_pgo) StderrLine: {'line': b'  259 |   \x1b[01;36m\x1b[KPCL_ADD_UNION_POINT4D\x1b[m\x1b[K \\\n'}
[3.414564] (dddmr_sc_pgo) StderrLine: {'line': b'      |   \x1b[01;36m\x1b[K^~~~~~~~~~~~~~~~~~~~~\x1b[m\x1b[K\n'}
[3.414583] (dddmr_sc_pgo) StderrLine: {'line': b'\x1b[01m\x1b[K/usr/include/pcl-1.12/pcl/impl/point_types.hpp:1818:5:\x1b[m\x1b[K \x1b[01;36m\x1b[Knote: \x1b[m\x1b[Kin expansion of macro \xe2\x80\x98\x1b[01m\x1b[KPCL_ADD_POINT4D\x1b[m\x1b[K\xe2\x80\x99\n'}
[3.414603] (dddmr_sc_pgo) StderrLine: {'line': b' 1818 |     \x1b[01;36m\x1b[KPCL_ADD_POINT4D\x1b[m\x1b[K; // This adds the members x,y,z which can also be accessed using the point (which is float[4])\n'}
[3.414625] (dddmr_sc_pgo) StderrLine: {'line': b'      |     \x1b[01;36m\x1b[K^~~~~~~~~~~~~~~\x1b[m\x1b[K\n'}
[3.414646] (dddmr_sc_pgo) StderrLine: {'line': b'\x1b[01m\x1b[K/usr/include/pcl-1.12/pcl/impl/point_types.hpp:266:12:\x1b[m\x1b[K \x1b[01;35m\x1b[Kwarning: \x1b[m\x1b[KISO C++ prohibits anonymous structs [\x1b[01;35m\x1b[K\x1b]8;;https://gcc.gnu.org/onlinedocs/gcc/Warning-Options.html#index-Wpedantic\x07-Wpedantic\x1b]8;;\x07\x1b[m\x1b[K]\n'}
[3.414667] (dddmr_sc_pgo) StderrLine: {'line': b'  266 |     struct \x1b[01;35m\x1b[K{\x1b[m\x1b[K \\\n'}
[3.414688] (dddmr_sc_pgo) StderrLine: {'line': b'      |            \x1b[01;35m\x1b[K^\x1b[m\x1b[K\n'}
[3.414708] (dddmr_sc_pgo) StderrLine: {'line': b'\x1b[01m\x1b[K/usr/include/pcl-1.12/pcl/impl/point_types.hpp:280:3:\x1b[m\x1b[K \x1b[01;36m\x1b[Knote: \x1b[m\x1b[Kin expansion of macro \xe2\x80\x98\x1b[01m\x1b[KPCL_ADD_UNION_NORMAL4D\x1b[m\x1b[K\xe2\x80\x99\n'}
[3.414729] (dddmr_sc_pgo) StderrLine: {'line': b'  280 |   \x1b[01;36m\x1b[KPCL_ADD_UNION_NORMAL4D\x1b[m\x1b[K \\\n'}
[3.414749] (dddmr_sc_pgo) StderrLine: {'line': b'      |   \x1b[01;36m\x1b[K^~~~~~~~~~~~~~~~~~~~~~\x1b[m\x1b[K\n'}
[3.414772] (dddmr_sc_pgo) StderrLine: {'line': b'\x1b[01m\x1b[K/usr/include/pcl-1.12/pcl/impl/point_types.hpp:1819:5:\x1b[m\x1b[K \x1b[01;36m\x1b[Knote: \x1b[m\x1b[Kin expansion of macro \xe2\x80\x98\x1b[01m\x1b[KPCL_ADD_NORMAL4D\x1b[m\x1b[K\xe2\x80\x99\n'}
[3.414794] (dddmr_sc_pgo) StderrLine: {'line': b' 1819 |     \x1b[01;36m\x1b[KPCL_ADD_NORMAL4D\x1b[m\x1b[K; // This adds the member normal[3] which can also be accessed using the point (which is float[4])\n'}
[3.414815] (dddmr_sc_pgo) StderrLine: {'line': b'      |     \x1b[01;36m\x1b[K^~~~~~~~~~~~~~~~\x1b[m\x1b[K\n'}
[3.414872] (dddmr_sc_pgo) StderrLine: {'line': b'\x1b[01m\x1b[K/usr/include/pcl-1.12/pcl/impl/point_types.hpp:289:7:\x1b[m\x1b[K \x1b[01;35m\x1b[Kwarning: \x1b[m\x1b[KISO C++ prohibits anonymous structs [\x1b[01;35m\x1b[K\x1b]8;;https://gcc.gnu.org/onlinedocs/gcc/Warning-Options.html#index-Wpedantic\x07-Wpedantic\x1b]8;;\x07\x1b[m\x1b[K]\n'}
[3.414896] (dddmr_sc_pgo) StderrLine: {'line': b'  289 |       \x1b[01;35m\x1b[K{\x1b[m\x1b[K \\\n'}
[3.414916] (dddmr_sc_pgo) StderrLine: {'line': b'      |       \x1b[01;35m\x1b[K^\x1b[m\x1b[K\n'}
[3.414935] (dddmr_sc_pgo) StderrLine: {'line': b'\x1b[01m\x1b[K/usr/include/pcl-1.12/pcl/impl/point_types.hpp:1824:9:\x1b[m\x1b[K \x1b[01;36m\x1b[Knote: \x1b[m\x1b[Kin expansion of macro \xe2\x80\x98\x1b[01m\x1b[KPCL_ADD_UNION_RGB\x1b[m\x1b[K\xe2\x80\x99\n'}
[3.414957] (dddmr_sc_pgo) StderrLine: {'line': b' 1824 |         \x1b[01;36m\x1b[KPCL_ADD_UNION_RGB\x1b[m\x1b[K;\n'}
[3.414978] (dddmr_sc_pgo) StderrLine: {'line': b'      |         \x1b[01;36m\x1b[K^~~~~~~~~~~~~~~~~\x1b[m\x1b[K\n'}
[3.414997] (dddmr_sc_pgo) StderrLine: {'line': b'\x1b[01m\x1b[K/usr/include/pcl-1.12/pcl/impl/point_types.hpp:1824:26:\x1b[m\x1b[K \x1b[01;35m\x1b[Kwarning: \x1b[m\x1b[Kextra \xe2\x80\x98\x1b[01m\x1b[K;\x1b[m\x1b[K\xe2\x80\x99 [\x1b[01;35m\x1b[K\x1b]8;;https://gcc.gnu.org/onlinedocs/gcc/Warning-Options.html#index-Wpedantic\x07-Wpedantic\x1b]8;;\x07\x1b[m\x1b[K]\n'}
[3.415018] (dddmr_sc_pgo) StderrLine: {'line': b' 1824 |         PCL_ADD_UNION_RGB\x1b[01;35m\x1b[K;\x1b[m\x1b[K\n'}
[3.415038] (dddmr_sc_pgo) StderrLine: {'line': b'      |                          \x1b[01;35m\x1b[K^\x1b[m\x1b[K\n'}
[3.415058] (dddmr_sc_pgo) StderrLine: {'line': b'      |                          \x1b[31m\x1b[K-\x1b[m\x1b[K\n'}
[3.415077] (dddmr_sc_pgo) StderrLine: {'line': b'\x1b[01m\x1b[K/usr/include/pcl-1.12/pcl/impl/point_types.hpp:1823:7:\x1b[m\x1b[K \x1b[01;35m\x1b[Kwarning: \x1b[m\x1b[KISO C++ prohibits anonymous structs [\x1b[01;35m\x1b[K\x1b]8;;https://gcc.gnu.org/onlinedocs/gcc/Warning-Options.html#index-Wpedantic\x07-Wpedantic\x1b]8;;\x07\x1b[m\x1b[K]\n'}
[3.415099] (dddmr_sc_pgo) StderrLine: {'line': b' 1823 |       \x1b[01;35m\x1b[K{\x1b[m\x1b[K\n'}
[3.415118] (dddmr_sc_pgo) StderrLine: {'line': b'      |       \x1b[01;35m\x1b[K^\x1b[m\x1b[K\n'}
[3.415397] (dddmr_sc_pgo) StderrLine: {'line': b'\x1b[01m\x1b[K/usr/include/pcl-1.12/pcl/impl/point_types.hpp:241:12:\x1b[m\x1b[K \x1b[01;35m\x1b[Kwarning: \x1b[m\x1b[KISO C++ prohibits anonymous structs [\x1b[01;35m\x1b[K\x1b]8;;https://gcc.gnu.org/onlinedocs/gcc/Warning-Options.html#index-Wpedantic\x07-Wpedantic\x1b]8;;\x07\x1b[m\x1b[K]\n'}
[3.415421] (dddmr_sc_pgo) StderrLine: {'line': b'  241 |     struct \x1b[01;35m\x1b[K{\x1b[m\x1b[K \\\n'}
[3.415441] (dddmr_sc_pgo) StderrLine: {'line': b'      |            \x1b[01;35m\x1b[K^\x1b[m\x1b[K\n'}
[3.415460] (dddmr_sc_pgo) StderrLine: {'line': b'\x1b[01m\x1b[K/usr/include/pcl-1.12/pcl/impl/point_types.hpp:259:3:\x1b[m\x1b[K \x1b[01;36m\x1b[Knote: \x1b[m\x1b[Kin expansion of macro \xe2\x80\x98\x1b[01m\x1b[KPCL_ADD_UNION_POINT4D\x1b[m\x1b[K\xe2\x80\x99\n'}
[3.415480] (dddmr_sc_pgo) StderrLine: {'line': b'  259 |   \x1b[01;36m\x1b[KPCL_ADD_UNION_POINT4D\x1b[m\x1b[K \\\n'}
[3.415499] (dddmr_sc_pgo) StderrLine: {'line': b'      |   \x1b[01;36m\x1b[K^~~~~~~~~~~~~~~~~~~~~\x1b[m\x1b[K\n'}
[3.415518] (dddmr_sc_pgo) StderrLine: {'line': b'\x1b[01m\x1b[K/usr/include/pcl-1.12/pcl/impl/point_types.hpp:1867:5:\x1b[m\x1b[K \x1b[01;36m\x1b[Knote: \x1b[m\x1b[Kin expansion of macro \xe2\x80\x98\x1b[01m\x1b[KPCL_ADD_POINT4D\x1b[m\x1b[K\xe2\x80\x99\n'}
[3.415538] (dddmr_sc_pgo) StderrLine: {'line': b' 1867 |     \x1b[01;36m\x1b[KPCL_ADD_POINT4D\x1b[m\x1b[K;\n'}
[3.415556] (dddmr_sc_pgo) StderrLine: {'line': b'      |     \x1b[01;36m\x1b[K^~~~~~~~~~~~~~~\x1b[m\x1b[K\n'}
[3.479535] (dddmr_sc_pgo) StderrLine: {'line': b'\x1b[01m\x1b[K/root/dddmr_navigation/src/dddmr_sc_pgo/src/scan_context.cpp:\x1b[m\x1b[K In static member function \xe2\x80\x98\x1b[01m\x1b[Kstatic double dddmr_sc_pgo::ScanContextManager::\x1b[01;32m\x1b[KalignAndCompare\x1b[m\x1b[K(const Eigen::MatrixXf&, Eigen::MatrixXf)\x1b[m\x1b[K\xe2\x80\x99:\n'}
[3.479654] (dddmr_sc_pgo) StderrLine: {'line': b'\x1b[01m\x1b[K/root/dddmr_navigation/src/dddmr_sc_pgo/src/scan_context.cpp:176:9:\x1b[m\x1b[K \x1b[01;35m\x1b[Kwarning: \x1b[m\x1b[Kvariable \xe2\x80\x98\x1b[01m\x1b[Kbest_shift\x1b[m\x1b[K\xe2\x80\x99 set but not used [\x1b[01;35m\x1b[K\x1b]8;;https://gcc.gnu.org/onlinedocs/gcc/Warning-Options.html#index-Wunused-but-set-variable\x07-Wunused-but-set-variable\x1b]8;;\x07\x1b[m\x1b[K]\n'}
[3.479685] (dddmr_sc_pgo) StderrLine: {'line': b'  176 |     int \x1b[01;35m\x1b[Kbest_shift\x1b[m\x1b[K = 0;\n'}
[3.479716] (dddmr_sc_pgo) StderrLine: {'line': b'      |         \x1b[01;35m\x1b[K^~~~~~~~~~\x1b[m\x1b[K\n'}
[3.507308] (-) TimerEvent: {}
[3.607592] (-) TimerEvent: {}
[3.707903] (dddmr_sc_pgo) StdoutLine: {'line': b'[ 50%] \x1b[32m\x1b[1mLinking CXX shared library libscan_context_lib.so\x1b[0m\n'}
[3.708022] (-) TimerEvent: {}
[3.758178] (dddmr_sc_pgo) StdoutLine: {'line': b'[ 50%] Built target scan_context_lib\n'}
[3.777447] (dddmr_sc_pgo) StdoutLine: {'line': b'[ 75%] \x1b[32mBuilding CXX object CMakeFiles/sc_pgo_node.dir/src/sc_pgo_node.cpp.o\x1b[0m\n'}
[3.808097] (-) TimerEvent: {}
[3.908279] (-) TimerEvent: {}
[4.008564] (-) TimerEvent: {}
[4.108885] (-) TimerEvent: {}
[4.209088] (-) TimerEvent: {}
[4.309322] (-) TimerEvent: {}
[4.409607] (-) TimerEvent: {}
[4.509912] (-) TimerEvent: {}
[4.610116] (-) TimerEvent: {}
[4.710339] (-) TimerEvent: {}
[4.810645] (-) TimerEvent: {}
[4.910940] (-) TimerEvent: {}
[5.011168] (-) TimerEvent: {}
[5.111497] (-) TimerEvent: {}
[5.211795] (-) TimerEvent: {}
[5.312011] (-) TimerEvent: {}
[5.412351] (-) TimerEvent: {}
[5.512682] (-) TimerEvent: {}
[5.612917] (-) TimerEvent: {}
[5.713118] (-) TimerEvent: {}
[5.813420] (-) TimerEvent: {}
[5.913702] (-) TimerEvent: {}
[6.013911] (-) TimerEvent: {}
[6.114118] (-) TimerEvent: {}
[6.214348] (-) TimerEvent: {}
[6.314578] (-) TimerEvent: {}
[6.414805] (-) TimerEvent: {}
[6.515003] (-) TimerEvent: {}
[6.615198] (-) TimerEvent: {}
[6.715503] (-) TimerEvent: {}
[6.815755] (-) TimerEvent: {}
[6.915986] (-) TimerEvent: {}
[7.016310] (-) TimerEvent: {}
[7.116530] (-) TimerEvent: {}
[7.216736] (-) TimerEvent: {}
[7.317086] (-) TimerEvent: {}
[7.417435] (-) TimerEvent: {}
[7.517752] (-) TimerEvent: {}
[7.618061] (-) TimerEvent: {}
[7.718306] (-) TimerEvent: {}
[7.818537] (-) TimerEvent: {}
[7.869468] (dddmr_sc_pgo) StderrLine: {'line': b'\x1b[01m\x1b[K/root/dddmr_navigation/src/dddmr_sc_pgo/src/sc_pgo_node.cpp:735:23:\x1b[m\x1b[K \x1b[01;31m\x1b[Kerror: \x1b[m\x1b[K\xe2\x80\x98\x1b[01m\x1b[Kvisualization_msgs\x1b[m\x1b[K\xe2\x80\x99 was not declared in this scope\n'}
[7.869587] (dddmr_sc_pgo) StderrLine: {'line': b'  735 |     rclcpp::Publisher<\x1b[01;31m\x1b[Kvisualization_msgs\x1b[m\x1b[K::msg::MarkerArray>::SharedPtr loop_marker_pub_;\n'}
[7.869615] (dddmr_sc_pgo) StderrLine: {'line': b'      |                       \x1b[01;31m\x1b[K^~~~~~~~~~~~~~~~~~\x1b[m\x1b[K\n'}
[7.869638] (dddmr_sc_pgo) StderrLine: {'line': b'\x1b[01m\x1b[K/root/dddmr_navigation/src/dddmr_sc_pgo/src/sc_pgo_node.cpp:735:59:\x1b[m\x1b[K \x1b[01;31m\x1b[Kerror: \x1b[m\x1b[Ktemplate argument 1 is invalid\n'}
[7.869665] (dddmr_sc_pgo) StderrLine: {'line': b'  735 |     rclcpp::Publisher<visualization_msgs::msg::MarkerArray\x1b[01;31m\x1b[K>\x1b[m\x1b[K::SharedPtr loop_marker_pub_;\n'}
[7.869686] (dddmr_sc_pgo) StderrLine: {'line': b'      |                                                           \x1b[01;31m\x1b[K^\x1b[m\x1b[K\n'}
[7.869707] (dddmr_sc_pgo) StderrLine: {'line': b'\x1b[01m\x1b[K/root/dddmr_navigation/src/dddmr_sc_pgo/src/sc_pgo_node.cpp:735:62:\x1b[m\x1b[K \x1b[01;31m\x1b[Kerror: \x1b[m\x1b[Kexpected \xe2\x80\x98\x1b[01m\x1b[K;\x1b[m\x1b[K\xe2\x80\x99 at end of member declaration\n'}
[7.869728] (dddmr_sc_pgo) StderrLine: {'line': b'  735 |     rclcpp::Publisher<visualization_msgs::msg::MarkerArray>::\x1b[01;31m\x1b[KSharedPtr\x1b[m\x1b[K loop_marker_pub_;\n'}
[7.869748] (dddmr_sc_pgo) StderrLine: {'line': b'      |                                                              \x1b[01;31m\x1b[K^~~~~~~~~\x1b[m\x1b[K\n'}
[7.869777] (dddmr_sc_pgo) StderrLine: {'line': b'      |                                                                       \x1b[32m\x1b[K;\x1b[m\x1b[K\n'}
[7.877071] (dddmr_sc_pgo) StderrLine: {'line': b'\x1b[01m\x1b[K/root/dddmr_navigation/src/dddmr_sc_pgo/src/sc_pgo_node.cpp:735:72:\x1b[m\x1b[K \x1b[01;31m\x1b[Kerror: \x1b[m\x1b[K\xe2\x80\x98\x1b[01m\x1b[Kloop_marker_pub_\x1b[m\x1b[K\xe2\x80\x99 does not name a type\n'}
[7.877149] (dddmr_sc_pgo) StderrLine: {'line': b'  735 |     rclcpp::Publisher<visualization_msgs::msg::MarkerArray>::SharedPtr \x1b[01;31m\x1b[Kloop_marker_pub_\x1b[m\x1b[K;\n'}
[7.877180] (dddmr_sc_pgo) StderrLine: {'line': b'      |                                                                        \x1b[01;31m\x1b[K^~~~~~~~~~~~~~~~\x1b[m\x1b[K\n'}
[7.895297] (dddmr_sc_pgo) StderrLine: {'line': b'\x1b[01m\x1b[K/root/dddmr_navigation/src/dddmr_sc_pgo/src/sc_pgo_node.cpp:751:5:\x1b[m\x1b[K \x1b[01;31m\x1b[Kerror: \x1b[m\x1b[K\xe2\x80\x98\x1b[01m\x1b[KScanContextManager\x1b[m\x1b[K\xe2\x80\x99 does not name a type\n'}
[7.895408] (dddmr_sc_pgo) StderrLine: {'line': b'  751 |     \x1b[01;31m\x1b[KScanContextManager\x1b[m\x1b[K sc_manager_;\n'}
[7.895438] (dddmr_sc_pgo) StderrLine: {'line': b'      |     \x1b[01;31m\x1b[K^~~~~~~~~~~~~~~~~~\x1b[m\x1b[K\n'}
[7.916435] (dddmr_sc_pgo) StderrLine: {'line': b'\x1b[01m\x1b[K/root/dddmr_navigation/src/dddmr_sc_pgo/src/sc_pgo_node.cpp:\x1b[m\x1b[K In constructor \xe2\x80\x98\x1b[01m\x1b[KSC_PGO_Node::\x1b[01;32m\x1b[KSC_PGO_Node\x1b[m\x1b[K()\x1b[m\x1b[K\xe2\x80\x99:\n'}
[7.916529] (dddmr_sc_pgo) StderrLine: {'line': b'\x1b[01m\x1b[K/root/dddmr_navigation/src/dddmr_sc_pgo/src/sc_pgo_node.cpp:125:9:\x1b[m\x1b[K \x1b[01;31m\x1b[Kerror: \x1b[m\x1b[K\xe2\x80\x98\x1b[01m\x1b[Ksc_manager_\x1b[m\x1b[K\xe2\x80\x99 was not declared in this scope\n'}
[7.916565] (dddmr_sc_pgo) StderrLine: {'line': b'  125 |         \x1b[01;31m\x1b[Ksc_manager_\x1b[m\x1b[K.setParam(sc_max_radius, sc_num_rings, sc_num_sectors, sc_tree_depth);\n'}
[7.916588] (dddmr_sc_pgo) StderrLine: {'line': b'      |         \x1b[01;31m\x1b[K^~~~~~~~~~~\x1b[m\x1b[K\n'}
[7.918686] (-) TimerEvent: {}
[7.939309] (dddmr_sc_pgo) StderrLine: {'line': b'\x1b[01m\x1b[K/root/dddmr_navigation/src/dddmr_sc_pgo/src/sc_pgo_node.cpp:174:9:\x1b[m\x1b[K \x1b[01;31m\x1b[Kerror: \x1b[m\x1b[K\xe2\x80\x98\x1b[01m\x1b[Kloop_marker_pub_\x1b[m\x1b[K\xe2\x80\x99 was not declared in this scope\n'}
[7.939398] (dddmr_sc_pgo) StderrLine: {'line': b'  174 |         \x1b[01;31m\x1b[Kloop_marker_pub_\x1b[m\x1b[K = this->create_publisher<visualization_msgs::msg::MarkerArray>(\n'}
[7.939427] (dddmr_sc_pgo) StderrLine: {'line': b'      |         \x1b[01;31m\x1b[K^~~~~~~~~~~~~~~~\x1b[m\x1b[K\n'}
[7.957624] (dddmr_sc_pgo) StderrLine: {'line': b'\x1b[01m\x1b[K/root/dddmr_navigation/src/dddmr_sc_pgo/src/sc_pgo_node.cpp:174:51:\x1b[m\x1b[K \x1b[01;31m\x1b[Kerror: \x1b[m\x1b[K\xe2\x80\x98\x1b[01m\x1b[Kvisualization_msgs\x1b[m\x1b[K\xe2\x80\x99 was not declared in this scope\n'}
[7.957746] (dddmr_sc_pgo) StderrLine: {'line': b'  174 |         loop_marker_pub_ = this->create_publisher<\x1b[01;31m\x1b[Kvisualization_msgs\x1b[m\x1b[K::msg::MarkerArray>(\n'}
[7.957779] (dddmr_sc_pgo) StderrLine: {'line': b'      |                                                   \x1b[01;31m\x1b[K^~~~~~~~~~~~~~~~~~\x1b[m\x1b[K\n'}
[7.957804] (dddmr_sc_pgo) StderrLine: {'line': b'\x1b[01m\x1b[K/root/dddmr_navigation/src/dddmr_sc_pgo/src/sc_pgo_node.cpp:174:34:\x1b[m\x1b[K \x1b[01;31m\x1b[Kerror: \x1b[m\x1b[Kparse error in template argument list\n'}
[7.957827] (dddmr_sc_pgo) StderrLine: {'line': b'  174 |         loop_marker_pub_ = this->\x1b[01;31m\x1b[Kcreate_publisher<visualization_msgs::msg::MarkerArray>\x1b[m\x1b[K(\n'}
[7.957847] (dddmr_sc_pgo) StderrLine: {'line': b'      |                                  \x1b[01;31m\x1b[K^~~~~~~~~~~~~~~~~~~~~~~~~~~~~~~~~~~~~~~~~~~~~~~~~~~~~~\x1b[m\x1b[K\n'}
[7.957868] (dddmr_sc_pgo) StderrLine: {'line': b'\x1b[01m\x1b[K/root/dddmr_navigation/src/dddmr_sc_pgo/src/sc_pgo_node.cpp:174:88:\x1b[m\x1b[K \x1b[01;31m\x1b[Kerror: \x1b[m\x1b[Kno matching function for call to \xe2\x80\x98\x1b[01m\x1b[KSC_PGO_Node::create_publisher<<expression error> >(const char [21], int)\x1b[m\x1b[K\xe2\x80\x99\n'}
[7.957891] (dddmr_sc_pgo) StderrLine: {'line': b'  174 |         loop_marker_pub_ = \x1b[01;31m\x1b[Kthis->create_publisher<visualization_msgs::msg::MarkerArray>(\x1b[m\x1b[K\n'}
[7.957910] (dddmr_sc_pgo) StderrLine: {'line': b'      |                            \x1b[01;31m\x1b[K~~~~~~~~~~~~~~~~~~~~~~~~~~~~~~~~~~~~~~~~~~~~~~~~~~~~~~~~~~~~^\x1b[m\x1b[K\n'}
[7.957934] (dddmr_sc_pgo) StderrLine: {'line': b'  175 | \x1b[01;31m\x1b[K            "/sc_pgo/loop_markers", 10)\x1b[m\x1b[K;\n'}
[7.957953] (dddmr_sc_pgo) StderrLine: {'line': b'      |             \x1b[01;31m\x1b[K~~~~~~~~~~~~~~~~~~~~~~~~~~~\x1b[m\x1b[K                                                 \n'}
[7.957972] (dddmr_sc_pgo) StderrLine: {'line': b'In file included from \x1b[01m\x1b[K/opt/ros/humble/include/rclcpp/rclcpp/node.hpp:1321\x1b[m\x1b[K,\n'}
[7.957991] (dddmr_sc_pgo) StderrLine: {'line': b'                 from \x1b[01m\x1b[K/opt/ros/humble/include/rclcpp/rclcpp/executors/single_threaded_executor.hpp:28\x1b[m\x1b[K,\n'}
[7.958009] (dddmr_sc_pgo) StderrLine: {'line': b'                 from \x1b[01m\x1b[K/opt/ros/humble/include/rclcpp/rclcpp/executors.hpp:22\x1b[m\x1b[K,\n'}
[7.958028] (dddmr_sc_pgo) StderrLine: {'line': b'                 from \x1b[01m\x1b[K/opt/ros/humble/include/rclcpp/rclcpp/rclcpp.hpp:155\x1b[m\x1b[K,\n'}
[7.958047] (dddmr_sc_pgo) StderrLine: {'line': b'                 from \x1b[01m\x1b[K/root/dddmr_navigation/src/dddmr_sc_pgo/src/sc_pgo_node.cpp:18\x1b[m\x1b[K:\n'}
[7.958068] (dddmr_sc_pgo) StderrLine: {'line': b'\x1b[01m\x1b[K/opt/ros/humble/include/rclcpp/rclcpp/node_impl.hpp:73:1:\x1b[m\x1b[K \x1b[01;36m\x1b[Knote: \x1b[m\x1b[Kcandidate: \xe2\x80\x98\x1b[01m\x1b[Ktemplate<class MessageT, class AllocatorT, class PublisherT> std::shared_ptr<PublisherT> rclcpp::Node::\x1b[01;32m\x1b[Kcreate_publisher\x1b[m\x1b[K(const std::string&, const rclcpp::QoS&, const rclcpp::PublisherOptionsWithAllocator<AllocatorT>&)\x1b[m\x1b[K\xe2\x80\x99\n'}
[7.958091] (dddmr_sc_pgo) StderrLine: {'line': b'   73 | \x1b[01;36m\x1b[KNode\x1b[m\x1b[K::create_publisher(\n'}
[7.958111] (dddmr_sc_pgo) StderrLine: {'line': b'      | \x1b[01;36m\x1b[K^~~~\x1b[m\x1b[K\n'}
[7.958130] (dddmr_sc_pgo) StderrLine: {'line': b'\x1b[01m\x1b[K/opt/ros/humble/include/rclcpp/rclcpp/node_impl.hpp:73:1:\x1b[m\x1b[K \x1b[01;36m\x1b[Knote: \x1b[m\x1b[K  template argument deduction/substitution failed:\n'}
[7.958149] (dddmr_sc_pgo) StderrLine: {'line': b'\x1b[01m\x1b[K/root/dddmr_navigation/src/dddmr_sc_pgo/src/sc_pgo_node.cpp:174:88:\x1b[m\x1b[K \x1b[01;31m\x1b[Kerror: \x1b[m\x1b[Ktemplate argument 1 is invalid\n'}
[7.958169] (dddmr_sc_pgo) StderrLine: {'line': b'  174 |         loop_marker_pub_ = \x1b[01;31m\x1b[Kthis->create_publisher<visualization_msgs::msg::MarkerArray>(\x1b[m\x1b[K\n'}
[7.958188] (dddmr_sc_pgo) StderrLine: {'line': b'      |                            \x1b[01;31m\x1b[K~~~~~~~~~~~~~~~~~~~~~~~~~~~~~~~~~~~~~~~~~~~~~~~~~~~~~~~~~~~~^\x1b[m\x1b[K\n'}
[7.958208] (dddmr_sc_pgo) StderrLine: {'line': b'  175 | \x1b[01;31m\x1b[K            "/sc_pgo/loop_markers", 10)\x1b[m\x1b[K;\n'}
[7.958226] (dddmr_sc_pgo) StderrLine: {'line': b'      |             \x1b[01;31m\x1b[K~~~~~~~~~~~~~~~~~~~~~~~~~~~\x1b[m\x1b[K                                                 \n'}
[7.959716] (dddmr_sc_pgo) StderrLine: {'line': b'\x1b[01m\x1b[K/root/dddmr_navigation/src/dddmr_sc_pgo/src/sc_pgo_node.cpp:\x1b[m\x1b[K In member function \xe2\x80\x98\x1b[01m\x1b[Kvoid SC_PGO_Node::\x1b[01;32m\x1b[KinitISAM2\x1b[m\x1b[K()\x1b[m\x1b[K\xe2\x80\x99:\n'}
[7.959781] (dddmr_sc_pgo) StderrLine: {'line': b'\x1b[01m\x1b[K/root/dddmr_navigation/src/dddmr_sc_pgo/src/sc_pgo_node.cpp:200:16:\x1b[m\x1b[K \x1b[01;31m\x1b[Kerror: \x1b[m\x1b[K\xe2\x80\x98\x1b[01m\x1b[Kstruct gtsam::ISAM2Params\x1b[m\x1b[K\xe2\x80\x99 has no member named \xe2\x80\x98\x1b[01m\x1b[KenableRelinearizeFix\x1b[m\x1b[K\xe2\x80\x99; did you mean \xe2\x80\x98\x1b[01m\x1b[KenableRelinearization\x1b[m\x1b[K\xe2\x80\x99?\n'}
[7.959816] (dddmr_sc_pgo) StderrLine: {'line': b'  200 |         params.\x1b[01;31m\x1b[KenableRelinearizeFix\x1b[m\x1b[K = true;   // \xe5\x90\xaf\xe7\x94\xa8\xe9\x87\x8d\xe7\xba\xbf\xe6\x80\xa7\xe5\x8c\x96\xe4\xbf\xae\xe5\xa4\x8d\n'}
[7.959839] (dddmr_sc_pgo) StderrLine: {'line': b'      |                \x1b[01;31m\x1b[K^~~~~~~~~~~~~~~~~~~~\x1b[m\x1b[K\n'}
[7.959860] (dddmr_sc_pgo) StderrLine: {'line': b'      |                \x1b[32m\x1b[KenableRelinearization\x1b[m\x1b[K\n'}
[8.012147] (dddmr_sc_pgo) StderrLine: {'line': b'\x1b[01m\x1b[K/root/dddmr_navigation/src/dddmr_sc_pgo/src/sc_pgo_node.cpp:\x1b[m\x1b[K In member function \xe2\x80\x98\x1b[01m\x1b[Kvoid SC_PGO_Node::\x1b[01;32m\x1b[KcreateKeyFrame\x1b[m\x1b[K(const pcl::PointCloud<pcl::PointXYZI>::Ptr&, const Eigen::Matrix4f&, const rclcpp::Time&)\x1b[m\x1b[K\xe2\x80\x99:\n'}
[8.012264] (dddmr_sc_pgo) StderrLine: {'line': b'\x1b[01m\x1b[K/root/dddmr_navigation/src/dddmr_sc_pgo/src/sc_pgo_node.cpp:343:34:\x1b[m\x1b[K \x1b[01;31m\x1b[Kerror: \x1b[m\x1b[K\xe2\x80\x98\x1b[01m\x1b[Ksc_manager_\x1b[m\x1b[K\xe2\x80\x99 was not declared in this scope\n'}
[8.012293] (dddmr_sc_pgo) StderrLine: {'line': b'  343 |         keyframe->scan_context = \x1b[01;31m\x1b[Ksc_manager_\x1b[m\x1b[K.makeAndSaveScanContext(downsampled_cloud);\n'}
[8.012320] (dddmr_sc_pgo) StderrLine: {'line': b'      |                                  \x1b[01;31m\x1b[K^~~~~~~~~~~\x1b[m\x1b[K\n'}
[8.018899] (-) TimerEvent: {}
[8.047680] (dddmr_sc_pgo) StderrLine: {'line': b'In file included from \x1b[01m\x1b[K/opt/ros/humble/include/rclcpp/rclcpp/logging.hpp:24\x1b[m\x1b[K,\n'}
[8.047760] (dddmr_sc_pgo) StderrLine: {'line': b'                 from \x1b[01m\x1b[K/opt/ros/humble/include/rclcpp/rclcpp/client.hpp:40\x1b[m\x1b[K,\n'}
[8.047797] (dddmr_sc_pgo) StderrLine: {'line': b'                 from \x1b[01m\x1b[K/opt/ros/humble/include/rclcpp/rclcpp/callback_group.hpp:24\x1b[m\x1b[K,\n'}
[8.047821] (dddmr_sc_pgo) StderrLine: {'line': b'                 from \x1b[01m\x1b[K/opt/ros/humble/include/rclcpp/rclcpp/any_executable.hpp:20\x1b[m\x1b[K,\n'}
[8.047843] (dddmr_sc_pgo) StderrLine: {'line': b'                 from \x1b[01m\x1b[K/opt/ros/humble/include/rclcpp/rclcpp/memory_strategy.hpp:25\x1b[m\x1b[K,\n'}
[8.047864] (dddmr_sc_pgo) StderrLine: {'line': b'                 from \x1b[01m\x1b[K/opt/ros/humble/include/rclcpp/rclcpp/memory_strategies.hpp:18\x1b[m\x1b[K,\n'}
[8.047884] (dddmr_sc_pgo) StderrLine: {'line': b'                 from \x1b[01m\x1b[K/opt/ros/humble/include/rclcpp/rclcpp/executor_options.hpp:20\x1b[m\x1b[K,\n'}
[8.047903] (dddmr_sc_pgo) StderrLine: {'line': b'                 from \x1b[01m\x1b[K/opt/ros/humble/include/rclcpp/rclcpp/executor.hpp:37\x1b[m\x1b[K,\n'}
[8.047927] (dddmr_sc_pgo) StderrLine: {'line': b'                 from \x1b[01m\x1b[K/opt/ros/humble/include/rclcpp/rclcpp/executors/multi_threaded_executor.hpp:25\x1b[m\x1b[K,\n'}
[8.047948] (dddmr_sc_pgo) StderrLine: {'line': b'                 from \x1b[01m\x1b[K/opt/ros/humble/include/rclcpp/rclcpp/executors.hpp:21\x1b[m\x1b[K:\n'}
[8.047969] (dddmr_sc_pgo) StderrLine: {'line': b'\x1b[01m\x1b[K/root/dddmr_navigation/src/dddmr_sc_pgo/src/sc_pgo_node.cpp:362:13:\x1b[m\x1b[K \x1b[01;35m\x1b[Kwarning: \x1b[m\x1b[Kformat \xe2\x80\x98\x1b[01m\x1b[K%d\x1b[m\x1b[K\xe2\x80\x99 expects argument of type \xe2\x80\x98\x1b[01m\x1b[Kint\x1b[m\x1b[K\xe2\x80\x99, but argument 7 has type \xe2\x80\x98\x1b[01m\x1b[KEigen::Index\x1b[m\x1b[K\xe2\x80\x99 {aka \xe2\x80\x98\x1b[01m\x1b[Klong int\x1b[m\x1b[K\xe2\x80\x99} [\x1b[01;35m\x1b[K\x1b]8;;https://gcc.gnu.org/onlinedocs/gcc/Warning-Options.html#index-Wformat=\x07-Wformat=\x1b]8;;\x07\x1b[m\x1b[K]\n'}
[8.047992] (dddmr_sc_pgo) StderrLine: {'line': b'  362 |             \x1b[01;35m\x1b[K"\xe5\x88\x9b\xe5\xbb\xba\xe5\x85\xb3\xe9\x94\xae\xe5\xb8\xa7 #%d, \xe7\x82\xb9\xe6\x95\xb0: %zu, ScanContext \xe5\xa4\xa7\xe5\xb0\x8f: %dx%d"\x1b[m\x1b[K,\n'}
[8.048014] (dddmr_sc_pgo) StderrLine: {'line': b'      |             \x1b[01;35m\x1b[K^~~~~~~~~~~~~~~~~~~~~~~~~~~~~~~~~~~~~~~~~~~~~~~~~~~~\x1b[m\x1b[K\n'}
[8.048033] (dddmr_sc_pgo) StderrLine: {'line': b'  363 |             keyframe->id, downsampled_cloud->size(),\n'}
[8.048053] (dddmr_sc_pgo) StderrLine: {'line': b'  364 |             \x1b[32m\x1b[Kkeyframe->scan_context.rows()\x1b[m\x1b[K, keyframe->scan_context.cols());\n'}
[8.048080] (dddmr_sc_pgo) StderrLine: {'line': b'      |             \x1b[32m\x1b[K~~~~~~~~~~~~~~~~~~~~~~~~~~~~~\x1b[m\x1b[K\n'}
[8.048100] (dddmr_sc_pgo) StderrLine: {'line': b'      |                                        \x1b[32m\x1b[K|\x1b[m\x1b[K\n'}
[8.048121] (dddmr_sc_pgo) StderrLine: {'line': b'      |                                        \x1b[32m\x1b[KEigen::Index {aka long int}\x1b[m\x1b[K\n'}
[8.048141] (dddmr_sc_pgo) StderrLine: {'line': b'\x1b[01m\x1b[K/root/dddmr_navigation/src/dddmr_sc_pgo/src/sc_pgo_node.cpp:362:60:\x1b[m\x1b[K \x1b[01;36m\x1b[Knote: \x1b[m\x1b[Kformat string is defined here\n'}
[8.048161] (dddmr_sc_pgo) StderrLine: {'line': b'  362 |             "\xe5\x88\x9b\xe5\xbb\xba\xe5\x85\xb3\xe9\x94\xae\xe5\xb8\xa7 #%d, \xe7\x82\xb9\xe6\x95\xb0: %zu, ScanContext \xe5\xa4\xa7\xe5\xb0\x8f: \x1b[01;36m\x1b[K%d\x1b[m\x1b[Kx%d",\n'}
[8.048181] (dddmr_sc_pgo) StderrLine: {'line': b'      |                                                           \x1b[01;36m\x1b[K~^\x1b[m\x1b[K\n'}
[8.048200] (dddmr_sc_pgo) StderrLine: {'line': b'      |                                                            \x1b[01;36m\x1b[K|\x1b[m\x1b[K\n'}
[8.048220] (dddmr_sc_pgo) StderrLine: {'line': b'      |                                                            \x1b[01;36m\x1b[Kint\x1b[m\x1b[K\n'}
[8.048239] (dddmr_sc_pgo) StderrLine: {'line': b'      |                                                           \x1b[32m\x1b[K%ld\x1b[m\x1b[K\n'}
[8.048258] (dddmr_sc_pgo) StderrLine: {'line': b'\x1b[01m\x1b[K/root/dddmr_navigation/src/dddmr_sc_pgo/src/sc_pgo_node.cpp:362:13:\x1b[m\x1b[K \x1b[01;35m\x1b[Kwarning: \x1b[m\x1b[Kformat \xe2\x80\x98\x1b[01m\x1b[K%d\x1b[m\x1b[K\xe2\x80\x99 expects argument of type \xe2\x80\x98\x1b[01m\x1b[Kint\x1b[m\x1b[K\xe2\x80\x99, but argument 8 has type \xe2\x80\x98\x1b[01m\x1b[KEigen::Index\x1b[m\x1b[K\xe2\x80\x99 {aka \xe2\x80\x98\x1b[01m\x1b[Klong int\x1b[m\x1b[K\xe2\x80\x99} [\x1b[01;35m\x1b[K\x1b]8;;https://gcc.gnu.org/onlinedocs/gcc/Warning-Options.html#index-Wformat=\x07-Wformat=\x1b]8;;\x07\x1b[m\x1b[K]\n'}
[8.048280] (dddmr_sc_pgo) StderrLine: {'line': b'  362 |             \x1b[01;35m\x1b[K"\xe5\x88\x9b\xe5\xbb\xba\xe5\x85\xb3\xe9\x94\xae\xe5\xb8\xa7 #%d, \xe7\x82\xb9\xe6\x95\xb0: %zu, ScanContext \xe5\xa4\xa7\xe5\xb0\x8f: %dx%d"\x1b[m\x1b[K,\n'}
[8.048300] (dddmr_sc_pgo) StderrLine: {'line': b'      |             \x1b[01;35m\x1b[K^~~~~~~~~~~~~~~~~~~~~~~~~~~~~~~~~~~~~~~~~~~~~~~~~~~~\x1b[m\x1b[K\n'}
[8.048319] (dddmr_sc_pgo) StderrLine: {'line': b'  363 |             keyframe->id, downsampled_cloud->size(),\n'}
[8.048339] (dddmr_sc_pgo) StderrLine: {'line': b'  364 |             keyframe->scan_context.rows(), \x1b[32m\x1b[Kkeyframe->scan_context.cols()\x1b[m\x1b[K);\n'}
[8.048359] (dddmr_sc_pgo) StderrLine: {'line': b'      |                                            \x1b[32m\x1b[K~~~~~~~~~~~~~~~~~~~~~~~~~~~~~\x1b[m\x1b[K\n'}
[8.048380] (dddmr_sc_pgo) StderrLine: {'line': b'      |                                                                       \x1b[32m\x1b[K|\x1b[m\x1b[K\n'}
[8.048398] (dddmr_sc_pgo) StderrLine: {'line': b'      |                                                                       \x1b[32m\x1b[KEigen::Index {aka long int}\x1b[m\x1b[K\n'}
[8.048418] (dddmr_sc_pgo) StderrLine: {'line': b'\x1b[01m\x1b[K/root/dddmr_navigation/src/dddmr_sc_pgo/src/sc_pgo_node.cpp:362:63:\x1b[m\x1b[K \x1b[01;36m\x1b[Knote: \x1b[m\x1b[Kformat string is defined here\n'}
[8.048438] (dddmr_sc_pgo) StderrLine: {'line': b'  362 |             "\xe5\x88\x9b\xe5\xbb\xba\xe5\x85\xb3\xe9\x94\xae\xe5\xb8\xa7 #%d, \xe7\x82\xb9\xe6\x95\xb0: %zu, ScanContext \xe5\xa4\xa7\xe5\xb0\x8f: %dx\x1b[01;36m\x1b[K%d\x1b[m\x1b[K",\n'}
[8.048458] (dddmr_sc_pgo) StderrLine: {'line': b'      |                                                              \x1b[01;36m\x1b[K~^\x1b[m\x1b[K\n'}
[8.048477] (dddmr_sc_pgo) StderrLine: {'line': b'      |                                                               \x1b[01;36m\x1b[K|\x1b[m\x1b[K\n'}
[8.048496] (dddmr_sc_pgo) StderrLine: {'line': b'      |                                                               \x1b[01;36m\x1b[Kint\x1b[m\x1b[K\n'}
[8.048516] (dddmr_sc_pgo) StderrLine: {'line': b'      |                                                              \x1b[32m\x1b[K%ld\x1b[m\x1b[K\n'}
[8.071091] (dddmr_sc_pgo) StderrLine: {'line': b'\x1b[01m\x1b[K/root/dddmr_navigation/src/dddmr_sc_pgo/src/sc_pgo_node.cpp:\x1b[m\x1b[K In member function \xe2\x80\x98\x1b[01m\x1b[Kvoid SC_PGO_Node::\x1b[01;32m\x1b[KdetectLoop\x1b[m\x1b[K()\x1b[m\x1b[K\xe2\x80\x99:\n'}
[8.071212] (dddmr_sc_pgo) StderrLine: {'line': b'\x1b[01m\x1b[K/root/dddmr_navigation/src/dddmr_sc_pgo/src/sc_pgo_node.cpp:426:40:\x1b[m\x1b[K \x1b[01;31m\x1b[Kerror: \x1b[m\x1b[K\xe2\x80\x98\x1b[01m\x1b[Ksc_manager_\x1b[m\x1b[K\xe2\x80\x99 was not declared in this scope\n'}
[8.071241] (dddmr_sc_pgo) StderrLine: {'line': b'  426 |         auto [loop_candidate, score] = \x1b[01;31m\x1b[Ksc_manager_\x1b[m\x1b[K.detectLoopClosureID();\n'}
[8.071264] (dddmr_sc_pgo) StderrLine: {'line': b'      |                                        \x1b[01;31m\x1b[K^~~~~~~~~~~\x1b[m\x1b[K\n'}
[8.072952] (dddmr_sc_pgo) StderrLine: {'line': b'\x1b[01m\x1b[K/root/dddmr_navigation/src/dddmr_sc_pgo/src/sc_pgo_node.cpp:\x1b[m\x1b[K In member function \xe2\x80\x98\x1b[01m\x1b[Kvoid SC_PGO_Node::\x1b[01;32m\x1b[KpublishOptimizedOdom\x1b[m\x1b[K(int, const gtsam::Pose3&)\x1b[m\x1b[K\xe2\x80\x99:\n'}
[8.073017] (dddmr_sc_pgo) StderrLine: {'line': b'\x1b[01m\x1b[K/root/dddmr_navigation/src/dddmr_sc_pgo/src/sc_pgo_node.cpp:540:47:\x1b[m\x1b[K \x1b[01;35m\x1b[Kwarning: \x1b[m\x1b[K\xe2\x80\x98\x1b[01m\x1b[Kgtsam::Vector gtsam::Rot3::\x1b[01;32m\x1b[Kquaternion\x1b[m\x1b[K() const\x1b[m\x1b[K\xe2\x80\x99 is deprecated [\x1b[01;35m\x1b[K\x1b]8;;https://gcc.gnu.org/onlinedocs/gcc/Warning-Options.html#index-Wdeprecated-declarations\x07-Wdeprecated-declarations\x1b]8;;\x07\x1b[m\x1b[K]\n'}
[8.073048] (dddmr_sc_pgo) StderrLine: {'line': b'  540 |         auto quat = \x1b[01;35m\x1b[Kpose.rotation().quaternion()\x1b[m\x1b[K;\n'}
[8.073071] (dddmr_sc_pgo) StderrLine: {'line': b'      |                     \x1b[01;35m\x1b[K~~~~~~~~~~~~~~~~~~~~~~~~~~^~\x1b[m\x1b[K\n'}
[8.073098] (dddmr_sc_pgo) StderrLine: {'line': b'In file included from \x1b[01m\x1b[K/root/dddmr_navigation/src/dddmr_sc_pgo/src/sc_pgo_node.cpp:33\x1b[m\x1b[K:\n'}
[8.073118] (dddmr_sc_pgo) StderrLine: {'line': b'\x1b[01m\x1b[K/usr/local/include/gtsam/geometry/Rot3.h:526:29:\x1b[m\x1b[K \x1b[01;36m\x1b[Knote: \x1b[m\x1b[Kdeclared here\n'}
[8.073139] (dddmr_sc_pgo) StderrLine: {'line': b'  526 |     Vector GTSAM_DEPRECATED \x1b[01;36m\x1b[Kquaternion\x1b[m\x1b[K() const;\n'}
[8.073166] (dddmr_sc_pgo) StderrLine: {'line': b'      |                             \x1b[01;36m\x1b[K^~~~~~~~~~\x1b[m\x1b[K\n'}
[8.073794] (dddmr_sc_pgo) StderrLine: {'line': b'\x1b[01m\x1b[K/root/dddmr_navigation/src/dddmr_sc_pgo/src/sc_pgo_node.cpp:\x1b[m\x1b[K In member function \xe2\x80\x98\x1b[01m\x1b[Kvoid SC_PGO_Node::\x1b[01;32m\x1b[KpublishOptimizedPath\x1b[m\x1b[K()\x1b[m\x1b[K\xe2\x80\x99:\n'}
[8.073868] (dddmr_sc_pgo) StderrLine: {'line': b'\x1b[01m\x1b[K/root/dddmr_navigation/src/dddmr_sc_pgo/src/sc_pgo_node.cpp:574:55:\x1b[m\x1b[K \x1b[01;35m\x1b[Kwarning: \x1b[m\x1b[K\xe2\x80\x98\x1b[01m\x1b[Kgtsam::Vector gtsam::Rot3::\x1b[01;32m\x1b[Kquaternion\x1b[m\x1b[K() const\x1b[m\x1b[K\xe2\x80\x99 is deprecated [\x1b[01;35m\x1b[K\x1b]8;;https://gcc.gnu.org/onlinedocs/gcc/Warning-Options.html#index-Wdeprecated-declarations\x07-Wdeprecated-declarations\x1b]8;;\x07\x1b[m\x1b[K]\n'}
[8.073897] (dddmr_sc_pgo) StderrLine: {'line': b'  574 |                 auto quat = \x1b[01;35m\x1b[Kpose.rotation().quaternion()\x1b[m\x1b[K;\n'}
[8.073920] (dddmr_sc_pgo) StderrLine: {'line': b'      |                             \x1b[01;35m\x1b[K~~~~~~~~~~~~~~~~~~~~~~~~~~^~\x1b[m\x1b[K\n'}
[8.073942] (dddmr_sc_pgo) StderrLine: {'line': b'\x1b[01m\x1b[K/usr/local/include/gtsam/geometry/Rot3.h:526:29:\x1b[m\x1b[K \x1b[01;36m\x1b[Knote: \x1b[m\x1b[Kdeclared here\n'}
[8.073962] (dddmr_sc_pgo) StderrLine: {'line': b'  526 |     Vector GTSAM_DEPRECATED \x1b[01;36m\x1b[Kquaternion\x1b[m\x1b[K() const;\n'}
[8.073983] (dddmr_sc_pgo) StderrLine: {'line': b'      |                             \x1b[01;36m\x1b[K^~~~~~~~~~\x1b[m\x1b[K\n'}
[8.075780] (dddmr_sc_pgo) StderrLine: {'line': b'\x1b[01m\x1b[K/root/dddmr_navigation/src/dddmr_sc_pgo/src/sc_pgo_node.cpp:\x1b[m\x1b[K In member function \xe2\x80\x98\x1b[01m\x1b[Kvoid SC_PGO_Node::\x1b[01;32m\x1b[KpublishKeyframesMap\x1b[m\x1b[K()\x1b[m\x1b[K\xe2\x80\x99:\n'}
[8.075839] (dddmr_sc_pgo) StderrLine: {'line': b'\x1b[01m\x1b[K/root/dddmr_navigation/src/dddmr_sc_pgo/src/sc_pgo_node.cpp:618:18:\x1b[m\x1b[K \x1b[01;31m\x1b[Kerror: \x1b[m\x1b[K\xe2\x80\x98\x1b[01m\x1b[KtransformPointCloud\x1b[m\x1b[K\xe2\x80\x99 is not a member of \xe2\x80\x98\x1b[01m\x1b[Kpcl\x1b[m\x1b[K\xe2\x80\x99\n'}
[8.075868] (dddmr_sc_pgo) StderrLine: {'line': b'  618 |             pcl::\x1b[01;31m\x1b[KtransformPointCloud\x1b[m\x1b[K(*keyframe->cloud, *transformed_cloud, transform);\n'}
[8.075890] (dddmr_sc_pgo) StderrLine: {'line': b'      |                  \x1b[01;31m\x1b[K^~~~~~~~~~~~~~~~~~~\x1b[m\x1b[K\n'}
[8.076321] (dddmr_sc_pgo) StderrLine: {'line': b'\x1b[01m\x1b[K/root/dddmr_navigation/src/dddmr_sc_pgo/src/sc_pgo_node.cpp:\x1b[m\x1b[K In member function \xe2\x80\x98\x1b[01m\x1b[Kvoid SC_PGO_Node::\x1b[01;32m\x1b[KpublishLoopMarkers\x1b[m\x1b[K()\x1b[m\x1b[K\xe2\x80\x99:\n'}
[8.076351] (dddmr_sc_pgo) StderrLine: {'line': b'\x1b[01m\x1b[K/root/dddmr_navigation/src/dddmr_sc_pgo/src/sc_pgo_node.cpp:645:9:\x1b[m\x1b[K \x1b[01;31m\x1b[Kerror: \x1b[m\x1b[K\xe2\x80\x98\x1b[01m\x1b[Kvisualization_msgs\x1b[m\x1b[K\xe2\x80\x99 has not been declared\n'}
[8.076376] (dddmr_sc_pgo) StderrLine: {'line': b'  645 |         \x1b[01;31m\x1b[Kvisualization_msgs\x1b[m\x1b[K::msg::MarkerArray markers;\n'}
[8.076397] (dddmr_sc_pgo) StderrLine: {'line': b'      |         \x1b[01;31m\x1b[K^~~~~~~~~~~~~~~~~~\x1b[m\x1b[K\n'}
[8.076669] (dddmr_sc_pgo) StderrLine: {'line': b'\x1b[01m\x1b[K/root/dddmr_navigation/src/dddmr_sc_pgo/src/sc_pgo_node.cpp:659:13:\x1b[m\x1b[K \x1b[01;31m\x1b[Kerror: \x1b[m\x1b[K\xe2\x80\x98\x1b[01m\x1b[Kvisualization_msgs\x1b[m\x1b[K\xe2\x80\x99 has not been declared\n'}
[8.076725] (dddmr_sc_pgo) StderrLine: {'line': b'  659 |             \x1b[01;31m\x1b[Kvisualization_msgs\x1b[m\x1b[K::msg::Marker marker;\n'}
[8.076753] (dddmr_sc_pgo) StderrLine: {'line': b'      |             \x1b[01;31m\x1b[K^~~~~~~~~~~~~~~~~~\x1b[m\x1b[K\n'}
[8.083751] (dddmr_sc_pgo) StderrLine: {'line': b'\x1b[01m\x1b[K/root/dddmr_navigation/src/dddmr_sc_pgo/src/sc_pgo_node.cpp:660:13:\x1b[m\x1b[K \x1b[01;31m\x1b[Kerror: \x1b[m\x1b[K\xe2\x80\x98\x1b[01m\x1b[Kmarker\x1b[m\x1b[K\xe2\x80\x99 was not declared in this scope\n'}
[8.083840] (dddmr_sc_pgo) StderrLine: {'line': b'  660 |             \x1b[01;31m\x1b[Kmarker\x1b[m\x1b[K.header.stamp = this->now();\n'}
[8.083868] (dddmr_sc_pgo) StderrLine: {'line': b'      |             \x1b[01;31m\x1b[K^~~~~~\x1b[m\x1b[K\n'}
[8.083891] (dddmr_sc_pgo) StderrLine: {'line': b'\x1b[01m\x1b[K/root/dddmr_navigation/src/dddmr_sc_pgo/src/sc_pgo_node.cpp:664:27:\x1b[m\x1b[K \x1b[01;31m\x1b[Kerror: \x1b[m\x1b[K\xe2\x80\x98\x1b[01m\x1b[Kvisualization_msgs\x1b[m\x1b[K\xe2\x80\x99 has not been declared\n'}
[8.083912] (dddmr_sc_pgo) StderrLine: {'line': b'  664 |             marker.type = \x1b[01;31m\x1b[Kvisualization_msgs\x1b[m\x1b[K::msg::Marker::LINE_LIST;\n'}
[8.083933] (dddmr_sc_pgo) StderrLine: {'line': b'      |                           \x1b[01;31m\x1b[K^~~~~~~~~~~~~~~~~~\x1b[m\x1b[K\n'}
[8.083953] (dddmr_sc_pgo) StderrLine: {'line': b'\x1b[01m\x1b[K/root/dddmr_navigation/src/dddmr_sc_pgo/src/sc_pgo_node.cpp:665:29:\x1b[m\x1b[K \x1b[01;31m\x1b[Kerror: \x1b[m\x1b[K\xe2\x80\x98\x1b[01m\x1b[Kvisualization_msgs\x1b[m\x1b[K\xe2\x80\x99 has not been declared\n'}
[8.083974] (dddmr_sc_pgo) StderrLine: {'line': b'  665 |             marker.action = \x1b[01;31m\x1b[Kvisualization_msgs\x1b[m\x1b[K::msg::Marker::ADD;\n'}
[8.083993] (dddmr_sc_pgo) StderrLine: {'line': b'      |                             \x1b[01;31m\x1b[K^~~~~~~~~~~~~~~~~~\x1b[m\x1b[K\n'}
[8.091397] (dddmr_sc_pgo) StderrLine: {'line': b'\x1b[01m\x1b[K/root/dddmr_navigation/src/dddmr_sc_pgo/src/sc_pgo_node.cpp:679:13:\x1b[m\x1b[K \x1b[01;31m\x1b[Kerror: \x1b[m\x1b[K\xe2\x80\x98\x1b[01m\x1b[Kmarkers\x1b[m\x1b[K\xe2\x80\x99 was not declared in this scope; did you mean \xe2\x80\x98\x1b[01m\x1b[Kmarker_id\x1b[m\x1b[K\xe2\x80\x99?\n'}
[8.091552] (dddmr_sc_pgo) StderrLine: {'line': b'  679 |             \x1b[01;31m\x1b[Kmarkers\x1b[m\x1b[K.markers.push_back(marker);\n'}
[8.091581] (dddmr_sc_pgo) StderrLine: {'line': b'      |             \x1b[01;31m\x1b[K^~~~~~~\x1b[m\x1b[K\n'}
[8.091606] (dddmr_sc_pgo) StderrLine: {'line': b'      |             \x1b[32m\x1b[Kmarker_id\x1b[m\x1b[K\n'}
[8.110018] (dddmr_sc_pgo) StderrLine: {'line': b'\x1b[01m\x1b[K/root/dddmr_navigation/src/dddmr_sc_pgo/src/sc_pgo_node.cpp:682:9:\x1b[m\x1b[K \x1b[01;31m\x1b[Kerror: \x1b[m\x1b[K\xe2\x80\x98\x1b[01m\x1b[Kloop_marker_pub_\x1b[m\x1b[K\xe2\x80\x99 was not declared in this scope\n'}
[8.110154] (dddmr_sc_pgo) StderrLine: {'line': b'  682 |         \x1b[01;31m\x1b[Kloop_marker_pub_\x1b[m\x1b[K->publish(markers);\n'}
[8.110182] (dddmr_sc_pgo) StderrLine: {'line': b'      |         \x1b[01;31m\x1b[K^~~~~~~~~~~~~~~~\x1b[m\x1b[K\n'}
[8.117858] (dddmr_sc_pgo) StderrLine: {'line': b'\x1b[01m\x1b[K/root/dddmr_navigation/src/dddmr_sc_pgo/src/sc_pgo_node.cpp:682:35:\x1b[m\x1b[K \x1b[01;31m\x1b[Kerror: \x1b[m\x1b[K\xe2\x80\x98\x1b[01m\x1b[Kmarkers\x1b[m\x1b[K\xe2\x80\x99 was not declared in this scope; did you mean \xe2\x80\x98\x1b[01m\x1b[Kmarker_id\x1b[m\x1b[K\xe2\x80\x99?\n'}
[8.117927] (dddmr_sc_pgo) StderrLine: {'line': b'  682 |         loop_marker_pub_->publish(\x1b[01;31m\x1b[Kmarkers\x1b[m\x1b[K);\n'}
[8.117955] (dddmr_sc_pgo) StderrLine: {'line': b'      |                                   \x1b[01;31m\x1b[K^~~~~~~\x1b[m\x1b[K\n'}
[8.117981] (dddmr_sc_pgo) StderrLine: {'line': b'      |                                   \x1b[32m\x1b[Kmarker_id\x1b[m\x1b[K\n'}
[8.118954] (-) TimerEvent: {}
[8.151524] (dddmr_sc_pgo) StderrLine: {'line': b'\x1b[01m\x1b[K/root/dddmr_navigation/src/dddmr_sc_pgo/src/sc_pgo_node.cpp:\x1b[m\x1b[K At global scope:\n'}
[8.151659] (dddmr_sc_pgo) StderrLine: {'line': b'\x1b[01m\x1b[K/root/dddmr_navigation/src/dddmr_sc_pgo/src/sc_pgo_node.cpp:788:1:\x1b[m\x1b[K \x1b[01;31m\x1b[Kerror: \x1b[m\x1b[Kexpected declaration before \xe2\x80\x98\x1b[01m\x1b[K}\x1b[m\x1b[K\xe2\x80\x99 token\n'}
[8.151702] (dddmr_sc_pgo) StderrLine: {'line': b'  788 | \x1b[01;31m\x1b[K}\x1b[m\x1b[K  // namespace dddmr_sc_pgo\n'}
[8.151725] (dddmr_sc_pgo) StderrLine: {'line': b'      | \x1b[01;31m\x1b[K^\x1b[m\x1b[K\n'}
[8.153276] (dddmr_sc_pgo) StderrLine: {'line': b'\x1b[01m\x1b[K/root/dddmr_navigation/src/dddmr_sc_pgo/src/sc_pgo_node.cpp:\x1b[m\x1b[K In function \xe2\x80\x98\x1b[01m\x1b[Kint\x1b[01;32m\x1b[K main\x1b[m\x1b[K(int, char**)\x1b[m\x1b[K\xe2\x80\x99:\n'}
[8.153341] (dddmr_sc_pgo) StderrLine: {'line': b'\x1b[01m\x1b[K/root/dddmr_navigation/src/dddmr_sc_pgo/src/sc_pgo_node.cpp:801:52:\x1b[m\x1b[K \x1b[01;31m\x1b[Kerror: \x1b[m\x1b[K\xe2\x80\x98\x1b[01m\x1b[KSC_PGO_Node\x1b[m\x1b[K\xe2\x80\x99 is not a member of \xe2\x80\x98\x1b[01m\x1b[Kdddmr_sc_pgo\x1b[m\x1b[K\xe2\x80\x99; did you mean \xe2\x80\x98\x1b[01m\x1b[KSC_PGO_Node\x1b[m\x1b[K\xe2\x80\x99?\n'}
[8.153372] (dddmr_sc_pgo) StderrLine: {'line': b'  801 |         auto node = std::make_shared<dddmr_sc_pgo::\x1b[01;31m\x1b[KSC_PGO_Node\x1b[m\x1b[K>();\n'}
[8.153398] (dddmr_sc_pgo) StderrLine: {'line': b'      |                                                    \x1b[01;31m\x1b[K^~~~~~~~~~~\x1b[m\x1b[K\n'}
[8.153455] (dddmr_sc_pgo) StderrLine: {'line': b'\x1b[01m\x1b[K/root/dddmr_navigation/src/dddmr_sc_pgo/src/sc_pgo_node.cpp:68:7:\x1b[m\x1b[K \x1b[01;36m\x1b[Knote: \x1b[m\x1b[K\xe2\x80\x98\x1b[01m\x1b[KSC_PGO_Node\x1b[m\x1b[K\xe2\x80\x99 declared here\n'}
[8.153478] (dddmr_sc_pgo) StderrLine: {'line': b'   68 | class \x1b[01;36m\x1b[KSC_PGO_Node\x1b[m\x1b[K : public rclcpp::Node\n'}
[8.153499] (dddmr_sc_pgo) StderrLine: {'line': b'      |       \x1b[01;36m\x1b[K^~~~~~~~~~~\x1b[m\x1b[K\n'}
[8.153521] (dddmr_sc_pgo) StderrLine: {'line': b'\x1b[01m\x1b[K/root/dddmr_navigation/src/dddmr_sc_pgo/src/sc_pgo_node.cpp:801:64:\x1b[m\x1b[K \x1b[01;31m\x1b[Kerror: \x1b[m\x1b[Kno matching function for call to \xe2\x80\x98\x1b[01m\x1b[Kmake_shared<<expression error> >()\x1b[m\x1b[K\xe2\x80\x99\n'}
[8.153549] (dddmr_sc_pgo) StderrLine: {'line': b'  801 |         auto node = \x1b[01;31m\x1b[Kstd::make_shared<dddmr_sc_pgo::SC_PGO_Node>()\x1b[m\x1b[K;\n'}
[8.153569] (dddmr_sc_pgo) StderrLine: {'line': b'      |                     \x1b[01;31m\x1b[K~~~~~~~~~~~~~~~~~~~~~~~~~~~~~~~~~~~~~~~~~~~^~\x1b[m\x1b[K\n'}
[8.153590] (dddmr_sc_pgo) StderrLine: {'line': b'In file included from \x1b[01m\x1b[K/usr/include/c++/13/memory:80\x1b[m\x1b[K,\n'}
[8.153610] (dddmr_sc_pgo) StderrLine: {'line': b'                 from \x1b[01m\x1b[K/opt/ros/humble/include/rclcpp/rclcpp/rclcpp.hpp:153\x1b[m\x1b[K:\n'}
[8.153630] (dddmr_sc_pgo) StderrLine: {'line': b'\x1b[01m\x1b[K/usr/include/c++/13/bits/shared_ptr.h:1005:5:\x1b[m\x1b[K \x1b[01;36m\x1b[Knote: \x1b[m\x1b[Kcandidate: \xe2\x80\x98\x1b[01m\x1b[Ktemplate<class _Tp, class ... _Args> std::shared_ptr<typename std::enable_if<(! std::is_array< <template-parameter-1-1> >::value), _Tp>::type> std::\x1b[01;32m\x1b[Kmake_shared\x1b[m\x1b[K(_Args&& ...)\x1b[m\x1b[K\xe2\x80\x99\n'}
[8.153652] (dddmr_sc_pgo) StderrLine: {'line': b' 1005 |     \x1b[01;36m\x1b[Kmake_shared\x1b[m\x1b[K(_Args&&... __args)\n'}
[8.153672] (dddmr_sc_pgo) StderrLine: {'line': b'      |     \x1b[01;36m\x1b[K^~~~~~~~~~~\x1b[m\x1b[K\n'}
[8.153692] (dddmr_sc_pgo) StderrLine: {'line': b'\x1b[01m\x1b[K/usr/include/c++/13/bits/shared_ptr.h:1005:5:\x1b[m\x1b[K \x1b[01;36m\x1b[Knote: \x1b[m\x1b[K  template argument deduction/substitution failed:\n'}
[8.153711] (dddmr_sc_pgo) StderrLine: {'line': b'\x1b[01m\x1b[K/root/dddmr_navigation/src/dddmr_sc_pgo/src/sc_pgo_node.cpp:801:64:\x1b[m\x1b[K \x1b[01;31m\x1b[Kerror: \x1b[m\x1b[Ktemplate argument 1 is invalid\n'}
[8.153731] (dddmr_sc_pgo) StderrLine: {'line': b'  801 |         auto node = \x1b[01;31m\x1b[Kstd::make_shared<dddmr_sc_pgo::SC_PGO_Node>()\x1b[m\x1b[K;\n'}
[8.153750] (dddmr_sc_pgo) StderrLine: {'line': b'      |                     \x1b[01;31m\x1b[K~~~~~~~~~~~~~~~~~~~~~~~~~~~~~~~~~~~~~~~~~~~^~\x1b[m\x1b[K\n'}
[8.219048] (-) TimerEvent: {}
[8.319335] (-) TimerEvent: {}
[8.419645] (-) TimerEvent: {}
[8.519962] (-) TimerEvent: {}
[8.620252] (-) TimerEvent: {}
[8.720542] (-) TimerEvent: {}
[8.820855] (-) TimerEvent: {}
[8.921160] (-) TimerEvent: {}
[9.021468] (-) TimerEvent: {}
[9.121778] (-) TimerEvent: {}
[9.222088] (-) TimerEvent: {}
[9.322401] (-) TimerEvent: {}
[9.422727] (-) TimerEvent: {}
[9.522962] (-) TimerEvent: {}
[9.623192] (-) TimerEvent: {}
[9.723489] (-) TimerEvent: {}
[9.823784] (-) TimerEvent: {}
[9.924119] (-) TimerEvent: {}
[10.024417] (-) TimerEvent: {}
[10.124743] (-) TimerEvent: {}
[10.225015] (-) TimerEvent: {}
[10.325264] (-) TimerEvent: {}
[10.425568] (-) TimerEvent: {}
[10.525888] (-) TimerEvent: {}
[10.626117] (-) TimerEvent: {}
[10.726412] (-) TimerEvent: {}
[10.826722] (-) TimerEvent: {}
[10.849558] (dddmr_sc_pgo) StderrLine: {'line': b'gmake[2]: *** [CMakeFiles/sc_pgo_node.dir/build.make:76: CMakeFiles/sc_pgo_node.dir/src/sc_pgo_node.cpp.o] Error 1\n'}
[10.849682] (dddmr_sc_pgo) StderrLine: {'line': b'gmake[1]: *** [CMakeFiles/Makefile2:165: CMakeFiles/sc_pgo_node.dir/all] Error 2\n'}
[10.850192] (dddmr_sc_pgo) StderrLine: {'line': b'gmake: *** [Makefile:146: all] Error 2\n'}
[10.852043] (dddmr_sc_pgo) CommandEnded: {'returncode': 2}
[10.856881] (dddmr_sc_pgo) JobEnded: {'identifier': 'dddmr_sc_pgo', 'rc': 2}
[10.867125] (-) EventReactorShutdown: {}
