[0.643s] DEBUG:colcon:Command line arguments: ['/usr/bin/colcon', 'build']
[0.644s] DEBUG:colcon:Parsed command line arguments: Namespace(log_base=None, log_level=None, verb_name='build', build_base='build', install_base='install', merge_install=False, symlink_install=False, test_result_base=None, continue_on_error=False, executor='parallel', parallel_workers=28, event_handlers=None, ignore_user_meta=False, metas=['./colcon.meta'], base_paths=['.'], packages_ignore=None, packages_ignore_regex=None, paths=None, packages_up_to=None, packages_up_to_regex=None, packages_above=None, packages_above_and_dependencies=None, packages_above_depth=None, packages_select_by_dep=None, packages_skip_by_dep=None, packages_skip_up_to=None, packages_select_build_failed=False, packages_skip_build_finished=False, packages_select_test_failures=False, packages_skip_test_passed=False, packages_select=None, packages_skip=None, packages_select_regex=None, packages_skip_regex=None, packages_start=None, packages_end=None, allow_overriding=[], cmake_args=None, cmake_target=None, cmake_target_skip_unavailable=False, cmake_clean_cache=False, cmake_clean_first=False, cmake_force_configure=False, ament_cmake_args=None, catkin_cmake_args=None, catkin_skip_building_tests=False, verb_parser=<colcon_defaults.argument_parser.defaults.DefaultArgumentsDecorator object at 0x77ebfd3af1c0>, verb_extension=<colcon_core.verb.build.BuildVerb object at 0x77ebfd3aebc0>, main=<bound method BuildVerb.main of <colcon_core.verb.build.BuildVerb object at 0x77ebfd3aebc0>>)
[1.492s] Level 1:colcon.colcon_core.package_discovery:discover_packages(colcon_meta) check parameters
[1.493s] Level 1:colcon.colcon_core.package_discovery:discover_packages(recursive) check parameters
[1.494s] Level 1:colcon.colcon_core.package_discovery:discover_packages(ignore) check parameters
[1.494s] Level 1:colcon.colcon_core.package_discovery:discover_packages(path) check parameters
[1.494s] Level 1:colcon.colcon_core.package_discovery:discover_packages(colcon_meta) discover
[1.495s] Level 1:colcon.colcon_core.package_discovery:discover_packages(recursive) discover
[1.495s] INFO:colcon.colcon_core.package_discovery:Crawling recursively for packages in '/root/dddmr_navigation'
[1.496s] Level 1:colcon.colcon_core.package_identification:_identify(.) by extensions ['ignore', 'ignore_ament_install']
[1.497s] Level 1:colcon.colcon_core.package_identification:_identify(.) by extension 'ignore'
[1.497s] Level 1:colcon.colcon_core.package_identification:_identify(.) by extension 'ignore_ament_install'
[1.498s] Level 1:colcon.colcon_core.package_identification:_identify(.) by extensions ['colcon_pkg']
[1.498s] Level 1:colcon.colcon_core.package_identification:_identify(.) by extension 'colcon_pkg'
[1.498s] Level 1:colcon.colcon_core.package_identification:_identify(.) by extensions ['colcon_meta']
[1.498s] Level 1:colcon.colcon_core.package_identification:_identify(.) by extension 'colcon_meta'
[1.499s] Level 1:colcon.colcon_core.package_identification:_identify(.) by extensions ['ros']
[1.499s] Level 1:colcon.colcon_core.package_identification:_identify(.) by extension 'ros'
[1.576s] Level 1:colcon.colcon_core.package_identification:_identify(.) by extensions ['cmake', 'python']
[1.577s] Level 1:colcon.colcon_core.package_identification:_identify(.) by extension 'cmake'
[1.577s] Level 1:colcon.colcon_core.package_identification:_identify(.) by extension 'python'
[1.577s] Level 1:colcon.colcon_core.package_identification:_identify(.) by extensions ['python_setup_py']
[1.577s] Level 1:colcon.colcon_core.package_identification:_identify(.) by extension 'python_setup_py'
[1.578s] Level 1:colcon.colcon_core.package_identification:_identify(build) by extensions ['ignore', 'ignore_ament_install']
[1.579s] Level 1:colcon.colcon_core.package_identification:_identify(build) by extension 'ignore'
[1.579s] Level 1:colcon.colcon_core.package_identification:_identify(build) ignored
[1.580s] Level 1:colcon.colcon_core.package_identification:_identify(install) by extensions ['ignore', 'ignore_ament_install']
[1.580s] Level 1:colcon.colcon_core.package_identification:_identify(install) by extension 'ignore'
[1.580s] Level 1:colcon.colcon_core.package_identification:_identify(install) ignored
[1.581s] Level 1:colcon.colcon_core.package_identification:_identify(log) by extensions ['ignore', 'ignore_ament_install']
[1.582s] Level 1:colcon.colcon_core.package_identification:_identify(log) by extension 'ignore'
[1.582s] Level 1:colcon.colcon_core.package_identification:_identify(log) ignored
[1.583s] Level 1:colcon.colcon_core.package_identification:_identify(src) by extensions ['ignore', 'ignore_ament_install']
[1.583s] Level 1:colcon.colcon_core.package_identification:_identify(src) by extension 'ignore'
[1.583s] Level 1:colcon.colcon_core.package_identification:_identify(src) by extension 'ignore_ament_install'
[1.584s] Level 1:colcon.colcon_core.package_identification:_identify(src) by extensions ['colcon_pkg']
[1.584s] Level 1:colcon.colcon_core.package_identification:_identify(src) by extension 'colcon_pkg'
[1.584s] Level 1:colcon.colcon_core.package_identification:_identify(src) by extensions ['colcon_meta']
[1.584s] Level 1:colcon.colcon_core.package_identification:_identify(src) by extension 'colcon_meta'
[1.584s] Level 1:colcon.colcon_core.package_identification:_identify(src) by extensions ['ros']
[1.584s] Level 1:colcon.colcon_core.package_identification:_identify(src) by extension 'ros'
[1.585s] Level 1:colcon.colcon_core.package_identification:_identify(src) by extensions ['cmake', 'python']
[1.585s] Level 1:colcon.colcon_core.package_identification:_identify(src) by extension 'cmake'
[1.585s] Level 1:colcon.colcon_core.package_identification:_identify(src) by extension 'python'
[1.585s] Level 1:colcon.colcon_core.package_identification:_identify(src) by extensions ['python_setup_py']
[1.586s] Level 1:colcon.colcon_core.package_identification:_identify(src) by extension 'python_setup_py'
[1.586s] Level 1:colcon.colcon_core.package_identification:_identify(src/FAST_LIO) by extensions ['ignore', 'ignore_ament_install']
[1.587s] Level 1:colcon.colcon_core.package_identification:_identify(src/FAST_LIO) by extension 'ignore'
[1.587s] Level 1:colcon.colcon_core.package_identification:_identify(src/FAST_LIO) by extension 'ignore_ament_install'
[1.587s] Level 1:colcon.colcon_core.package_identification:_identify(src/FAST_LIO) by extensions ['colcon_pkg']
[1.587s] Level 1:colcon.colcon_core.package_identification:_identify(src/FAST_LIO) by extension 'colcon_pkg'
[1.587s] Level 1:colcon.colcon_core.package_identification:_identify(src/FAST_LIO) by extensions ['colcon_meta']
[1.588s] Level 1:colcon.colcon_core.package_identification:_identify(src/FAST_LIO) by extension 'colcon_meta'
[1.588s] Level 1:colcon.colcon_core.package_identification:_identify(src/FAST_LIO) by extensions ['ros']
[1.588s] Level 1:colcon.colcon_core.package_identification:_identify(src/FAST_LIO) by extension 'ros'
[1.607s] DEBUG:colcon.colcon_core.package_identification:Package 'src/FAST_LIO' with type 'ros.ament_cmake' and name 'fast_lio'
[1.608s] Level 1:colcon.colcon_core.package_identification:_identify(src/dddmr_beginner_guide) by extensions ['ignore', 'ignore_ament_install']
[1.608s] Level 1:colcon.colcon_core.package_identification:_identify(src/dddmr_beginner_guide) by extension 'ignore'
[1.608s] Level 1:colcon.colcon_core.package_identification:_identify(src/dddmr_beginner_guide) by extension 'ignore_ament_install'
[1.609s] Level 1:colcon.colcon_core.package_identification:_identify(src/dddmr_beginner_guide) by extensions ['colcon_pkg']
[1.609s] Level 1:colcon.colcon_core.package_identification:_identify(src/dddmr_beginner_guide) by extension 'colcon_pkg'
[1.609s] Level 1:colcon.colcon_core.package_identification:_identify(src/dddmr_beginner_guide) by extensions ['colcon_meta']
[1.609s] Level 1:colcon.colcon_core.package_identification:_identify(src/dddmr_beginner_guide) by extension 'colcon_meta'
[1.610s] Level 1:colcon.colcon_core.package_identification:_identify(src/dddmr_beginner_guide) by extensions ['ros']
[1.610s] Level 1:colcon.colcon_core.package_identification:_identify(src/dddmr_beginner_guide) by extension 'ros'
[1.617s] DEBUG:colcon.colcon_core.package_identification:Package 'src/dddmr_beginner_guide' with type 'ros.ament_cmake' and name 'dddmr_beginner_guide'
[1.618s] Level 1:colcon.colcon_core.package_identification:_identify(src/dddmr_fastlio_adapter) by extensions ['ignore', 'ignore_ament_install']
[1.618s] Level 1:colcon.colcon_core.package_identification:_identify(src/dddmr_fastlio_adapter) by extension 'ignore'
[1.619s] Level 1:colcon.colcon_core.package_identification:_identify(src/dddmr_fastlio_adapter) by extension 'ignore_ament_install'
[1.619s] Level 1:colcon.colcon_core.package_identification:_identify(src/dddmr_fastlio_adapter) by extensions ['colcon_pkg']
[1.619s] Level 1:colcon.colcon_core.package_identification:_identify(src/dddmr_fastlio_adapter) by extension 'colcon_pkg'
[1.619s] Level 1:colcon.colcon_core.package_identification:_identify(src/dddmr_fastlio_adapter) by extensions ['colcon_meta']
[1.619s] Level 1:colcon.colcon_core.package_identification:_identify(src/dddmr_fastlio_adapter) by extension 'colcon_meta'
[1.620s] Level 1:colcon.colcon_core.package_identification:_identify(src/dddmr_fastlio_adapter) by extensions ['ros']
[1.620s] Level 1:colcon.colcon_core.package_identification:_identify(src/dddmr_fastlio_adapter) by extension 'ros'
[1.627s] DEBUG:colcon.colcon_core.package_identification:Package 'src/dddmr_fastlio_adapter' with type 'ros.ament_cmake' and name 'dddmr_fastlio_adapter'
[1.628s] Level 1:colcon.colcon_core.package_identification:_identify(src/dddmr_global_planner) by extensions ['ignore', 'ignore_ament_install']
[1.628s] Level 1:colcon.colcon_core.package_identification:_identify(src/dddmr_global_planner) by extension 'ignore'
[1.628s] Level 1:colcon.colcon_core.package_identification:_identify(src/dddmr_global_planner) by extension 'ignore_ament_install'
[1.629s] Level 1:colcon.colcon_core.package_identification:_identify(src/dddmr_global_planner) by extensions ['colcon_pkg']
[1.629s] Level 1:colcon.colcon_core.package_identification:_identify(src/dddmr_global_planner) by extension 'colcon_pkg'
[1.629s] Level 1:colcon.colcon_core.package_identification:_identify(src/dddmr_global_planner) by extensions ['colcon_meta']
[1.629s] Level 1:colcon.colcon_core.package_identification:_identify(src/dddmr_global_planner) by extension 'colcon_meta'
[1.629s] Level 1:colcon.colcon_core.package_identification:_identify(src/dddmr_global_planner) by extensions ['ros']
[1.630s] Level 1:colcon.colcon_core.package_identification:_identify(src/dddmr_global_planner) by extension 'ros'
[1.638s] DEBUG:colcon.colcon_core.package_identification:Package 'src/dddmr_global_planner' with type 'ros.ament_cmake' and name 'global_planner'
[1.638s] Level 1:colcon.colcon_core.package_identification:_identify(src/dddmr_lego_loam) by extensions ['ignore', 'ignore_ament_install']
[1.639s] Level 1:colcon.colcon_core.package_identification:_identify(src/dddmr_lego_loam) by extension 'ignore'
[1.639s] Level 1:colcon.colcon_core.package_identification:_identify(src/dddmr_lego_loam) by extension 'ignore_ament_install'
[1.640s] Level 1:colcon.colcon_core.package_identification:_identify(src/dddmr_lego_loam) by extensions ['colcon_pkg']
[1.640s] Level 1:colcon.colcon_core.package_identification:_identify(src/dddmr_lego_loam) by extension 'colcon_pkg'
[1.640s] Level 1:colcon.colcon_core.package_identification:_identify(src/dddmr_lego_loam) by extensions ['colcon_meta']
[1.640s] Level 1:colcon.colcon_core.package_identification:_identify(src/dddmr_lego_loam) by extension 'colcon_meta'
[1.640s] Level 1:colcon.colcon_core.package_identification:_identify(src/dddmr_lego_loam) by extensions ['ros']
[1.641s] Level 1:colcon.colcon_core.package_identification:_identify(src/dddmr_lego_loam) by extension 'ros'
[1.641s] Level 1:colcon.colcon_core.package_identification:_identify(src/dddmr_lego_loam) by extensions ['cmake', 'python']
[1.641s] Level 1:colcon.colcon_core.package_identification:_identify(src/dddmr_lego_loam) by extension 'cmake'
[1.641s] Level 1:colcon.colcon_core.package_identification:_identify(src/dddmr_lego_loam) by extension 'python'
[1.641s] Level 1:colcon.colcon_core.package_identification:_identify(src/dddmr_lego_loam) by extensions ['python_setup_py']
[1.642s] Level 1:colcon.colcon_core.package_identification:_identify(src/dddmr_lego_loam) by extension 'python_setup_py'
[1.642s] Level 1:colcon.colcon_core.package_identification:_identify(src/dddmr_lego_loam/cloud_msgs) by extensions ['ignore', 'ignore_ament_install']
[1.643s] Level 1:colcon.colcon_core.package_identification:_identify(src/dddmr_lego_loam/cloud_msgs) by extension 'ignore'
[1.643s] Level 1:colcon.colcon_core.package_identification:_identify(src/dddmr_lego_loam/cloud_msgs) by extension 'ignore_ament_install'
[1.643s] Level 1:colcon.colcon_core.package_identification:_identify(src/dddmr_lego_loam/cloud_msgs) by extensions ['colcon_pkg']
[1.643s] Level 1:colcon.colcon_core.package_identification:_identify(src/dddmr_lego_loam/cloud_msgs) by extension 'colcon_pkg'
[1.643s] Level 1:colcon.colcon_core.package_identification:_identify(src/dddmr_lego_loam/cloud_msgs) by extensions ['colcon_meta']
[1.644s] Level 1:colcon.colcon_core.package_identification:_identify(src/dddmr_lego_loam/cloud_msgs) by extension 'colcon_meta'
[1.644s] Level 1:colcon.colcon_core.package_identification:_identify(src/dddmr_lego_loam/cloud_msgs) by extensions ['ros']
[1.644s] Level 1:colcon.colcon_core.package_identification:_identify(src/dddmr_lego_loam/cloud_msgs) by extension 'ros'
[1.649s] DEBUG:colcon.colcon_core.package_identification:Package 'src/dddmr_lego_loam/cloud_msgs' with type 'ros.ament_cmake' and name 'cloud_msgs'
[1.650s] Level 1:colcon.colcon_core.package_identification:_identify(src/dddmr_lego_loam/lego_loam_bor) by extensions ['ignore', 'ignore_ament_install']
[1.650s] Level 1:colcon.colcon_core.package_identification:_identify(src/dddmr_lego_loam/lego_loam_bor) by extension 'ignore'
[1.651s] Level 1:colcon.colcon_core.package_identification:_identify(src/dddmr_lego_loam/lego_loam_bor) by extension 'ignore_ament_install'
[1.651s] Level 1:colcon.colcon_core.package_identification:_identify(src/dddmr_lego_loam/lego_loam_bor) by extensions ['colcon_pkg']
[1.651s] Level 1:colcon.colcon_core.package_identification:_identify(src/dddmr_lego_loam/lego_loam_bor) by extension 'colcon_pkg'
[1.651s] Level 1:colcon.colcon_core.package_identification:_identify(src/dddmr_lego_loam/lego_loam_bor) by extensions ['colcon_meta']
[1.651s] Level 1:colcon.colcon_core.package_identification:_identify(src/dddmr_lego_loam/lego_loam_bor) by extension 'colcon_meta'
[1.652s] Level 1:colcon.colcon_core.package_identification:_identify(src/dddmr_lego_loam/lego_loam_bor) by extensions ['ros']
[1.652s] Level 1:colcon.colcon_core.package_identification:_identify(src/dddmr_lego_loam/lego_loam_bor) by extension 'ros'
[1.663s] DEBUG:colcon.colcon_core.package_identification:Package 'src/dddmr_lego_loam/lego_loam_bor' with type 'ros.ament_cmake' and name 'lego_loam_bor'
[1.664s] Level 1:colcon.colcon_core.package_identification:_identify(src/dddmr_local_planner) by extensions ['ignore', 'ignore_ament_install']
[1.664s] Level 1:colcon.colcon_core.package_identification:_identify(src/dddmr_local_planner) by extension 'ignore'
[1.664s] Level 1:colcon.colcon_core.package_identification:_identify(src/dddmr_local_planner) by extension 'ignore_ament_install'
[1.665s] Level 1:colcon.colcon_core.package_identification:_identify(src/dddmr_local_planner) by extensions ['colcon_pkg']
[1.665s] Level 1:colcon.colcon_core.package_identification:_identify(src/dddmr_local_planner) by extension 'colcon_pkg'
[1.665s] Level 1:colcon.colcon_core.package_identification:_identify(src/dddmr_local_planner) by extensions ['colcon_meta']
[1.665s] Level 1:colcon.colcon_core.package_identification:_identify(src/dddmr_local_planner) by extension 'colcon_meta'
[1.665s] Level 1:colcon.colcon_core.package_identification:_identify(src/dddmr_local_planner) by extensions ['ros']
[1.665s] Level 1:colcon.colcon_core.package_identification:_identify(src/dddmr_local_planner) by extension 'ros'
[1.666s] Level 1:colcon.colcon_core.package_identification:_identify(src/dddmr_local_planner) by extensions ['cmake', 'python']
[1.666s] Level 1:colcon.colcon_core.package_identification:_identify(src/dddmr_local_planner) by extension 'cmake'
[1.666s] Level 1:colcon.colcon_core.package_identification:_identify(src/dddmr_local_planner) by extension 'python'
[1.666s] Level 1:colcon.colcon_core.package_identification:_identify(src/dddmr_local_planner) by extensions ['python_setup_py']
[1.667s] Level 1:colcon.colcon_core.package_identification:_identify(src/dddmr_local_planner) by extension 'python_setup_py'
[1.667s] Level 1:colcon.colcon_core.package_identification:_identify(src/dddmr_local_planner/base_trajectory) by extensions ['ignore', 'ignore_ament_install']
[1.668s] Level 1:colcon.colcon_core.package_identification:_identify(src/dddmr_local_planner/base_trajectory) by extension 'ignore'
[1.668s] Level 1:colcon.colcon_core.package_identification:_identify(src/dddmr_local_planner/base_trajectory) by extension 'ignore_ament_install'
[1.668s] Level 1:colcon.colcon_core.package_identification:_identify(src/dddmr_local_planner/base_trajectory) by extensions ['colcon_pkg']
[1.668s] Level 1:colcon.colcon_core.package_identification:_identify(src/dddmr_local_planner/base_trajectory) by extension 'colcon_pkg'
[1.668s] Level 1:colcon.colcon_core.package_identification:_identify(src/dddmr_local_planner/base_trajectory) by extensions ['colcon_meta']
[1.669s] Level 1:colcon.colcon_core.package_identification:_identify(src/dddmr_local_planner/base_trajectory) by extension 'colcon_meta'
[1.669s] Level 1:colcon.colcon_core.package_identification:_identify(src/dddmr_local_planner/base_trajectory) by extensions ['ros']
[1.669s] Level 1:colcon.colcon_core.package_identification:_identify(src/dddmr_local_planner/base_trajectory) by extension 'ros'
[1.674s] DEBUG:colcon.colcon_core.package_identification:Package 'src/dddmr_local_planner/base_trajectory' with type 'ros.ament_cmake' and name 'base_trajectory'
[1.675s] Level 1:colcon.colcon_core.package_identification:_identify(src/dddmr_local_planner/local_planner) by extensions ['ignore', 'ignore_ament_install']
[1.675s] Level 1:colcon.colcon_core.package_identification:_identify(src/dddmr_local_planner/local_planner) by extension 'ignore'
[1.676s] Level 1:colcon.colcon_core.package_identification:_identify(src/dddmr_local_planner/local_planner) by extension 'ignore_ament_install'
[1.676s] Level 1:colcon.colcon_core.package_identification:_identify(src/dddmr_local_planner/local_planner) by extensions ['colcon_pkg']
[1.676s] Level 1:colcon.colcon_core.package_identification:_identify(src/dddmr_local_planner/local_planner) by extension 'colcon_pkg'
[1.676s] Level 1:colcon.colcon_core.package_identification:_identify(src/dddmr_local_planner/local_planner) by extensions ['colcon_meta']
[1.677s] Level 1:colcon.colcon_core.package_identification:_identify(src/dddmr_local_planner/local_planner) by extension 'colcon_meta'
[1.677s] Level 1:colcon.colcon_core.package_identification:_identify(src/dddmr_local_planner/local_planner) by extensions ['ros']
[1.677s] Level 1:colcon.colcon_core.package_identification:_identify(src/dddmr_local_planner/local_planner) by extension 'ros'
[1.688s] DEBUG:colcon.colcon_core.package_identification:Package 'src/dddmr_local_planner/local_planner' with type 'ros.ament_cmake' and name 'local_planner'
[1.689s] Level 1:colcon.colcon_core.package_identification:_identify(src/dddmr_local_planner/mpc_critics) by extensions ['ignore', 'ignore_ament_install']
[1.690s] Level 1:colcon.colcon_core.package_identification:_identify(src/dddmr_local_planner/mpc_critics) by extension 'ignore'
[1.690s] Level 1:colcon.colcon_core.package_identification:_identify(src/dddmr_local_planner/mpc_critics) by extension 'ignore_ament_install'
[1.690s] Level 1:colcon.colcon_core.package_identification:_identify(src/dddmr_local_planner/mpc_critics) by extensions ['colcon_pkg']
[1.690s] Level 1:colcon.colcon_core.package_identification:_identify(src/dddmr_local_planner/mpc_critics) by extension 'colcon_pkg'
[1.691s] Level 1:colcon.colcon_core.package_identification:_identify(src/dddmr_local_planner/mpc_critics) by extensions ['colcon_meta']
[1.691s] Level 1:colcon.colcon_core.package_identification:_identify(src/dddmr_local_planner/mpc_critics) by extension 'colcon_meta'
[1.691s] Level 1:colcon.colcon_core.package_identification:_identify(src/dddmr_local_planner/mpc_critics) by extensions ['ros']
[1.691s] Level 1:colcon.colcon_core.package_identification:_identify(src/dddmr_local_planner/mpc_critics) by extension 'ros'
[1.699s] DEBUG:colcon.colcon_core.package_identification:Package 'src/dddmr_local_planner/mpc_critics' with type 'ros.ament_cmake' and name 'mpc_critics'
[1.700s] Level 1:colcon.colcon_core.package_identification:_identify(src/dddmr_local_planner/recovery_behaviors) by extensions ['ignore', 'ignore_ament_install']
[1.700s] Level 1:colcon.colcon_core.package_identification:_identify(src/dddmr_local_planner/recovery_behaviors) by extension 'ignore'
[1.700s] Level 1:colcon.colcon_core.package_identification:_identify(src/dddmr_local_planner/recovery_behaviors) by extension 'ignore_ament_install'
[1.701s] Level 1:colcon.colcon_core.package_identification:_identify(src/dddmr_local_planner/recovery_behaviors) by extensions ['colcon_pkg']
[1.701s] Level 1:colcon.colcon_core.package_identification:_identify(src/dddmr_local_planner/recovery_behaviors) by extension 'colcon_pkg'
[1.701s] Level 1:colcon.colcon_core.package_identification:_identify(src/dddmr_local_planner/recovery_behaviors) by extensions ['colcon_meta']
[1.701s] Level 1:colcon.colcon_core.package_identification:_identify(src/dddmr_local_planner/recovery_behaviors) by extension 'colcon_meta'
[1.701s] Level 1:colcon.colcon_core.package_identification:_identify(src/dddmr_local_planner/recovery_behaviors) by extensions ['ros']
[1.702s] Level 1:colcon.colcon_core.package_identification:_identify(src/dddmr_local_planner/recovery_behaviors) by extension 'ros'
[1.711s] DEBUG:colcon.colcon_core.package_identification:Package 'src/dddmr_local_planner/recovery_behaviors' with type 'ros.ament_cmake' and name 'recovery_behaviors'
[1.712s] Level 1:colcon.colcon_core.package_identification:_identify(src/dddmr_local_planner/trajectory_generators) by extensions ['ignore', 'ignore_ament_install']
[1.713s] Level 1:colcon.colcon_core.package_identification:_identify(src/dddmr_local_planner/trajectory_generators) by extension 'ignore'
[1.713s] Level 1:colcon.colcon_core.package_identification:_identify(src/dddmr_local_planner/trajectory_generators) by extension 'ignore_ament_install'
[1.714s] Level 1:colcon.colcon_core.package_identification:_identify(src/dddmr_local_planner/trajectory_generators) by extensions ['colcon_pkg']
[1.714s] Level 1:colcon.colcon_core.package_identification:_identify(src/dddmr_local_planner/trajectory_generators) by extension 'colcon_pkg'
[1.715s] Level 1:colcon.colcon_core.package_identification:_identify(src/dddmr_local_planner/trajectory_generators) by extensions ['colcon_meta']
[1.715s] Level 1:colcon.colcon_core.package_identification:_identify(src/dddmr_local_planner/trajectory_generators) by extension 'colcon_meta'
[1.715s] Level 1:colcon.colcon_core.package_identification:_identify(src/dddmr_local_planner/trajectory_generators) by extensions ['ros']
[1.716s] Level 1:colcon.colcon_core.package_identification:_identify(src/dddmr_local_planner/trajectory_generators) by extension 'ros'
[1.724s] DEBUG:colcon.colcon_core.package_identification:Package 'src/dddmr_local_planner/trajectory_generators' with type 'ros.ament_cmake' and name 'trajectory_generators'
[1.725s] Level 1:colcon.colcon_core.package_identification:_identify(src/dddmr_mcl_3dl) by extensions ['ignore', 'ignore_ament_install']
[1.726s] Level 1:colcon.colcon_core.package_identification:_identify(src/dddmr_mcl_3dl) by extension 'ignore'
[1.726s] Level 1:colcon.colcon_core.package_identification:_identify(src/dddmr_mcl_3dl) by extension 'ignore_ament_install'
[1.726s] Level 1:colcon.colcon_core.package_identification:_identify(src/dddmr_mcl_3dl) by extensions ['colcon_pkg']
[1.726s] Level 1:colcon.colcon_core.package_identification:_identify(src/dddmr_mcl_3dl) by extension 'colcon_pkg'
[1.727s] Level 1:colcon.colcon_core.package_identification:_identify(src/dddmr_mcl_3dl) by extensions ['colcon_meta']
[1.727s] Level 1:colcon.colcon_core.package_identification:_identify(src/dddmr_mcl_3dl) by extension 'colcon_meta'
[1.727s] Level 1:colcon.colcon_core.package_identification:_identify(src/dddmr_mcl_3dl) by extensions ['ros']
[1.727s] Level 1:colcon.colcon_core.package_identification:_identify(src/dddmr_mcl_3dl) by extension 'ros'
[1.736s] DEBUG:colcon.colcon_core.package_identification:Package 'src/dddmr_mcl_3dl' with type 'ros.ament_cmake' and name 'mcl_3dl'
[1.737s] Level 1:colcon.colcon_core.package_identification:_identify(src/dddmr_odom_3d) by extensions ['ignore', 'ignore_ament_install']
[1.738s] Level 1:colcon.colcon_core.package_identification:_identify(src/dddmr_odom_3d) by extension 'ignore'
[1.738s] Level 1:colcon.colcon_core.package_identification:_identify(src/dddmr_odom_3d) by extension 'ignore_ament_install'
[1.739s] Level 1:colcon.colcon_core.package_identification:_identify(src/dddmr_odom_3d) by extensions ['colcon_pkg']
[1.739s] Level 1:colcon.colcon_core.package_identification:_identify(src/dddmr_odom_3d) by extension 'colcon_pkg'
[1.739s] Level 1:colcon.colcon_core.package_identification:_identify(src/dddmr_odom_3d) by extensions ['colcon_meta']
[1.739s] Level 1:colcon.colcon_core.package_identification:_identify(src/dddmr_odom_3d) by extension 'colcon_meta'
[1.739s] Level 1:colcon.colcon_core.package_identification:_identify(src/dddmr_odom_3d) by extensions ['ros']
[1.740s] Level 1:colcon.colcon_core.package_identification:_identify(src/dddmr_odom_3d) by extension 'ros'
[1.747s] DEBUG:colcon.colcon_core.package_identification:Package 'src/dddmr_odom_3d' with type 'ros.ament_cmake' and name 'dddmr_odom_3d'
[1.748s] Level 1:colcon.colcon_core.package_identification:_identify(src/dddmr_p2p_move_base) by extensions ['ignore', 'ignore_ament_install']
[1.749s] Level 1:colcon.colcon_core.package_identification:_identify(src/dddmr_p2p_move_base) by extension 'ignore'
[1.749s] Level 1:colcon.colcon_core.package_identification:_identify(src/dddmr_p2p_move_base) by extension 'ignore_ament_install'
[1.749s] Level 1:colcon.colcon_core.package_identification:_identify(src/dddmr_p2p_move_base) by extensions ['colcon_pkg']
[1.749s] Level 1:colcon.colcon_core.package_identification:_identify(src/dddmr_p2p_move_base) by extension 'colcon_pkg'
[1.750s] Level 1:colcon.colcon_core.package_identification:_identify(src/dddmr_p2p_move_base) by extensions ['colcon_meta']
[1.750s] Level 1:colcon.colcon_core.package_identification:_identify(src/dddmr_p2p_move_base) by extension 'colcon_meta'
[1.750s] Level 1:colcon.colcon_core.package_identification:_identify(src/dddmr_p2p_move_base) by extensions ['ros']
[1.750s] Level 1:colcon.colcon_core.package_identification:_identify(src/dddmr_p2p_move_base) by extension 'ros'
[1.759s] DEBUG:colcon.colcon_core.package_identification:Package 'src/dddmr_p2p_move_base' with type 'ros.ament_cmake' and name 'p2p_move_base'
[1.760s] Level 1:colcon.colcon_core.package_identification:_identify(src/dddmr_perception_3d) by extensions ['ignore', 'ignore_ament_install']
[1.761s] Level 1:colcon.colcon_core.package_identification:_identify(src/dddmr_perception_3d) by extension 'ignore'
[1.761s] Level 1:colcon.colcon_core.package_identification:_identify(src/dddmr_perception_3d) by extension 'ignore_ament_install'
[1.761s] Level 1:colcon.colcon_core.package_identification:_identify(src/dddmr_perception_3d) by extensions ['colcon_pkg']
[1.761s] Level 1:colcon.colcon_core.package_identification:_identify(src/dddmr_perception_3d) by extension 'colcon_pkg'
[1.762s] Level 1:colcon.colcon_core.package_identification:_identify(src/dddmr_perception_3d) by extensions ['colcon_meta']
[1.762s] Level 1:colcon.colcon_core.package_identification:_identify(src/dddmr_perception_3d) by extension 'colcon_meta'
[1.762s] Level 1:colcon.colcon_core.package_identification:_identify(src/dddmr_perception_3d) by extensions ['ros']
[1.762s] Level 1:colcon.colcon_core.package_identification:_identify(src/dddmr_perception_3d) by extension 'ros'
[1.770s] DEBUG:colcon.colcon_core.package_identification:Package 'src/dddmr_perception_3d' with type 'ros.ament_cmake' and name 'perception_3d'
[1.770s] Level 1:colcon.colcon_core.package_identification:_identify(src/dddmr_rviz_tools) by extensions ['ignore', 'ignore_ament_install']
[1.771s] Level 1:colcon.colcon_core.package_identification:_identify(src/dddmr_rviz_tools) by extension 'ignore'
[1.771s] Level 1:colcon.colcon_core.package_identification:_identify(src/dddmr_rviz_tools) by extension 'ignore_ament_install'
[1.771s] Level 1:colcon.colcon_core.package_identification:_identify(src/dddmr_rviz_tools) by extensions ['colcon_pkg']
[1.771s] Level 1:colcon.colcon_core.package_identification:_identify(src/dddmr_rviz_tools) by extension 'colcon_pkg'
[1.771s] Level 1:colcon.colcon_core.package_identification:_identify(src/dddmr_rviz_tools) by extensions ['colcon_meta']
[1.772s] Level 1:colcon.colcon_core.package_identification:_identify(src/dddmr_rviz_tools) by extension 'colcon_meta'
[1.772s] Level 1:colcon.colcon_core.package_identification:_identify(src/dddmr_rviz_tools) by extensions ['ros']
[1.772s] Level 1:colcon.colcon_core.package_identification:_identify(src/dddmr_rviz_tools) by extension 'ros'
[1.772s] Level 1:colcon.colcon_core.package_identification:_identify(src/dddmr_rviz_tools) by extensions ['cmake', 'python']
[1.773s] Level 1:colcon.colcon_core.package_identification:_identify(src/dddmr_rviz_tools) by extension 'cmake'
[1.773s] Level 1:colcon.colcon_core.package_identification:_identify(src/dddmr_rviz_tools) by extension 'python'
[1.773s] Level 1:colcon.colcon_core.package_identification:_identify(src/dddmr_rviz_tools) by extensions ['python_setup_py']
[1.773s] Level 1:colcon.colcon_core.package_identification:_identify(src/dddmr_rviz_tools) by extension 'python_setup_py'
[1.774s] Level 1:colcon.colcon_core.package_identification:_identify(src/dddmr_rviz_tools/dddmr_rviz_default_plugins) by extensions ['ignore', 'ignore_ament_install']
[1.774s] Level 1:colcon.colcon_core.package_identification:_identify(src/dddmr_rviz_tools/dddmr_rviz_default_plugins) by extension 'ignore'
[1.774s] Level 1:colcon.colcon_core.package_identification:_identify(src/dddmr_rviz_tools/dddmr_rviz_default_plugins) by extension 'ignore_ament_install'
[1.775s] Level 1:colcon.colcon_core.package_identification:_identify(src/dddmr_rviz_tools/dddmr_rviz_default_plugins) by extensions ['colcon_pkg']
[1.775s] Level 1:colcon.colcon_core.package_identification:_identify(src/dddmr_rviz_tools/dddmr_rviz_default_plugins) by extension 'colcon_pkg'
[1.775s] Level 1:colcon.colcon_core.package_identification:_identify(src/dddmr_rviz_tools/dddmr_rviz_default_plugins) by extensions ['colcon_meta']
[1.775s] Level 1:colcon.colcon_core.package_identification:_identify(src/dddmr_rviz_tools/dddmr_rviz_default_plugins) by extension 'colcon_meta'
[1.775s] Level 1:colcon.colcon_core.package_identification:_identify(src/dddmr_rviz_tools/dddmr_rviz_default_plugins) by extensions ['ros']
[1.775s] Level 1:colcon.colcon_core.package_identification:_identify(src/dddmr_rviz_tools/dddmr_rviz_default_plugins) by extension 'ros'
[1.790s] DEBUG:colcon.colcon_core.package_identification:Package 'src/dddmr_rviz_tools/dddmr_rviz_default_plugins' with type 'ros.ament_cmake' and name 'dddmr_rviz_default_plugins'
[1.791s] Level 1:colcon.colcon_core.package_identification:_identify(src/dddmr_rviz_tools/map_editor_panel) by extensions ['ignore', 'ignore_ament_install']
[1.792s] Level 1:colcon.colcon_core.package_identification:_identify(src/dddmr_rviz_tools/map_editor_panel) by extension 'ignore'
[1.792s] Level 1:colcon.colcon_core.package_identification:_identify(src/dddmr_rviz_tools/map_editor_panel) by extension 'ignore_ament_install'
[1.792s] Level 1:colcon.colcon_core.package_identification:_identify(src/dddmr_rviz_tools/map_editor_panel) by extensions ['colcon_pkg']
[1.792s] Level 1:colcon.colcon_core.package_identification:_identify(src/dddmr_rviz_tools/map_editor_panel) by extension 'colcon_pkg'
[1.793s] Level 1:colcon.colcon_core.package_identification:_identify(src/dddmr_rviz_tools/map_editor_panel) by extensions ['colcon_meta']
[1.793s] Level 1:colcon.colcon_core.package_identification:_identify(src/dddmr_rviz_tools/map_editor_panel) by extension 'colcon_meta'
[1.793s] Level 1:colcon.colcon_core.package_identification:_identify(src/dddmr_rviz_tools/map_editor_panel) by extensions ['ros']
[1.793s] Level 1:colcon.colcon_core.package_identification:_identify(src/dddmr_rviz_tools/map_editor_panel) by extension 'ros'
[1.798s] DEBUG:colcon.colcon_core.package_identification:Package 'src/dddmr_rviz_tools/map_editor_panel' with type 'ros.ament_cmake' and name 'map_editor_panel'
[1.799s] Level 1:colcon.colcon_core.package_identification:_identify(src/dddmr_rviz_tools/mapping_panel) by extensions ['ignore', 'ignore_ament_install']
[1.800s] Level 1:colcon.colcon_core.package_identification:_identify(src/dddmr_rviz_tools/mapping_panel) by extension 'ignore'
[1.800s] Level 1:colcon.colcon_core.package_identification:_identify(src/dddmr_rviz_tools/mapping_panel) by extension 'ignore_ament_install'
[1.801s] Level 1:colcon.colcon_core.package_identification:_identify(src/dddmr_rviz_tools/mapping_panel) by extensions ['colcon_pkg']
[1.801s] Level 1:colcon.colcon_core.package_identification:_identify(src/dddmr_rviz_tools/mapping_panel) by extension 'colcon_pkg'
[1.801s] Level 1:colcon.colcon_core.package_identification:_identify(src/dddmr_rviz_tools/mapping_panel) by extensions ['colcon_meta']
[1.801s] Level 1:colcon.colcon_core.package_identification:_identify(src/dddmr_rviz_tools/mapping_panel) by extension 'colcon_meta'
[1.802s] Level 1:colcon.colcon_core.package_identification:_identify(src/dddmr_rviz_tools/mapping_panel) by extensions ['ros']
[1.802s] Level 1:colcon.colcon_core.package_identification:_identify(src/dddmr_rviz_tools/mapping_panel) by extension 'ros'
[1.806s] DEBUG:colcon.colcon_core.package_identification:Package 'src/dddmr_rviz_tools/mapping_panel' with type 'ros.ament_cmake' and name 'mapping_panel'
[1.807s] Level 1:colcon.colcon_core.package_identification:_identify(src/dddmr_rviz_tools/pose_graph_editor_panel) by extensions ['ignore', 'ignore_ament_install']
[1.808s] Level 1:colcon.colcon_core.package_identification:_identify(src/dddmr_rviz_tools/pose_graph_editor_panel) by extension 'ignore'
[1.808s] Level 1:colcon.colcon_core.package_identification:_identify(src/dddmr_rviz_tools/pose_graph_editor_panel) by extension 'ignore_ament_install'
[1.808s] Level 1:colcon.colcon_core.package_identification:_identify(src/dddmr_rviz_tools/pose_graph_editor_panel) by extensions ['colcon_pkg']
[1.808s] Level 1:colcon.colcon_core.package_identification:_identify(src/dddmr_rviz_tools/pose_graph_editor_panel) by extension 'colcon_pkg'
[1.808s] Level 1:colcon.colcon_core.package_identification:_identify(src/dddmr_rviz_tools/pose_graph_editor_panel) by extensions ['colcon_meta']
[1.809s] Level 1:colcon.colcon_core.package_identification:_identify(src/dddmr_rviz_tools/pose_graph_editor_panel) by extension 'colcon_meta'
[1.809s] Level 1:colcon.colcon_core.package_identification:_identify(src/dddmr_rviz_tools/pose_graph_editor_panel) by extensions ['ros']
[1.809s] Level 1:colcon.colcon_core.package_identification:_identify(src/dddmr_rviz_tools/pose_graph_editor_panel) by extension 'ros'
[1.814s] DEBUG:colcon.colcon_core.package_identification:Package 'src/dddmr_rviz_tools/pose_graph_editor_panel' with type 'ros.ament_cmake' and name 'pose_graph_editor_panel'
[1.815s] Level 1:colcon.colcon_core.package_identification:_identify(src/dddmr_rviz_tools/pose_graph_merge_editor_panel) by extensions ['ignore', 'ignore_ament_install']
[1.815s] Level 1:colcon.colcon_core.package_identification:_identify(src/dddmr_rviz_tools/pose_graph_merge_editor_panel) by extension 'ignore'
[1.816s] Level 1:colcon.colcon_core.package_identification:_identify(src/dddmr_rviz_tools/pose_graph_merge_editor_panel) by extension 'ignore_ament_install'
[1.816s] Level 1:colcon.colcon_core.package_identification:_identify(src/dddmr_rviz_tools/pose_graph_merge_editor_panel) by extensions ['colcon_pkg']
[1.816s] Level 1:colcon.colcon_core.package_identification:_identify(src/dddmr_rviz_tools/pose_graph_merge_editor_panel) by extension 'colcon_pkg'
[1.816s] Level 1:colcon.colcon_core.package_identification:_identify(src/dddmr_rviz_tools/pose_graph_merge_editor_panel) by extensions ['colcon_meta']
[1.816s] Level 1:colcon.colcon_core.package_identification:_identify(src/dddmr_rviz_tools/pose_graph_merge_editor_panel) by extension 'colcon_meta'
[1.817s] Level 1:colcon.colcon_core.package_identification:_identify(src/dddmr_rviz_tools/pose_graph_merge_editor_panel) by extensions ['ros']
[1.817s] Level 1:colcon.colcon_core.package_identification:_identify(src/dddmr_rviz_tools/pose_graph_merge_editor_panel) by extension 'ros'
[1.822s] DEBUG:colcon.colcon_core.package_identification:Package 'src/dddmr_rviz_tools/pose_graph_merge_editor_panel' with type 'ros.ament_cmake' and name 'pose_graph_merge_editor_panel'
[1.822s] Level 1:colcon.colcon_core.package_identification:_identify(src/dddmr_semantic_segmentation) by extensions ['ignore', 'ignore_ament_install']
[1.823s] Level 1:colcon.colcon_core.package_identification:_identify(src/dddmr_semantic_segmentation) by extension 'ignore'
[1.823s] Level 1:colcon.colcon_core.package_identification:_identify(src/dddmr_semantic_segmentation) by extension 'ignore_ament_install'
[1.823s] Level 1:colcon.colcon_core.package_identification:_identify(src/dddmr_semantic_segmentation) by extensions ['colcon_pkg']
[1.824s] Level 1:colcon.colcon_core.package_identification:_identify(src/dddmr_semantic_segmentation) by extension 'colcon_pkg'
[1.824s] Level 1:colcon.colcon_core.package_identification:_identify(src/dddmr_semantic_segmentation) by extensions ['colcon_meta']
[1.824s] Level 1:colcon.colcon_core.package_identification:_identify(src/dddmr_semantic_segmentation) by extension 'colcon_meta'
[1.824s] Level 1:colcon.colcon_core.package_identification:_identify(src/dddmr_semantic_segmentation) by extensions ['ros']
[1.824s] Level 1:colcon.colcon_core.package_identification:_identify(src/dddmr_semantic_segmentation) by extension 'ros'
[1.832s] DEBUG:colcon.colcon_core.package_identification:Package 'src/dddmr_semantic_segmentation' with type 'ros.ament_cmake' and name 'dddmr_semantic_segmentation'
[1.832s] Level 1:colcon.colcon_core.package_identification:_identify(src/dddmr_sys_core) by extensions ['ignore', 'ignore_ament_install']
[1.833s] Level 1:colcon.colcon_core.package_identification:_identify(src/dddmr_sys_core) by extension 'ignore'
[1.833s] Level 1:colcon.colcon_core.package_identification:_identify(src/dddmr_sys_core) by extension 'ignore_ament_install'
[1.833s] Level 1:colcon.colcon_core.package_identification:_identify(src/dddmr_sys_core) by extensions ['colcon_pkg']
[1.834s] Level 1:colcon.colcon_core.package_identification:_identify(src/dddmr_sys_core) by extension 'colcon_pkg'
[1.834s] Level 1:colcon.colcon_core.package_identification:_identify(src/dddmr_sys_core) by extensions ['colcon_meta']
[1.834s] Level 1:colcon.colcon_core.package_identification:_identify(src/dddmr_sys_core) by extension 'colcon_meta'
[1.834s] Level 1:colcon.colcon_core.package_identification:_identify(src/dddmr_sys_core) by extensions ['ros']
[1.834s] Level 1:colcon.colcon_core.package_identification:_identify(src/dddmr_sys_core) by extension 'ros'
[1.840s] DEBUG:colcon.colcon_core.package_identification:Package 'src/dddmr_sys_core' with type 'ros.ament_cmake' and name 'dddmr_sys_core'
[1.841s] Level 1:colcon.colcon_core.package_identification:_identify(src/dddmr_trt) by extensions ['ignore', 'ignore_ament_install']
[1.842s] Level 1:colcon.colcon_core.package_identification:_identify(src/dddmr_trt) by extension 'ignore'
[1.842s] Level 1:colcon.colcon_core.package_identification:_identify(src/dddmr_trt) by extension 'ignore_ament_install'
[1.843s] Level 1:colcon.colcon_core.package_identification:_identify(src/dddmr_trt) by extensions ['colcon_pkg']
[1.843s] Level 1:colcon.colcon_core.package_identification:_identify(src/dddmr_trt) by extension 'colcon_pkg'
[1.843s] Level 1:colcon.colcon_core.package_identification:_identify(src/dddmr_trt) by extensions ['colcon_meta']
[1.843s] Level 1:colcon.colcon_core.package_identification:_identify(src/dddmr_trt) by extension 'colcon_meta'
[1.843s] Level 1:colcon.colcon_core.package_identification:_identify(src/dddmr_trt) by extensions ['ros']
[1.844s] Level 1:colcon.colcon_core.package_identification:_identify(src/dddmr_trt) by extension 'ros'
[1.850s] DEBUG:colcon.colcon_core.package_identification:Package 'src/dddmr_trt' with type 'ros.ament_cmake' and name 'dddmr_trt'
[1.850s] Level 1:colcon.colcon_core.package_discovery:discover_packages(recursive) using defaults
[1.851s] Level 1:colcon.colcon_core.package_discovery:discover_packages(ignore) discover
[1.851s] Level 1:colcon.colcon_core.package_discovery:discover_packages(ignore) using defaults
[1.851s] Level 1:colcon.colcon_core.package_discovery:discover_packages(path) discover
[1.851s] Level 1:colcon.colcon_core.package_discovery:discover_packages(path) using defaults
[2.065s] Level 1:colcon.colcon_core.package_discovery:discover_packages(prefix_path) check parameters
[2.065s] Level 1:colcon.colcon_core.package_discovery:discover_packages(prefix_path) discover
[2.116s] DEBUG:colcon.colcon_installed_package_information.package_discovery:Found 23 installed packages in /root/dddmr_navigation/install
[2.119s] DEBUG:colcon.colcon_installed_package_information.package_discovery:Found 1 installed packages in /root/livox_ws/install
[2.126s] DEBUG:colcon.colcon_installed_package_information.package_discovery:Found 276 installed packages in /opt/ros/humble
[2.139s] Level 1:colcon.colcon_core.package_discovery:discover_packages(prefix_path) using defaults
[2.354s] Level 5:colcon.colcon_core.verb:set package 'base_trajectory' build argument 'cmake_args' from command line to 'None'
[2.354s] Level 5:colcon.colcon_core.verb:set package 'base_trajectory' build argument 'cmake_target' from command line to 'None'
[2.355s] Level 5:colcon.colcon_core.verb:set package 'base_trajectory' build argument 'cmake_target_skip_unavailable' from command line to 'False'
[2.355s] Level 5:colcon.colcon_core.verb:set package 'base_trajectory' build argument 'cmake_clean_cache' from command line to 'False'
[2.355s] Level 5:colcon.colcon_core.verb:set package 'base_trajectory' build argument 'cmake_clean_first' from command line to 'False'
[2.355s] Level 5:colcon.colcon_core.verb:set package 'base_trajectory' build argument 'cmake_force_configure' from command line to 'False'
[2.355s] Level 5:colcon.colcon_core.verb:set package 'base_trajectory' build argument 'ament_cmake_args' from command line to 'None'
[2.355s] Level 5:colcon.colcon_core.verb:set package 'base_trajectory' build argument 'catkin_cmake_args' from command line to 'None'
[2.355s] Level 5:colcon.colcon_core.verb:set package 'base_trajectory' build argument 'catkin_skip_building_tests' from command line to 'False'
[2.356s] DEBUG:colcon.colcon_core.verb:Building package 'base_trajectory' with the following arguments: {'ament_cmake_args': None, 'build_base': '/root/dddmr_navigation/build/base_trajectory', 'catkin_cmake_args': None, 'catkin_skip_building_tests': False, 'cmake_args': None, 'cmake_clean_cache': False, 'cmake_clean_first': False, 'cmake_force_configure': False, 'cmake_target': None, 'cmake_target_skip_unavailable': False, 'install_base': '/root/dddmr_navigation/install/base_trajectory', 'merge_install': False, 'path': '/root/dddmr_navigation/src/dddmr_local_planner/base_trajectory', 'symlink_install': False, 'test_result_base': None}
[2.358s] Level 5:colcon.colcon_core.verb:set package 'cloud_msgs' build argument 'cmake_args' from command line to 'None'
[2.358s] Level 5:colcon.colcon_core.verb:set package 'cloud_msgs' build argument 'cmake_target' from command line to 'None'
[2.358s] Level 5:colcon.colcon_core.verb:set package 'cloud_msgs' build argument 'cmake_target_skip_unavailable' from command line to 'False'
[2.358s] Level 5:colcon.colcon_core.verb:set package 'cloud_msgs' build argument 'cmake_clean_cache' from command line to 'False'
[2.358s] Level 5:colcon.colcon_core.verb:set package 'cloud_msgs' build argument 'cmake_clean_first' from command line to 'False'
[2.358s] Level 5:colcon.colcon_core.verb:set package 'cloud_msgs' build argument 'cmake_force_configure' from command line to 'False'
[2.359s] Level 5:colcon.colcon_core.verb:set package 'cloud_msgs' build argument 'ament_cmake_args' from command line to 'None'
[2.359s] Level 5:colcon.colcon_core.verb:set package 'cloud_msgs' build argument 'catkin_cmake_args' from command line to 'None'
[2.359s] Level 5:colcon.colcon_core.verb:set package 'cloud_msgs' build argument 'catkin_skip_building_tests' from command line to 'False'
[2.359s] DEBUG:colcon.colcon_core.verb:Building package 'cloud_msgs' with the following arguments: {'ament_cmake_args': None, 'build_base': '/root/dddmr_navigation/build/cloud_msgs', 'catkin_cmake_args': None, 'catkin_skip_building_tests': False, 'cmake_args': None, 'cmake_clean_cache': False, 'cmake_clean_first': False, 'cmake_force_configure': False, 'cmake_target': None, 'cmake_target_skip_unavailable': False, 'install_base': '/root/dddmr_navigation/install/cloud_msgs', 'merge_install': False, 'path': '/root/dddmr_navigation/src/dddmr_lego_loam/cloud_msgs', 'symlink_install': False, 'test_result_base': None}
[2.361s] Level 5:colcon.colcon_core.verb:set package 'dddmr_beginner_guide' build argument 'cmake_args' from command line to 'None'
[2.361s] Level 5:colcon.colcon_core.verb:set package 'dddmr_beginner_guide' build argument 'cmake_target' from command line to 'None'
[2.361s] Level 5:colcon.colcon_core.verb:set package 'dddmr_beginner_guide' build argument 'cmake_target_skip_unavailable' from command line to 'False'
[2.361s] Level 5:colcon.colcon_core.verb:set package 'dddmr_beginner_guide' build argument 'cmake_clean_cache' from command line to 'False'
[2.361s] Level 5:colcon.colcon_core.verb:set package 'dddmr_beginner_guide' build argument 'cmake_clean_first' from command line to 'False'
[2.361s] Level 5:colcon.colcon_core.verb:set package 'dddmr_beginner_guide' build argument 'cmake_force_configure' from command line to 'False'
[2.362s] Level 5:colcon.colcon_core.verb:set package 'dddmr_beginner_guide' build argument 'ament_cmake_args' from command line to 'None'
[2.362s] Level 5:colcon.colcon_core.verb:set package 'dddmr_beginner_guide' build argument 'catkin_cmake_args' from command line to 'None'
[2.362s] Level 5:colcon.colcon_core.verb:set package 'dddmr_beginner_guide' build argument 'catkin_skip_building_tests' from command line to 'False'
[2.362s] DEBUG:colcon.colcon_core.verb:Building package 'dddmr_beginner_guide' with the following arguments: {'ament_cmake_args': None, 'build_base': '/root/dddmr_navigation/build/dddmr_beginner_guide', 'catkin_cmake_args': None, 'catkin_skip_building_tests': False, 'cmake_args': None, 'cmake_clean_cache': False, 'cmake_clean_first': False, 'cmake_force_configure': False, 'cmake_target': None, 'cmake_target_skip_unavailable': False, 'install_base': '/root/dddmr_navigation/install/dddmr_beginner_guide', 'merge_install': False, 'path': '/root/dddmr_navigation/src/dddmr_beginner_guide', 'symlink_install': False, 'test_result_base': None}
[2.364s] Level 5:colcon.colcon_core.verb:set package 'dddmr_fastlio_adapter' build argument 'cmake_args' from command line to 'None'
[2.364s] Level 5:colcon.colcon_core.verb:set package 'dddmr_fastlio_adapter' build argument 'cmake_target' from command line to 'None'
[2.364s] Level 5:colcon.colcon_core.verb:set package 'dddmr_fastlio_adapter' build argument 'cmake_target_skip_unavailable' from command line to 'False'
[2.364s] Level 5:colcon.colcon_core.verb:set package 'dddmr_fastlio_adapter' build argument 'cmake_clean_cache' from command line to 'False'
[2.364s] Level 5:colcon.colcon_core.verb:set package 'dddmr_fastlio_adapter' build argument 'cmake_clean_first' from command line to 'False'
[2.364s] Level 5:colcon.colcon_core.verb:set package 'dddmr_fastlio_adapter' build argument 'cmake_force_configure' from command line to 'False'
[2.364s] Level 5:colcon.colcon_core.verb:set package 'dddmr_fastlio_adapter' build argument 'ament_cmake_args' from command line to 'None'
[2.365s] Level 5:colcon.colcon_core.verb:set package 'dddmr_fastlio_adapter' build argument 'catkin_cmake_args' from command line to 'None'
[2.365s] Level 5:colcon.colcon_core.verb:set package 'dddmr_fastlio_adapter' build argument 'catkin_skip_building_tests' from command line to 'False'
[2.365s] DEBUG:colcon.colcon_core.verb:Building package 'dddmr_fastlio_adapter' with the following arguments: {'ament_cmake_args': None, 'build_base': '/root/dddmr_navigation/build/dddmr_fastlio_adapter', 'catkin_cmake_args': None, 'catkin_skip_building_tests': False, 'cmake_args': None, 'cmake_clean_cache': False, 'cmake_clean_first': False, 'cmake_force_configure': False, 'cmake_target': None, 'cmake_target_skip_unavailable': False, 'install_base': '/root/dddmr_navigation/install/dddmr_fastlio_adapter', 'merge_install': False, 'path': '/root/dddmr_navigation/src/dddmr_fastlio_adapter', 'symlink_install': False, 'test_result_base': None}
[2.367s] Level 5:colcon.colcon_core.verb:set package 'dddmr_odom_3d' build argument 'cmake_args' from command line to 'None'
[2.367s] Level 5:colcon.colcon_core.verb:set package 'dddmr_odom_3d' build argument 'cmake_target' from command line to 'None'
[2.367s] Level 5:colcon.colcon_core.verb:set package 'dddmr_odom_3d' build argument 'cmake_target_skip_unavailable' from command line to 'False'
[2.367s] Level 5:colcon.colcon_core.verb:set package 'dddmr_odom_3d' build argument 'cmake_clean_cache' from command line to 'False'
[2.367s] Level 5:colcon.colcon_core.verb:set package 'dddmr_odom_3d' build argument 'cmake_clean_first' from command line to 'False'
[2.367s] Level 5:colcon.colcon_core.verb:set package 'dddmr_odom_3d' build argument 'cmake_force_configure' from command line to 'False'
[2.367s] Level 5:colcon.colcon_core.verb:set package 'dddmr_odom_3d' build argument 'ament_cmake_args' from command line to 'None'
[2.367s] Level 5:colcon.colcon_core.verb:set package 'dddmr_odom_3d' build argument 'catkin_cmake_args' from command line to 'None'
[2.367s] Level 5:colcon.colcon_core.verb:set package 'dddmr_odom_3d' build argument 'catkin_skip_building_tests' from command line to 'False'
[2.368s] DEBUG:colcon.colcon_core.verb:Building package 'dddmr_odom_3d' with the following arguments: {'ament_cmake_args': None, 'build_base': '/root/dddmr_navigation/build/dddmr_odom_3d', 'catkin_cmake_args': None, 'catkin_skip_building_tests': False, 'cmake_args': None, 'cmake_clean_cache': False, 'cmake_clean_first': False, 'cmake_force_configure': False, 'cmake_target': None, 'cmake_target_skip_unavailable': False, 'install_base': '/root/dddmr_navigation/install/dddmr_odom_3d', 'merge_install': False, 'path': '/root/dddmr_navigation/src/dddmr_odom_3d', 'symlink_install': False, 'test_result_base': None}
[2.369s] Level 5:colcon.colcon_core.verb:set package 'dddmr_rviz_default_plugins' build argument 'cmake_args' from command line to 'None'
[2.370s] Level 5:colcon.colcon_core.verb:set package 'dddmr_rviz_default_plugins' build argument 'cmake_target' from command line to 'None'
[2.370s] Level 5:colcon.colcon_core.verb:set package 'dddmr_rviz_default_plugins' build argument 'cmake_target_skip_unavailable' from command line to 'False'
[2.370s] Level 5:colcon.colcon_core.verb:set package 'dddmr_rviz_default_plugins' build argument 'cmake_clean_cache' from command line to 'False'
[2.370s] Level 5:colcon.colcon_core.verb:set package 'dddmr_rviz_default_plugins' build argument 'cmake_clean_first' from command line to 'False'
[2.370s] Level 5:colcon.colcon_core.verb:set package 'dddmr_rviz_default_plugins' build argument 'cmake_force_configure' from command line to 'False'
[2.370s] Level 5:colcon.colcon_core.verb:set package 'dddmr_rviz_default_plugins' build argument 'ament_cmake_args' from command line to 'None'
[2.370s] Level 5:colcon.colcon_core.verb:set package 'dddmr_rviz_default_plugins' build argument 'catkin_cmake_args' from command line to 'None'
[2.370s] Level 5:colcon.colcon_core.verb:set package 'dddmr_rviz_default_plugins' build argument 'catkin_skip_building_tests' from command line to 'False'
[2.371s] DEBUG:colcon.colcon_core.verb:Building package 'dddmr_rviz_default_plugins' with the following arguments: {'ament_cmake_args': None, 'build_base': '/root/dddmr_navigation/build/dddmr_rviz_default_plugins', 'catkin_cmake_args': None, 'catkin_skip_building_tests': False, 'cmake_args': None, 'cmake_clean_cache': False, 'cmake_clean_first': False, 'cmake_force_configure': False, 'cmake_target': None, 'cmake_target_skip_unavailable': False, 'install_base': '/root/dddmr_navigation/install/dddmr_rviz_default_plugins', 'merge_install': False, 'path': '/root/dddmr_navigation/src/dddmr_rviz_tools/dddmr_rviz_default_plugins', 'symlink_install': False, 'test_result_base': None}
[2.372s] Level 5:colcon.colcon_core.verb:set package 'dddmr_semantic_segmentation' build argument 'cmake_args' from command line to 'None'
[2.372s] Level 5:colcon.colcon_core.verb:set package 'dddmr_semantic_segmentation' build argument 'cmake_target' from command line to 'None'
[2.373s] Level 5:colcon.colcon_core.verb:set package 'dddmr_semantic_segmentation' build argument 'cmake_target_skip_unavailable' from command line to 'False'
[2.373s] Level 5:colcon.colcon_core.verb:set package 'dddmr_semantic_segmentation' build argument 'cmake_clean_cache' from command line to 'False'
[2.373s] Level 5:colcon.colcon_core.verb:set package 'dddmr_semantic_segmentation' build argument 'cmake_clean_first' from command line to 'False'
[2.373s] Level 5:colcon.colcon_core.verb:set package 'dddmr_semantic_segmentation' build argument 'cmake_force_configure' from command line to 'False'
[2.373s] Level 5:colcon.colcon_core.verb:set package 'dddmr_semantic_segmentation' build argument 'ament_cmake_args' from command line to 'None'
[2.373s] Level 5:colcon.colcon_core.verb:set package 'dddmr_semantic_segmentation' build argument 'catkin_cmake_args' from command line to 'None'
[2.373s] Level 5:colcon.colcon_core.verb:set package 'dddmr_semantic_segmentation' build argument 'catkin_skip_building_tests' from command line to 'False'
[2.373s] DEBUG:colcon.colcon_core.verb:Building package 'dddmr_semantic_segmentation' with the following arguments: {'ament_cmake_args': None, 'build_base': '/root/dddmr_navigation/build/dddmr_semantic_segmentation', 'catkin_cmake_args': None, 'catkin_skip_building_tests': False, 'cmake_args': None, 'cmake_clean_cache': False, 'cmake_clean_first': False, 'cmake_force_configure': False, 'cmake_target': None, 'cmake_target_skip_unavailable': False, 'install_base': '/root/dddmr_navigation/install/dddmr_semantic_segmentation', 'merge_install': False, 'path': '/root/dddmr_navigation/src/dddmr_semantic_segmentation', 'symlink_install': False, 'test_result_base': None}
[2.375s] Level 5:colcon.colcon_core.verb:set package 'dddmr_sys_core' build argument 'cmake_args' from command line to 'None'
[2.375s] Level 5:colcon.colcon_core.verb:set package 'dddmr_sys_core' build argument 'cmake_target' from command line to 'None'
[2.375s] Level 5:colcon.colcon_core.verb:set package 'dddmr_sys_core' build argument 'cmake_target_skip_unavailable' from command line to 'False'
[2.376s] Level 5:colcon.colcon_core.verb:set package 'dddmr_sys_core' build argument 'cmake_clean_cache' from command line to 'False'
[2.376s] Level 5:colcon.colcon_core.verb:set package 'dddmr_sys_core' build argument 'cmake_clean_first' from command line to 'False'
[2.376s] Level 5:colcon.colcon_core.verb:set package 'dddmr_sys_core' build argument 'cmake_force_configure' from command line to 'False'
[2.376s] Level 5:colcon.colcon_core.verb:set package 'dddmr_sys_core' build argument 'ament_cmake_args' from command line to 'None'
[2.376s] Level 5:colcon.colcon_core.verb:set package 'dddmr_sys_core' build argument 'catkin_cmake_args' from command line to 'None'
[2.376s] Level 5:colcon.colcon_core.verb:set package 'dddmr_sys_core' build argument 'catkin_skip_building_tests' from command line to 'False'
[2.376s] DEBUG:colcon.colcon_core.verb:Building package 'dddmr_sys_core' with the following arguments: {'ament_cmake_args': None, 'build_base': '/root/dddmr_navigation/build/dddmr_sys_core', 'catkin_cmake_args': None, 'catkin_skip_building_tests': False, 'cmake_args': None, 'cmake_clean_cache': False, 'cmake_clean_first': False, 'cmake_force_configure': False, 'cmake_target': None, 'cmake_target_skip_unavailable': False, 'install_base': '/root/dddmr_navigation/install/dddmr_sys_core', 'merge_install': False, 'path': '/root/dddmr_navigation/src/dddmr_sys_core', 'symlink_install': False, 'test_result_base': None}
[2.378s] Level 5:colcon.colcon_core.verb:set package 'dddmr_trt' build argument 'cmake_args' from command line to 'None'
[2.378s] Level 5:colcon.colcon_core.verb:set package 'dddmr_trt' build argument 'cmake_target' from command line to 'None'
[2.378s] Level 5:colcon.colcon_core.verb:set package 'dddmr_trt' build argument 'cmake_target_skip_unavailable' from command line to 'False'
[2.378s] Level 5:colcon.colcon_core.verb:set package 'dddmr_trt' build argument 'cmake_clean_cache' from command line to 'False'
[2.379s] Level 5:colcon.colcon_core.verb:set package 'dddmr_trt' build argument 'cmake_clean_first' from command line to 'False'
[2.379s] Level 5:colcon.colcon_core.verb:set package 'dddmr_trt' build argument 'cmake_force_configure' from command line to 'False'
[2.379s] Level 5:colcon.colcon_core.verb:set package 'dddmr_trt' build argument 'ament_cmake_args' from command line to 'None'
[2.379s] Level 5:colcon.colcon_core.verb:set package 'dddmr_trt' build argument 'catkin_cmake_args' from command line to 'None'
[2.379s] Level 5:colcon.colcon_core.verb:set package 'dddmr_trt' build argument 'catkin_skip_building_tests' from command line to 'False'
[2.379s] DEBUG:colcon.colcon_core.verb:Building package 'dddmr_trt' with the following arguments: {'ament_cmake_args': None, 'build_base': '/root/dddmr_navigation/build/dddmr_trt', 'catkin_cmake_args': None, 'catkin_skip_building_tests': False, 'cmake_args': None, 'cmake_clean_cache': False, 'cmake_clean_first': False, 'cmake_force_configure': False, 'cmake_target': None, 'cmake_target_skip_unavailable': False, 'install_base': '/root/dddmr_navigation/install/dddmr_trt', 'merge_install': False, 'path': '/root/dddmr_navigation/src/dddmr_trt', 'symlink_install': False, 'test_result_base': None}
[2.381s] Level 5:colcon.colcon_core.verb:set package 'fast_lio' build argument 'cmake_args' from command line to 'None'
[2.381s] Level 5:colcon.colcon_core.verb:set package 'fast_lio' build argument 'cmake_target' from command line to 'None'
[2.381s] Level 5:colcon.colcon_core.verb:set package 'fast_lio' build argument 'cmake_target_skip_unavailable' from command line to 'False'
[2.381s] Level 5:colcon.colcon_core.verb:set package 'fast_lio' build argument 'cmake_clean_cache' from command line to 'False'
[2.381s] Level 5:colcon.colcon_core.verb:set package 'fast_lio' build argument 'cmake_clean_first' from command line to 'False'
[2.382s] Level 5:colcon.colcon_core.verb:set package 'fast_lio' build argument 'cmake_force_configure' from command line to 'False'
[2.382s] Level 5:colcon.colcon_core.verb:set package 'fast_lio' build argument 'ament_cmake_args' from command line to 'None'
[2.382s] Level 5:colcon.colcon_core.verb:set package 'fast_lio' build argument 'catkin_cmake_args' from command line to 'None'
[2.382s] Level 5:colcon.colcon_core.verb:set package 'fast_lio' build argument 'catkin_skip_building_tests' from command line to 'False'
[2.382s] DEBUG:colcon.colcon_core.verb:Building package 'fast_lio' with the following arguments: {'ament_cmake_args': None, 'build_base': '/root/dddmr_navigation/build/fast_lio', 'catkin_cmake_args': None, 'catkin_skip_building_tests': False, 'cmake_args': None, 'cmake_clean_cache': False, 'cmake_clean_first': False, 'cmake_force_configure': False, 'cmake_target': None, 'cmake_target_skip_unavailable': False, 'install_base': '/root/dddmr_navigation/install/fast_lio', 'merge_install': False, 'path': '/root/dddmr_navigation/src/FAST_LIO', 'symlink_install': False, 'test_result_base': None}
[2.384s] Level 5:colcon.colcon_core.verb:set package 'map_editor_panel' build argument 'cmake_args' from command line to 'None'
[2.384s] Level 5:colcon.colcon_core.verb:set package 'map_editor_panel' build argument 'cmake_target' from command line to 'None'
[2.384s] Level 5:colcon.colcon_core.verb:set package 'map_editor_panel' build argument 'cmake_target_skip_unavailable' from command line to 'False'
[2.384s] Level 5:colcon.colcon_core.verb:set package 'map_editor_panel' build argument 'cmake_clean_cache' from command line to 'False'
[2.384s] Level 5:colcon.colcon_core.verb:set package 'map_editor_panel' build argument 'cmake_clean_first' from command line to 'False'
[2.385s] Level 5:colcon.colcon_core.verb:set package 'map_editor_panel' build argument 'cmake_force_configure' from command line to 'False'
[2.385s] Level 5:colcon.colcon_core.verb:set package 'map_editor_panel' build argument 'ament_cmake_args' from command line to 'None'
[2.385s] Level 5:colcon.colcon_core.verb:set package 'map_editor_panel' build argument 'catkin_cmake_args' from command line to 'None'
[2.385s] Level 5:colcon.colcon_core.verb:set package 'map_editor_panel' build argument 'catkin_skip_building_tests' from command line to 'False'
[2.385s] DEBUG:colcon.colcon_core.verb:Building package 'map_editor_panel' with the following arguments: {'ament_cmake_args': None, 'build_base': '/root/dddmr_navigation/build/map_editor_panel', 'catkin_cmake_args': None, 'catkin_skip_building_tests': False, 'cmake_args': None, 'cmake_clean_cache': False, 'cmake_clean_first': False, 'cmake_force_configure': False, 'cmake_target': None, 'cmake_target_skip_unavailable': False, 'install_base': '/root/dddmr_navigation/install/map_editor_panel', 'merge_install': False, 'path': '/root/dddmr_navigation/src/dddmr_rviz_tools/map_editor_panel', 'symlink_install': False, 'test_result_base': None}
[2.387s] Level 5:colcon.colcon_core.verb:set package 'mapping_panel' build argument 'cmake_args' from command line to 'None'
[2.387s] Level 5:colcon.colcon_core.verb:set package 'mapping_panel' build argument 'cmake_target' from command line to 'None'
[2.388s] Level 5:colcon.colcon_core.verb:set package 'mapping_panel' build argument 'cmake_target_skip_unavailable' from command line to 'False'
[2.388s] Level 5:colcon.colcon_core.verb:set package 'mapping_panel' build argument 'cmake_clean_cache' from command line to 'False'
[2.388s] Level 5:colcon.colcon_core.verb:set package 'mapping_panel' build argument 'cmake_clean_first' from command line to 'False'
[2.388s] Level 5:colcon.colcon_core.verb:set package 'mapping_panel' build argument 'cmake_force_configure' from command line to 'False'
[2.388s] Level 5:colcon.colcon_core.verb:set package 'mapping_panel' build argument 'ament_cmake_args' from command line to 'None'
[2.388s] Level 5:colcon.colcon_core.verb:set package 'mapping_panel' build argument 'catkin_cmake_args' from command line to 'None'
[2.388s] Level 5:colcon.colcon_core.verb:set package 'mapping_panel' build argument 'catkin_skip_building_tests' from command line to 'False'
[2.388s] DEBUG:colcon.colcon_core.verb:Building package 'mapping_panel' with the following arguments: {'ament_cmake_args': None, 'build_base': '/root/dddmr_navigation/build/mapping_panel', 'catkin_cmake_args': None, 'catkin_skip_building_tests': False, 'cmake_args': None, 'cmake_clean_cache': False, 'cmake_clean_first': False, 'cmake_force_configure': False, 'cmake_target': None, 'cmake_target_skip_unavailable': False, 'install_base': '/root/dddmr_navigation/install/mapping_panel', 'merge_install': False, 'path': '/root/dddmr_navigation/src/dddmr_rviz_tools/mapping_panel', 'symlink_install': False, 'test_result_base': None}
[2.390s] Level 5:colcon.colcon_core.verb:set package 'perception_3d' build argument 'cmake_args' from command line to 'None'
[2.391s] Level 5:colcon.colcon_core.verb:set package 'perception_3d' build argument 'cmake_target' from command line to 'None'
[2.391s] Level 5:colcon.colcon_core.verb:set package 'perception_3d' build argument 'cmake_target_skip_unavailable' from command line to 'False'
[2.391s] Level 5:colcon.colcon_core.verb:set package 'perception_3d' build argument 'cmake_clean_cache' from command line to 'False'
[2.391s] Level 5:colcon.colcon_core.verb:set package 'perception_3d' build argument 'cmake_clean_first' from command line to 'False'
[2.391s] Level 5:colcon.colcon_core.verb:set package 'perception_3d' build argument 'cmake_force_configure' from command line to 'False'
[2.391s] Level 5:colcon.colcon_core.verb:set package 'perception_3d' build argument 'ament_cmake_args' from command line to 'None'
[2.391s] Level 5:colcon.colcon_core.verb:set package 'perception_3d' build argument 'catkin_cmake_args' from command line to 'None'
[2.391s] Level 5:colcon.colcon_core.verb:set package 'perception_3d' build argument 'catkin_skip_building_tests' from command line to 'False'
[2.391s] DEBUG:colcon.colcon_core.verb:Building package 'perception_3d' with the following arguments: {'ament_cmake_args': None, 'build_base': '/root/dddmr_navigation/build/perception_3d', 'catkin_cmake_args': None, 'catkin_skip_building_tests': False, 'cmake_args': None, 'cmake_clean_cache': False, 'cmake_clean_first': False, 'cmake_force_configure': False, 'cmake_target': None, 'cmake_target_skip_unavailable': False, 'install_base': '/root/dddmr_navigation/install/perception_3d', 'merge_install': False, 'path': '/root/dddmr_navigation/src/dddmr_perception_3d', 'symlink_install': False, 'test_result_base': None}
[2.393s] Level 5:colcon.colcon_core.verb:set package 'pose_graph_editor_panel' build argument 'cmake_args' from command line to 'None'
[2.393s] Level 5:colcon.colcon_core.verb:set package 'pose_graph_editor_panel' build argument 'cmake_target' from command line to 'None'
[2.394s] Level 5:colcon.colcon_core.verb:set package 'pose_graph_editor_panel' build argument 'cmake_target_skip_unavailable' from command line to 'False'
[2.394s] Level 5:colcon.colcon_core.verb:set package 'pose_graph_editor_panel' build argument 'cmake_clean_cache' from command line to 'False'
[2.394s] Level 5:colcon.colcon_core.verb:set package 'pose_graph_editor_panel' build argument 'cmake_clean_first' from command line to 'False'
[2.394s] Level 5:colcon.colcon_core.verb:set package 'pose_graph_editor_panel' build argument 'cmake_force_configure' from command line to 'False'
[2.394s] Level 5:colcon.colcon_core.verb:set package 'pose_graph_editor_panel' build argument 'ament_cmake_args' from command line to 'None'
[2.394s] Level 5:colcon.colcon_core.verb:set package 'pose_graph_editor_panel' build argument 'catkin_cmake_args' from command line to 'None'
[2.394s] Level 5:colcon.colcon_core.verb:set package 'pose_graph_editor_panel' build argument 'catkin_skip_building_tests' from command line to 'False'
[2.394s] DEBUG:colcon.colcon_core.verb:Building package 'pose_graph_editor_panel' with the following arguments: {'ament_cmake_args': None, 'build_base': '/root/dddmr_navigation/build/pose_graph_editor_panel', 'catkin_cmake_args': None, 'catkin_skip_building_tests': False, 'cmake_args': None, 'cmake_clean_cache': False, 'cmake_clean_first': False, 'cmake_force_configure': False, 'cmake_target': None, 'cmake_target_skip_unavailable': False, 'install_base': '/root/dddmr_navigation/install/pose_graph_editor_panel', 'merge_install': False, 'path': '/root/dddmr_navigation/src/dddmr_rviz_tools/pose_graph_editor_panel', 'symlink_install': False, 'test_result_base': None}
[2.396s] Level 5:colcon.colcon_core.verb:set package 'pose_graph_merge_editor_panel' build argument 'cmake_args' from command line to 'None'
[2.396s] Level 5:colcon.colcon_core.verb:set package 'pose_graph_merge_editor_panel' build argument 'cmake_target' from command line to 'None'
[2.396s] Level 5:colcon.colcon_core.verb:set package 'pose_graph_merge_editor_panel' build argument 'cmake_target_skip_unavailable' from command line to 'False'
[2.397s] Level 5:colcon.colcon_core.verb:set package 'pose_graph_merge_editor_panel' build argument 'cmake_clean_cache' from command line to 'False'
[2.397s] Level 5:colcon.colcon_core.verb:set package 'pose_graph_merge_editor_panel' build argument 'cmake_clean_first' from command line to 'False'
[2.397s] Level 5:colcon.colcon_core.verb:set package 'pose_graph_merge_editor_panel' build argument 'cmake_force_configure' from command line to 'False'
[2.397s] Level 5:colcon.colcon_core.verb:set package 'pose_graph_merge_editor_panel' build argument 'ament_cmake_args' from command line to 'None'
[2.397s] Level 5:colcon.colcon_core.verb:set package 'pose_graph_merge_editor_panel' build argument 'catkin_cmake_args' from command line to 'None'
[2.397s] Level 5:colcon.colcon_core.verb:set package 'pose_graph_merge_editor_panel' build argument 'catkin_skip_building_tests' from command line to 'False'
[2.397s] DEBUG:colcon.colcon_core.verb:Building package 'pose_graph_merge_editor_panel' with the following arguments: {'ament_cmake_args': None, 'build_base': '/root/dddmr_navigation/build/pose_graph_merge_editor_panel', 'catkin_cmake_args': None, 'catkin_skip_building_tests': False, 'cmake_args': None, 'cmake_clean_cache': False, 'cmake_clean_first': False, 'cmake_force_configure': False, 'cmake_target': None, 'cmake_target_skip_unavailable': False, 'install_base': '/root/dddmr_navigation/install/pose_graph_merge_editor_panel', 'merge_install': False, 'path': '/root/dddmr_navigation/src/dddmr_rviz_tools/pose_graph_merge_editor_panel', 'symlink_install': False, 'test_result_base': None}
[2.399s] Level 5:colcon.colcon_core.verb:set package 'global_planner' build argument 'cmake_args' from command line to 'None'
[2.399s] Level 5:colcon.colcon_core.verb:set package 'global_planner' build argument 'cmake_target' from command line to 'None'
[2.399s] Level 5:colcon.colcon_core.verb:set package 'global_planner' build argument 'cmake_target_skip_unavailable' from command line to 'False'
[2.399s] Level 5:colcon.colcon_core.verb:set package 'global_planner' build argument 'cmake_clean_cache' from command line to 'False'
[2.400s] Level 5:colcon.colcon_core.verb:set package 'global_planner' build argument 'cmake_clean_first' from command line to 'False'
[2.400s] Level 5:colcon.colcon_core.verb:set package 'global_planner' build argument 'cmake_force_configure' from command line to 'False'
[2.400s] Level 5:colcon.colcon_core.verb:set package 'global_planner' build argument 'ament_cmake_args' from command line to 'None'
[2.400s] Level 5:colcon.colcon_core.verb:set package 'global_planner' build argument 'catkin_cmake_args' from command line to 'None'
[2.400s] Level 5:colcon.colcon_core.verb:set package 'global_planner' build argument 'catkin_skip_building_tests' from command line to 'False'
[2.400s] DEBUG:colcon.colcon_core.verb:Building package 'global_planner' with the following arguments: {'ament_cmake_args': None, 'build_base': '/root/dddmr_navigation/build/global_planner', 'catkin_cmake_args': None, 'catkin_skip_building_tests': False, 'cmake_args': None, 'cmake_clean_cache': False, 'cmake_clean_first': False, 'cmake_force_configure': False, 'cmake_target': None, 'cmake_target_skip_unavailable': False, 'install_base': '/root/dddmr_navigation/install/global_planner', 'merge_install': False, 'path': '/root/dddmr_navigation/src/dddmr_global_planner', 'symlink_install': False, 'test_result_base': None}
[2.402s] Level 5:colcon.colcon_core.verb:set package 'lego_loam_bor' build argument 'cmake_args' from command line to 'None'
[2.402s] Level 5:colcon.colcon_core.verb:set package 'lego_loam_bor' build argument 'cmake_target' from command line to 'None'
[2.402s] Level 5:colcon.colcon_core.verb:set package 'lego_loam_bor' build argument 'cmake_target_skip_unavailable' from command line to 'False'
[2.402s] Level 5:colcon.colcon_core.verb:set package 'lego_loam_bor' build argument 'cmake_clean_cache' from command line to 'False'
[2.402s] Level 5:colcon.colcon_core.verb:set package 'lego_loam_bor' build argument 'cmake_clean_first' from command line to 'False'
[2.402s] Level 5:colcon.colcon_core.verb:set package 'lego_loam_bor' build argument 'cmake_force_configure' from command line to 'False'
[2.403s] Level 5:colcon.colcon_core.verb:set package 'lego_loam_bor' build argument 'ament_cmake_args' from command line to 'None'
[2.403s] Level 5:colcon.colcon_core.verb:set package 'lego_loam_bor' build argument 'catkin_cmake_args' from command line to 'None'
[2.403s] Level 5:colcon.colcon_core.verb:set package 'lego_loam_bor' build argument 'catkin_skip_building_tests' from command line to 'False'
[2.403s] DEBUG:colcon.colcon_core.verb:Building package 'lego_loam_bor' with the following arguments: {'ament_cmake_args': None, 'build_base': '/root/dddmr_navigation/build/lego_loam_bor', 'catkin_cmake_args': None, 'catkin_skip_building_tests': False, 'cmake_args': None, 'cmake_clean_cache': False, 'cmake_clean_first': False, 'cmake_force_configure': False, 'cmake_target': None, 'cmake_target_skip_unavailable': False, 'install_base': '/root/dddmr_navigation/install/lego_loam_bor', 'merge_install': False, 'path': '/root/dddmr_navigation/src/dddmr_lego_loam/lego_loam_bor', 'symlink_install': False, 'test_result_base': None}
[2.405s] Level 5:colcon.colcon_core.verb:set package 'mcl_3dl' build argument 'cmake_args' from command line to 'None'
[2.405s] Level 5:colcon.colcon_core.verb:set package 'mcl_3dl' build argument 'cmake_target' from command line to 'None'
[2.405s] Level 5:colcon.colcon_core.verb:set package 'mcl_3dl' build argument 'cmake_target_skip_unavailable' from command line to 'False'
[2.405s] Level 5:colcon.colcon_core.verb:set package 'mcl_3dl' build argument 'cmake_clean_cache' from command line to 'False'
[2.405s] Level 5:colcon.colcon_core.verb:set package 'mcl_3dl' build argument 'cmake_clean_first' from command line to 'False'
[2.405s] Level 5:colcon.colcon_core.verb:set package 'mcl_3dl' build argument 'cmake_force_configure' from command line to 'False'
[2.405s] Level 5:colcon.colcon_core.verb:set package 'mcl_3dl' build argument 'ament_cmake_args' from command line to 'None'
[2.406s] Level 5:colcon.colcon_core.verb:set package 'mcl_3dl' build argument 'catkin_cmake_args' from command line to 'None'
[2.406s] Level 5:colcon.colcon_core.verb:set package 'mcl_3dl' build argument 'catkin_skip_building_tests' from command line to 'False'
[2.406s] DEBUG:colcon.colcon_core.verb:Building package 'mcl_3dl' with the following arguments: {'ament_cmake_args': None, 'build_base': '/root/dddmr_navigation/build/mcl_3dl', 'catkin_cmake_args': None, 'catkin_skip_building_tests': False, 'cmake_args': None, 'cmake_clean_cache': False, 'cmake_clean_first': False, 'cmake_force_configure': False, 'cmake_target': None, 'cmake_target_skip_unavailable': False, 'install_base': '/root/dddmr_navigation/install/mcl_3dl', 'merge_install': False, 'path': '/root/dddmr_navigation/src/dddmr_mcl_3dl', 'symlink_install': False, 'test_result_base': None}
[2.407s] Level 5:colcon.colcon_core.verb:set package 'mpc_critics' build argument 'cmake_args' from command line to 'None'
[2.408s] Level 5:colcon.colcon_core.verb:set package 'mpc_critics' build argument 'cmake_target' from command line to 'None'
[2.408s] Level 5:colcon.colcon_core.verb:set package 'mpc_critics' build argument 'cmake_target_skip_unavailable' from command line to 'False'
[2.408s] Level 5:colcon.colcon_core.verb:set package 'mpc_critics' build argument 'cmake_clean_cache' from command line to 'False'
[2.408s] Level 5:colcon.colcon_core.verb:set package 'mpc_critics' build argument 'cmake_clean_first' from command line to 'False'
[2.408s] Level 5:colcon.colcon_core.verb:set package 'mpc_critics' build argument 'cmake_force_configure' from command line to 'False'
[2.408s] Level 5:colcon.colcon_core.verb:set package 'mpc_critics' build argument 'ament_cmake_args' from command line to 'None'
[2.408s] Level 5:colcon.colcon_core.verb:set package 'mpc_critics' build argument 'catkin_cmake_args' from command line to 'None'
[2.408s] Level 5:colcon.colcon_core.verb:set package 'mpc_critics' build argument 'catkin_skip_building_tests' from command line to 'False'
[2.409s] DEBUG:colcon.colcon_core.verb:Building package 'mpc_critics' with the following arguments: {'ament_cmake_args': None, 'build_base': '/root/dddmr_navigation/build/mpc_critics', 'catkin_cmake_args': None, 'catkin_skip_building_tests': False, 'cmake_args': None, 'cmake_clean_cache': False, 'cmake_clean_first': False, 'cmake_force_configure': False, 'cmake_target': None, 'cmake_target_skip_unavailable': False, 'install_base': '/root/dddmr_navigation/install/mpc_critics', 'merge_install': False, 'path': '/root/dddmr_navigation/src/dddmr_local_planner/mpc_critics', 'symlink_install': False, 'test_result_base': None}
[2.410s] Level 5:colcon.colcon_core.verb:set package 'trajectory_generators' build argument 'cmake_args' from command line to 'None'
[2.411s] Level 5:colcon.colcon_core.verb:set package 'trajectory_generators' build argument 'cmake_target' from command line to 'None'
[2.411s] Level 5:colcon.colcon_core.verb:set package 'trajectory_generators' build argument 'cmake_target_skip_unavailable' from command line to 'False'
[2.411s] Level 5:colcon.colcon_core.verb:set package 'trajectory_generators' build argument 'cmake_clean_cache' from command line to 'False'
[2.411s] Level 5:colcon.colcon_core.verb:set package 'trajectory_generators' build argument 'cmake_clean_first' from command line to 'False'
[2.411s] Level 5:colcon.colcon_core.verb:set package 'trajectory_generators' build argument 'cmake_force_configure' from command line to 'False'
[2.411s] Level 5:colcon.colcon_core.verb:set package 'trajectory_generators' build argument 'ament_cmake_args' from command line to 'None'
[2.411s] Level 5:colcon.colcon_core.verb:set package 'trajectory_generators' build argument 'catkin_cmake_args' from command line to 'None'
[2.411s] Level 5:colcon.colcon_core.verb:set package 'trajectory_generators' build argument 'catkin_skip_building_tests' from command line to 'False'
[2.411s] DEBUG:colcon.colcon_core.verb:Building package 'trajectory_generators' with the following arguments: {'ament_cmake_args': None, 'build_base': '/root/dddmr_navigation/build/trajectory_generators', 'catkin_cmake_args': None, 'catkin_skip_building_tests': False, 'cmake_args': None, 'cmake_clean_cache': False, 'cmake_clean_first': False, 'cmake_force_configure': False, 'cmake_target': None, 'cmake_target_skip_unavailable': False, 'install_base': '/root/dddmr_navigation/install/trajectory_generators', 'merge_install': False, 'path': '/root/dddmr_navigation/src/dddmr_local_planner/trajectory_generators', 'symlink_install': False, 'test_result_base': None}
[2.413s] Level 5:colcon.colcon_core.verb:set package 'local_planner' build argument 'cmake_args' from command line to 'None'
[2.413s] Level 5:colcon.colcon_core.verb:set package 'local_planner' build argument 'cmake_target' from command line to 'None'
[2.414s] Level 5:colcon.colcon_core.verb:set package 'local_planner' build argument 'cmake_target_skip_unavailable' from command line to 'False'
[2.414s] Level 5:colcon.colcon_core.verb:set package 'local_planner' build argument 'cmake_clean_cache' from command line to 'False'
[2.414s] Level 5:colcon.colcon_core.verb:set package 'local_planner' build argument 'cmake_clean_first' from command line to 'False'
[2.414s] Level 5:colcon.colcon_core.verb:set package 'local_planner' build argument 'cmake_force_configure' from command line to 'False'
[2.414s] Level 5:colcon.colcon_core.verb:set package 'local_planner' build argument 'ament_cmake_args' from command line to 'None'
[2.414s] Level 5:colcon.colcon_core.verb:set package 'local_planner' build argument 'catkin_cmake_args' from command line to 'None'
[2.414s] Level 5:colcon.colcon_core.verb:set package 'local_planner' build argument 'catkin_skip_building_tests' from command line to 'False'
[2.414s] DEBUG:colcon.colcon_core.verb:Building package 'local_planner' with the following arguments: {'ament_cmake_args': None, 'build_base': '/root/dddmr_navigation/build/local_planner', 'catkin_cmake_args': None, 'catkin_skip_building_tests': False, 'cmake_args': None, 'cmake_clean_cache': False, 'cmake_clean_first': False, 'cmake_force_configure': False, 'cmake_target': None, 'cmake_target_skip_unavailable': False, 'install_base': '/root/dddmr_navigation/install/local_planner', 'merge_install': False, 'path': '/root/dddmr_navigation/src/dddmr_local_planner/local_planner', 'symlink_install': False, 'test_result_base': None}
[2.416s] Level 5:colcon.colcon_core.verb:set package 'recovery_behaviors' build argument 'cmake_args' from command line to 'None'
[2.416s] Level 5:colcon.colcon_core.verb:set package 'recovery_behaviors' build argument 'cmake_target' from command line to 'None'
[2.417s] Level 5:colcon.colcon_core.verb:set package 'recovery_behaviors' build argument 'cmake_target_skip_unavailable' from command line to 'False'
[2.417s] Level 5:colcon.colcon_core.verb:set package 'recovery_behaviors' build argument 'cmake_clean_cache' from command line to 'False'
[2.417s] Level 5:colcon.colcon_core.verb:set package 'recovery_behaviors' build argument 'cmake_clean_first' from command line to 'False'
[2.417s] Level 5:colcon.colcon_core.verb:set package 'recovery_behaviors' build argument 'cmake_force_configure' from command line to 'False'
[2.417s] Level 5:colcon.colcon_core.verb:set package 'recovery_behaviors' build argument 'ament_cmake_args' from command line to 'None'
[2.417s] Level 5:colcon.colcon_core.verb:set package 'recovery_behaviors' build argument 'catkin_cmake_args' from command line to 'None'
[2.417s] Level 5:colcon.colcon_core.verb:set package 'recovery_behaviors' build argument 'catkin_skip_building_tests' from command line to 'False'
[2.418s] DEBUG:colcon.colcon_core.verb:Building package 'recovery_behaviors' with the following arguments: {'ament_cmake_args': None, 'build_base': '/root/dddmr_navigation/build/recovery_behaviors', 'catkin_cmake_args': None, 'catkin_skip_building_tests': False, 'cmake_args': None, 'cmake_clean_cache': False, 'cmake_clean_first': False, 'cmake_force_configure': False, 'cmake_target': None, 'cmake_target_skip_unavailable': False, 'install_base': '/root/dddmr_navigation/install/recovery_behaviors', 'merge_install': False, 'path': '/root/dddmr_navigation/src/dddmr_local_planner/recovery_behaviors', 'symlink_install': False, 'test_result_base': None}
[2.420s] Level 5:colcon.colcon_core.verb:set package 'p2p_move_base' build argument 'cmake_args' from command line to 'None'
[2.420s] Level 5:colcon.colcon_core.verb:set package 'p2p_move_base' build argument 'cmake_target' from command line to 'None'
[2.420s] Level 5:colcon.colcon_core.verb:set package 'p2p_move_base' build argument 'cmake_target_skip_unavailable' from command line to 'False'
[2.420s] Level 5:colcon.colcon_core.verb:set package 'p2p_move_base' build argument 'cmake_clean_cache' from command line to 'False'
[2.420s] Level 5:colcon.colcon_core.verb:set package 'p2p_move_base' build argument 'cmake_clean_first' from command line to 'False'
[2.420s] Level 5:colcon.colcon_core.verb:set package 'p2p_move_base' build argument 'cmake_force_configure' from command line to 'False'
[2.421s] Level 5:colcon.colcon_core.verb:set package 'p2p_move_base' build argument 'ament_cmake_args' from command line to 'None'
[2.421s] Level 5:colcon.colcon_core.verb:set package 'p2p_move_base' build argument 'catkin_cmake_args' from command line to 'None'
[2.421s] Level 5:colcon.colcon_core.verb:set package 'p2p_move_base' build argument 'catkin_skip_building_tests' from command line to 'False'
[2.421s] DEBUG:colcon.colcon_core.verb:Building package 'p2p_move_base' with the following arguments: {'ament_cmake_args': None, 'build_base': '/root/dddmr_navigation/build/p2p_move_base', 'catkin_cmake_args': None, 'catkin_skip_building_tests': False, 'cmake_args': None, 'cmake_clean_cache': False, 'cmake_clean_first': False, 'cmake_force_configure': False, 'cmake_target': None, 'cmake_target_skip_unavailable': False, 'install_base': '/root/dddmr_navigation/install/p2p_move_base', 'merge_install': False, 'path': '/root/dddmr_navigation/src/dddmr_p2p_move_base', 'symlink_install': False, 'test_result_base': None}
[2.422s] INFO:colcon.colcon_core.executor:Executing jobs using 'parallel' executor
[2.427s] DEBUG:colcon.colcon_parallel_executor.executor.parallel:run_until_complete
[2.430s] INFO:colcon.colcon_ros.task.ament_cmake.build:Building ROS package in '/root/dddmr_navigation/src/dddmr_local_planner/base_trajectory' with build type 'ament_cmake'
[2.430s] INFO:colcon.colcon_cmake.task.cmake.build:Building CMake package in '/root/dddmr_navigation/src/dddmr_local_planner/base_trajectory'
[2.449s] INFO:colcon.colcon_core.plugin_system:Skipping extension 'colcon_core.shell.bat': Not used on non-Windows systems
[2.450s] INFO:colcon.colcon_core.shell:Skip shell extension 'powershell' for command environment: Not usable outside of PowerShell
[2.450s] DEBUG:colcon.colcon_core.shell:Skip shell extension 'dsv' for command environment
[2.479s] INFO:colcon.colcon_ros.task.ament_cmake.build:Building ROS package in '/root/dddmr_navigation/src/dddmr_sys_core' with build type 'ament_cmake'
[2.479s] INFO:colcon.colcon_cmake.task.cmake.build:Building CMake package in '/root/dddmr_navigation/src/dddmr_sys_core'
[2.481s] INFO:colcon.colcon_core.shell:Skip shell extension 'powershell' for command environment: Not usable outside of PowerShell
[2.481s] DEBUG:colcon.colcon_core.shell:Skip shell extension 'dsv' for command environment
[2.512s] INFO:colcon.colcon_ros.task.ament_cmake.build:Building ROS package in '/root/dddmr_navigation/src/dddmr_perception_3d' with build type 'ament_cmake'
[2.513s] INFO:colcon.colcon_cmake.task.cmake.build:Building CMake package in '/root/dddmr_navigation/src/dddmr_perception_3d'
[2.515s] INFO:colcon.colcon_core.shell:Skip shell extension 'powershell' for command environment: Not usable outside of PowerShell
[2.516s] DEBUG:colcon.colcon_core.shell:Skip shell extension 'dsv' for command environment
[2.543s] INFO:colcon.colcon_ros.task.ament_cmake.build:Building ROS package in '/root/dddmr_navigation/src/dddmr_lego_loam/cloud_msgs' with build type 'ament_cmake'
[2.544s] INFO:colcon.colcon_cmake.task.cmake.build:Building CMake package in '/root/dddmr_navigation/src/dddmr_lego_loam/cloud_msgs'
[2.546s] INFO:colcon.colcon_core.shell:Skip shell extension 'powershell' for command environment: Not usable outside of PowerShell
[2.546s] DEBUG:colcon.colcon_core.shell:Skip shell extension 'dsv' for command environment
[2.573s] INFO:colcon.colcon_ros.task.ament_cmake.build:Building ROS package in '/root/dddmr_navigation/src/dddmr_trt' with build type 'ament_cmake'
[2.574s] INFO:colcon.colcon_cmake.task.cmake.build:Building CMake package in '/root/dddmr_navigation/src/dddmr_trt'
[2.575s] INFO:colcon.colcon_core.shell:Skip shell extension 'powershell' for command environment: Not usable outside of PowerShell
[2.575s] DEBUG:colcon.colcon_core.shell:Skip shell extension 'dsv' for command environment
[2.604s] INFO:colcon.colcon_ros.task.ament_cmake.build:Building ROS package in '/root/dddmr_navigation/src/dddmr_beginner_guide' with build type 'ament_cmake'
[2.605s] INFO:colcon.colcon_cmake.task.cmake.build:Building CMake package in '/root/dddmr_navigation/src/dddmr_beginner_guide'
[2.607s] INFO:colcon.colcon_core.shell:Skip shell extension 'powershell' for command environment: Not usable outside of PowerShell
[2.607s] DEBUG:colcon.colcon_core.shell:Skip shell extension 'dsv' for command environment
[2.636s] INFO:colcon.colcon_ros.task.ament_cmake.build:Building ROS package in '/root/dddmr_navigation/src/dddmr_fastlio_adapter' with build type 'ament_cmake'
[2.637s] INFO:colcon.colcon_cmake.task.cmake.build:Building CMake package in '/root/dddmr_navigation/src/dddmr_fastlio_adapter'
[2.638s] INFO:colcon.colcon_core.shell:Skip shell extension 'powershell' for command environment: Not usable outside of PowerShell
[2.639s] DEBUG:colcon.colcon_core.shell:Skip shell extension 'dsv' for command environment
[2.666s] INFO:colcon.colcon_ros.task.ament_cmake.build:Building ROS package in '/root/dddmr_navigation/src/dddmr_odom_3d' with build type 'ament_cmake'
[2.667s] INFO:colcon.colcon_cmake.task.cmake.build:Building CMake package in '/root/dddmr_navigation/src/dddmr_odom_3d'
[2.668s] INFO:colcon.colcon_core.shell:Skip shell extension 'powershell' for command environment: Not usable outside of PowerShell
[2.669s] DEBUG:colcon.colcon_core.shell:Skip shell extension 'dsv' for command environment
[2.696s] INFO:colcon.colcon_ros.task.ament_cmake.build:Building ROS package in '/root/dddmr_navigation/src/dddmr_rviz_tools/dddmr_rviz_default_plugins' with build type 'ament_cmake'
[2.697s] INFO:colcon.colcon_cmake.task.cmake.build:Building CMake package in '/root/dddmr_navigation/src/dddmr_rviz_tools/dddmr_rviz_default_plugins'
[2.698s] INFO:colcon.colcon_core.shell:Skip shell extension 'powershell' for command environment: Not usable outside of PowerShell
[2.698s] DEBUG:colcon.colcon_core.shell:Skip shell extension 'dsv' for command environment
[2.724s] INFO:colcon.colcon_ros.task.ament_cmake.build:Building ROS package in '/root/dddmr_navigation/src/dddmr_semantic_segmentation' with build type 'ament_cmake'
[2.725s] INFO:colcon.colcon_cmake.task.cmake.build:Building CMake package in '/root/dddmr_navigation/src/dddmr_semantic_segmentation'
[2.726s] INFO:colcon.colcon_core.shell:Skip shell extension 'powershell' for command environment: Not usable outside of PowerShell
[2.726s] DEBUG:colcon.colcon_core.shell:Skip shell extension 'dsv' for command environment
[2.753s] INFO:colcon.colcon_ros.task.ament_cmake.build:Building ROS package in '/root/dddmr_navigation/src/FAST_LIO' with build type 'ament_cmake'
[2.754s] INFO:colcon.colcon_cmake.task.cmake.build:Building CMake package in '/root/dddmr_navigation/src/FAST_LIO'
[2.755s] INFO:colcon.colcon_core.shell:Skip shell extension 'powershell' for command environment: Not usable outside of PowerShell
[2.755s] DEBUG:colcon.colcon_core.shell:Skip shell extension 'dsv' for command environment
[2.782s] INFO:colcon.colcon_ros.task.ament_cmake.build:Building ROS package in '/root/dddmr_navigation/src/dddmr_rviz_tools/map_editor_panel' with build type 'ament_cmake'
[2.782s] INFO:colcon.colcon_cmake.task.cmake.build:Building CMake package in '/root/dddmr_navigation/src/dddmr_rviz_tools/map_editor_panel'
[2.784s] INFO:colcon.colcon_core.shell:Skip shell extension 'powershell' for command environment: Not usable outside of PowerShell
[2.784s] DEBUG:colcon.colcon_core.shell:Skip shell extension 'dsv' for command environment
[2.814s] INFO:colcon.colcon_ros.task.ament_cmake.build:Building ROS package in '/root/dddmr_navigation/src/dddmr_rviz_tools/mapping_panel' with build type 'ament_cmake'
[2.815s] INFO:colcon.colcon_cmake.task.cmake.build:Building CMake package in '/root/dddmr_navigation/src/dddmr_rviz_tools/mapping_panel'
[2.816s] INFO:colcon.colcon_core.shell:Skip shell extension 'powershell' for command environment: Not usable outside of PowerShell
[2.816s] DEBUG:colcon.colcon_core.shell:Skip shell extension 'dsv' for command environment
[2.846s] INFO:colcon.colcon_ros.task.ament_cmake.build:Building ROS package in '/root/dddmr_navigation/src/dddmr_rviz_tools/pose_graph_editor_panel' with build type 'ament_cmake'
[2.847s] INFO:colcon.colcon_cmake.task.cmake.build:Building CMake package in '/root/dddmr_navigation/src/dddmr_rviz_tools/pose_graph_editor_panel'
[2.848s] INFO:colcon.colcon_core.shell:Skip shell extension 'powershell' for command environment: Not usable outside of PowerShell
[2.849s] DEBUG:colcon.colcon_core.shell:Skip shell extension 'dsv' for command environment
[2.878s] INFO:colcon.colcon_ros.task.ament_cmake.build:Building ROS package in '/root/dddmr_navigation/src/dddmr_rviz_tools/pose_graph_merge_editor_panel' with build type 'ament_cmake'
[2.879s] INFO:colcon.colcon_cmake.task.cmake.build:Building CMake package in '/root/dddmr_navigation/src/dddmr_rviz_tools/pose_graph_merge_editor_panel'
[2.881s] INFO:colcon.colcon_core.shell:Skip shell extension 'powershell' for command environment: Not usable outside of PowerShell
[2.881s] DEBUG:colcon.colcon_core.shell:Skip shell extension 'dsv' for command environment
[2.946s] DEBUG:colcon.colcon_core.event_handler.log_command:Invoking command in '/root/dddmr_navigation/build/base_trajectory': CMAKE_PREFIX_PATH=${CMAKE_PREFIX_PATH}:/opt/ros/humble /usr/bin/cmake /root/dddmr_navigation/src/dddmr_local_planner/base_trajectory -DCMAKE_INSTALL_PREFIX=/root/dddmr_navigation/install/base_trajectory
[2.973s] DEBUG:colcon.colcon_core.event_handler.log_command:Invoking command in '/root/dddmr_navigation/build/dddmr_sys_core': CMAKE_PREFIX_PATH=${CMAKE_PREFIX_PATH}:/opt/ros/humble /usr/bin/cmake /root/dddmr_navigation/src/dddmr_sys_core -DCMAKE_INSTALL_PREFIX=/root/dddmr_navigation/install/dddmr_sys_core
[2.995s] DEBUG:colcon.colcon_core.event_handler.log_command:Invoking command in '/root/dddmr_navigation/build/perception_3d': CMAKE_PREFIX_PATH=${CMAKE_PREFIX_PATH}:/opt/ros/humble /usr/bin/cmake /root/dddmr_navigation/src/dddmr_perception_3d -DCMAKE_INSTALL_PREFIX=/root/dddmr_navigation/install/perception_3d
[3.016s] DEBUG:colcon.colcon_core.event_handler.log_command:Invoking command in '/root/dddmr_navigation/build/cloud_msgs': CMAKE_PREFIX_PATH=${CMAKE_PREFIX_PATH}:/opt/ros/humble /usr/bin/cmake /root/dddmr_navigation/src/dddmr_lego_loam/cloud_msgs -DCMAKE_INSTALL_PREFIX=/root/dddmr_navigation/install/cloud_msgs
[3.040s] DEBUG:colcon.colcon_core.event_handler.log_command:Invoking command in '/root/dddmr_navigation/build/dddmr_trt': CMAKE_PREFIX_PATH=${CMAKE_PREFIX_PATH}:/opt/ros/humble /usr/bin/cmake /root/dddmr_navigation/src/dddmr_trt -DCMAKE_INSTALL_PREFIX=/root/dddmr_navigation/install/dddmr_trt
[3.057s] DEBUG:colcon.colcon_core.event_handler.log_command:Invoking command in '/root/dddmr_navigation/build/dddmr_beginner_guide': CMAKE_PREFIX_PATH=${CMAKE_PREFIX_PATH}:/opt/ros/humble /usr/bin/cmake --build /root/dddmr_navigation/build/dddmr_beginner_guide -- -j28 -l28
[3.077s] DEBUG:colcon.colcon_core.event_handler.log_command:Invoking command in '/root/dddmr_navigation/build/dddmr_fastlio_adapter': CMAKE_PREFIX_PATH=${CMAKE_PREFIX_PATH}:/opt/ros/humble /usr/bin/cmake /root/dddmr_navigation/src/dddmr_fastlio_adapter -DCMAKE_INSTALL_PREFIX=/root/dddmr_navigation/install/dddmr_fastlio_adapter
[3.106s] DEBUG:colcon.colcon_core.event_handler.log_command:Invoking command in '/root/dddmr_navigation/build/dddmr_odom_3d': CMAKE_PREFIX_PATH=${CMAKE_PREFIX_PATH}:/opt/ros/humble /usr/bin/cmake /root/dddmr_navigation/src/dddmr_odom_3d -DCMAKE_INSTALL_PREFIX=/root/dddmr_navigation/install/dddmr_odom_3d
[3.128s] DEBUG:colcon.colcon_core.event_handler.log_command:Invoking command in '/root/dddmr_navigation/build/dddmr_rviz_default_plugins': CMAKE_PREFIX_PATH=${CMAKE_PREFIX_PATH}:/opt/ros/humble /usr/bin/cmake /root/dddmr_navigation/src/dddmr_rviz_tools/dddmr_rviz_default_plugins -DCMAKE_INSTALL_PREFIX=/root/dddmr_navigation/install/dddmr_rviz_default_plugins
[3.146s] DEBUG:colcon.colcon_core.event_handler.log_command:Invoking command in '/root/dddmr_navigation/build/dddmr_semantic_segmentation': CMAKE_PREFIX_PATH=${CMAKE_PREFIX_PATH}:/opt/ros/humble /usr/bin/cmake /root/dddmr_navigation/src/dddmr_semantic_segmentation -DCMAKE_INSTALL_PREFIX=/root/dddmr_navigation/install/dddmr_semantic_segmentation
[3.168s] DEBUG:colcon.colcon_core.event_handler.log_command:Invoking command in '/root/dddmr_navigation/build/fast_lio': CMAKE_PREFIX_PATH=${CMAKE_PREFIX_PATH}:/opt/ros/humble /usr/bin/cmake /root/dddmr_navigation/src/FAST_LIO -DCMAKE_INSTALL_PREFIX=/root/dddmr_navigation/install/fast_lio
[3.195s] DEBUG:colcon.colcon_core.event_handler.log_command:Invoking command in '/root/dddmr_navigation/build/map_editor_panel': CMAKE_PREFIX_PATH=${CMAKE_PREFIX_PATH}:/opt/ros/humble /usr/bin/cmake /root/dddmr_navigation/src/dddmr_rviz_tools/map_editor_panel -DCMAKE_INSTALL_PREFIX=/root/dddmr_navigation/install/map_editor_panel
[3.226s] DEBUG:colcon.colcon_core.event_handler.log_command:Invoking command in '/root/dddmr_navigation/build/mapping_panel': CMAKE_PREFIX_PATH=${CMAKE_PREFIX_PATH}:/opt/ros/humble /usr/bin/cmake /root/dddmr_navigation/src/dddmr_rviz_tools/mapping_panel -DCMAKE_INSTALL_PREFIX=/root/dddmr_navigation/install/mapping_panel
[3.256s] DEBUG:colcon.colcon_core.event_handler.log_command:Invoking command in '/root/dddmr_navigation/build/pose_graph_editor_panel': CMAKE_PREFIX_PATH=${CMAKE_PREFIX_PATH}:/opt/ros/humble /usr/bin/cmake /root/dddmr_navigation/src/dddmr_rviz_tools/pose_graph_editor_panel -DCMAKE_INSTALL_PREFIX=/root/dddmr_navigation/install/pose_graph_editor_panel
[3.283s] DEBUG:colcon.colcon_core.event_handler.log_command:Invoking command in '/root/dddmr_navigation/build/pose_graph_merge_editor_panel': CMAKE_PREFIX_PATH=${CMAKE_PREFIX_PATH}:/opt/ros/humble /usr/bin/cmake /root/dddmr_navigation/src/dddmr_rviz_tools/pose_graph_merge_editor_panel -DCMAKE_INSTALL_PREFIX=/root/dddmr_navigation/install/pose_graph_merge_editor_panel
[3.362s] DEBUG:colcon.colcon_core.event_handler.log_command:Invoked command in '/root/dddmr_navigation/build/dddmr_beginner_guide' returned '0': CMAKE_PREFIX_PATH=${CMAKE_PREFIX_PATH}:/opt/ros/humble /usr/bin/cmake --build /root/dddmr_navigation/build/dddmr_beginner_guide -- -j28 -l28
[3.436s] DEBUG:colcon.colcon_core.event_handler.log_command:Invoking command in '/root/dddmr_navigation/build/dddmr_beginner_guide': CMAKE_PREFIX_PATH=${CMAKE_PREFIX_PATH}:/opt/ros/humble /usr/bin/cmake --install /root/dddmr_navigation/build/dddmr_beginner_guide
[3.595s] Level 1:colcon.colcon_core.environment:create_environment_scripts_only(dddmr_beginner_guide)
[3.603s] DEBUG:colcon.colcon_core.event_handler.log_command:Invoked command in '/root/dddmr_navigation/build/dddmr_beginner_guide' returned '0': CMAKE_PREFIX_PATH=${CMAKE_PREFIX_PATH}:/opt/ros/humble /usr/bin/cmake --install /root/dddmr_navigation/build/dddmr_beginner_guide
[3.625s] Level 1:colcon.colcon_core.environment:checking '/root/dddmr_navigation/install/dddmr_beginner_guide' for CMake module files
[3.629s] Level 1:colcon.colcon_core.environment:checking '/root/dddmr_navigation/install/dddmr_beginner_guide' for CMake config files
[3.631s] Level 1:colcon.colcon_core.shell:create_environment_hook('dddmr_beginner_guide', 'cmake_prefix_path')
[3.633s] INFO:colcon.colcon_core.shell:Creating environment hook '/root/dddmr_navigation/install/dddmr_beginner_guide/share/dddmr_beginner_guide/hook/cmake_prefix_path.ps1'
[3.638s] INFO:colcon.colcon_core.shell:Creating environment descriptor '/root/dddmr_navigation/install/dddmr_beginner_guide/share/dddmr_beginner_guide/hook/cmake_prefix_path.dsv'
[3.641s] INFO:colcon.colcon_core.shell:Creating environment hook '/root/dddmr_navigation/install/dddmr_beginner_guide/share/dddmr_beginner_guide/hook/cmake_prefix_path.sh'
[3.648s] Level 1:colcon.colcon_core.environment:checking '/root/dddmr_navigation/install/dddmr_beginner_guide/bin'
[3.649s] Level 1:colcon.colcon_core.environment:checking '/root/dddmr_navigation/install/dddmr_beginner_guide/lib/pkgconfig/dddmr_beginner_guide.pc'
[3.650s] Level 1:colcon.colcon_core.environment:checking '/root/dddmr_navigation/install/dddmr_beginner_guide/lib/python3.10/site-packages'
[3.654s] Level 1:colcon.colcon_core.environment:checking '/root/dddmr_navigation/install/dddmr_beginner_guide/bin'
[3.657s] INFO:colcon.colcon_core.shell:Creating package script '/root/dddmr_navigation/install/dddmr_beginner_guide/share/dddmr_beginner_guide/package.ps1'
[3.666s] INFO:colcon.colcon_core.shell:Creating package descriptor '/root/dddmr_navigation/install/dddmr_beginner_guide/share/dddmr_beginner_guide/package.dsv'
[3.674s] INFO:colcon.colcon_core.shell:Creating package script '/root/dddmr_navigation/install/dddmr_beginner_guide/share/dddmr_beginner_guide/package.sh'
[3.681s] INFO:colcon.colcon_core.shell:Creating package script '/root/dddmr_navigation/install/dddmr_beginner_guide/share/dddmr_beginner_guide/package.bash'
[3.688s] INFO:colcon.colcon_core.shell:Creating package script '/root/dddmr_navigation/install/dddmr_beginner_guide/share/dddmr_beginner_guide/package.zsh'
[3.695s] Level 1:colcon.colcon_core.environment:create_file_with_runtime_dependencies(/root/dddmr_navigation/install/dddmr_beginner_guide/share/colcon-core/packages/dddmr_beginner_guide)
[3.700s] Level 1:colcon.colcon_core.environment:create_environment_scripts_only(dddmr_beginner_guide)
[3.705s] Level 1:colcon.colcon_core.environment:checking '/root/dddmr_navigation/install/dddmr_beginner_guide' for CMake module files
[3.710s] Level 1:colcon.colcon_core.environment:checking '/root/dddmr_navigation/install/dddmr_beginner_guide' for CMake config files
[3.713s] Level 1:colcon.colcon_core.shell:create_environment_hook('dddmr_beginner_guide', 'cmake_prefix_path')
[3.715s] INFO:colcon.colcon_core.shell:Creating environment hook '/root/dddmr_navigation/install/dddmr_beginner_guide/share/dddmr_beginner_guide/hook/cmake_prefix_path.ps1'
[3.719s] INFO:colcon.colcon_core.shell:Creating environment descriptor '/root/dddmr_navigation/install/dddmr_beginner_guide/share/dddmr_beginner_guide/hook/cmake_prefix_path.dsv'
[3.722s] INFO:colcon.colcon_core.shell:Creating environment hook '/root/dddmr_navigation/install/dddmr_beginner_guide/share/dddmr_beginner_guide/hook/cmake_prefix_path.sh'
[3.726s] Level 1:colcon.colcon_core.environment:checking '/root/dddmr_navigation/install/dddmr_beginner_guide/bin'
[3.727s] Level 1:colcon.colcon_core.environment:checking '/root/dddmr_navigation/install/dddmr_beginner_guide/lib/pkgconfig/dddmr_beginner_guide.pc'
[3.729s] Level 1:colcon.colcon_core.environment:checking '/root/dddmr_navigation/install/dddmr_beginner_guide/lib/python3.10/site-packages'
[3.732s] Level 1:colcon.colcon_core.environment:checking '/root/dddmr_navigation/install/dddmr_beginner_guide/bin'
[3.735s] INFO:colcon.colcon_core.shell:Creating package script '/root/dddmr_navigation/install/dddmr_beginner_guide/share/dddmr_beginner_guide/package.ps1'
[3.740s] INFO:colcon.colcon_core.shell:Creating package descriptor '/root/dddmr_navigation/install/dddmr_beginner_guide/share/dddmr_beginner_guide/package.dsv'
[3.744s] INFO:colcon.colcon_core.shell:Creating package script '/root/dddmr_navigation/install/dddmr_beginner_guide/share/dddmr_beginner_guide/package.sh'
[3.749s] INFO:colcon.colcon_core.shell:Creating package script '/root/dddmr_navigation/install/dddmr_beginner_guide/share/dddmr_beginner_guide/package.bash'
[3.753s] INFO:colcon.colcon_core.shell:Creating package script '/root/dddmr_navigation/install/dddmr_beginner_guide/share/dddmr_beginner_guide/package.zsh'
[3.756s] Level 1:colcon.colcon_core.environment:create_file_with_runtime_dependencies(/root/dddmr_navigation/install/dddmr_beginner_guide/share/colcon-core/packages/dddmr_beginner_guide)
[8.138s] DEBUG:colcon.colcon_core.event_handler.log_command:Invoked command in '/root/dddmr_navigation/build/dddmr_trt' returned '0': CMAKE_PREFIX_PATH=${CMAKE_PREFIX_PATH}:/opt/ros/humble /usr/bin/cmake /root/dddmr_navigation/src/dddmr_trt -DCMAKE_INSTALL_PREFIX=/root/dddmr_navigation/install/dddmr_trt
[8.153s] DEBUG:colcon.colcon_core.event_handler.log_command:Invoking command in '/root/dddmr_navigation/build/dddmr_trt': CMAKE_PREFIX_PATH=${CMAKE_PREFIX_PATH}:/opt/ros/humble /usr/bin/cmake --build /root/dddmr_navigation/build/dddmr_trt -- -j28 -l28
[8.423s] DEBUG:colcon.colcon_core.event_handler.log_command:Invoked command in '/root/dddmr_navigation/build/dddmr_trt' returned '0': CMAKE_PREFIX_PATH=${CMAKE_PREFIX_PATH}:/opt/ros/humble /usr/bin/cmake --build /root/dddmr_navigation/build/dddmr_trt -- -j28 -l28
[8.437s] DEBUG:colcon.colcon_core.event_handler.log_command:Invoking command in '/root/dddmr_navigation/build/dddmr_trt': CMAKE_PREFIX_PATH=${CMAKE_PREFIX_PATH}:/opt/ros/humble /usr/bin/cmake --install /root/dddmr_navigation/build/dddmr_trt
[8.579s] Level 1:colcon.colcon_core.environment:create_environment_scripts_only(dddmr_trt)
[8.582s] Level 1:colcon.colcon_core.environment:checking '/root/dddmr_navigation/install/dddmr_trt' for CMake module files
[8.586s] DEBUG:colcon.colcon_core.event_handler.log_command:Invoked command in '/root/dddmr_navigation/build/dddmr_trt' returned '0': CMAKE_PREFIX_PATH=${CMAKE_PREFIX_PATH}:/opt/ros/humble /usr/bin/cmake --install /root/dddmr_navigation/build/dddmr_trt
[8.589s] Level 1:colcon.colcon_core.environment:checking '/root/dddmr_navigation/install/dddmr_trt' for CMake config files
[8.591s] Level 1:colcon.colcon_core.shell:create_environment_hook('dddmr_trt', 'cmake_prefix_path')
[8.593s] INFO:colcon.colcon_core.shell:Creating environment hook '/root/dddmr_navigation/install/dddmr_trt/share/dddmr_trt/hook/cmake_prefix_path.ps1'
[8.597s] INFO:colcon.colcon_core.shell:Creating environment descriptor '/root/dddmr_navigation/install/dddmr_trt/share/dddmr_trt/hook/cmake_prefix_path.dsv'
[8.600s] INFO:colcon.colcon_core.shell:Creating environment hook '/root/dddmr_navigation/install/dddmr_trt/share/dddmr_trt/hook/cmake_prefix_path.sh'
[8.604s] Level 1:colcon.colcon_core.environment:checking '/root/dddmr_navigation/install/dddmr_trt/bin'
[8.605s] Level 1:colcon.colcon_core.environment:checking '/root/dddmr_navigation/install/dddmr_trt/lib/pkgconfig/dddmr_trt.pc'
[8.607s] Level 1:colcon.colcon_core.environment:checking '/root/dddmr_navigation/install/dddmr_trt/lib/python3.10/site-packages'
[8.610s] Level 1:colcon.colcon_core.environment:checking '/root/dddmr_navigation/install/dddmr_trt/bin'
[8.612s] INFO:colcon.colcon_core.shell:Creating package script '/root/dddmr_navigation/install/dddmr_trt/share/dddmr_trt/package.ps1'
[8.619s] INFO:colcon.colcon_core.shell:Creating package descriptor '/root/dddmr_navigation/install/dddmr_trt/share/dddmr_trt/package.dsv'
[8.623s] INFO:colcon.colcon_core.shell:Creating package script '/root/dddmr_navigation/install/dddmr_trt/share/dddmr_trt/package.sh'
[8.626s] INFO:colcon.colcon_core.shell:Creating package script '/root/dddmr_navigation/install/dddmr_trt/share/dddmr_trt/package.bash'
[8.631s] INFO:colcon.colcon_core.shell:Creating package script '/root/dddmr_navigation/install/dddmr_trt/share/dddmr_trt/package.zsh'
[8.635s] Level 1:colcon.colcon_core.environment:create_file_with_runtime_dependencies(/root/dddmr_navigation/install/dddmr_trt/share/colcon-core/packages/dddmr_trt)
[8.639s] Level 1:colcon.colcon_core.environment:create_environment_scripts_only(dddmr_trt)
[8.641s] Level 1:colcon.colcon_core.environment:checking '/root/dddmr_navigation/install/dddmr_trt' for CMake module files
[8.647s] Level 1:colcon.colcon_core.environment:checking '/root/dddmr_navigation/install/dddmr_trt' for CMake config files
[8.649s] Level 1:colcon.colcon_core.shell:create_environment_hook('dddmr_trt', 'cmake_prefix_path')
[8.651s] INFO:colcon.colcon_core.shell:Creating environment hook '/root/dddmr_navigation/install/dddmr_trt/share/dddmr_trt/hook/cmake_prefix_path.ps1'
[8.654s] INFO:colcon.colcon_core.shell:Creating environment descriptor '/root/dddmr_navigation/install/dddmr_trt/share/dddmr_trt/hook/cmake_prefix_path.dsv'
[8.657s] INFO:colcon.colcon_core.shell:Creating environment hook '/root/dddmr_navigation/install/dddmr_trt/share/dddmr_trt/hook/cmake_prefix_path.sh'
[8.662s] Level 1:colcon.colcon_core.environment:checking '/root/dddmr_navigation/install/dddmr_trt/bin'
[8.662s] Level 1:colcon.colcon_core.environment:checking '/root/dddmr_navigation/install/dddmr_trt/lib/pkgconfig/dddmr_trt.pc'
[8.664s] Level 1:colcon.colcon_core.environment:checking '/root/dddmr_navigation/install/dddmr_trt/lib/python3.10/site-packages'
[8.667s] Level 1:colcon.colcon_core.environment:checking '/root/dddmr_navigation/install/dddmr_trt/bin'
[8.669s] INFO:colcon.colcon_core.shell:Creating package script '/root/dddmr_navigation/install/dddmr_trt/share/dddmr_trt/package.ps1'
[8.678s] INFO:colcon.colcon_core.shell:Creating package descriptor '/root/dddmr_navigation/install/dddmr_trt/share/dddmr_trt/package.dsv'
[8.682s] INFO:colcon.colcon_core.shell:Creating package script '/root/dddmr_navigation/install/dddmr_trt/share/dddmr_trt/package.sh'
[8.686s] INFO:colcon.colcon_core.shell:Creating package script '/root/dddmr_navigation/install/dddmr_trt/share/dddmr_trt/package.bash'
[8.689s] INFO:colcon.colcon_core.shell:Creating package script '/root/dddmr_navigation/install/dddmr_trt/share/dddmr_trt/package.zsh'
[8.693s] Level 1:colcon.colcon_core.environment:create_file_with_runtime_dependencies(/root/dddmr_navigation/install/dddmr_trt/share/colcon-core/packages/dddmr_trt)
[8.721s] DEBUG:colcon.colcon_core.event_handler.log_command:Invoked command in '/root/dddmr_navigation/build/pose_graph_editor_panel' returned '0': CMAKE_PREFIX_PATH=${CMAKE_PREFIX_PATH}:/opt/ros/humble /usr/bin/cmake /root/dddmr_navigation/src/dddmr_rviz_tools/pose_graph_editor_panel -DCMAKE_INSTALL_PREFIX=/root/dddmr_navigation/install/pose_graph_editor_panel
[8.730s] DEBUG:colcon.colcon_core.event_handler.log_command:Invoking command in '/root/dddmr_navigation/build/pose_graph_editor_panel': CMAKE_PREFIX_PATH=${CMAKE_PREFIX_PATH}:/opt/ros/humble /usr/bin/cmake --build /root/dddmr_navigation/build/pose_graph_editor_panel -- -j28 -l28
[8.799s] DEBUG:colcon.colcon_core.event_handler.log_command:Invoked command in '/root/dddmr_navigation/build/dddmr_odom_3d' returned '0': CMAKE_PREFIX_PATH=${CMAKE_PREFIX_PATH}:/opt/ros/humble /usr/bin/cmake /root/dddmr_navigation/src/dddmr_odom_3d -DCMAKE_INSTALL_PREFIX=/root/dddmr_navigation/install/dddmr_odom_3d
[8.808s] DEBUG:colcon.colcon_core.event_handler.log_command:Invoking command in '/root/dddmr_navigation/build/dddmr_odom_3d': CMAKE_PREFIX_PATH=${CMAKE_PREFIX_PATH}:/opt/ros/humble /usr/bin/cmake --build /root/dddmr_navigation/build/dddmr_odom_3d -- -j28 -l28
[8.985s] DEBUG:colcon.colcon_core.event_handler.log_command:Invoked command in '/root/dddmr_navigation/build/pose_graph_merge_editor_panel' returned '0': CMAKE_PREFIX_PATH=${CMAKE_PREFIX_PATH}:/opt/ros/humble /usr/bin/cmake /root/dddmr_navigation/src/dddmr_rviz_tools/pose_graph_merge_editor_panel -DCMAKE_INSTALL_PREFIX=/root/dddmr_navigation/install/pose_graph_merge_editor_panel
[8.992s] DEBUG:colcon.colcon_core.event_handler.log_command:Invoking command in '/root/dddmr_navigation/build/pose_graph_merge_editor_panel': CMAKE_PREFIX_PATH=${CMAKE_PREFIX_PATH}:/opt/ros/humble /usr/bin/cmake --build /root/dddmr_navigation/build/pose_graph_merge_editor_panel -- -j28 -l28
[9.321s] DEBUG:colcon.colcon_core.event_handler.log_command:Invoked command in '/root/dddmr_navigation/build/dddmr_odom_3d' returned '0': CMAKE_PREFIX_PATH=${CMAKE_PREFIX_PATH}:/opt/ros/humble /usr/bin/cmake --build /root/dddmr_navigation/build/dddmr_odom_3d -- -j28 -l28
[9.337s] DEBUG:colcon.colcon_core.event_handler.log_command:Invoking command in '/root/dddmr_navigation/build/dddmr_odom_3d': CMAKE_PREFIX_PATH=${CMAKE_PREFIX_PATH}:/opt/ros/humble /usr/bin/cmake --install /root/dddmr_navigation/build/dddmr_odom_3d
[9.517s] Level 1:colcon.colcon_core.environment:create_environment_scripts_only(dddmr_odom_3d)
[9.518s] Level 1:colcon.colcon_core.environment:checking '/root/dddmr_navigation/install/dddmr_odom_3d' for CMake module files
[9.523s] DEBUG:colcon.colcon_core.event_handler.log_command:Invoked command in '/root/dddmr_navigation/build/dddmr_odom_3d' returned '0': CMAKE_PREFIX_PATH=${CMAKE_PREFIX_PATH}:/opt/ros/humble /usr/bin/cmake --install /root/dddmr_navigation/build/dddmr_odom_3d
[9.526s] Level 1:colcon.colcon_core.environment:checking '/root/dddmr_navigation/install/dddmr_odom_3d' for CMake config files
[9.530s] Level 1:colcon.colcon_core.shell:create_environment_hook('dddmr_odom_3d', 'cmake_prefix_path')
[9.531s] INFO:colcon.colcon_core.shell:Creating environment hook '/root/dddmr_navigation/install/dddmr_odom_3d/share/dddmr_odom_3d/hook/cmake_prefix_path.ps1'
[9.534s] INFO:colcon.colcon_core.shell:Creating environment descriptor '/root/dddmr_navigation/install/dddmr_odom_3d/share/dddmr_odom_3d/hook/cmake_prefix_path.dsv'
[9.536s] INFO:colcon.colcon_core.shell:Creating environment hook '/root/dddmr_navigation/install/dddmr_odom_3d/share/dddmr_odom_3d/hook/cmake_prefix_path.sh'
[9.539s] Level 1:colcon.colcon_core.environment:checking '/root/dddmr_navigation/install/dddmr_odom_3d/lib'
[9.540s] Level 1:colcon.colcon_core.environment:checking '/root/dddmr_navigation/install/dddmr_odom_3d/bin'
[9.541s] Level 1:colcon.colcon_core.environment:checking '/root/dddmr_navigation/install/dddmr_odom_3d/lib/pkgconfig/dddmr_odom_3d.pc'
[9.542s] Level 1:colcon.colcon_core.environment:checking '/root/dddmr_navigation/install/dddmr_odom_3d/lib/python3.10/site-packages'
[9.544s] Level 1:colcon.colcon_core.environment:checking '/root/dddmr_navigation/install/dddmr_odom_3d/bin'
[9.546s] INFO:colcon.colcon_core.shell:Creating package script '/root/dddmr_navigation/install/dddmr_odom_3d/share/dddmr_odom_3d/package.ps1'
[9.549s] INFO:colcon.colcon_core.shell:Creating package descriptor '/root/dddmr_navigation/install/dddmr_odom_3d/share/dddmr_odom_3d/package.dsv'
[9.551s] INFO:colcon.colcon_core.shell:Creating package script '/root/dddmr_navigation/install/dddmr_odom_3d/share/dddmr_odom_3d/package.sh'
[9.554s] INFO:colcon.colcon_core.shell:Creating package script '/root/dddmr_navigation/install/dddmr_odom_3d/share/dddmr_odom_3d/package.bash'
[9.556s] INFO:colcon.colcon_core.shell:Creating package script '/root/dddmr_navigation/install/dddmr_odom_3d/share/dddmr_odom_3d/package.zsh'
[9.558s] Level 1:colcon.colcon_core.environment:create_file_with_runtime_dependencies(/root/dddmr_navigation/install/dddmr_odom_3d/share/colcon-core/packages/dddmr_odom_3d)
[9.561s] Level 1:colcon.colcon_core.environment:create_environment_scripts_only(dddmr_odom_3d)
[9.562s] Level 1:colcon.colcon_core.environment:checking '/root/dddmr_navigation/install/dddmr_odom_3d' for CMake module files
[9.565s] Level 1:colcon.colcon_core.environment:checking '/root/dddmr_navigation/install/dddmr_odom_3d' for CMake config files
[9.566s] Level 1:colcon.colcon_core.shell:create_environment_hook('dddmr_odom_3d', 'cmake_prefix_path')
[9.567s] INFO:colcon.colcon_core.shell:Creating environment hook '/root/dddmr_navigation/install/dddmr_odom_3d/share/dddmr_odom_3d/hook/cmake_prefix_path.ps1'
[9.569s] INFO:colcon.colcon_core.shell:Creating environment descriptor '/root/dddmr_navigation/install/dddmr_odom_3d/share/dddmr_odom_3d/hook/cmake_prefix_path.dsv'
[9.571s] INFO:colcon.colcon_core.shell:Creating environment hook '/root/dddmr_navigation/install/dddmr_odom_3d/share/dddmr_odom_3d/hook/cmake_prefix_path.sh'
[9.574s] Level 1:colcon.colcon_core.environment:checking '/root/dddmr_navigation/install/dddmr_odom_3d/lib'
[9.575s] Level 1:colcon.colcon_core.environment:checking '/root/dddmr_navigation/install/dddmr_odom_3d/bin'
[9.575s] Level 1:colcon.colcon_core.environment:checking '/root/dddmr_navigation/install/dddmr_odom_3d/lib/pkgconfig/dddmr_odom_3d.pc'
[9.576s] Level 1:colcon.colcon_core.environment:checking '/root/dddmr_navigation/install/dddmr_odom_3d/lib/python3.10/site-packages'
[9.578s] Level 1:colcon.colcon_core.environment:checking '/root/dddmr_navigation/install/dddmr_odom_3d/bin'
[9.580s] INFO:colcon.colcon_core.shell:Creating package script '/root/dddmr_navigation/install/dddmr_odom_3d/share/dddmr_odom_3d/package.ps1'
[9.583s] INFO:colcon.colcon_core.shell:Creating package descriptor '/root/dddmr_navigation/install/dddmr_odom_3d/share/dddmr_odom_3d/package.dsv'
[9.586s] INFO:colcon.colcon_core.shell:Creating package script '/root/dddmr_navigation/install/dddmr_odom_3d/share/dddmr_odom_3d/package.sh'
[9.588s] INFO:colcon.colcon_core.shell:Creating package script '/root/dddmr_navigation/install/dddmr_odom_3d/share/dddmr_odom_3d/package.bash'
[9.590s] INFO:colcon.colcon_core.shell:Creating package script '/root/dddmr_navigation/install/dddmr_odom_3d/share/dddmr_odom_3d/package.zsh'
[9.592s] Level 1:colcon.colcon_core.environment:create_file_with_runtime_dependencies(/root/dddmr_navigation/install/dddmr_odom_3d/share/colcon-core/packages/dddmr_odom_3d)
[9.602s] DEBUG:colcon.colcon_core.event_handler.log_command:Invoked command in '/root/dddmr_navigation/build/pose_graph_editor_panel' returned '0': CMAKE_PREFIX_PATH=${CMAKE_PREFIX_PATH}:/opt/ros/humble /usr/bin/cmake --build /root/dddmr_navigation/build/pose_graph_editor_panel -- -j28 -l28
[9.614s] DEBUG:colcon.colcon_core.event_handler.log_command:Invoking command in '/root/dddmr_navigation/build/pose_graph_editor_panel': CMAKE_PREFIX_PATH=${CMAKE_PREFIX_PATH}:/opt/ros/humble /usr/bin/cmake --install /root/dddmr_navigation/build/pose_graph_editor_panel
[9.761s] Level 1:colcon.colcon_core.environment:create_environment_scripts_only(pose_graph_editor_panel)
[9.763s] Level 1:colcon.colcon_core.environment:checking '/root/dddmr_navigation/install/pose_graph_editor_panel' for CMake module files
[9.767s] DEBUG:colcon.colcon_core.event_handler.log_command:Invoked command in '/root/dddmr_navigation/build/pose_graph_editor_panel' returned '0': CMAKE_PREFIX_PATH=${CMAKE_PREFIX_PATH}:/opt/ros/humble /usr/bin/cmake --install /root/dddmr_navigation/build/pose_graph_editor_panel
[9.770s] Level 1:colcon.colcon_core.environment:checking '/root/dddmr_navigation/install/pose_graph_editor_panel' for CMake config files
[9.773s] Level 1:colcon.colcon_core.shell:create_environment_hook('pose_graph_editor_panel', 'cmake_prefix_path')
[9.775s] INFO:colcon.colcon_core.shell:Creating environment hook '/root/dddmr_navigation/install/pose_graph_editor_panel/share/pose_graph_editor_panel/hook/cmake_prefix_path.ps1'
[9.779s] INFO:colcon.colcon_core.shell:Creating environment descriptor '/root/dddmr_navigation/install/pose_graph_editor_panel/share/pose_graph_editor_panel/hook/cmake_prefix_path.dsv'
[9.782s] INFO:colcon.colcon_core.shell:Creating environment hook '/root/dddmr_navigation/install/pose_graph_editor_panel/share/pose_graph_editor_panel/hook/cmake_prefix_path.sh'
[9.786s] Level 1:colcon.colcon_core.environment:checking '/root/dddmr_navigation/install/pose_graph_editor_panel/lib'
[9.787s] Level 1:colcon.colcon_core.shell:create_environment_hook('pose_graph_editor_panel', 'ld_library_path_lib')
[9.788s] INFO:colcon.colcon_core.shell:Creating environment hook '/root/dddmr_navigation/install/pose_graph_editor_panel/share/pose_graph_editor_panel/hook/ld_library_path_lib.ps1'
[9.794s] INFO:colcon.colcon_core.shell:Creating environment descriptor '/root/dddmr_navigation/install/pose_graph_editor_panel/share/pose_graph_editor_panel/hook/ld_library_path_lib.dsv'
[9.797s] INFO:colcon.colcon_core.shell:Creating environment hook '/root/dddmr_navigation/install/pose_graph_editor_panel/share/pose_graph_editor_panel/hook/ld_library_path_lib.sh'
[9.800s] Level 1:colcon.colcon_core.environment:checking '/root/dddmr_navigation/install/pose_graph_editor_panel/bin'
[9.801s] Level 1:colcon.colcon_core.environment:checking '/root/dddmr_navigation/install/pose_graph_editor_panel/lib/pkgconfig/pose_graph_editor_panel.pc'
[9.803s] Level 1:colcon.colcon_core.environment:checking '/root/dddmr_navigation/install/pose_graph_editor_panel/lib/python3.10/site-packages'
[9.806s] Level 1:colcon.colcon_core.environment:checking '/root/dddmr_navigation/install/pose_graph_editor_panel/bin'
[9.809s] INFO:colcon.colcon_core.shell:Creating package script '/root/dddmr_navigation/install/pose_graph_editor_panel/share/pose_graph_editor_panel/package.ps1'
[9.815s] INFO:colcon.colcon_core.shell:Creating package descriptor '/root/dddmr_navigation/install/pose_graph_editor_panel/share/pose_graph_editor_panel/package.dsv'
[9.819s] INFO:colcon.colcon_core.shell:Creating package script '/root/dddmr_navigation/install/pose_graph_editor_panel/share/pose_graph_editor_panel/package.sh'
[9.822s] INFO:colcon.colcon_core.shell:Creating package script '/root/dddmr_navigation/install/pose_graph_editor_panel/share/pose_graph_editor_panel/package.bash'
[9.826s] INFO:colcon.colcon_core.shell:Creating package script '/root/dddmr_navigation/install/pose_graph_editor_panel/share/pose_graph_editor_panel/package.zsh'
[9.829s] Level 1:colcon.colcon_core.environment:create_file_with_runtime_dependencies(/root/dddmr_navigation/install/pose_graph_editor_panel/share/colcon-core/packages/pose_graph_editor_panel)
[9.834s] Level 1:colcon.colcon_core.environment:create_environment_scripts_only(pose_graph_editor_panel)
[9.835s] Level 1:colcon.colcon_core.environment:checking '/root/dddmr_navigation/install/pose_graph_editor_panel' for CMake module files
[9.839s] Level 1:colcon.colcon_core.environment:checking '/root/dddmr_navigation/install/pose_graph_editor_panel' for CMake config files
[9.841s] Level 1:colcon.colcon_core.shell:create_environment_hook('pose_graph_editor_panel', 'cmake_prefix_path')
[9.842s] INFO:colcon.colcon_core.shell:Creating environment hook '/root/dddmr_navigation/install/pose_graph_editor_panel/share/pose_graph_editor_panel/hook/cmake_prefix_path.ps1'
[9.845s] INFO:colcon.colcon_core.shell:Creating environment descriptor '/root/dddmr_navigation/install/pose_graph_editor_panel/share/pose_graph_editor_panel/hook/cmake_prefix_path.dsv'
[9.847s] INFO:colcon.colcon_core.shell:Creating environment hook '/root/dddmr_navigation/install/pose_graph_editor_panel/share/pose_graph_editor_panel/hook/cmake_prefix_path.sh'
[9.850s] Level 1:colcon.colcon_core.environment:checking '/root/dddmr_navigation/install/pose_graph_editor_panel/lib'
[9.851s] Level 1:colcon.colcon_core.shell:create_environment_hook('pose_graph_editor_panel', 'ld_library_path_lib')
[9.852s] INFO:colcon.colcon_core.shell:Creating environment hook '/root/dddmr_navigation/install/pose_graph_editor_panel/share/pose_graph_editor_panel/hook/ld_library_path_lib.ps1'
[9.854s] INFO:colcon.colcon_core.shell:Creating environment descriptor '/root/dddmr_navigation/install/pose_graph_editor_panel/share/pose_graph_editor_panel/hook/ld_library_path_lib.dsv'
[9.858s] INFO:colcon.colcon_core.shell:Creating environment hook '/root/dddmr_navigation/install/pose_graph_editor_panel/share/pose_graph_editor_panel/hook/ld_library_path_lib.sh'
[9.861s] Level 1:colcon.colcon_core.environment:checking '/root/dddmr_navigation/install/pose_graph_editor_panel/bin'
[9.861s] Level 1:colcon.colcon_core.environment:checking '/root/dddmr_navigation/install/pose_graph_editor_panel/lib/pkgconfig/pose_graph_editor_panel.pc'
[9.863s] Level 1:colcon.colcon_core.environment:checking '/root/dddmr_navigation/install/pose_graph_editor_panel/lib/python3.10/site-packages'
[9.865s] Level 1:colcon.colcon_core.environment:checking '/root/dddmr_navigation/install/pose_graph_editor_panel/bin'
[9.867s] INFO:colcon.colcon_core.shell:Creating package script '/root/dddmr_navigation/install/pose_graph_editor_panel/share/pose_graph_editor_panel/package.ps1'
[9.871s] INFO:colcon.colcon_core.shell:Creating package descriptor '/root/dddmr_navigation/install/pose_graph_editor_panel/share/pose_graph_editor_panel/package.dsv'
[9.874s] INFO:colcon.colcon_core.shell:Creating package script '/root/dddmr_navigation/install/pose_graph_editor_panel/share/pose_graph_editor_panel/package.sh'
[9.877s] INFO:colcon.colcon_core.shell:Creating package script '/root/dddmr_navigation/install/pose_graph_editor_panel/share/pose_graph_editor_panel/package.bash'
[9.879s] INFO:colcon.colcon_core.shell:Creating package script '/root/dddmr_navigation/install/pose_graph_editor_panel/share/pose_graph_editor_panel/package.zsh'
[9.881s] Level 1:colcon.colcon_core.environment:create_file_with_runtime_dependencies(/root/dddmr_navigation/install/pose_graph_editor_panel/share/colcon-core/packages/pose_graph_editor_panel)
[9.892s] DEBUG:colcon.colcon_core.event_handler.log_command:Invoked command in '/root/dddmr_navigation/build/pose_graph_merge_editor_panel' returned '0': CMAKE_PREFIX_PATH=${CMAKE_PREFIX_PATH}:/opt/ros/humble /usr/bin/cmake --build /root/dddmr_navigation/build/pose_graph_merge_editor_panel -- -j28 -l28
[9.905s] DEBUG:colcon.colcon_core.event_handler.log_command:Invoking command in '/root/dddmr_navigation/build/pose_graph_merge_editor_panel': CMAKE_PREFIX_PATH=${CMAKE_PREFIX_PATH}:/opt/ros/humble /usr/bin/cmake --install /root/dddmr_navigation/build/pose_graph_merge_editor_panel
[10.147s] Level 1:colcon.colcon_core.environment:create_environment_scripts_only(pose_graph_merge_editor_panel)
[10.150s] Level 1:colcon.colcon_core.environment:checking '/root/dddmr_navigation/install/pose_graph_merge_editor_panel' for CMake module files
[10.154s] DEBUG:colcon.colcon_core.event_handler.log_command:Invoked command in '/root/dddmr_navigation/build/pose_graph_merge_editor_panel' returned '0': CMAKE_PREFIX_PATH=${CMAKE_PREFIX_PATH}:/opt/ros/humble /usr/bin/cmake --install /root/dddmr_navigation/build/pose_graph_merge_editor_panel
[10.159s] Level 1:colcon.colcon_core.environment:checking '/root/dddmr_navigation/install/pose_graph_merge_editor_panel' for CMake config files
[10.162s] Level 1:colcon.colcon_core.shell:create_environment_hook('pose_graph_merge_editor_panel', 'cmake_prefix_path')
[10.164s] INFO:colcon.colcon_core.shell:Creating environment hook '/root/dddmr_navigation/install/pose_graph_merge_editor_panel/share/pose_graph_merge_editor_panel/hook/cmake_prefix_path.ps1'
[10.168s] INFO:colcon.colcon_core.shell:Creating environment descriptor '/root/dddmr_navigation/install/pose_graph_merge_editor_panel/share/pose_graph_merge_editor_panel/hook/cmake_prefix_path.dsv'
[10.170s] INFO:colcon.colcon_core.shell:Creating environment hook '/root/dddmr_navigation/install/pose_graph_merge_editor_panel/share/pose_graph_merge_editor_panel/hook/cmake_prefix_path.sh'
[10.175s] Level 1:colcon.colcon_core.environment:checking '/root/dddmr_navigation/install/pose_graph_merge_editor_panel/lib'
[10.176s] Level 1:colcon.colcon_core.shell:create_environment_hook('pose_graph_merge_editor_panel', 'ld_library_path_lib')
[10.177s] INFO:colcon.colcon_core.shell:Creating environment hook '/root/dddmr_navigation/install/pose_graph_merge_editor_panel/share/pose_graph_merge_editor_panel/hook/ld_library_path_lib.ps1'
[10.181s] INFO:colcon.colcon_core.shell:Creating environment descriptor '/root/dddmr_navigation/install/pose_graph_merge_editor_panel/share/pose_graph_merge_editor_panel/hook/ld_library_path_lib.dsv'
[10.183s] INFO:colcon.colcon_core.shell:Creating environment hook '/root/dddmr_navigation/install/pose_graph_merge_editor_panel/share/pose_graph_merge_editor_panel/hook/ld_library_path_lib.sh'
[10.186s] Level 1:colcon.colcon_core.environment:checking '/root/dddmr_navigation/install/pose_graph_merge_editor_panel/bin'
[10.187s] Level 1:colcon.colcon_core.environment:checking '/root/dddmr_navigation/install/pose_graph_merge_editor_panel/lib/pkgconfig/pose_graph_merge_editor_panel.pc'
[10.189s] Level 1:colcon.colcon_core.environment:checking '/root/dddmr_navigation/install/pose_graph_merge_editor_panel/lib/python3.10/site-packages'
[10.192s] Level 1:colcon.colcon_core.environment:checking '/root/dddmr_navigation/install/pose_graph_merge_editor_panel/bin'
[10.194s] INFO:colcon.colcon_core.shell:Creating package script '/root/dddmr_navigation/install/pose_graph_merge_editor_panel/share/pose_graph_merge_editor_panel/package.ps1'
[10.200s] INFO:colcon.colcon_core.shell:Creating package descriptor '/root/dddmr_navigation/install/pose_graph_merge_editor_panel/share/pose_graph_merge_editor_panel/package.dsv'
[10.203s] INFO:colcon.colcon_core.shell:Creating package script '/root/dddmr_navigation/install/pose_graph_merge_editor_panel/share/pose_graph_merge_editor_panel/package.sh'
[10.207s] INFO:colcon.colcon_core.shell:Creating package script '/root/dddmr_navigation/install/pose_graph_merge_editor_panel/share/pose_graph_merge_editor_panel/package.bash'
[10.209s] INFO:colcon.colcon_core.shell:Creating package script '/root/dddmr_navigation/install/pose_graph_merge_editor_panel/share/pose_graph_merge_editor_panel/package.zsh'
[10.212s] Level 1:colcon.colcon_core.environment:create_file_with_runtime_dependencies(/root/dddmr_navigation/install/pose_graph_merge_editor_panel/share/colcon-core/packages/pose_graph_merge_editor_panel)
[10.216s] Level 1:colcon.colcon_core.environment:create_environment_scripts_only(pose_graph_merge_editor_panel)
[10.218s] Level 1:colcon.colcon_core.environment:checking '/root/dddmr_navigation/install/pose_graph_merge_editor_panel' for CMake module files
[10.222s] Level 1:colcon.colcon_core.environment:checking '/root/dddmr_navigation/install/pose_graph_merge_editor_panel' for CMake config files
[10.225s] Level 1:colcon.colcon_core.shell:create_environment_hook('pose_graph_merge_editor_panel', 'cmake_prefix_path')
[10.227s] INFO:colcon.colcon_core.shell:Creating environment hook '/root/dddmr_navigation/install/pose_graph_merge_editor_panel/share/pose_graph_merge_editor_panel/hook/cmake_prefix_path.ps1'
[10.232s] INFO:colcon.colcon_core.shell:Creating environment descriptor '/root/dddmr_navigation/install/pose_graph_merge_editor_panel/share/pose_graph_merge_editor_panel/hook/cmake_prefix_path.dsv'
[10.235s] INFO:colcon.colcon_core.shell:Creating environment hook '/root/dddmr_navigation/install/pose_graph_merge_editor_panel/share/pose_graph_merge_editor_panel/hook/cmake_prefix_path.sh'
[10.239s] Level 1:colcon.colcon_core.environment:checking '/root/dddmr_navigation/install/pose_graph_merge_editor_panel/lib'
[10.239s] Level 1:colcon.colcon_core.shell:create_environment_hook('pose_graph_merge_editor_panel', 'ld_library_path_lib')
[10.241s] INFO:colcon.colcon_core.shell:Creating environment hook '/root/dddmr_navigation/install/pose_graph_merge_editor_panel/share/pose_graph_merge_editor_panel/hook/ld_library_path_lib.ps1'
[10.244s] INFO:colcon.colcon_core.shell:Creating environment descriptor '/root/dddmr_navigation/install/pose_graph_merge_editor_panel/share/pose_graph_merge_editor_panel/hook/ld_library_path_lib.dsv'
[10.246s] INFO:colcon.colcon_core.shell:Creating environment hook '/root/dddmr_navigation/install/pose_graph_merge_editor_panel/share/pose_graph_merge_editor_panel/hook/ld_library_path_lib.sh'
[10.248s] Level 1:colcon.colcon_core.environment:checking '/root/dddmr_navigation/install/pose_graph_merge_editor_panel/bin'
[10.249s] Level 1:colcon.colcon_core.environment:checking '/root/dddmr_navigation/install/pose_graph_merge_editor_panel/lib/pkgconfig/pose_graph_merge_editor_panel.pc'
[10.250s] Level 1:colcon.colcon_core.environment:checking '/root/dddmr_navigation/install/pose_graph_merge_editor_panel/lib/python3.10/site-packages'
[10.252s] Level 1:colcon.colcon_core.environment:checking '/root/dddmr_navigation/install/pose_graph_merge_editor_panel/bin'
[10.254s] INFO:colcon.colcon_core.shell:Creating package script '/root/dddmr_navigation/install/pose_graph_merge_editor_panel/share/pose_graph_merge_editor_panel/package.ps1'
[10.262s] INFO:colcon.colcon_core.shell:Creating package descriptor '/root/dddmr_navigation/install/pose_graph_merge_editor_panel/share/pose_graph_merge_editor_panel/package.dsv'
[10.267s] INFO:colcon.colcon_core.shell:Creating package script '/root/dddmr_navigation/install/pose_graph_merge_editor_panel/share/pose_graph_merge_editor_panel/package.sh'
[10.271s] INFO:colcon.colcon_core.shell:Creating package script '/root/dddmr_navigation/install/pose_graph_merge_editor_panel/share/pose_graph_merge_editor_panel/package.bash'
[10.274s] INFO:colcon.colcon_core.shell:Creating package script '/root/dddmr_navigation/install/pose_graph_merge_editor_panel/share/pose_graph_merge_editor_panel/package.zsh'
[10.278s] Level 1:colcon.colcon_core.environment:create_file_with_runtime_dependencies(/root/dddmr_navigation/install/pose_graph_merge_editor_panel/share/colcon-core/packages/pose_graph_merge_editor_panel)
[11.148s] DEBUG:colcon.colcon_core.event_handler.log_command:Invoked command in '/root/dddmr_navigation/build/dddmr_fastlio_adapter' returned '0': CMAKE_PREFIX_PATH=${CMAKE_PREFIX_PATH}:/opt/ros/humble /usr/bin/cmake /root/dddmr_navigation/src/dddmr_fastlio_adapter -DCMAKE_INSTALL_PREFIX=/root/dddmr_navigation/install/dddmr_fastlio_adapter
[11.160s] DEBUG:colcon.colcon_core.event_handler.log_command:Invoking command in '/root/dddmr_navigation/build/dddmr_fastlio_adapter': CMAKE_PREFIX_PATH=${CMAKE_PREFIX_PATH}:/opt/ros/humble /usr/bin/cmake --build /root/dddmr_navigation/build/dddmr_fastlio_adapter -- -j28 -l28
[11.768s] DEBUG:colcon.colcon_core.event_handler.log_command:Invoked command in '/root/dddmr_navigation/build/dddmr_fastlio_adapter' returned '0': CMAKE_PREFIX_PATH=${CMAKE_PREFIX_PATH}:/opt/ros/humble /usr/bin/cmake --build /root/dddmr_navigation/build/dddmr_fastlio_adapter -- -j28 -l28
[11.782s] DEBUG:colcon.colcon_core.event_handler.log_command:Invoking command in '/root/dddmr_navigation/build/dddmr_fastlio_adapter': CMAKE_PREFIX_PATH=${CMAKE_PREFIX_PATH}:/opt/ros/humble /usr/bin/cmake --install /root/dddmr_navigation/build/dddmr_fastlio_adapter
[11.931s] Level 1:colcon.colcon_core.environment:create_environment_scripts_only(dddmr_fastlio_adapter)
[11.934s] DEBUG:colcon.colcon_core.event_handler.log_command:Invoked command in '/root/dddmr_navigation/build/dddmr_fastlio_adapter' returned '0': CMAKE_PREFIX_PATH=${CMAKE_PREFIX_PATH}:/opt/ros/humble /usr/bin/cmake --install /root/dddmr_navigation/build/dddmr_fastlio_adapter
[11.935s] Level 1:colcon.colcon_core.environment:checking '/root/dddmr_navigation/install/dddmr_fastlio_adapter' for CMake module files
[11.941s] Level 1:colcon.colcon_core.environment:checking '/root/dddmr_navigation/install/dddmr_fastlio_adapter' for CMake config files
[11.942s] Level 1:colcon.colcon_core.shell:create_environment_hook('dddmr_fastlio_adapter', 'cmake_prefix_path')
[11.944s] INFO:colcon.colcon_core.shell:Creating environment hook '/root/dddmr_navigation/install/dddmr_fastlio_adapter/share/dddmr_fastlio_adapter/hook/cmake_prefix_path.ps1'
[11.946s] INFO:colcon.colcon_core.shell:Creating environment descriptor '/root/dddmr_navigation/install/dddmr_fastlio_adapter/share/dddmr_fastlio_adapter/hook/cmake_prefix_path.dsv'
[11.948s] INFO:colcon.colcon_core.shell:Creating environment hook '/root/dddmr_navigation/install/dddmr_fastlio_adapter/share/dddmr_fastlio_adapter/hook/cmake_prefix_path.sh'
[11.950s] Level 1:colcon.colcon_core.environment:checking '/root/dddmr_navigation/install/dddmr_fastlio_adapter/lib'
[11.951s] Level 1:colcon.colcon_core.environment:checking '/root/dddmr_navigation/install/dddmr_fastlio_adapter/bin'
[11.951s] Level 1:colcon.colcon_core.environment:checking '/root/dddmr_navigation/install/dddmr_fastlio_adapter/lib/pkgconfig/dddmr_fastlio_adapter.pc'
[11.952s] Level 1:colcon.colcon_core.environment:checking '/root/dddmr_navigation/install/dddmr_fastlio_adapter/lib/python3.10/site-packages'
[11.955s] Level 1:colcon.colcon_core.environment:checking '/root/dddmr_navigation/install/dddmr_fastlio_adapter/bin'
[11.957s] INFO:colcon.colcon_core.shell:Creating package script '/root/dddmr_navigation/install/dddmr_fastlio_adapter/share/dddmr_fastlio_adapter/package.ps1'
[11.962s] INFO:colcon.colcon_core.shell:Creating package descriptor '/root/dddmr_navigation/install/dddmr_fastlio_adapter/share/dddmr_fastlio_adapter/package.dsv'
[11.965s] INFO:colcon.colcon_core.shell:Creating package script '/root/dddmr_navigation/install/dddmr_fastlio_adapter/share/dddmr_fastlio_adapter/package.sh'
[11.967s] INFO:colcon.colcon_core.shell:Creating package script '/root/dddmr_navigation/install/dddmr_fastlio_adapter/share/dddmr_fastlio_adapter/package.bash'
[11.969s] INFO:colcon.colcon_core.shell:Creating package script '/root/dddmr_navigation/install/dddmr_fastlio_adapter/share/dddmr_fastlio_adapter/package.zsh'
[11.970s] Level 1:colcon.colcon_core.environment:create_file_with_runtime_dependencies(/root/dddmr_navigation/install/dddmr_fastlio_adapter/share/colcon-core/packages/dddmr_fastlio_adapter)
[11.973s] Level 1:colcon.colcon_core.environment:create_environment_scripts_only(dddmr_fastlio_adapter)
[11.974s] Level 1:colcon.colcon_core.environment:checking '/root/dddmr_navigation/install/dddmr_fastlio_adapter' for CMake module files
[11.977s] Level 1:colcon.colcon_core.environment:checking '/root/dddmr_navigation/install/dddmr_fastlio_adapter' for CMake config files
[11.978s] Level 1:colcon.colcon_core.shell:create_environment_hook('dddmr_fastlio_adapter', 'cmake_prefix_path')
[11.979s] INFO:colcon.colcon_core.shell:Creating environment hook '/root/dddmr_navigation/install/dddmr_fastlio_adapter/share/dddmr_fastlio_adapter/hook/cmake_prefix_path.ps1'
[11.981s] INFO:colcon.colcon_core.shell:Creating environment descriptor '/root/dddmr_navigation/install/dddmr_fastlio_adapter/share/dddmr_fastlio_adapter/hook/cmake_prefix_path.dsv'
[11.983s] INFO:colcon.colcon_core.shell:Creating environment hook '/root/dddmr_navigation/install/dddmr_fastlio_adapter/share/dddmr_fastlio_adapter/hook/cmake_prefix_path.sh'
[11.987s] Level 1:colcon.colcon_core.environment:checking '/root/dddmr_navigation/install/dddmr_fastlio_adapter/lib'
[11.987s] Level 1:colcon.colcon_core.environment:checking '/root/dddmr_navigation/install/dddmr_fastlio_adapter/bin'
[11.988s] Level 1:colcon.colcon_core.environment:checking '/root/dddmr_navigation/install/dddmr_fastlio_adapter/lib/pkgconfig/dddmr_fastlio_adapter.pc'
[11.989s] Level 1:colcon.colcon_core.environment:checking '/root/dddmr_navigation/install/dddmr_fastlio_adapter/lib/python3.10/site-packages'
[11.991s] Level 1:colcon.colcon_core.environment:checking '/root/dddmr_navigation/install/dddmr_fastlio_adapter/bin'
[11.993s] INFO:colcon.colcon_core.shell:Creating package script '/root/dddmr_navigation/install/dddmr_fastlio_adapter/share/dddmr_fastlio_adapter/package.ps1'
[11.998s] INFO:colcon.colcon_core.shell:Creating package descriptor '/root/dddmr_navigation/install/dddmr_fastlio_adapter/share/dddmr_fastlio_adapter/package.dsv'
[12.002s] INFO:colcon.colcon_core.shell:Creating package script '/root/dddmr_navigation/install/dddmr_fastlio_adapter/share/dddmr_fastlio_adapter/package.sh'
[12.005s] INFO:colcon.colcon_core.shell:Creating package script '/root/dddmr_navigation/install/dddmr_fastlio_adapter/share/dddmr_fastlio_adapter/package.bash'
[12.009s] INFO:colcon.colcon_core.shell:Creating package script '/root/dddmr_navigation/install/dddmr_fastlio_adapter/share/dddmr_fastlio_adapter/package.zsh'
[12.012s] Level 1:colcon.colcon_core.environment:create_file_with_runtime_dependencies(/root/dddmr_navigation/install/dddmr_fastlio_adapter/share/colcon-core/packages/dddmr_fastlio_adapter)
[15.336s] DEBUG:colcon.colcon_core.event_handler.log_command:Invoked command in '/root/dddmr_navigation/build/map_editor_panel' returned '0': CMAKE_PREFIX_PATH=${CMAKE_PREFIX_PATH}:/opt/ros/humble /usr/bin/cmake /root/dddmr_navigation/src/dddmr_rviz_tools/map_editor_panel -DCMAKE_INSTALL_PREFIX=/root/dddmr_navigation/install/map_editor_panel
[15.354s] DEBUG:colcon.colcon_core.event_handler.log_command:Invoking command in '/root/dddmr_navigation/build/map_editor_panel': CMAKE_PREFIX_PATH=${CMAKE_PREFIX_PATH}:/opt/ros/humble /usr/bin/cmake --build /root/dddmr_navigation/build/map_editor_panel -- -j28 -l28
[15.364s] DEBUG:colcon.colcon_core.event_handler.log_command:Invoked command in '/root/dddmr_navigation/build/cloud_msgs' returned '0': CMAKE_PREFIX_PATH=${CMAKE_PREFIX_PATH}:/opt/ros/humble /usr/bin/cmake /root/dddmr_navigation/src/dddmr_lego_loam/cloud_msgs -DCMAKE_INSTALL_PREFIX=/root/dddmr_navigation/install/cloud_msgs
[15.374s] DEBUG:colcon.colcon_core.event_handler.log_command:Invoking command in '/root/dddmr_navigation/build/cloud_msgs': CMAKE_PREFIX_PATH=${CMAKE_PREFIX_PATH}:/opt/ros/humble /usr/bin/cmake --build /root/dddmr_navigation/build/cloud_msgs -- -j28 -l28
[15.542s] DEBUG:colcon.colcon_core.event_handler.log_command:Invoked command in '/root/dddmr_navigation/build/mapping_panel' returned '0': CMAKE_PREFIX_PATH=${CMAKE_PREFIX_PATH}:/opt/ros/humble /usr/bin/cmake /root/dddmr_navigation/src/dddmr_rviz_tools/mapping_panel -DCMAKE_INSTALL_PREFIX=/root/dddmr_navigation/install/mapping_panel
[15.553s] DEBUG:colcon.colcon_core.event_handler.log_command:Invoking command in '/root/dddmr_navigation/build/mapping_panel': CMAKE_PREFIX_PATH=${CMAKE_PREFIX_PATH}:/opt/ros/humble /usr/bin/cmake --build /root/dddmr_navigation/build/mapping_panel -- -j28 -l28
[15.745s] DEBUG:colcon.colcon_core.event_handler.log_command:Invoked command in '/root/dddmr_navigation/build/base_trajectory' returned '0': CMAKE_PREFIX_PATH=${CMAKE_PREFIX_PATH}:/opt/ros/humble /usr/bin/cmake /root/dddmr_navigation/src/dddmr_local_planner/base_trajectory -DCMAKE_INSTALL_PREFIX=/root/dddmr_navigation/install/base_trajectory
[15.760s] DEBUG:colcon.colcon_core.event_handler.log_command:Invoking command in '/root/dddmr_navigation/build/base_trajectory': CMAKE_PREFIX_PATH=${CMAKE_PREFIX_PATH}:/opt/ros/humble /usr/bin/cmake --build /root/dddmr_navigation/build/base_trajectory -- -j28 -l28
[16.277s] DEBUG:colcon.colcon_core.event_handler.log_command:Invoked command in '/root/dddmr_navigation/build/base_trajectory' returned '0': CMAKE_PREFIX_PATH=${CMAKE_PREFIX_PATH}:/opt/ros/humble /usr/bin/cmake --build /root/dddmr_navigation/build/base_trajectory -- -j28 -l28
[16.293s] DEBUG:colcon.colcon_core.event_handler.log_command:Invoking command in '/root/dddmr_navigation/build/base_trajectory': CMAKE_PREFIX_PATH=${CMAKE_PREFIX_PATH}:/opt/ros/humble /usr/bin/cmake --install /root/dddmr_navigation/build/base_trajectory
[16.362s] DEBUG:colcon.colcon_core.event_handler.log_command:Invoked command in '/root/dddmr_navigation/build/map_editor_panel' returned '0': CMAKE_PREFIX_PATH=${CMAKE_PREFIX_PATH}:/opt/ros/humble /usr/bin/cmake --build /root/dddmr_navigation/build/map_editor_panel -- -j28 -l28
[16.368s] DEBUG:colcon.colcon_core.event_handler.log_command:Invoking command in '/root/dddmr_navigation/build/map_editor_panel': CMAKE_PREFIX_PATH=${CMAKE_PREFIX_PATH}:/opt/ros/humble /usr/bin/cmake --install /root/dddmr_navigation/build/map_editor_panel
[16.424s] Level 1:colcon.colcon_core.environment:create_environment_scripts_only(base_trajectory)
[16.427s] Level 1:colcon.colcon_core.environment:checking '/root/dddmr_navigation/install/base_trajectory' for CMake module files
[16.431s] DEBUG:colcon.colcon_core.event_handler.log_command:Invoked command in '/root/dddmr_navigation/build/base_trajectory' returned '0': CMAKE_PREFIX_PATH=${CMAKE_PREFIX_PATH}:/opt/ros/humble /usr/bin/cmake --install /root/dddmr_navigation/build/base_trajectory
[16.435s] Level 1:colcon.colcon_core.environment:checking '/root/dddmr_navigation/install/base_trajectory' for CMake config files
[16.456s] Level 1:colcon.colcon_core.shell:create_environment_hook('base_trajectory', 'cmake_prefix_path')
[16.458s] INFO:colcon.colcon_core.shell:Creating environment hook '/root/dddmr_navigation/install/base_trajectory/share/base_trajectory/hook/cmake_prefix_path.ps1'
[16.461s] INFO:colcon.colcon_core.shell:Creating environment descriptor '/root/dddmr_navigation/install/base_trajectory/share/base_trajectory/hook/cmake_prefix_path.dsv'
[16.466s] INFO:colcon.colcon_core.shell:Creating environment hook '/root/dddmr_navigation/install/base_trajectory/share/base_trajectory/hook/cmake_prefix_path.sh'
[16.472s] Level 1:colcon.colcon_core.environment:checking '/root/dddmr_navigation/install/base_trajectory/lib'
[16.472s] Level 1:colcon.colcon_core.shell:create_environment_hook('base_trajectory', 'ld_library_path_lib')
[16.474s] INFO:colcon.colcon_core.shell:Creating environment hook '/root/dddmr_navigation/install/base_trajectory/share/base_trajectory/hook/ld_library_path_lib.ps1'
[16.479s] INFO:colcon.colcon_core.shell:Creating environment descriptor '/root/dddmr_navigation/install/base_trajectory/share/base_trajectory/hook/ld_library_path_lib.dsv'
[16.482s] INFO:colcon.colcon_core.shell:Creating environment hook '/root/dddmr_navigation/install/base_trajectory/share/base_trajectory/hook/ld_library_path_lib.sh'
[16.485s] Level 1:colcon.colcon_core.environment:checking '/root/dddmr_navigation/install/base_trajectory/bin'
[16.486s] Level 1:colcon.colcon_core.environment:checking '/root/dddmr_navigation/install/base_trajectory/lib/pkgconfig/base_trajectory.pc'
[16.488s] Level 1:colcon.colcon_core.environment:checking '/root/dddmr_navigation/install/base_trajectory/lib/python3.10/site-packages'
[16.490s] Level 1:colcon.colcon_core.environment:checking '/root/dddmr_navigation/install/base_trajectory/bin'
[16.493s] INFO:colcon.colcon_core.shell:Creating package script '/root/dddmr_navigation/install/base_trajectory/share/base_trajectory/package.ps1'
[16.501s] INFO:colcon.colcon_core.shell:Creating package descriptor '/root/dddmr_navigation/install/base_trajectory/share/base_trajectory/package.dsv'
[16.505s] INFO:colcon.colcon_core.shell:Creating package script '/root/dddmr_navigation/install/base_trajectory/share/base_trajectory/package.sh'
[16.516s] INFO:colcon.colcon_core.shell:Creating package script '/root/dddmr_navigation/install/base_trajectory/share/base_trajectory/package.bash'
[16.525s] INFO:colcon.colcon_core.shell:Creating package script '/root/dddmr_navigation/install/base_trajectory/share/base_trajectory/package.zsh'
[16.531s] Level 1:colcon.colcon_core.environment:create_file_with_runtime_dependencies(/root/dddmr_navigation/install/base_trajectory/share/colcon-core/packages/base_trajectory)
[16.537s] Level 1:colcon.colcon_core.environment:create_environment_scripts_only(base_trajectory)
[16.539s] Level 1:colcon.colcon_core.environment:checking '/root/dddmr_navigation/install/base_trajectory' for CMake module files
[16.545s] Level 1:colcon.colcon_core.environment:checking '/root/dddmr_navigation/install/base_trajectory' for CMake config files
[16.548s] Level 1:colcon.colcon_core.shell:create_environment_hook('base_trajectory', 'cmake_prefix_path')
[16.549s] INFO:colcon.colcon_core.shell:Creating environment hook '/root/dddmr_navigation/install/base_trajectory/share/base_trajectory/hook/cmake_prefix_path.ps1'
[16.553s] INFO:colcon.colcon_core.shell:Creating environment descriptor '/root/dddmr_navigation/install/base_trajectory/share/base_trajectory/hook/cmake_prefix_path.dsv'
[16.556s] INFO:colcon.colcon_core.shell:Creating environment hook '/root/dddmr_navigation/install/base_trajectory/share/base_trajectory/hook/cmake_prefix_path.sh'
[16.561s] Level 1:colcon.colcon_core.environment:checking '/root/dddmr_navigation/install/base_trajectory/lib'
[16.562s] Level 1:colcon.colcon_core.shell:create_environment_hook('base_trajectory', 'ld_library_path_lib')
[16.564s] INFO:colcon.colcon_core.shell:Creating environment hook '/root/dddmr_navigation/install/base_trajectory/share/base_trajectory/hook/ld_library_path_lib.ps1'
[16.567s] INFO:colcon.colcon_core.shell:Creating environment descriptor '/root/dddmr_navigation/install/base_trajectory/share/base_trajectory/hook/ld_library_path_lib.dsv'
[16.570s] INFO:colcon.colcon_core.shell:Creating environment hook '/root/dddmr_navigation/install/base_trajectory/share/base_trajectory/hook/ld_library_path_lib.sh'
[16.573s] Level 1:colcon.colcon_core.environment:checking '/root/dddmr_navigation/install/base_trajectory/bin'
[16.574s] Level 1:colcon.colcon_core.environment:checking '/root/dddmr_navigation/install/base_trajectory/lib/pkgconfig/base_trajectory.pc'
[16.576s] Level 1:colcon.colcon_core.environment:checking '/root/dddmr_navigation/install/base_trajectory/lib/python3.10/site-packages'
[16.579s] Level 1:colcon.colcon_core.environment:checking '/root/dddmr_navigation/install/base_trajectory/bin'
[16.582s] INFO:colcon.colcon_core.shell:Creating package script '/root/dddmr_navigation/install/base_trajectory/share/base_trajectory/package.ps1'
[16.589s] INFO:colcon.colcon_core.shell:Creating package descriptor '/root/dddmr_navigation/install/base_trajectory/share/base_trajectory/package.dsv'
[16.593s] INFO:colcon.colcon_core.shell:Creating package script '/root/dddmr_navigation/install/base_trajectory/share/base_trajectory/package.sh'
[16.597s] INFO:colcon.colcon_core.shell:Creating package script '/root/dddmr_navigation/install/base_trajectory/share/base_trajectory/package.bash'
[16.601s] INFO:colcon.colcon_core.shell:Creating package script '/root/dddmr_navigation/install/base_trajectory/share/base_trajectory/package.zsh'
[16.603s] Level 1:colcon.colcon_core.environment:create_file_with_runtime_dependencies(/root/dddmr_navigation/install/base_trajectory/share/colcon-core/packages/base_trajectory)
[16.607s] INFO:colcon.colcon_ros.task.ament_cmake.build:Building ROS package in '/root/dddmr_navigation/src/dddmr_local_planner/mpc_critics' with build type 'ament_cmake'
[16.607s] INFO:colcon.colcon_cmake.task.cmake.build:Building CMake package in '/root/dddmr_navigation/src/dddmr_local_planner/mpc_critics'
[16.609s] INFO:colcon.colcon_core.shell:Skip shell extension 'powershell' for command environment: Not usable outside of PowerShell
[16.609s] DEBUG:colcon.colcon_core.shell:Skip shell extension 'dsv' for command environment
[16.653s] INFO:colcon.colcon_ros.task.ament_cmake.build:Building ROS package in '/root/dddmr_navigation/src/dddmr_local_planner/trajectory_generators' with build type 'ament_cmake'
[16.654s] INFO:colcon.colcon_cmake.task.cmake.build:Building CMake package in '/root/dddmr_navigation/src/dddmr_local_planner/trajectory_generators'
[16.655s] INFO:colcon.colcon_core.shell:Skip shell extension 'powershell' for command environment: Not usable outside of PowerShell
[16.655s] DEBUG:colcon.colcon_core.shell:Skip shell extension 'dsv' for command environment
[16.697s] Level 1:colcon.colcon_core.environment:create_environment_scripts_only(map_editor_panel)
[16.700s] DEBUG:colcon.colcon_core.event_handler.log_command:Invoked command in '/root/dddmr_navigation/build/map_editor_panel' returned '0': CMAKE_PREFIX_PATH=${CMAKE_PREFIX_PATH}:/opt/ros/humble /usr/bin/cmake --install /root/dddmr_navigation/build/map_editor_panel
[16.703s] Level 1:colcon.colcon_core.environment:checking '/root/dddmr_navigation/install/map_editor_panel' for CMake module files
[16.706s] Level 1:colcon.colcon_core.environment:checking '/root/dddmr_navigation/install/map_editor_panel' for CMake config files
[16.708s] Level 1:colcon.colcon_core.shell:create_environment_hook('map_editor_panel', 'cmake_prefix_path')
[16.709s] INFO:colcon.colcon_core.shell:Creating environment hook '/root/dddmr_navigation/install/map_editor_panel/share/map_editor_panel/hook/cmake_prefix_path.ps1'
[16.712s] INFO:colcon.colcon_core.shell:Creating environment descriptor '/root/dddmr_navigation/install/map_editor_panel/share/map_editor_panel/hook/cmake_prefix_path.dsv'
[16.714s] INFO:colcon.colcon_core.shell:Creating environment hook '/root/dddmr_navigation/install/map_editor_panel/share/map_editor_panel/hook/cmake_prefix_path.sh'
[16.716s] Level 1:colcon.colcon_core.environment:checking '/root/dddmr_navigation/install/map_editor_panel/lib'
[16.717s] Level 1:colcon.colcon_core.shell:create_environment_hook('map_editor_panel', 'ld_library_path_lib')
[16.718s] INFO:colcon.colcon_core.shell:Creating environment hook '/root/dddmr_navigation/install/map_editor_panel/share/map_editor_panel/hook/ld_library_path_lib.ps1'
[16.721s] INFO:colcon.colcon_core.shell:Creating environment descriptor '/root/dddmr_navigation/install/map_editor_panel/share/map_editor_panel/hook/ld_library_path_lib.dsv'
[16.723s] INFO:colcon.colcon_core.shell:Creating environment hook '/root/dddmr_navigation/install/map_editor_panel/share/map_editor_panel/hook/ld_library_path_lib.sh'
[16.725s] Level 1:colcon.colcon_core.environment:checking '/root/dddmr_navigation/install/map_editor_panel/bin'
[16.726s] Level 1:colcon.colcon_core.environment:checking '/root/dddmr_navigation/install/map_editor_panel/lib/pkgconfig/map_editor_panel.pc'
[16.727s] Level 1:colcon.colcon_core.environment:checking '/root/dddmr_navigation/install/map_editor_panel/lib/python3.10/site-packages'
[16.729s] Level 1:colcon.colcon_core.environment:checking '/root/dddmr_navigation/install/map_editor_panel/bin'
[16.731s] INFO:colcon.colcon_core.shell:Creating package script '/root/dddmr_navigation/install/map_editor_panel/share/map_editor_panel/package.ps1'
[16.734s] INFO:colcon.colcon_core.shell:Creating package descriptor '/root/dddmr_navigation/install/map_editor_panel/share/map_editor_panel/package.dsv'
[16.737s] INFO:colcon.colcon_core.shell:Creating package script '/root/dddmr_navigation/install/map_editor_panel/share/map_editor_panel/package.sh'
[16.739s] INFO:colcon.colcon_core.shell:Creating package script '/root/dddmr_navigation/install/map_editor_panel/share/map_editor_panel/package.bash'
[16.740s] INFO:colcon.colcon_core.shell:Creating package script '/root/dddmr_navigation/install/map_editor_panel/share/map_editor_panel/package.zsh'
[16.742s] Level 1:colcon.colcon_core.environment:create_file_with_runtime_dependencies(/root/dddmr_navigation/install/map_editor_panel/share/colcon-core/packages/map_editor_panel)
[16.745s] Level 1:colcon.colcon_core.environment:create_environment_scripts_only(map_editor_panel)
[16.746s] Level 1:colcon.colcon_core.environment:checking '/root/dddmr_navigation/install/map_editor_panel' for CMake module files
[16.748s] Level 1:colcon.colcon_core.environment:checking '/root/dddmr_navigation/install/map_editor_panel' for CMake config files
[16.750s] Level 1:colcon.colcon_core.shell:create_environment_hook('map_editor_panel', 'cmake_prefix_path')
[16.751s] INFO:colcon.colcon_core.shell:Creating environment hook '/root/dddmr_navigation/install/map_editor_panel/share/map_editor_panel/hook/cmake_prefix_path.ps1'
[16.754s] INFO:colcon.colcon_core.shell:Creating environment descriptor '/root/dddmr_navigation/install/map_editor_panel/share/map_editor_panel/hook/cmake_prefix_path.dsv'
[16.755s] INFO:colcon.colcon_core.shell:Creating environment hook '/root/dddmr_navigation/install/map_editor_panel/share/map_editor_panel/hook/cmake_prefix_path.sh'
[16.758s] Level 1:colcon.colcon_core.environment:checking '/root/dddmr_navigation/install/map_editor_panel/lib'
[16.758s] Level 1:colcon.colcon_core.shell:create_environment_hook('map_editor_panel', 'ld_library_path_lib')
[16.760s] INFO:colcon.colcon_core.shell:Creating environment hook '/root/dddmr_navigation/install/map_editor_panel/share/map_editor_panel/hook/ld_library_path_lib.ps1'
[16.762s] INFO:colcon.colcon_core.shell:Creating environment descriptor '/root/dddmr_navigation/install/map_editor_panel/share/map_editor_panel/hook/ld_library_path_lib.dsv'
[16.763s] INFO:colcon.colcon_core.shell:Creating environment hook '/root/dddmr_navigation/install/map_editor_panel/share/map_editor_panel/hook/ld_library_path_lib.sh'
[16.765s] Level 1:colcon.colcon_core.environment:checking '/root/dddmr_navigation/install/map_editor_panel/bin'
[16.765s] Level 1:colcon.colcon_core.environment:checking '/root/dddmr_navigation/install/map_editor_panel/lib/pkgconfig/map_editor_panel.pc'
[16.766s] Level 1:colcon.colcon_core.environment:checking '/root/dddmr_navigation/install/map_editor_panel/lib/python3.10/site-packages'
[16.768s] Level 1:colcon.colcon_core.environment:checking '/root/dddmr_navigation/install/map_editor_panel/bin'
[16.770s] INFO:colcon.colcon_core.shell:Creating package script '/root/dddmr_navigation/install/map_editor_panel/share/map_editor_panel/package.ps1'
[16.776s] INFO:colcon.colcon_core.shell:Creating package descriptor '/root/dddmr_navigation/install/map_editor_panel/share/map_editor_panel/package.dsv'
[16.779s] INFO:colcon.colcon_core.shell:Creating package script '/root/dddmr_navigation/install/map_editor_panel/share/map_editor_panel/package.sh'
[16.784s] INFO:colcon.colcon_core.shell:Creating package script '/root/dddmr_navigation/install/map_editor_panel/share/map_editor_panel/package.bash'
[16.787s] INFO:colcon.colcon_core.shell:Creating package script '/root/dddmr_navigation/install/map_editor_panel/share/map_editor_panel/package.zsh'
[16.790s] Level 1:colcon.colcon_core.environment:create_file_with_runtime_dependencies(/root/dddmr_navigation/install/map_editor_panel/share/colcon-core/packages/map_editor_panel)
[16.817s] DEBUG:colcon.colcon_core.event_handler.log_command:Invoked command in '/root/dddmr_navigation/build/dddmr_semantic_segmentation' returned '0': CMAKE_PREFIX_PATH=${CMAKE_PREFIX_PATH}:/opt/ros/humble /usr/bin/cmake /root/dddmr_navigation/src/dddmr_semantic_segmentation -DCMAKE_INSTALL_PREFIX=/root/dddmr_navigation/install/dddmr_semantic_segmentation
[16.822s] DEBUG:colcon.colcon_core.event_handler.log_command:Invoking command in '/root/dddmr_navigation/build/dddmr_semantic_segmentation': CMAKE_PREFIX_PATH=${CMAKE_PREFIX_PATH}:/opt/ros/humble /usr/bin/cmake --build /root/dddmr_navigation/build/dddmr_semantic_segmentation -- -j28 -l28
[16.824s] DEBUG:colcon.colcon_core.event_handler.log_command:Invoked command in '/root/dddmr_navigation/build/mapping_panel' returned '0': CMAKE_PREFIX_PATH=${CMAKE_PREFIX_PATH}:/opt/ros/humble /usr/bin/cmake --build /root/dddmr_navigation/build/mapping_panel -- -j28 -l28
[16.828s] DEBUG:colcon.colcon_core.event_handler.log_command:Invoking command in '/root/dddmr_navigation/build/mapping_panel': CMAKE_PREFIX_PATH=${CMAKE_PREFIX_PATH}:/opt/ros/humble /usr/bin/cmake --install /root/dddmr_navigation/build/mapping_panel
[16.856s] DEBUG:colcon.colcon_core.event_handler.log_command:Invoking command in '/root/dddmr_navigation/build/mpc_critics': CMAKE_PREFIX_PATH=/root/dddmr_navigation/install/base_trajectory:/root/dddmr_navigation/install/p2p_move_base:/root/dddmr_navigation/install/recovery_behaviors:/root/dddmr_navigation/install/local_planner:/root/dddmr_navigation/install/trajectory_generators:/root/dddmr_navigation/install/pose_graph_merge_editor_panel:/root/dddmr_navigation/install/pose_graph_editor_panel:/root/dddmr_navigation/install/perception_3d:/root/dddmr_navigation/install/mpc_critics:/root/dddmr_navigation/install/mcl_3dl:/root/dddmr_navigation/install/mapping_panel:/root/dddmr_navigation/install/map_editor_panel:/root/dddmr_navigation/install/lego_loam_bor:/root/dddmr_navigation/install/global_planner:/root/dddmr_navigation/install/fast_lio:/root/dddmr_navigation/install/dddmr_trt:/root/dddmr_navigation/install/dddmr_sys_core:/root/dddmr_navigation/install/dddmr_semantic_segmentation:/root/dddmr_navigation/install/dddmr_rviz_default_plugins:/root/dddmr_navigation/install/dddmr_odom_3d:/root/dddmr_navigation/install/dddmr_fastlio_adapter:/root/dddmr_navigation/install/dddmr_beginner_guide:/root/dddmr_navigation/install/cloud_msgs:/root/livox_ws/install/livox_ros_driver2:/opt/ros/humble LD_LIBRARY_PATH=/root/dddmr_navigation/install/base_trajectory/lib:/root/dddmr_navigation/install/p2p_move_base/lib:/root/dddmr_navigation/install/recovery_behaviors/lib:/root/dddmr_navigation/install/local_planner/lib:/root/dddmr_navigation/install/trajectory_generators/lib:/root/dddmr_navigation/install/pose_graph_merge_editor_panel/lib:/root/dddmr_navigation/install/pose_graph_editor_panel/lib:/root/dddmr_navigation/install/perception_3d/lib:/root/dddmr_navigation/install/mpc_critics/lib:/root/dddmr_navigation/install/mcl_3dl/lib:/root/dddmr_navigation/install/mapping_panel/lib:/root/dddmr_navigation/install/map_editor_panel/lib:/root/dddmr_navigation/install/lego_loam_bor/lib:/root/dddmr_navigation/install/global_planner/lib:/root/dddmr_navigation/install/fast_lio/lib:/root/dddmr_navigation/install/dddmr_sys_core/lib:/root/dddmr_navigation/install/dddmr_rviz_default_plugins/lib:/root/dddmr_navigation/install/cloud_msgs/lib:/root/livox_ws/install/livox_ros_driver2/lib:/opt/ros/humble/opt/rviz_ogre_vendor/lib:/opt/ros/humble/lib/x86_64-linux-gnu:/opt/ros/humble/lib /usr/bin/cmake /root/dddmr_navigation/src/dddmr_local_planner/mpc_critics -DCMAKE_INSTALL_PREFIX=/root/dddmr_navigation/install/mpc_critics
[16.875s] DEBUG:colcon.colcon_core.event_handler.log_command:Invoking command in '/root/dddmr_navigation/build/trajectory_generators': CMAKE_PREFIX_PATH=/root/dddmr_navigation/install/base_trajectory:/root/dddmr_navigation/install/p2p_move_base:/root/dddmr_navigation/install/recovery_behaviors:/root/dddmr_navigation/install/local_planner:/root/dddmr_navigation/install/trajectory_generators:/root/dddmr_navigation/install/pose_graph_merge_editor_panel:/root/dddmr_navigation/install/pose_graph_editor_panel:/root/dddmr_navigation/install/perception_3d:/root/dddmr_navigation/install/mpc_critics:/root/dddmr_navigation/install/mcl_3dl:/root/dddmr_navigation/install/mapping_panel:/root/dddmr_navigation/install/map_editor_panel:/root/dddmr_navigation/install/lego_loam_bor:/root/dddmr_navigation/install/global_planner:/root/dddmr_navigation/install/fast_lio:/root/dddmr_navigation/install/dddmr_trt:/root/dddmr_navigation/install/dddmr_sys_core:/root/dddmr_navigation/install/dddmr_semantic_segmentation:/root/dddmr_navigation/install/dddmr_rviz_default_plugins:/root/dddmr_navigation/install/dddmr_odom_3d:/root/dddmr_navigation/install/dddmr_fastlio_adapter:/root/dddmr_navigation/install/dddmr_beginner_guide:/root/dddmr_navigation/install/cloud_msgs:/root/livox_ws/install/livox_ros_driver2:/opt/ros/humble LD_LIBRARY_PATH=/root/dddmr_navigation/install/base_trajectory/lib:/root/dddmr_navigation/install/p2p_move_base/lib:/root/dddmr_navigation/install/recovery_behaviors/lib:/root/dddmr_navigation/install/local_planner/lib:/root/dddmr_navigation/install/trajectory_generators/lib:/root/dddmr_navigation/install/pose_graph_merge_editor_panel/lib:/root/dddmr_navigation/install/pose_graph_editor_panel/lib:/root/dddmr_navigation/install/perception_3d/lib:/root/dddmr_navigation/install/mpc_critics/lib:/root/dddmr_navigation/install/mcl_3dl/lib:/root/dddmr_navigation/install/mapping_panel/lib:/root/dddmr_navigation/install/map_editor_panel/lib:/root/dddmr_navigation/install/lego_loam_bor/lib:/root/dddmr_navigation/install/global_planner/lib:/root/dddmr_navigation/install/fast_lio/lib:/root/dddmr_navigation/install/dddmr_sys_core/lib:/root/dddmr_navigation/install/dddmr_rviz_default_plugins/lib:/root/dddmr_navigation/install/cloud_msgs/lib:/root/livox_ws/install/livox_ros_driver2/lib:/opt/ros/humble/opt/rviz_ogre_vendor/lib:/opt/ros/humble/lib/x86_64-linux-gnu:/opt/ros/humble/lib /usr/bin/cmake /root/dddmr_navigation/src/dddmr_local_planner/trajectory_generators -DCMAKE_INSTALL_PREFIX=/root/dddmr_navigation/install/trajectory_generators
[16.984s] Level 1:colcon.colcon_core.environment:create_environment_scripts_only(mapping_panel)
[16.987s] Level 1:colcon.colcon_core.environment:checking '/root/dddmr_navigation/install/mapping_panel' for CMake module files
[16.991s] DEBUG:colcon.colcon_core.event_handler.log_command:Invoked command in '/root/dddmr_navigation/build/mapping_panel' returned '0': CMAKE_PREFIX_PATH=${CMAKE_PREFIX_PATH}:/opt/ros/humble /usr/bin/cmake --install /root/dddmr_navigation/build/mapping_panel
[16.995s] Level 1:colcon.colcon_core.environment:checking '/root/dddmr_navigation/install/mapping_panel' for CMake config files
[16.999s] Level 1:colcon.colcon_core.shell:create_environment_hook('mapping_panel', 'cmake_prefix_path')
[17.001s] INFO:colcon.colcon_core.shell:Creating environment hook '/root/dddmr_navigation/install/mapping_panel/share/mapping_panel/hook/cmake_prefix_path.ps1'
[17.005s] INFO:colcon.colcon_core.shell:Creating environment descriptor '/root/dddmr_navigation/install/mapping_panel/share/mapping_panel/hook/cmake_prefix_path.dsv'
[17.007s] INFO:colcon.colcon_core.shell:Creating environment hook '/root/dddmr_navigation/install/mapping_panel/share/mapping_panel/hook/cmake_prefix_path.sh'
[17.015s] Level 1:colcon.colcon_core.environment:checking '/root/dddmr_navigation/install/mapping_panel/lib'
[17.016s] Level 1:colcon.colcon_core.shell:create_environment_hook('mapping_panel', 'ld_library_path_lib')
[17.021s] INFO:colcon.colcon_core.shell:Creating environment hook '/root/dddmr_navigation/install/mapping_panel/share/mapping_panel/hook/ld_library_path_lib.ps1'
[17.027s] INFO:colcon.colcon_core.shell:Creating environment descriptor '/root/dddmr_navigation/install/mapping_panel/share/mapping_panel/hook/ld_library_path_lib.dsv'
[17.030s] INFO:colcon.colcon_core.shell:Creating environment hook '/root/dddmr_navigation/install/mapping_panel/share/mapping_panel/hook/ld_library_path_lib.sh'
[17.033s] Level 1:colcon.colcon_core.environment:checking '/root/dddmr_navigation/install/mapping_panel/bin'
[17.033s] Level 1:colcon.colcon_core.environment:checking '/root/dddmr_navigation/install/mapping_panel/lib/pkgconfig/mapping_panel.pc'
[17.035s] Level 1:colcon.colcon_core.environment:checking '/root/dddmr_navigation/install/mapping_panel/lib/python3.10/site-packages'
[17.038s] Level 1:colcon.colcon_core.environment:checking '/root/dddmr_navigation/install/mapping_panel/bin'
[17.041s] INFO:colcon.colcon_core.shell:Creating package script '/root/dddmr_navigation/install/mapping_panel/share/mapping_panel/package.ps1'
[17.046s] INFO:colcon.colcon_core.shell:Creating package descriptor '/root/dddmr_navigation/install/mapping_panel/share/mapping_panel/package.dsv'
[17.050s] INFO:colcon.colcon_core.shell:Creating package script '/root/dddmr_navigation/install/mapping_panel/share/mapping_panel/package.sh'
[17.053s] INFO:colcon.colcon_core.shell:Creating package script '/root/dddmr_navigation/install/mapping_panel/share/mapping_panel/package.bash'
[17.056s] INFO:colcon.colcon_core.shell:Creating package script '/root/dddmr_navigation/install/mapping_panel/share/mapping_panel/package.zsh'
[17.058s] Level 1:colcon.colcon_core.environment:create_file_with_runtime_dependencies(/root/dddmr_navigation/install/mapping_panel/share/colcon-core/packages/mapping_panel)
[17.064s] Level 1:colcon.colcon_core.environment:create_environment_scripts_only(mapping_panel)
[17.066s] Level 1:colcon.colcon_core.environment:checking '/root/dddmr_navigation/install/mapping_panel' for CMake module files
[17.070s] Level 1:colcon.colcon_core.environment:checking '/root/dddmr_navigation/install/mapping_panel' for CMake config files
[17.074s] Level 1:colcon.colcon_core.shell:create_environment_hook('mapping_panel', 'cmake_prefix_path')
[17.076s] INFO:colcon.colcon_core.shell:Creating environment hook '/root/dddmr_navigation/install/mapping_panel/share/mapping_panel/hook/cmake_prefix_path.ps1'
[17.079s] INFO:colcon.colcon_core.shell:Creating environment descriptor '/root/dddmr_navigation/install/mapping_panel/share/mapping_panel/hook/cmake_prefix_path.dsv'
[17.084s] INFO:colcon.colcon_core.shell:Creating environment hook '/root/dddmr_navigation/install/mapping_panel/share/mapping_panel/hook/cmake_prefix_path.sh'
[17.089s] Level 1:colcon.colcon_core.environment:checking '/root/dddmr_navigation/install/mapping_panel/lib'
[17.091s] Level 1:colcon.colcon_core.shell:create_environment_hook('mapping_panel', 'ld_library_path_lib')
[17.093s] INFO:colcon.colcon_core.shell:Creating environment hook '/root/dddmr_navigation/install/mapping_panel/share/mapping_panel/hook/ld_library_path_lib.ps1'
[17.098s] INFO:colcon.colcon_core.shell:Creating environment descriptor '/root/dddmr_navigation/install/mapping_panel/share/mapping_panel/hook/ld_library_path_lib.dsv'
[17.101s] INFO:colcon.colcon_core.shell:Creating environment hook '/root/dddmr_navigation/install/mapping_panel/share/mapping_panel/hook/ld_library_path_lib.sh'
[17.105s] Level 1:colcon.colcon_core.environment:checking '/root/dddmr_navigation/install/mapping_panel/bin'
[17.105s] Level 1:colcon.colcon_core.environment:checking '/root/dddmr_navigation/install/mapping_panel/lib/pkgconfig/mapping_panel.pc'
[17.107s] Level 1:colcon.colcon_core.environment:checking '/root/dddmr_navigation/install/mapping_panel/lib/python3.10/site-packages'
[17.110s] Level 1:colcon.colcon_core.environment:checking '/root/dddmr_navigation/install/mapping_panel/bin'
[17.113s] INFO:colcon.colcon_core.shell:Creating package script '/root/dddmr_navigation/install/mapping_panel/share/mapping_panel/package.ps1'
[17.119s] INFO:colcon.colcon_core.shell:Creating package descriptor '/root/dddmr_navigation/install/mapping_panel/share/mapping_panel/package.dsv'
[17.123s] INFO:colcon.colcon_core.shell:Creating package script '/root/dddmr_navigation/install/mapping_panel/share/mapping_panel/package.sh'
[17.126s] INFO:colcon.colcon_core.shell:Creating package script '/root/dddmr_navigation/install/mapping_panel/share/mapping_panel/package.bash'
[17.130s] INFO:colcon.colcon_core.shell:Creating package script '/root/dddmr_navigation/install/mapping_panel/share/mapping_panel/package.zsh'
[17.133s] Level 1:colcon.colcon_core.environment:create_file_with_runtime_dependencies(/root/dddmr_navigation/install/mapping_panel/share/colcon-core/packages/mapping_panel)
[17.234s] DEBUG:colcon.colcon_core.event_handler.log_command:Invoked command in '/root/dddmr_navigation/build/dddmr_rviz_default_plugins' returned '0': CMAKE_PREFIX_PATH=${CMAKE_PREFIX_PATH}:/opt/ros/humble /usr/bin/cmake /root/dddmr_navigation/src/dddmr_rviz_tools/dddmr_rviz_default_plugins -DCMAKE_INSTALL_PREFIX=/root/dddmr_navigation/install/dddmr_rviz_default_plugins
[17.247s] DEBUG:colcon.colcon_core.event_handler.log_command:Invoking command in '/root/dddmr_navigation/build/dddmr_rviz_default_plugins': CMAKE_PREFIX_PATH=${CMAKE_PREFIX_PATH}:/opt/ros/humble /usr/bin/cmake --build /root/dddmr_navigation/build/dddmr_rviz_default_plugins -- -j28 -l28
[17.379s] DEBUG:colcon.colcon_core.event_handler.log_command:Invoked command in '/root/dddmr_navigation/build/dddmr_semantic_segmentation' returned '0': CMAKE_PREFIX_PATH=${CMAKE_PREFIX_PATH}:/opt/ros/humble /usr/bin/cmake --build /root/dddmr_navigation/build/dddmr_semantic_segmentation -- -j28 -l28
[17.392s] DEBUG:colcon.colcon_core.event_handler.log_command:Invoking command in '/root/dddmr_navigation/build/dddmr_semantic_segmentation': CMAKE_PREFIX_PATH=${CMAKE_PREFIX_PATH}:/opt/ros/humble /usr/bin/cmake --install /root/dddmr_navigation/build/dddmr_semantic_segmentation
[17.547s] Level 1:colcon.colcon_core.environment:create_environment_scripts_only(dddmr_semantic_segmentation)
[17.549s] Level 1:colcon.colcon_core.environment:checking '/root/dddmr_navigation/install/dddmr_semantic_segmentation' for CMake module files
[17.552s] DEBUG:colcon.colcon_core.event_handler.log_command:Invoked command in '/root/dddmr_navigation/build/dddmr_semantic_segmentation' returned '0': CMAKE_PREFIX_PATH=${CMAKE_PREFIX_PATH}:/opt/ros/humble /usr/bin/cmake --install /root/dddmr_navigation/build/dddmr_semantic_segmentation
[17.555s] Level 1:colcon.colcon_core.environment:checking '/root/dddmr_navigation/install/dddmr_semantic_segmentation' for CMake config files
[17.557s] Level 1:colcon.colcon_core.shell:create_environment_hook('dddmr_semantic_segmentation', 'cmake_prefix_path')
[17.559s] INFO:colcon.colcon_core.shell:Creating environment hook '/root/dddmr_navigation/install/dddmr_semantic_segmentation/share/dddmr_semantic_segmentation/hook/cmake_prefix_path.ps1'
[17.561s] INFO:colcon.colcon_core.shell:Creating environment descriptor '/root/dddmr_navigation/install/dddmr_semantic_segmentation/share/dddmr_semantic_segmentation/hook/cmake_prefix_path.dsv'
[17.563s] INFO:colcon.colcon_core.shell:Creating environment hook '/root/dddmr_navigation/install/dddmr_semantic_segmentation/share/dddmr_semantic_segmentation/hook/cmake_prefix_path.sh'
[17.566s] Level 1:colcon.colcon_core.environment:checking '/root/dddmr_navigation/install/dddmr_semantic_segmentation/lib'
[17.566s] Level 1:colcon.colcon_core.environment:checking '/root/dddmr_navigation/install/dddmr_semantic_segmentation/bin'
[17.567s] Level 1:colcon.colcon_core.environment:checking '/root/dddmr_navigation/install/dddmr_semantic_segmentation/lib/pkgconfig/dddmr_semantic_segmentation.pc'
[17.568s] Level 1:colcon.colcon_core.environment:checking '/root/dddmr_navigation/install/dddmr_semantic_segmentation/lib/python3.10/site-packages'
[17.570s] Level 1:colcon.colcon_core.environment:checking '/root/dddmr_navigation/install/dddmr_semantic_segmentation/bin'
[17.571s] INFO:colcon.colcon_core.shell:Creating package script '/root/dddmr_navigation/install/dddmr_semantic_segmentation/share/dddmr_semantic_segmentation/package.ps1'
[17.575s] INFO:colcon.colcon_core.shell:Creating package descriptor '/root/dddmr_navigation/install/dddmr_semantic_segmentation/share/dddmr_semantic_segmentation/package.dsv'
[17.577s] INFO:colcon.colcon_core.shell:Creating package script '/root/dddmr_navigation/install/dddmr_semantic_segmentation/share/dddmr_semantic_segmentation/package.sh'
[17.579s] INFO:colcon.colcon_core.shell:Creating package script '/root/dddmr_navigation/install/dddmr_semantic_segmentation/share/dddmr_semantic_segmentation/package.bash'
[17.580s] INFO:colcon.colcon_core.shell:Creating package script '/root/dddmr_navigation/install/dddmr_semantic_segmentation/share/dddmr_semantic_segmentation/package.zsh'
[17.582s] Level 1:colcon.colcon_core.environment:create_file_with_runtime_dependencies(/root/dddmr_navigation/install/dddmr_semantic_segmentation/share/colcon-core/packages/dddmr_semantic_segmentation)
[17.585s] Level 1:colcon.colcon_core.environment:create_environment_scripts_only(dddmr_semantic_segmentation)
[17.586s] Level 1:colcon.colcon_core.environment:checking '/root/dddmr_navigation/install/dddmr_semantic_segmentation' for CMake module files
[17.589s] Level 1:colcon.colcon_core.environment:checking '/root/dddmr_navigation/install/dddmr_semantic_segmentation' for CMake config files
[17.591s] Level 1:colcon.colcon_core.shell:create_environment_hook('dddmr_semantic_segmentation', 'cmake_prefix_path')
[17.592s] INFO:colcon.colcon_core.shell:Creating environment hook '/root/dddmr_navigation/install/dddmr_semantic_segmentation/share/dddmr_semantic_segmentation/hook/cmake_prefix_path.ps1'
[17.600s] INFO:colcon.colcon_core.shell:Creating environment descriptor '/root/dddmr_navigation/install/dddmr_semantic_segmentation/share/dddmr_semantic_segmentation/hook/cmake_prefix_path.dsv'
[17.603s] INFO:colcon.colcon_core.shell:Creating environment hook '/root/dddmr_navigation/install/dddmr_semantic_segmentation/share/dddmr_semantic_segmentation/hook/cmake_prefix_path.sh'
[17.607s] Level 1:colcon.colcon_core.environment:checking '/root/dddmr_navigation/install/dddmr_semantic_segmentation/lib'
[17.607s] Level 1:colcon.colcon_core.environment:checking '/root/dddmr_navigation/install/dddmr_semantic_segmentation/bin'
[17.608s] Level 1:colcon.colcon_core.environment:checking '/root/dddmr_navigation/install/dddmr_semantic_segmentation/lib/pkgconfig/dddmr_semantic_segmentation.pc'
[17.609s] Level 1:colcon.colcon_core.environment:checking '/root/dddmr_navigation/install/dddmr_semantic_segmentation/lib/python3.10/site-packages'
[17.611s] Level 1:colcon.colcon_core.environment:checking '/root/dddmr_navigation/install/dddmr_semantic_segmentation/bin'
[17.612s] INFO:colcon.colcon_core.shell:Creating package script '/root/dddmr_navigation/install/dddmr_semantic_segmentation/share/dddmr_semantic_segmentation/package.ps1'
[17.616s] INFO:colcon.colcon_core.shell:Creating package descriptor '/root/dddmr_navigation/install/dddmr_semantic_segmentation/share/dddmr_semantic_segmentation/package.dsv'
[17.619s] INFO:colcon.colcon_core.shell:Creating package script '/root/dddmr_navigation/install/dddmr_semantic_segmentation/share/dddmr_semantic_segmentation/package.sh'
[17.623s] INFO:colcon.colcon_core.shell:Creating package script '/root/dddmr_navigation/install/dddmr_semantic_segmentation/share/dddmr_semantic_segmentation/package.bash'
[17.627s] INFO:colcon.colcon_core.shell:Creating package script '/root/dddmr_navigation/install/dddmr_semantic_segmentation/share/dddmr_semantic_segmentation/package.zsh'
[17.630s] Level 1:colcon.colcon_core.environment:create_file_with_runtime_dependencies(/root/dddmr_navigation/install/dddmr_semantic_segmentation/share/colcon-core/packages/dddmr_semantic_segmentation)
[17.890s] DEBUG:colcon.colcon_core.event_handler.log_command:Invoked command in '/root/dddmr_navigation/build/dddmr_sys_core' returned '0': CMAKE_PREFIX_PATH=${CMAKE_PREFIX_PATH}:/opt/ros/humble /usr/bin/cmake /root/dddmr_navigation/src/dddmr_sys_core -DCMAKE_INSTALL_PREFIX=/root/dddmr_navigation/install/dddmr_sys_core
[17.906s] DEBUG:colcon.colcon_core.event_handler.log_command:Invoking command in '/root/dddmr_navigation/build/dddmr_sys_core': CMAKE_PREFIX_PATH=${CMAKE_PREFIX_PATH}:/opt/ros/humble /usr/bin/cmake --build /root/dddmr_navigation/build/dddmr_sys_core -- -j28 -l28
[17.915s] DEBUG:colcon.colcon_core.event_handler.log_command:Invoked command in '/root/dddmr_navigation/build/cloud_msgs' returned '0': CMAKE_PREFIX_PATH=${CMAKE_PREFIX_PATH}:/opt/ros/humble /usr/bin/cmake --build /root/dddmr_navigation/build/cloud_msgs -- -j28 -l28
[17.925s] DEBUG:colcon.colcon_core.event_handler.log_command:Invoking command in '/root/dddmr_navigation/build/cloud_msgs': CMAKE_PREFIX_PATH=${CMAKE_PREFIX_PATH}:/opt/ros/humble /usr/bin/cmake --install /root/dddmr_navigation/build/cloud_msgs
[18.118s] DEBUG:colcon.colcon_core.event_handler.log_command:Invoked command in '/root/dddmr_navigation/build/dddmr_rviz_default_plugins' returned '0': CMAKE_PREFIX_PATH=${CMAKE_PREFIX_PATH}:/opt/ros/humble /usr/bin/cmake --build /root/dddmr_navigation/build/dddmr_rviz_default_plugins -- -j28 -l28
[18.131s] DEBUG:colcon.colcon_core.event_handler.log_command:Invoking command in '/root/dddmr_navigation/build/dddmr_rviz_default_plugins': CMAKE_PREFIX_PATH=${CMAKE_PREFIX_PATH}:/opt/ros/humble /usr/bin/cmake --install /root/dddmr_navigation/build/dddmr_rviz_default_plugins
[18.313s] Level 1:colcon.colcon_core.environment:create_environment_scripts_only(dddmr_rviz_default_plugins)
[18.315s] Level 1:colcon.colcon_core.environment:checking '/root/dddmr_navigation/install/dddmr_rviz_default_plugins' for CMake module files
[18.318s] DEBUG:colcon.colcon_core.event_handler.log_command:Invoked command in '/root/dddmr_navigation/build/dddmr_rviz_default_plugins' returned '0': CMAKE_PREFIX_PATH=${CMAKE_PREFIX_PATH}:/opt/ros/humble /usr/bin/cmake --install /root/dddmr_navigation/build/dddmr_rviz_default_plugins
[18.322s] Level 1:colcon.colcon_core.environment:checking '/root/dddmr_navigation/install/dddmr_rviz_default_plugins' for CMake config files
[18.326s] Level 1:colcon.colcon_core.shell:create_environment_hook('dddmr_rviz_default_plugins', 'cmake_prefix_path')
[18.328s] INFO:colcon.colcon_core.shell:Creating environment hook '/root/dddmr_navigation/install/dddmr_rviz_default_plugins/share/dddmr_rviz_default_plugins/hook/cmake_prefix_path.ps1'
[18.335s] INFO:colcon.colcon_core.shell:Creating environment descriptor '/root/dddmr_navigation/install/dddmr_rviz_default_plugins/share/dddmr_rviz_default_plugins/hook/cmake_prefix_path.dsv'
[18.338s] INFO:colcon.colcon_core.shell:Creating environment hook '/root/dddmr_navigation/install/dddmr_rviz_default_plugins/share/dddmr_rviz_default_plugins/hook/cmake_prefix_path.sh'
[18.343s] Level 1:colcon.colcon_core.environment:checking '/root/dddmr_navigation/install/dddmr_rviz_default_plugins/lib'
[18.344s] Level 1:colcon.colcon_core.shell:create_environment_hook('dddmr_rviz_default_plugins', 'ld_library_path_lib')
[18.346s] INFO:colcon.colcon_core.shell:Creating environment hook '/root/dddmr_navigation/install/dddmr_rviz_default_plugins/share/dddmr_rviz_default_plugins/hook/ld_library_path_lib.ps1'
[18.351s] INFO:colcon.colcon_core.shell:Creating environment descriptor '/root/dddmr_navigation/install/dddmr_rviz_default_plugins/share/dddmr_rviz_default_plugins/hook/ld_library_path_lib.dsv'
[18.357s] INFO:colcon.colcon_core.shell:Creating environment hook '/root/dddmr_navigation/install/dddmr_rviz_default_plugins/share/dddmr_rviz_default_plugins/hook/ld_library_path_lib.sh'
[18.360s] Level 1:colcon.colcon_core.environment:checking '/root/dddmr_navigation/install/dddmr_rviz_default_plugins/bin'
[18.360s] Level 1:colcon.colcon_core.environment:checking '/root/dddmr_navigation/install/dddmr_rviz_default_plugins/lib/pkgconfig/dddmr_rviz_default_plugins.pc'
[18.362s] Level 1:colcon.colcon_core.environment:checking '/root/dddmr_navigation/install/dddmr_rviz_default_plugins/lib/python3.10/site-packages'
[18.364s] Level 1:colcon.colcon_core.environment:checking '/root/dddmr_navigation/install/dddmr_rviz_default_plugins/bin'
[18.366s] INFO:colcon.colcon_core.shell:Creating package script '/root/dddmr_navigation/install/dddmr_rviz_default_plugins/share/dddmr_rviz_default_plugins/package.ps1'
[18.370s] INFO:colcon.colcon_core.shell:Creating package descriptor '/root/dddmr_navigation/install/dddmr_rviz_default_plugins/share/dddmr_rviz_default_plugins/package.dsv'
[18.375s] INFO:colcon.colcon_core.shell:Creating package script '/root/dddmr_navigation/install/dddmr_rviz_default_plugins/share/dddmr_rviz_default_plugins/package.sh'
[18.380s] INFO:colcon.colcon_core.shell:Creating package script '/root/dddmr_navigation/install/dddmr_rviz_default_plugins/share/dddmr_rviz_default_plugins/package.bash'
[18.382s] INFO:colcon.colcon_core.shell:Creating package script '/root/dddmr_navigation/install/dddmr_rviz_default_plugins/share/dddmr_rviz_default_plugins/package.zsh'
[18.384s] Level 1:colcon.colcon_core.environment:create_file_with_runtime_dependencies(/root/dddmr_navigation/install/dddmr_rviz_default_plugins/share/colcon-core/packages/dddmr_rviz_default_plugins)
[18.388s] Level 1:colcon.colcon_core.environment:create_environment_scripts_only(dddmr_rviz_default_plugins)
[18.389s] Level 1:colcon.colcon_core.environment:checking '/root/dddmr_navigation/install/dddmr_rviz_default_plugins' for CMake module files
[18.392s] Level 1:colcon.colcon_core.environment:checking '/root/dddmr_navigation/install/dddmr_rviz_default_plugins' for CMake config files
[18.395s] Level 1:colcon.colcon_core.shell:create_environment_hook('dddmr_rviz_default_plugins', 'cmake_prefix_path')
[18.396s] INFO:colcon.colcon_core.shell:Creating environment hook '/root/dddmr_navigation/install/dddmr_rviz_default_plugins/share/dddmr_rviz_default_plugins/hook/cmake_prefix_path.ps1'
[18.399s] INFO:colcon.colcon_core.shell:Creating environment descriptor '/root/dddmr_navigation/install/dddmr_rviz_default_plugins/share/dddmr_rviz_default_plugins/hook/cmake_prefix_path.dsv'
[18.400s] INFO:colcon.colcon_core.shell:Creating environment hook '/root/dddmr_navigation/install/dddmr_rviz_default_plugins/share/dddmr_rviz_default_plugins/hook/cmake_prefix_path.sh'
[18.403s] Level 1:colcon.colcon_core.environment:checking '/root/dddmr_navigation/install/dddmr_rviz_default_plugins/lib'
[18.404s] Level 1:colcon.colcon_core.shell:create_environment_hook('dddmr_rviz_default_plugins', 'ld_library_path_lib')
[18.405s] INFO:colcon.colcon_core.shell:Creating environment hook '/root/dddmr_navigation/install/dddmr_rviz_default_plugins/share/dddmr_rviz_default_plugins/hook/ld_library_path_lib.ps1'
[18.407s] INFO:colcon.colcon_core.shell:Creating environment descriptor '/root/dddmr_navigation/install/dddmr_rviz_default_plugins/share/dddmr_rviz_default_plugins/hook/ld_library_path_lib.dsv'
[18.409s] INFO:colcon.colcon_core.shell:Creating environment hook '/root/dddmr_navigation/install/dddmr_rviz_default_plugins/share/dddmr_rviz_default_plugins/hook/ld_library_path_lib.sh'
[18.420s] Level 1:colcon.colcon_core.environment:checking '/root/dddmr_navigation/install/dddmr_rviz_default_plugins/bin'
[18.426s] Level 1:colcon.colcon_core.environment:checking '/root/dddmr_navigation/install/dddmr_rviz_default_plugins/lib/pkgconfig/dddmr_rviz_default_plugins.pc'
[18.429s] Level 1:colcon.colcon_core.environment:checking '/root/dddmr_navigation/install/dddmr_rviz_default_plugins/lib/python3.10/site-packages'
[18.432s] Level 1:colcon.colcon_core.environment:checking '/root/dddmr_navigation/install/dddmr_rviz_default_plugins/bin'
[18.434s] INFO:colcon.colcon_core.shell:Creating package script '/root/dddmr_navigation/install/dddmr_rviz_default_plugins/share/dddmr_rviz_default_plugins/package.ps1'
[18.448s] INFO:colcon.colcon_core.shell:Creating package descriptor '/root/dddmr_navigation/install/dddmr_rviz_default_plugins/share/dddmr_rviz_default_plugins/package.dsv'
[18.454s] INFO:colcon.colcon_core.shell:Creating package script '/root/dddmr_navigation/install/dddmr_rviz_default_plugins/share/dddmr_rviz_default_plugins/package.sh'
[18.458s] INFO:colcon.colcon_core.shell:Creating package script '/root/dddmr_navigation/install/dddmr_rviz_default_plugins/share/dddmr_rviz_default_plugins/package.bash'
[18.463s] INFO:colcon.colcon_core.shell:Creating package script '/root/dddmr_navigation/install/dddmr_rviz_default_plugins/share/dddmr_rviz_default_plugins/package.zsh'
[18.467s] Level 1:colcon.colcon_core.environment:create_file_with_runtime_dependencies(/root/dddmr_navigation/install/dddmr_rviz_default_plugins/share/colcon-core/packages/dddmr_rviz_default_plugins)
[18.476s] Level 1:colcon.colcon_core.environment:create_environment_scripts_only(cloud_msgs)
[18.479s] Level 1:colcon.colcon_core.environment:checking '/root/dddmr_navigation/install/cloud_msgs' for CMake module files
[18.483s] DEBUG:colcon.colcon_core.event_handler.log_command:Invoked command in '/root/dddmr_navigation/build/cloud_msgs' returned '0': CMAKE_PREFIX_PATH=${CMAKE_PREFIX_PATH}:/opt/ros/humble /usr/bin/cmake --install /root/dddmr_navigation/build/cloud_msgs
[18.488s] Level 1:colcon.colcon_core.environment:checking '/root/dddmr_navigation/install/cloud_msgs' for CMake config files
[18.498s] Level 1:colcon.colcon_core.shell:create_environment_hook('cloud_msgs', 'cmake_prefix_path')
[18.500s] INFO:colcon.colcon_core.shell:Creating environment hook '/root/dddmr_navigation/install/cloud_msgs/share/cloud_msgs/hook/cmake_prefix_path.ps1'
[18.504s] INFO:colcon.colcon_core.shell:Creating environment descriptor '/root/dddmr_navigation/install/cloud_msgs/share/cloud_msgs/hook/cmake_prefix_path.dsv'
[18.508s] INFO:colcon.colcon_core.shell:Creating environment hook '/root/dddmr_navigation/install/cloud_msgs/share/cloud_msgs/hook/cmake_prefix_path.sh'
[18.512s] Level 1:colcon.colcon_core.environment:checking '/root/dddmr_navigation/install/cloud_msgs/lib'
[18.513s] Level 1:colcon.colcon_core.shell:create_environment_hook('cloud_msgs', 'ld_library_path_lib')
[18.515s] INFO:colcon.colcon_core.shell:Creating environment hook '/root/dddmr_navigation/install/cloud_msgs/share/cloud_msgs/hook/ld_library_path_lib.ps1'
[18.520s] INFO:colcon.colcon_core.shell:Creating environment descriptor '/root/dddmr_navigation/install/cloud_msgs/share/cloud_msgs/hook/ld_library_path_lib.dsv'
[18.523s] INFO:colcon.colcon_core.shell:Creating environment hook '/root/dddmr_navigation/install/cloud_msgs/share/cloud_msgs/hook/ld_library_path_lib.sh'
[18.526s] Level 1:colcon.colcon_core.environment:checking '/root/dddmr_navigation/install/cloud_msgs/bin'
[18.527s] Level 1:colcon.colcon_core.environment:checking '/root/dddmr_navigation/install/cloud_msgs/lib/pkgconfig/cloud_msgs.pc'
[18.529s] Level 1:colcon.colcon_core.environment:checking '/root/dddmr_navigation/install/cloud_msgs/lib/python3.10/site-packages'
[18.532s] Level 1:colcon.colcon_core.environment:checking '/root/dddmr_navigation/install/cloud_msgs/bin'
[18.535s] INFO:colcon.colcon_core.shell:Creating package script '/root/dddmr_navigation/install/cloud_msgs/share/cloud_msgs/package.ps1'
[18.544s] INFO:colcon.colcon_core.shell:Creating package descriptor '/root/dddmr_navigation/install/cloud_msgs/share/cloud_msgs/package.dsv'
[18.548s] INFO:colcon.colcon_core.shell:Creating package script '/root/dddmr_navigation/install/cloud_msgs/share/cloud_msgs/package.sh'
[18.552s] INFO:colcon.colcon_core.shell:Creating package script '/root/dddmr_navigation/install/cloud_msgs/share/cloud_msgs/package.bash'
[18.554s] INFO:colcon.colcon_core.shell:Creating package script '/root/dddmr_navigation/install/cloud_msgs/share/cloud_msgs/package.zsh'
[18.558s] Level 1:colcon.colcon_core.environment:create_file_with_runtime_dependencies(/root/dddmr_navigation/install/cloud_msgs/share/colcon-core/packages/cloud_msgs)
[18.561s] Level 1:colcon.colcon_core.environment:create_environment_scripts_only(cloud_msgs)
[18.562s] Level 1:colcon.colcon_core.environment:checking '/root/dddmr_navigation/install/cloud_msgs' for CMake module files
[18.565s] Level 1:colcon.colcon_core.environment:checking '/root/dddmr_navigation/install/cloud_msgs' for CMake config files
[18.571s] Level 1:colcon.colcon_core.shell:create_environment_hook('cloud_msgs', 'cmake_prefix_path')
[18.573s] INFO:colcon.colcon_core.shell:Creating environment hook '/root/dddmr_navigation/install/cloud_msgs/share/cloud_msgs/hook/cmake_prefix_path.ps1'
[18.576s] INFO:colcon.colcon_core.shell:Creating environment descriptor '/root/dddmr_navigation/install/cloud_msgs/share/cloud_msgs/hook/cmake_prefix_path.dsv'
[18.578s] INFO:colcon.colcon_core.shell:Creating environment hook '/root/dddmr_navigation/install/cloud_msgs/share/cloud_msgs/hook/cmake_prefix_path.sh'
[18.581s] Level 1:colcon.colcon_core.environment:checking '/root/dddmr_navigation/install/cloud_msgs/lib'
[18.582s] Level 1:colcon.colcon_core.shell:create_environment_hook('cloud_msgs', 'ld_library_path_lib')
[18.583s] INFO:colcon.colcon_core.shell:Creating environment hook '/root/dddmr_navigation/install/cloud_msgs/share/cloud_msgs/hook/ld_library_path_lib.ps1'
[18.585s] INFO:colcon.colcon_core.shell:Creating environment descriptor '/root/dddmr_navigation/install/cloud_msgs/share/cloud_msgs/hook/ld_library_path_lib.dsv'
[18.587s] INFO:colcon.colcon_core.shell:Creating environment hook '/root/dddmr_navigation/install/cloud_msgs/share/cloud_msgs/hook/ld_library_path_lib.sh'
[18.591s] Level 1:colcon.colcon_core.environment:checking '/root/dddmr_navigation/install/cloud_msgs/bin'
[18.591s] Level 1:colcon.colcon_core.environment:checking '/root/dddmr_navigation/install/cloud_msgs/lib/pkgconfig/cloud_msgs.pc'
[18.593s] Level 1:colcon.colcon_core.environment:checking '/root/dddmr_navigation/install/cloud_msgs/lib/python3.10/site-packages'
[18.595s] Level 1:colcon.colcon_core.environment:checking '/root/dddmr_navigation/install/cloud_msgs/bin'
[18.596s] INFO:colcon.colcon_core.shell:Creating package script '/root/dddmr_navigation/install/cloud_msgs/share/cloud_msgs/package.ps1'
[18.600s] INFO:colcon.colcon_core.shell:Creating package descriptor '/root/dddmr_navigation/install/cloud_msgs/share/cloud_msgs/package.dsv'
[18.603s] INFO:colcon.colcon_core.shell:Creating package script '/root/dddmr_navigation/install/cloud_msgs/share/cloud_msgs/package.sh'
[18.605s] INFO:colcon.colcon_core.shell:Creating package script '/root/dddmr_navigation/install/cloud_msgs/share/cloud_msgs/package.bash'
[18.607s] INFO:colcon.colcon_core.shell:Creating package script '/root/dddmr_navigation/install/cloud_msgs/share/cloud_msgs/package.zsh'
[18.610s] Level 1:colcon.colcon_core.environment:create_file_with_runtime_dependencies(/root/dddmr_navigation/install/cloud_msgs/share/colcon-core/packages/cloud_msgs)
[18.612s] INFO:colcon.colcon_ros.task.ament_cmake.build:Building ROS package in '/root/dddmr_navigation/src/dddmr_mcl_3dl' with build type 'ament_cmake'
[18.614s] INFO:colcon.colcon_cmake.task.cmake.build:Building CMake package in '/root/dddmr_navigation/src/dddmr_mcl_3dl'
[18.617s] INFO:colcon.colcon_core.shell:Skip shell extension 'powershell' for command environment: Not usable outside of PowerShell
[18.617s] DEBUG:colcon.colcon_core.shell:Skip shell extension 'dsv' for command environment
[18.708s] DEBUG:colcon.colcon_core.event_handler.log_command:Invoking command in '/root/dddmr_navigation/build/mcl_3dl': CMAKE_PREFIX_PATH=/root/dddmr_navigation/install/cloud_msgs:/root/dddmr_navigation/install/p2p_move_base:/root/dddmr_navigation/install/recovery_behaviors:/root/dddmr_navigation/install/local_planner:/root/dddmr_navigation/install/trajectory_generators:/root/dddmr_navigation/install/pose_graph_merge_editor_panel:/root/dddmr_navigation/install/pose_graph_editor_panel:/root/dddmr_navigation/install/perception_3d:/root/dddmr_navigation/install/mpc_critics:/root/dddmr_navigation/install/mcl_3dl:/root/dddmr_navigation/install/mapping_panel:/root/dddmr_navigation/install/map_editor_panel:/root/dddmr_navigation/install/lego_loam_bor:/root/dddmr_navigation/install/global_planner:/root/dddmr_navigation/install/fast_lio:/root/dddmr_navigation/install/dddmr_trt:/root/dddmr_navigation/install/dddmr_sys_core:/root/dddmr_navigation/install/dddmr_semantic_segmentation:/root/dddmr_navigation/install/dddmr_rviz_default_plugins:/root/dddmr_navigation/install/dddmr_odom_3d:/root/dddmr_navigation/install/dddmr_fastlio_adapter:/root/dddmr_navigation/install/dddmr_beginner_guide:/root/dddmr_navigation/install/base_trajectory:/root/livox_ws/install/livox_ros_driver2:/opt/ros/humble LD_LIBRARY_PATH=/root/dddmr_navigation/install/cloud_msgs/lib:/root/dddmr_navigation/install/p2p_move_base/lib:/root/dddmr_navigation/install/recovery_behaviors/lib:/root/dddmr_navigation/install/local_planner/lib:/root/dddmr_navigation/install/trajectory_generators/lib:/root/dddmr_navigation/install/pose_graph_merge_editor_panel/lib:/root/dddmr_navigation/install/pose_graph_editor_panel/lib:/root/dddmr_navigation/install/perception_3d/lib:/root/dddmr_navigation/install/mpc_critics/lib:/root/dddmr_navigation/install/mcl_3dl/lib:/root/dddmr_navigation/install/mapping_panel/lib:/root/dddmr_navigation/install/map_editor_panel/lib:/root/dddmr_navigation/install/lego_loam_bor/lib:/root/dddmr_navigation/install/global_planner/lib:/root/dddmr_navigation/install/fast_lio/lib:/root/dddmr_navigation/install/dddmr_sys_core/lib:/root/dddmr_navigation/install/dddmr_rviz_default_plugins/lib:/root/dddmr_navigation/install/base_trajectory/lib:/root/livox_ws/install/livox_ros_driver2/lib:/opt/ros/humble/opt/rviz_ogre_vendor/lib:/opt/ros/humble/lib/x86_64-linux-gnu:/opt/ros/humble/lib /usr/bin/cmake /root/dddmr_navigation/src/dddmr_mcl_3dl -DCMAKE_INSTALL_PREFIX=/root/dddmr_navigation/install/mcl_3dl
[19.901s] DEBUG:colcon.colcon_core.event_handler.log_command:Invoked command in '/root/dddmr_navigation/build/perception_3d' returned '0': CMAKE_PREFIX_PATH=${CMAKE_PREFIX_PATH}:/opt/ros/humble /usr/bin/cmake /root/dddmr_navigation/src/dddmr_perception_3d -DCMAKE_INSTALL_PREFIX=/root/dddmr_navigation/install/perception_3d
[19.917s] DEBUG:colcon.colcon_core.event_handler.log_command:Invoking command in '/root/dddmr_navigation/build/perception_3d': CMAKE_PREFIX_PATH=${CMAKE_PREFIX_PATH}:/opt/ros/humble /usr/bin/cmake --build /root/dddmr_navigation/build/perception_3d -- -j28 -l28
[20.132s] DEBUG:colcon.colcon_core.event_handler.log_command:Invoked command in '/root/dddmr_navigation/build/dddmr_sys_core' returned '0': CMAKE_PREFIX_PATH=${CMAKE_PREFIX_PATH}:/opt/ros/humble /usr/bin/cmake --build /root/dddmr_navigation/build/dddmr_sys_core -- -j28 -l28
[20.179s] DEBUG:colcon.colcon_core.event_handler.log_command:Invoking command in '/root/dddmr_navigation/build/dddmr_sys_core': CMAKE_PREFIX_PATH=${CMAKE_PREFIX_PATH}:/opt/ros/humble /usr/bin/cmake --install /root/dddmr_navigation/build/dddmr_sys_core
[20.685s] Level 1:colcon.colcon_core.environment:create_environment_scripts_only(dddmr_sys_core)
[20.687s] Level 1:colcon.colcon_core.environment:checking '/root/dddmr_navigation/install/dddmr_sys_core' for CMake module files
[20.692s] DEBUG:colcon.colcon_core.event_handler.log_command:Invoked command in '/root/dddmr_navigation/build/dddmr_sys_core' returned '0': CMAKE_PREFIX_PATH=${CMAKE_PREFIX_PATH}:/opt/ros/humble /usr/bin/cmake --install /root/dddmr_navigation/build/dddmr_sys_core
[20.698s] Level 1:colcon.colcon_core.environment:checking '/root/dddmr_navigation/install/dddmr_sys_core' for CMake config files
[20.708s] Level 1:colcon.colcon_core.shell:create_environment_hook('dddmr_sys_core', 'cmake_prefix_path')
[20.710s] INFO:colcon.colcon_core.shell:Creating environment hook '/root/dddmr_navigation/install/dddmr_sys_core/share/dddmr_sys_core/hook/cmake_prefix_path.ps1'
[20.715s] INFO:colcon.colcon_core.shell:Creating environment descriptor '/root/dddmr_navigation/install/dddmr_sys_core/share/dddmr_sys_core/hook/cmake_prefix_path.dsv'
[20.717s] INFO:colcon.colcon_core.shell:Creating environment hook '/root/dddmr_navigation/install/dddmr_sys_core/share/dddmr_sys_core/hook/cmake_prefix_path.sh'
[20.720s] Level 1:colcon.colcon_core.environment:checking '/root/dddmr_navigation/install/dddmr_sys_core/lib'
[20.720s] Level 1:colcon.colcon_core.shell:create_environment_hook('dddmr_sys_core', 'ld_library_path_lib')
[20.722s] INFO:colcon.colcon_core.shell:Creating environment hook '/root/dddmr_navigation/install/dddmr_sys_core/share/dddmr_sys_core/hook/ld_library_path_lib.ps1'
[20.724s] INFO:colcon.colcon_core.shell:Creating environment descriptor '/root/dddmr_navigation/install/dddmr_sys_core/share/dddmr_sys_core/hook/ld_library_path_lib.dsv'
[20.726s] INFO:colcon.colcon_core.shell:Creating environment hook '/root/dddmr_navigation/install/dddmr_sys_core/share/dddmr_sys_core/hook/ld_library_path_lib.sh'
[20.728s] Level 1:colcon.colcon_core.environment:checking '/root/dddmr_navigation/install/dddmr_sys_core/bin'
[20.728s] Level 1:colcon.colcon_core.environment:checking '/root/dddmr_navigation/install/dddmr_sys_core/lib/pkgconfig/dddmr_sys_core.pc'
[20.729s] Level 1:colcon.colcon_core.environment:checking '/root/dddmr_navigation/install/dddmr_sys_core/lib/python3.10/site-packages'
[20.731s] Level 1:colcon.colcon_core.environment:checking '/root/dddmr_navigation/install/dddmr_sys_core/bin'
[20.733s] INFO:colcon.colcon_core.shell:Creating package script '/root/dddmr_navigation/install/dddmr_sys_core/share/dddmr_sys_core/package.ps1'
[20.740s] INFO:colcon.colcon_core.shell:Creating package descriptor '/root/dddmr_navigation/install/dddmr_sys_core/share/dddmr_sys_core/package.dsv'
[20.743s] INFO:colcon.colcon_core.shell:Creating package script '/root/dddmr_navigation/install/dddmr_sys_core/share/dddmr_sys_core/package.sh'
[20.746s] INFO:colcon.colcon_core.shell:Creating package script '/root/dddmr_navigation/install/dddmr_sys_core/share/dddmr_sys_core/package.bash'
[20.749s] INFO:colcon.colcon_core.shell:Creating package script '/root/dddmr_navigation/install/dddmr_sys_core/share/dddmr_sys_core/package.zsh'
[20.751s] Level 1:colcon.colcon_core.environment:create_file_with_runtime_dependencies(/root/dddmr_navigation/install/dddmr_sys_core/share/colcon-core/packages/dddmr_sys_core)
[20.756s] Level 1:colcon.colcon_core.environment:create_environment_scripts_only(dddmr_sys_core)
[20.758s] Level 1:colcon.colcon_core.environment:checking '/root/dddmr_navigation/install/dddmr_sys_core' for CMake module files
[20.764s] Level 1:colcon.colcon_core.environment:checking '/root/dddmr_navigation/install/dddmr_sys_core' for CMake config files
[20.778s] Level 1:colcon.colcon_core.shell:create_environment_hook('dddmr_sys_core', 'cmake_prefix_path')
[20.780s] INFO:colcon.colcon_core.shell:Creating environment hook '/root/dddmr_navigation/install/dddmr_sys_core/share/dddmr_sys_core/hook/cmake_prefix_path.ps1'
[20.785s] INFO:colcon.colcon_core.shell:Creating environment descriptor '/root/dddmr_navigation/install/dddmr_sys_core/share/dddmr_sys_core/hook/cmake_prefix_path.dsv'
[20.788s] INFO:colcon.colcon_core.shell:Creating environment hook '/root/dddmr_navigation/install/dddmr_sys_core/share/dddmr_sys_core/hook/cmake_prefix_path.sh'
[20.792s] Level 1:colcon.colcon_core.environment:checking '/root/dddmr_navigation/install/dddmr_sys_core/lib'
[20.793s] Level 1:colcon.colcon_core.shell:create_environment_hook('dddmr_sys_core', 'ld_library_path_lib')
[20.795s] INFO:colcon.colcon_core.shell:Creating environment hook '/root/dddmr_navigation/install/dddmr_sys_core/share/dddmr_sys_core/hook/ld_library_path_lib.ps1'
[20.797s] INFO:colcon.colcon_core.shell:Creating environment descriptor '/root/dddmr_navigation/install/dddmr_sys_core/share/dddmr_sys_core/hook/ld_library_path_lib.dsv'
[20.800s] INFO:colcon.colcon_core.shell:Creating environment hook '/root/dddmr_navigation/install/dddmr_sys_core/share/dddmr_sys_core/hook/ld_library_path_lib.sh'
[20.803s] Level 1:colcon.colcon_core.environment:checking '/root/dddmr_navigation/install/dddmr_sys_core/bin'
[20.803s] Level 1:colcon.colcon_core.environment:checking '/root/dddmr_navigation/install/dddmr_sys_core/lib/pkgconfig/dddmr_sys_core.pc'
[20.805s] Level 1:colcon.colcon_core.environment:checking '/root/dddmr_navigation/install/dddmr_sys_core/lib/python3.10/site-packages'
[20.808s] Level 1:colcon.colcon_core.environment:checking '/root/dddmr_navigation/install/dddmr_sys_core/bin'
[20.811s] INFO:colcon.colcon_core.shell:Creating package script '/root/dddmr_navigation/install/dddmr_sys_core/share/dddmr_sys_core/package.ps1'
[20.816s] INFO:colcon.colcon_core.shell:Creating package descriptor '/root/dddmr_navigation/install/dddmr_sys_core/share/dddmr_sys_core/package.dsv'
[20.821s] INFO:colcon.colcon_core.shell:Creating package script '/root/dddmr_navigation/install/dddmr_sys_core/share/dddmr_sys_core/package.sh'
[20.826s] INFO:colcon.colcon_core.shell:Creating package script '/root/dddmr_navigation/install/dddmr_sys_core/share/dddmr_sys_core/package.bash'
[20.830s] INFO:colcon.colcon_core.shell:Creating package script '/root/dddmr_navigation/install/dddmr_sys_core/share/dddmr_sys_core/package.zsh'
[20.833s] Level 1:colcon.colcon_core.environment:create_file_with_runtime_dependencies(/root/dddmr_navigation/install/dddmr_sys_core/share/colcon-core/packages/dddmr_sys_core)
[20.835s] INFO:colcon.colcon_ros.task.ament_cmake.build:Building ROS package in '/root/dddmr_navigation/src/dddmr_lego_loam/lego_loam_bor' with build type 'ament_cmake'
[20.836s] INFO:colcon.colcon_cmake.task.cmake.build:Building CMake package in '/root/dddmr_navigation/src/dddmr_lego_loam/lego_loam_bor'
[20.838s] INFO:colcon.colcon_core.shell:Skip shell extension 'powershell' for command environment: Not usable outside of PowerShell
[20.839s] DEBUG:colcon.colcon_core.shell:Skip shell extension 'dsv' for command environment
[20.968s] DEBUG:colcon.colcon_core.event_handler.log_command:Invoking command in '/root/dddmr_navigation/build/lego_loam_bor': CMAKE_PREFIX_PATH=/root/dddmr_navigation/install/dddmr_trt:/root/dddmr_navigation/install/dddmr_sys_core:/root/dddmr_navigation/install/cloud_msgs:/root/dddmr_navigation/install/p2p_move_base:/root/dddmr_navigation/install/recovery_behaviors:/root/dddmr_navigation/install/local_planner:/root/dddmr_navigation/install/trajectory_generators:/root/dddmr_navigation/install/pose_graph_merge_editor_panel:/root/dddmr_navigation/install/pose_graph_editor_panel:/root/dddmr_navigation/install/perception_3d:/root/dddmr_navigation/install/mpc_critics:/root/dddmr_navigation/install/mcl_3dl:/root/dddmr_navigation/install/mapping_panel:/root/dddmr_navigation/install/map_editor_panel:/root/dddmr_navigation/install/lego_loam_bor:/root/dddmr_navigation/install/global_planner:/root/dddmr_navigation/install/fast_lio:/root/dddmr_navigation/install/dddmr_semantic_segmentation:/root/dddmr_navigation/install/dddmr_rviz_default_plugins:/root/dddmr_navigation/install/dddmr_odom_3d:/root/dddmr_navigation/install/dddmr_fastlio_adapter:/root/dddmr_navigation/install/dddmr_beginner_guide:/root/dddmr_navigation/install/base_trajectory:/root/livox_ws/install/livox_ros_driver2:/opt/ros/humble LD_LIBRARY_PATH=/root/dddmr_navigation/install/dddmr_sys_core/lib:/root/dddmr_navigation/install/cloud_msgs/lib:/root/dddmr_navigation/install/p2p_move_base/lib:/root/dddmr_navigation/install/recovery_behaviors/lib:/root/dddmr_navigation/install/local_planner/lib:/root/dddmr_navigation/install/trajectory_generators/lib:/root/dddmr_navigation/install/pose_graph_merge_editor_panel/lib:/root/dddmr_navigation/install/pose_graph_editor_panel/lib:/root/dddmr_navigation/install/perception_3d/lib:/root/dddmr_navigation/install/mpc_critics/lib:/root/dddmr_navigation/install/mcl_3dl/lib:/root/dddmr_navigation/install/mapping_panel/lib:/root/dddmr_navigation/install/map_editor_panel/lib:/root/dddmr_navigation/install/lego_loam_bor/lib:/root/dddmr_navigation/install/global_planner/lib:/root/dddmr_navigation/install/fast_lio/lib:/root/dddmr_navigation/install/dddmr_rviz_default_plugins/lib:/root/dddmr_navigation/install/base_trajectory/lib:/root/livox_ws/install/livox_ros_driver2/lib:/opt/ros/humble/opt/rviz_ogre_vendor/lib:/opt/ros/humble/lib/x86_64-linux-gnu:/opt/ros/humble/lib /usr/bin/cmake /root/dddmr_navigation/src/dddmr_lego_loam/lego_loam_bor -DCMAKE_INSTALL_PREFIX=/root/dddmr_navigation/install/lego_loam_bor
[21.840s] DEBUG:colcon.colcon_core.event_handler.log_command:Invoked command in '/root/dddmr_navigation/build/perception_3d' returned '0': CMAKE_PREFIX_PATH=${CMAKE_PREFIX_PATH}:/opt/ros/humble /usr/bin/cmake --build /root/dddmr_navigation/build/perception_3d -- -j28 -l28
[21.854s] DEBUG:colcon.colcon_core.event_handler.log_command:Invoking command in '/root/dddmr_navigation/build/perception_3d': CMAKE_PREFIX_PATH=${CMAKE_PREFIX_PATH}:/opt/ros/humble /usr/bin/cmake --install /root/dddmr_navigation/build/perception_3d
[22.039s] Level 1:colcon.colcon_core.environment:create_environment_scripts_only(perception_3d)
[22.041s] Level 1:colcon.colcon_core.environment:checking '/root/dddmr_navigation/install/perception_3d' for CMake module files
[22.044s] DEBUG:colcon.colcon_core.event_handler.log_command:Invoked command in '/root/dddmr_navigation/build/perception_3d' returned '0': CMAKE_PREFIX_PATH=${CMAKE_PREFIX_PATH}:/opt/ros/humble /usr/bin/cmake --install /root/dddmr_navigation/build/perception_3d
[22.046s] Level 1:colcon.colcon_core.environment:checking '/root/dddmr_navigation/install/perception_3d' for CMake config files
[22.049s] Level 1:colcon.colcon_core.shell:create_environment_hook('perception_3d', 'cmake_prefix_path')
[22.051s] INFO:colcon.colcon_core.shell:Creating environment hook '/root/dddmr_navigation/install/perception_3d/share/perception_3d/hook/cmake_prefix_path.ps1'
[22.053s] INFO:colcon.colcon_core.shell:Creating environment descriptor '/root/dddmr_navigation/install/perception_3d/share/perception_3d/hook/cmake_prefix_path.dsv'
[22.055s] INFO:colcon.colcon_core.shell:Creating environment hook '/root/dddmr_navigation/install/perception_3d/share/perception_3d/hook/cmake_prefix_path.sh'
[22.060s] Level 1:colcon.colcon_core.environment:checking '/root/dddmr_navigation/install/perception_3d/lib'
[22.060s] Level 1:colcon.colcon_core.shell:create_environment_hook('perception_3d', 'ld_library_path_lib')
[22.062s] INFO:colcon.colcon_core.shell:Creating environment hook '/root/dddmr_navigation/install/perception_3d/share/perception_3d/hook/ld_library_path_lib.ps1'
[22.064s] INFO:colcon.colcon_core.shell:Creating environment descriptor '/root/dddmr_navigation/install/perception_3d/share/perception_3d/hook/ld_library_path_lib.dsv'
[22.067s] INFO:colcon.colcon_core.shell:Creating environment hook '/root/dddmr_navigation/install/perception_3d/share/perception_3d/hook/ld_library_path_lib.sh'
[22.070s] Level 1:colcon.colcon_core.environment:checking '/root/dddmr_navigation/install/perception_3d/bin'
[22.070s] Level 1:colcon.colcon_core.environment:checking '/root/dddmr_navigation/install/perception_3d/lib/pkgconfig/perception_3d.pc'
[22.072s] Level 1:colcon.colcon_core.environment:checking '/root/dddmr_navigation/install/perception_3d/lib/python3.10/site-packages'
[22.074s] Level 1:colcon.colcon_core.environment:checking '/root/dddmr_navigation/install/perception_3d/bin'
[22.075s] INFO:colcon.colcon_core.shell:Creating package script '/root/dddmr_navigation/install/perception_3d/share/perception_3d/package.ps1'
[22.079s] INFO:colcon.colcon_core.shell:Creating package descriptor '/root/dddmr_navigation/install/perception_3d/share/perception_3d/package.dsv'
[22.081s] INFO:colcon.colcon_core.shell:Creating package script '/root/dddmr_navigation/install/perception_3d/share/perception_3d/package.sh'
[22.083s] INFO:colcon.colcon_core.shell:Creating package script '/root/dddmr_navigation/install/perception_3d/share/perception_3d/package.bash'
[22.085s] INFO:colcon.colcon_core.shell:Creating package script '/root/dddmr_navigation/install/perception_3d/share/perception_3d/package.zsh'
[22.087s] Level 1:colcon.colcon_core.environment:create_file_with_runtime_dependencies(/root/dddmr_navigation/install/perception_3d/share/colcon-core/packages/perception_3d)
[22.090s] Level 1:colcon.colcon_core.environment:create_environment_scripts_only(perception_3d)
[22.091s] Level 1:colcon.colcon_core.environment:checking '/root/dddmr_navigation/install/perception_3d' for CMake module files
[22.093s] Level 1:colcon.colcon_core.environment:checking '/root/dddmr_navigation/install/perception_3d' for CMake config files
[22.097s] Level 1:colcon.colcon_core.shell:create_environment_hook('perception_3d', 'cmake_prefix_path')
[22.098s] INFO:colcon.colcon_core.shell:Creating environment hook '/root/dddmr_navigation/install/perception_3d/share/perception_3d/hook/cmake_prefix_path.ps1'
[22.100s] INFO:colcon.colcon_core.shell:Creating environment descriptor '/root/dddmr_navigation/install/perception_3d/share/perception_3d/hook/cmake_prefix_path.dsv'
[22.102s] INFO:colcon.colcon_core.shell:Creating environment hook '/root/dddmr_navigation/install/perception_3d/share/perception_3d/hook/cmake_prefix_path.sh'
[22.106s] Level 1:colcon.colcon_core.environment:checking '/root/dddmr_navigation/install/perception_3d/lib'
[22.107s] Level 1:colcon.colcon_core.shell:create_environment_hook('perception_3d', 'ld_library_path_lib')
[22.108s] INFO:colcon.colcon_core.shell:Creating environment hook '/root/dddmr_navigation/install/perception_3d/share/perception_3d/hook/ld_library_path_lib.ps1'
[22.111s] INFO:colcon.colcon_core.shell:Creating environment descriptor '/root/dddmr_navigation/install/perception_3d/share/perception_3d/hook/ld_library_path_lib.dsv'
[22.113s] INFO:colcon.colcon_core.shell:Creating environment hook '/root/dddmr_navigation/install/perception_3d/share/perception_3d/hook/ld_library_path_lib.sh'
[22.115s] Level 1:colcon.colcon_core.environment:checking '/root/dddmr_navigation/install/perception_3d/bin'
[22.115s] Level 1:colcon.colcon_core.environment:checking '/root/dddmr_navigation/install/perception_3d/lib/pkgconfig/perception_3d.pc'
[22.116s] Level 1:colcon.colcon_core.environment:checking '/root/dddmr_navigation/install/perception_3d/lib/python3.10/site-packages'
[22.118s] Level 1:colcon.colcon_core.environment:checking '/root/dddmr_navigation/install/perception_3d/bin'
[22.120s] INFO:colcon.colcon_core.shell:Creating package script '/root/dddmr_navigation/install/perception_3d/share/perception_3d/package.ps1'
[22.126s] INFO:colcon.colcon_core.shell:Creating package descriptor '/root/dddmr_navigation/install/perception_3d/share/perception_3d/package.dsv'
[22.129s] INFO:colcon.colcon_core.shell:Creating package script '/root/dddmr_navigation/install/perception_3d/share/perception_3d/package.sh'
[22.132s] INFO:colcon.colcon_core.shell:Creating package script '/root/dddmr_navigation/install/perception_3d/share/perception_3d/package.bash'
[22.134s] INFO:colcon.colcon_core.shell:Creating package script '/root/dddmr_navigation/install/perception_3d/share/perception_3d/package.zsh'
[22.136s] Level 1:colcon.colcon_core.environment:create_file_with_runtime_dependencies(/root/dddmr_navigation/install/perception_3d/share/colcon-core/packages/perception_3d)
[22.138s] INFO:colcon.colcon_ros.task.ament_cmake.build:Building ROS package in '/root/dddmr_navigation/src/dddmr_global_planner' with build type 'ament_cmake'
[22.138s] INFO:colcon.colcon_cmake.task.cmake.build:Building CMake package in '/root/dddmr_navigation/src/dddmr_global_planner'
[22.140s] INFO:colcon.colcon_core.shell:Skip shell extension 'powershell' for command environment: Not usable outside of PowerShell
[22.140s] DEBUG:colcon.colcon_core.shell:Skip shell extension 'dsv' for command environment
[22.254s] DEBUG:colcon.colcon_core.event_handler.log_command:Invoking command in '/root/dddmr_navigation/build/global_planner': CMAKE_PREFIX_PATH=/root/dddmr_navigation/install/perception_3d:/root/dddmr_navigation/install/dddmr_sys_core:/root/dddmr_navigation/install/p2p_move_base:/root/dddmr_navigation/install/recovery_behaviors:/root/dddmr_navigation/install/local_planner:/root/dddmr_navigation/install/trajectory_generators:/root/dddmr_navigation/install/pose_graph_merge_editor_panel:/root/dddmr_navigation/install/pose_graph_editor_panel:/root/dddmr_navigation/install/mpc_critics:/root/dddmr_navigation/install/mcl_3dl:/root/dddmr_navigation/install/mapping_panel:/root/dddmr_navigation/install/map_editor_panel:/root/dddmr_navigation/install/lego_loam_bor:/root/dddmr_navigation/install/global_planner:/root/dddmr_navigation/install/fast_lio:/root/dddmr_navigation/install/dddmr_trt:/root/dddmr_navigation/install/dddmr_semantic_segmentation:/root/dddmr_navigation/install/dddmr_rviz_default_plugins:/root/dddmr_navigation/install/dddmr_odom_3d:/root/dddmr_navigation/install/dddmr_fastlio_adapter:/root/dddmr_navigation/install/dddmr_beginner_guide:/root/dddmr_navigation/install/cloud_msgs:/root/dddmr_navigation/install/base_trajectory:/root/livox_ws/install/livox_ros_driver2:/opt/ros/humble LD_LIBRARY_PATH=/root/dddmr_navigation/install/perception_3d/lib:/root/dddmr_navigation/install/dddmr_sys_core/lib:/root/dddmr_navigation/install/p2p_move_base/lib:/root/dddmr_navigation/install/recovery_behaviors/lib:/root/dddmr_navigation/install/local_planner/lib:/root/dddmr_navigation/install/trajectory_generators/lib:/root/dddmr_navigation/install/pose_graph_merge_editor_panel/lib:/root/dddmr_navigation/install/pose_graph_editor_panel/lib:/root/dddmr_navigation/install/mpc_critics/lib:/root/dddmr_navigation/install/mcl_3dl/lib:/root/dddmr_navigation/install/mapping_panel/lib:/root/dddmr_navigation/install/map_editor_panel/lib:/root/dddmr_navigation/install/lego_loam_bor/lib:/root/dddmr_navigation/install/global_planner/lib:/root/dddmr_navigation/install/fast_lio/lib:/root/dddmr_navigation/install/dddmr_rviz_default_plugins/lib:/root/dddmr_navigation/install/cloud_msgs/lib:/root/dddmr_navigation/install/base_trajectory/lib:/root/livox_ws/install/livox_ros_driver2/lib:/opt/ros/humble/opt/rviz_ogre_vendor/lib:/opt/ros/humble/lib/x86_64-linux-gnu:/opt/ros/humble/lib /usr/bin/cmake /root/dddmr_navigation/src/dddmr_global_planner -DCMAKE_INSTALL_PREFIX=/root/dddmr_navigation/install/global_planner
[22.278s] DEBUG:colcon.colcon_core.event_handler.log_command:Invoked command in '/root/dddmr_navigation/build/fast_lio' returned '0': CMAKE_PREFIX_PATH=${CMAKE_PREFIX_PATH}:/opt/ros/humble /usr/bin/cmake /root/dddmr_navigation/src/FAST_LIO -DCMAKE_INSTALL_PREFIX=/root/dddmr_navigation/install/fast_lio
[22.292s] DEBUG:colcon.colcon_core.event_handler.log_command:Invoking command in '/root/dddmr_navigation/build/fast_lio': CMAKE_PREFIX_PATH=${CMAKE_PREFIX_PATH}:/opt/ros/humble /usr/bin/cmake --build /root/dddmr_navigation/build/fast_lio -- -j28 -l28
[24.425s] DEBUG:colcon.colcon_core.event_handler.log_command:Invoked command in '/root/dddmr_navigation/build/fast_lio' returned '0': CMAKE_PREFIX_PATH=${CMAKE_PREFIX_PATH}:/opt/ros/humble /usr/bin/cmake --build /root/dddmr_navigation/build/fast_lio -- -j28 -l28
[24.438s] DEBUG:colcon.colcon_core.event_handler.log_command:Invoking command in '/root/dddmr_navigation/build/fast_lio': CMAKE_PREFIX_PATH=${CMAKE_PREFIX_PATH}:/opt/ros/humble /usr/bin/cmake --install /root/dddmr_navigation/build/fast_lio
[24.880s] Level 1:colcon.colcon_core.environment:create_environment_scripts_only(fast_lio)
[24.882s] Level 1:colcon.colcon_core.environment:checking '/root/dddmr_navigation/install/fast_lio' for CMake module files
[24.886s] DEBUG:colcon.colcon_core.event_handler.log_command:Invoked command in '/root/dddmr_navigation/build/fast_lio' returned '0': CMAKE_PREFIX_PATH=${CMAKE_PREFIX_PATH}:/opt/ros/humble /usr/bin/cmake --install /root/dddmr_navigation/build/fast_lio
[24.894s] Level 1:colcon.colcon_core.environment:checking '/root/dddmr_navigation/install/fast_lio' for CMake config files
[24.899s] Level 1:colcon.colcon_core.shell:create_environment_hook('fast_lio', 'cmake_prefix_path')
[24.900s] INFO:colcon.colcon_core.shell:Creating environment hook '/root/dddmr_navigation/install/fast_lio/share/fast_lio/hook/cmake_prefix_path.ps1'
[24.904s] INFO:colcon.colcon_core.shell:Creating environment descriptor '/root/dddmr_navigation/install/fast_lio/share/fast_lio/hook/cmake_prefix_path.dsv'
[24.907s] INFO:colcon.colcon_core.shell:Creating environment hook '/root/dddmr_navigation/install/fast_lio/share/fast_lio/hook/cmake_prefix_path.sh'
[24.911s] Level 1:colcon.colcon_core.environment:checking '/root/dddmr_navigation/install/fast_lio/lib'
[24.912s] Level 1:colcon.colcon_core.shell:create_environment_hook('fast_lio', 'ld_library_path_lib')
[24.914s] INFO:colcon.colcon_core.shell:Creating environment hook '/root/dddmr_navigation/install/fast_lio/share/fast_lio/hook/ld_library_path_lib.ps1'
[24.917s] INFO:colcon.colcon_core.shell:Creating environment descriptor '/root/dddmr_navigation/install/fast_lio/share/fast_lio/hook/ld_library_path_lib.dsv'
[24.920s] INFO:colcon.colcon_core.shell:Creating environment hook '/root/dddmr_navigation/install/fast_lio/share/fast_lio/hook/ld_library_path_lib.sh'
[24.924s] Level 1:colcon.colcon_core.environment:checking '/root/dddmr_navigation/install/fast_lio/bin'
[24.924s] Level 1:colcon.colcon_core.environment:checking '/root/dddmr_navigation/install/fast_lio/lib/pkgconfig/fast_lio.pc'
[24.926s] Level 1:colcon.colcon_core.environment:checking '/root/dddmr_navigation/install/fast_lio/lib/python3.10/site-packages'
[24.930s] Level 1:colcon.colcon_core.environment:checking '/root/dddmr_navigation/install/fast_lio/bin'
[24.934s] INFO:colcon.colcon_core.shell:Creating package script '/root/dddmr_navigation/install/fast_lio/share/fast_lio/package.ps1'
[24.942s] INFO:colcon.colcon_core.shell:Creating package descriptor '/root/dddmr_navigation/install/fast_lio/share/fast_lio/package.dsv'
[24.946s] INFO:colcon.colcon_core.shell:Creating package script '/root/dddmr_navigation/install/fast_lio/share/fast_lio/package.sh'
[24.949s] INFO:colcon.colcon_core.shell:Creating package script '/root/dddmr_navigation/install/fast_lio/share/fast_lio/package.bash'
[24.953s] INFO:colcon.colcon_core.shell:Creating package script '/root/dddmr_navigation/install/fast_lio/share/fast_lio/package.zsh'
[24.956s] Level 1:colcon.colcon_core.environment:create_file_with_runtime_dependencies(/root/dddmr_navigation/install/fast_lio/share/colcon-core/packages/fast_lio)
[24.960s] Level 1:colcon.colcon_core.environment:create_environment_scripts_only(fast_lio)
[24.962s] Level 1:colcon.colcon_core.environment:checking '/root/dddmr_navigation/install/fast_lio' for CMake module files
[24.968s] Level 1:colcon.colcon_core.environment:checking '/root/dddmr_navigation/install/fast_lio' for CMake config files
[24.977s] Level 1:colcon.colcon_core.shell:create_environment_hook('fast_lio', 'cmake_prefix_path')
[24.979s] INFO:colcon.colcon_core.shell:Creating environment hook '/root/dddmr_navigation/install/fast_lio/share/fast_lio/hook/cmake_prefix_path.ps1'
[24.984s] INFO:colcon.colcon_core.shell:Creating environment descriptor '/root/dddmr_navigation/install/fast_lio/share/fast_lio/hook/cmake_prefix_path.dsv'
[24.987s] INFO:colcon.colcon_core.shell:Creating environment hook '/root/dddmr_navigation/install/fast_lio/share/fast_lio/hook/cmake_prefix_path.sh'
[24.991s] Level 1:colcon.colcon_core.environment:checking '/root/dddmr_navigation/install/fast_lio/lib'
[24.992s] Level 1:colcon.colcon_core.shell:create_environment_hook('fast_lio', 'ld_library_path_lib')
[24.994s] INFO:colcon.colcon_core.shell:Creating environment hook '/root/dddmr_navigation/install/fast_lio/share/fast_lio/hook/ld_library_path_lib.ps1'
[24.997s] INFO:colcon.colcon_core.shell:Creating environment descriptor '/root/dddmr_navigation/install/fast_lio/share/fast_lio/hook/ld_library_path_lib.dsv'
[25.000s] INFO:colcon.colcon_core.shell:Creating environment hook '/root/dddmr_navigation/install/fast_lio/share/fast_lio/hook/ld_library_path_lib.sh'
[25.003s] Level 1:colcon.colcon_core.environment:checking '/root/dddmr_navigation/install/fast_lio/bin'
[25.003s] Level 1:colcon.colcon_core.environment:checking '/root/dddmr_navigation/install/fast_lio/lib/pkgconfig/fast_lio.pc'
[25.005s] Level 1:colcon.colcon_core.environment:checking '/root/dddmr_navigation/install/fast_lio/lib/python3.10/site-packages'
[25.008s] Level 1:colcon.colcon_core.environment:checking '/root/dddmr_navigation/install/fast_lio/bin'
[25.011s] INFO:colcon.colcon_core.shell:Creating package script '/root/dddmr_navigation/install/fast_lio/share/fast_lio/package.ps1'
[25.016s] INFO:colcon.colcon_core.shell:Creating package descriptor '/root/dddmr_navigation/install/fast_lio/share/fast_lio/package.dsv'
[25.021s] INFO:colcon.colcon_core.shell:Creating package script '/root/dddmr_navigation/install/fast_lio/share/fast_lio/package.sh'
[25.024s] INFO:colcon.colcon_core.shell:Creating package script '/root/dddmr_navigation/install/fast_lio/share/fast_lio/package.bash'
[25.028s] INFO:colcon.colcon_core.shell:Creating package script '/root/dddmr_navigation/install/fast_lio/share/fast_lio/package.zsh'
[25.031s] Level 1:colcon.colcon_core.environment:create_file_with_runtime_dependencies(/root/dddmr_navigation/install/fast_lio/share/colcon-core/packages/fast_lio)
[31.836s] DEBUG:colcon.colcon_core.event_handler.log_command:Invoked command in '/root/dddmr_navigation/build/mpc_critics' returned '0': CMAKE_PREFIX_PATH=/root/dddmr_navigation/install/base_trajectory:/root/dddmr_navigation/install/p2p_move_base:/root/dddmr_navigation/install/recovery_behaviors:/root/dddmr_navigation/install/local_planner:/root/dddmr_navigation/install/trajectory_generators:/root/dddmr_navigation/install/pose_graph_merge_editor_panel:/root/dddmr_navigation/install/pose_graph_editor_panel:/root/dddmr_navigation/install/perception_3d:/root/dddmr_navigation/install/mpc_critics:/root/dddmr_navigation/install/mcl_3dl:/root/dddmr_navigation/install/mapping_panel:/root/dddmr_navigation/install/map_editor_panel:/root/dddmr_navigation/install/lego_loam_bor:/root/dddmr_navigation/install/global_planner:/root/dddmr_navigation/install/fast_lio:/root/dddmr_navigation/install/dddmr_trt:/root/dddmr_navigation/install/dddmr_sys_core:/root/dddmr_navigation/install/dddmr_semantic_segmentation:/root/dddmr_navigation/install/dddmr_rviz_default_plugins:/root/dddmr_navigation/install/dddmr_odom_3d:/root/dddmr_navigation/install/dddmr_fastlio_adapter:/root/dddmr_navigation/install/dddmr_beginner_guide:/root/dddmr_navigation/install/cloud_msgs:/root/livox_ws/install/livox_ros_driver2:/opt/ros/humble LD_LIBRARY_PATH=/root/dddmr_navigation/install/base_trajectory/lib:/root/dddmr_navigation/install/p2p_move_base/lib:/root/dddmr_navigation/install/recovery_behaviors/lib:/root/dddmr_navigation/install/local_planner/lib:/root/dddmr_navigation/install/trajectory_generators/lib:/root/dddmr_navigation/install/pose_graph_merge_editor_panel/lib:/root/dddmr_navigation/install/pose_graph_editor_panel/lib:/root/dddmr_navigation/install/perception_3d/lib:/root/dddmr_navigation/install/mpc_critics/lib:/root/dddmr_navigation/install/mcl_3dl/lib:/root/dddmr_navigation/install/mapping_panel/lib:/root/dddmr_navigation/install/map_editor_panel/lib:/root/dddmr_navigation/install/lego_loam_bor/lib:/root/dddmr_navigation/install/global_planner/lib:/root/dddmr_navigation/install/fast_lio/lib:/root/dddmr_navigation/install/dddmr_sys_core/lib:/root/dddmr_navigation/install/dddmr_rviz_default_plugins/lib:/root/dddmr_navigation/install/cloud_msgs/lib:/root/livox_ws/install/livox_ros_driver2/lib:/opt/ros/humble/opt/rviz_ogre_vendor/lib:/opt/ros/humble/lib/x86_64-linux-gnu:/opt/ros/humble/lib /usr/bin/cmake /root/dddmr_navigation/src/dddmr_local_planner/mpc_critics -DCMAKE_INSTALL_PREFIX=/root/dddmr_navigation/install/mpc_critics
[31.849s] DEBUG:colcon.colcon_core.event_handler.log_command:Invoking command in '/root/dddmr_navigation/build/mpc_critics': CMAKE_PREFIX_PATH=/root/dddmr_navigation/install/base_trajectory:/root/dddmr_navigation/install/p2p_move_base:/root/dddmr_navigation/install/recovery_behaviors:/root/dddmr_navigation/install/local_planner:/root/dddmr_navigation/install/trajectory_generators:/root/dddmr_navigation/install/pose_graph_merge_editor_panel:/root/dddmr_navigation/install/pose_graph_editor_panel:/root/dddmr_navigation/install/perception_3d:/root/dddmr_navigation/install/mpc_critics:/root/dddmr_navigation/install/mcl_3dl:/root/dddmr_navigation/install/mapping_panel:/root/dddmr_navigation/install/map_editor_panel:/root/dddmr_navigation/install/lego_loam_bor:/root/dddmr_navigation/install/global_planner:/root/dddmr_navigation/install/fast_lio:/root/dddmr_navigation/install/dddmr_trt:/root/dddmr_navigation/install/dddmr_sys_core:/root/dddmr_navigation/install/dddmr_semantic_segmentation:/root/dddmr_navigation/install/dddmr_rviz_default_plugins:/root/dddmr_navigation/install/dddmr_odom_3d:/root/dddmr_navigation/install/dddmr_fastlio_adapter:/root/dddmr_navigation/install/dddmr_beginner_guide:/root/dddmr_navigation/install/cloud_msgs:/root/livox_ws/install/livox_ros_driver2:/opt/ros/humble LD_LIBRARY_PATH=/root/dddmr_navigation/install/base_trajectory/lib:/root/dddmr_navigation/install/p2p_move_base/lib:/root/dddmr_navigation/install/recovery_behaviors/lib:/root/dddmr_navigation/install/local_planner/lib:/root/dddmr_navigation/install/trajectory_generators/lib:/root/dddmr_navigation/install/pose_graph_merge_editor_panel/lib:/root/dddmr_navigation/install/pose_graph_editor_panel/lib:/root/dddmr_navigation/install/perception_3d/lib:/root/dddmr_navigation/install/mpc_critics/lib:/root/dddmr_navigation/install/mcl_3dl/lib:/root/dddmr_navigation/install/mapping_panel/lib:/root/dddmr_navigation/install/map_editor_panel/lib:/root/dddmr_navigation/install/lego_loam_bor/lib:/root/dddmr_navigation/install/global_planner/lib:/root/dddmr_navigation/install/fast_lio/lib:/root/dddmr_navigation/install/dddmr_sys_core/lib:/root/dddmr_navigation/install/dddmr_rviz_default_plugins/lib:/root/dddmr_navigation/install/cloud_msgs/lib:/root/livox_ws/install/livox_ros_driver2/lib:/opt/ros/humble/opt/rviz_ogre_vendor/lib:/opt/ros/humble/lib/x86_64-linux-gnu:/opt/ros/humble/lib /usr/bin/cmake --build /root/dddmr_navigation/build/mpc_critics -- -j28 -l28
[32.047s] DEBUG:colcon.colcon_core.event_handler.log_command:Invoked command in '/root/dddmr_navigation/build/trajectory_generators' returned '0': CMAKE_PREFIX_PATH=/root/dddmr_navigation/install/base_trajectory:/root/dddmr_navigation/install/p2p_move_base:/root/dddmr_navigation/install/recovery_behaviors:/root/dddmr_navigation/install/local_planner:/root/dddmr_navigation/install/trajectory_generators:/root/dddmr_navigation/install/pose_graph_merge_editor_panel:/root/dddmr_navigation/install/pose_graph_editor_panel:/root/dddmr_navigation/install/perception_3d:/root/dddmr_navigation/install/mpc_critics:/root/dddmr_navigation/install/mcl_3dl:/root/dddmr_navigation/install/mapping_panel:/root/dddmr_navigation/install/map_editor_panel:/root/dddmr_navigation/install/lego_loam_bor:/root/dddmr_navigation/install/global_planner:/root/dddmr_navigation/install/fast_lio:/root/dddmr_navigation/install/dddmr_trt:/root/dddmr_navigation/install/dddmr_sys_core:/root/dddmr_navigation/install/dddmr_semantic_segmentation:/root/dddmr_navigation/install/dddmr_rviz_default_plugins:/root/dddmr_navigation/install/dddmr_odom_3d:/root/dddmr_navigation/install/dddmr_fastlio_adapter:/root/dddmr_navigation/install/dddmr_beginner_guide:/root/dddmr_navigation/install/cloud_msgs:/root/livox_ws/install/livox_ros_driver2:/opt/ros/humble LD_LIBRARY_PATH=/root/dddmr_navigation/install/base_trajectory/lib:/root/dddmr_navigation/install/p2p_move_base/lib:/root/dddmr_navigation/install/recovery_behaviors/lib:/root/dddmr_navigation/install/local_planner/lib:/root/dddmr_navigation/install/trajectory_generators/lib:/root/dddmr_navigation/install/pose_graph_merge_editor_panel/lib:/root/dddmr_navigation/install/pose_graph_editor_panel/lib:/root/dddmr_navigation/install/perception_3d/lib:/root/dddmr_navigation/install/mpc_critics/lib:/root/dddmr_navigation/install/mcl_3dl/lib:/root/dddmr_navigation/install/mapping_panel/lib:/root/dddmr_navigation/install/map_editor_panel/lib:/root/dddmr_navigation/install/lego_loam_bor/lib:/root/dddmr_navigation/install/global_planner/lib:/root/dddmr_navigation/install/fast_lio/lib:/root/dddmr_navigation/install/dddmr_sys_core/lib:/root/dddmr_navigation/install/dddmr_rviz_default_plugins/lib:/root/dddmr_navigation/install/cloud_msgs/lib:/root/livox_ws/install/livox_ros_driver2/lib:/opt/ros/humble/opt/rviz_ogre_vendor/lib:/opt/ros/humble/lib/x86_64-linux-gnu:/opt/ros/humble/lib /usr/bin/cmake /root/dddmr_navigation/src/dddmr_local_planner/trajectory_generators -DCMAKE_INSTALL_PREFIX=/root/dddmr_navigation/install/trajectory_generators
[32.054s] DEBUG:colcon.colcon_core.event_handler.log_command:Invoking command in '/root/dddmr_navigation/build/trajectory_generators': CMAKE_PREFIX_PATH=/root/dddmr_navigation/install/base_trajectory:/root/dddmr_navigation/install/p2p_move_base:/root/dddmr_navigation/install/recovery_behaviors:/root/dddmr_navigation/install/local_planner:/root/dddmr_navigation/install/trajectory_generators:/root/dddmr_navigation/install/pose_graph_merge_editor_panel:/root/dddmr_navigation/install/pose_graph_editor_panel:/root/dddmr_navigation/install/perception_3d:/root/dddmr_navigation/install/mpc_critics:/root/dddmr_navigation/install/mcl_3dl:/root/dddmr_navigation/install/mapping_panel:/root/dddmr_navigation/install/map_editor_panel:/root/dddmr_navigation/install/lego_loam_bor:/root/dddmr_navigation/install/global_planner:/root/dddmr_navigation/install/fast_lio:/root/dddmr_navigation/install/dddmr_trt:/root/dddmr_navigation/install/dddmr_sys_core:/root/dddmr_navigation/install/dddmr_semantic_segmentation:/root/dddmr_navigation/install/dddmr_rviz_default_plugins:/root/dddmr_navigation/install/dddmr_odom_3d:/root/dddmr_navigation/install/dddmr_fastlio_adapter:/root/dddmr_navigation/install/dddmr_beginner_guide:/root/dddmr_navigation/install/cloud_msgs:/root/livox_ws/install/livox_ros_driver2:/opt/ros/humble LD_LIBRARY_PATH=/root/dddmr_navigation/install/base_trajectory/lib:/root/dddmr_navigation/install/p2p_move_base/lib:/root/dddmr_navigation/install/recovery_behaviors/lib:/root/dddmr_navigation/install/local_planner/lib:/root/dddmr_navigation/install/trajectory_generators/lib:/root/dddmr_navigation/install/pose_graph_merge_editor_panel/lib:/root/dddmr_navigation/install/pose_graph_editor_panel/lib:/root/dddmr_navigation/install/perception_3d/lib:/root/dddmr_navigation/install/mpc_critics/lib:/root/dddmr_navigation/install/mcl_3dl/lib:/root/dddmr_navigation/install/mapping_panel/lib:/root/dddmr_navigation/install/map_editor_panel/lib:/root/dddmr_navigation/install/lego_loam_bor/lib:/root/dddmr_navigation/install/global_planner/lib:/root/dddmr_navigation/install/fast_lio/lib:/root/dddmr_navigation/install/dddmr_sys_core/lib:/root/dddmr_navigation/install/dddmr_rviz_default_plugins/lib:/root/dddmr_navigation/install/cloud_msgs/lib:/root/livox_ws/install/livox_ros_driver2/lib:/opt/ros/humble/opt/rviz_ogre_vendor/lib:/opt/ros/humble/lib/x86_64-linux-gnu:/opt/ros/humble/lib /usr/bin/cmake --build /root/dddmr_navigation/build/trajectory_generators -- -j28 -l28
[32.832s] DEBUG:colcon.colcon_core.event_handler.log_command:Invoked command in '/root/dddmr_navigation/build/mcl_3dl' returned '0': CMAKE_PREFIX_PATH=/root/dddmr_navigation/install/cloud_msgs:/root/dddmr_navigation/install/p2p_move_base:/root/dddmr_navigation/install/recovery_behaviors:/root/dddmr_navigation/install/local_planner:/root/dddmr_navigation/install/trajectory_generators:/root/dddmr_navigation/install/pose_graph_merge_editor_panel:/root/dddmr_navigation/install/pose_graph_editor_panel:/root/dddmr_navigation/install/perception_3d:/root/dddmr_navigation/install/mpc_critics:/root/dddmr_navigation/install/mcl_3dl:/root/dddmr_navigation/install/mapping_panel:/root/dddmr_navigation/install/map_editor_panel:/root/dddmr_navigation/install/lego_loam_bor:/root/dddmr_navigation/install/global_planner:/root/dddmr_navigation/install/fast_lio:/root/dddmr_navigation/install/dddmr_trt:/root/dddmr_navigation/install/dddmr_sys_core:/root/dddmr_navigation/install/dddmr_semantic_segmentation:/root/dddmr_navigation/install/dddmr_rviz_default_plugins:/root/dddmr_navigation/install/dddmr_odom_3d:/root/dddmr_navigation/install/dddmr_fastlio_adapter:/root/dddmr_navigation/install/dddmr_beginner_guide:/root/dddmr_navigation/install/base_trajectory:/root/livox_ws/install/livox_ros_driver2:/opt/ros/humble LD_LIBRARY_PATH=/root/dddmr_navigation/install/cloud_msgs/lib:/root/dddmr_navigation/install/p2p_move_base/lib:/root/dddmr_navigation/install/recovery_behaviors/lib:/root/dddmr_navigation/install/local_planner/lib:/root/dddmr_navigation/install/trajectory_generators/lib:/root/dddmr_navigation/install/pose_graph_merge_editor_panel/lib:/root/dddmr_navigation/install/pose_graph_editor_panel/lib:/root/dddmr_navigation/install/perception_3d/lib:/root/dddmr_navigation/install/mpc_critics/lib:/root/dddmr_navigation/install/mcl_3dl/lib:/root/dddmr_navigation/install/mapping_panel/lib:/root/dddmr_navigation/install/map_editor_panel/lib:/root/dddmr_navigation/install/lego_loam_bor/lib:/root/dddmr_navigation/install/global_planner/lib:/root/dddmr_navigation/install/fast_lio/lib:/root/dddmr_navigation/install/dddmr_sys_core/lib:/root/dddmr_navigation/install/dddmr_rviz_default_plugins/lib:/root/dddmr_navigation/install/base_trajectory/lib:/root/livox_ws/install/livox_ros_driver2/lib:/opt/ros/humble/opt/rviz_ogre_vendor/lib:/opt/ros/humble/lib/x86_64-linux-gnu:/opt/ros/humble/lib /usr/bin/cmake /root/dddmr_navigation/src/dddmr_mcl_3dl -DCMAKE_INSTALL_PREFIX=/root/dddmr_navigation/install/mcl_3dl
[32.848s] DEBUG:colcon.colcon_core.event_handler.log_command:Invoking command in '/root/dddmr_navigation/build/mcl_3dl': CMAKE_PREFIX_PATH=/root/dddmr_navigation/install/cloud_msgs:/root/dddmr_navigation/install/p2p_move_base:/root/dddmr_navigation/install/recovery_behaviors:/root/dddmr_navigation/install/local_planner:/root/dddmr_navigation/install/trajectory_generators:/root/dddmr_navigation/install/pose_graph_merge_editor_panel:/root/dddmr_navigation/install/pose_graph_editor_panel:/root/dddmr_navigation/install/perception_3d:/root/dddmr_navigation/install/mpc_critics:/root/dddmr_navigation/install/mcl_3dl:/root/dddmr_navigation/install/mapping_panel:/root/dddmr_navigation/install/map_editor_panel:/root/dddmr_navigation/install/lego_loam_bor:/root/dddmr_navigation/install/global_planner:/root/dddmr_navigation/install/fast_lio:/root/dddmr_navigation/install/dddmr_trt:/root/dddmr_navigation/install/dddmr_sys_core:/root/dddmr_navigation/install/dddmr_semantic_segmentation:/root/dddmr_navigation/install/dddmr_rviz_default_plugins:/root/dddmr_navigation/install/dddmr_odom_3d:/root/dddmr_navigation/install/dddmr_fastlio_adapter:/root/dddmr_navigation/install/dddmr_beginner_guide:/root/dddmr_navigation/install/base_trajectory:/root/livox_ws/install/livox_ros_driver2:/opt/ros/humble LD_LIBRARY_PATH=/root/dddmr_navigation/install/cloud_msgs/lib:/root/dddmr_navigation/install/p2p_move_base/lib:/root/dddmr_navigation/install/recovery_behaviors/lib:/root/dddmr_navigation/install/local_planner/lib:/root/dddmr_navigation/install/trajectory_generators/lib:/root/dddmr_navigation/install/pose_graph_merge_editor_panel/lib:/root/dddmr_navigation/install/pose_graph_editor_panel/lib:/root/dddmr_navigation/install/perception_3d/lib:/root/dddmr_navigation/install/mpc_critics/lib:/root/dddmr_navigation/install/mcl_3dl/lib:/root/dddmr_navigation/install/mapping_panel/lib:/root/dddmr_navigation/install/map_editor_panel/lib:/root/dddmr_navigation/install/lego_loam_bor/lib:/root/dddmr_navigation/install/global_planner/lib:/root/dddmr_navigation/install/fast_lio/lib:/root/dddmr_navigation/install/dddmr_sys_core/lib:/root/dddmr_navigation/install/dddmr_rviz_default_plugins/lib:/root/dddmr_navigation/install/base_trajectory/lib:/root/livox_ws/install/livox_ros_driver2/lib:/opt/ros/humble/opt/rviz_ogre_vendor/lib:/opt/ros/humble/lib/x86_64-linux-gnu:/opt/ros/humble/lib /usr/bin/cmake --build /root/dddmr_navigation/build/mcl_3dl -- -j28 -l28
[33.604s] DEBUG:colcon.colcon_core.event_handler.log_command:Invoked command in '/root/dddmr_navigation/build/mpc_critics' returned '0': CMAKE_PREFIX_PATH=/root/dddmr_navigation/install/base_trajectory:/root/dddmr_navigation/install/p2p_move_base:/root/dddmr_navigation/install/recovery_behaviors:/root/dddmr_navigation/install/local_planner:/root/dddmr_navigation/install/trajectory_generators:/root/dddmr_navigation/install/pose_graph_merge_editor_panel:/root/dddmr_navigation/install/pose_graph_editor_panel:/root/dddmr_navigation/install/perception_3d:/root/dddmr_navigation/install/mpc_critics:/root/dddmr_navigation/install/mcl_3dl:/root/dddmr_navigation/install/mapping_panel:/root/dddmr_navigation/install/map_editor_panel:/root/dddmr_navigation/install/lego_loam_bor:/root/dddmr_navigation/install/global_planner:/root/dddmr_navigation/install/fast_lio:/root/dddmr_navigation/install/dddmr_trt:/root/dddmr_navigation/install/dddmr_sys_core:/root/dddmr_navigation/install/dddmr_semantic_segmentation:/root/dddmr_navigation/install/dddmr_rviz_default_plugins:/root/dddmr_navigation/install/dddmr_odom_3d:/root/dddmr_navigation/install/dddmr_fastlio_adapter:/root/dddmr_navigation/install/dddmr_beginner_guide:/root/dddmr_navigation/install/cloud_msgs:/root/livox_ws/install/livox_ros_driver2:/opt/ros/humble LD_LIBRARY_PATH=/root/dddmr_navigation/install/base_trajectory/lib:/root/dddmr_navigation/install/p2p_move_base/lib:/root/dddmr_navigation/install/recovery_behaviors/lib:/root/dddmr_navigation/install/local_planner/lib:/root/dddmr_navigation/install/trajectory_generators/lib:/root/dddmr_navigation/install/pose_graph_merge_editor_panel/lib:/root/dddmr_navigation/install/pose_graph_editor_panel/lib:/root/dddmr_navigation/install/perception_3d/lib:/root/dddmr_navigation/install/mpc_critics/lib:/root/dddmr_navigation/install/mcl_3dl/lib:/root/dddmr_navigation/install/mapping_panel/lib:/root/dddmr_navigation/install/map_editor_panel/lib:/root/dddmr_navigation/install/lego_loam_bor/lib:/root/dddmr_navigation/install/global_planner/lib:/root/dddmr_navigation/install/fast_lio/lib:/root/dddmr_navigation/install/dddmr_sys_core/lib:/root/dddmr_navigation/install/dddmr_rviz_default_plugins/lib:/root/dddmr_navigation/install/cloud_msgs/lib:/root/livox_ws/install/livox_ros_driver2/lib:/opt/ros/humble/opt/rviz_ogre_vendor/lib:/opt/ros/humble/lib/x86_64-linux-gnu:/opt/ros/humble/lib /usr/bin/cmake --build /root/dddmr_navigation/build/mpc_critics -- -j28 -l28
[33.620s] DEBUG:colcon.colcon_core.event_handler.log_command:Invoking command in '/root/dddmr_navigation/build/mpc_critics': CMAKE_PREFIX_PATH=/root/dddmr_navigation/install/base_trajectory:/root/dddmr_navigation/install/p2p_move_base:/root/dddmr_navigation/install/recovery_behaviors:/root/dddmr_navigation/install/local_planner:/root/dddmr_navigation/install/trajectory_generators:/root/dddmr_navigation/install/pose_graph_merge_editor_panel:/root/dddmr_navigation/install/pose_graph_editor_panel:/root/dddmr_navigation/install/perception_3d:/root/dddmr_navigation/install/mpc_critics:/root/dddmr_navigation/install/mcl_3dl:/root/dddmr_navigation/install/mapping_panel:/root/dddmr_navigation/install/map_editor_panel:/root/dddmr_navigation/install/lego_loam_bor:/root/dddmr_navigation/install/global_planner:/root/dddmr_navigation/install/fast_lio:/root/dddmr_navigation/install/dddmr_trt:/root/dddmr_navigation/install/dddmr_sys_core:/root/dddmr_navigation/install/dddmr_semantic_segmentation:/root/dddmr_navigation/install/dddmr_rviz_default_plugins:/root/dddmr_navigation/install/dddmr_odom_3d:/root/dddmr_navigation/install/dddmr_fastlio_adapter:/root/dddmr_navigation/install/dddmr_beginner_guide:/root/dddmr_navigation/install/cloud_msgs:/root/livox_ws/install/livox_ros_driver2:/opt/ros/humble LD_LIBRARY_PATH=/root/dddmr_navigation/install/base_trajectory/lib:/root/dddmr_navigation/install/p2p_move_base/lib:/root/dddmr_navigation/install/recovery_behaviors/lib:/root/dddmr_navigation/install/local_planner/lib:/root/dddmr_navigation/install/trajectory_generators/lib:/root/dddmr_navigation/install/pose_graph_merge_editor_panel/lib:/root/dddmr_navigation/install/pose_graph_editor_panel/lib:/root/dddmr_navigation/install/perception_3d/lib:/root/dddmr_navigation/install/mpc_critics/lib:/root/dddmr_navigation/install/mcl_3dl/lib:/root/dddmr_navigation/install/mapping_panel/lib:/root/dddmr_navigation/install/map_editor_panel/lib:/root/dddmr_navigation/install/lego_loam_bor/lib:/root/dddmr_navigation/install/global_planner/lib:/root/dddmr_navigation/install/fast_lio/lib:/root/dddmr_navigation/install/dddmr_sys_core/lib:/root/dddmr_navigation/install/dddmr_rviz_default_plugins/lib:/root/dddmr_navigation/install/cloud_msgs/lib:/root/livox_ws/install/livox_ros_driver2/lib:/opt/ros/humble/opt/rviz_ogre_vendor/lib:/opt/ros/humble/lib/x86_64-linux-gnu:/opt/ros/humble/lib /usr/bin/cmake --install /root/dddmr_navigation/build/mpc_critics
[33.766s] Level 1:colcon.colcon_core.environment:create_environment_scripts_only(mpc_critics)
[33.768s] Level 1:colcon.colcon_core.environment:checking '/root/dddmr_navigation/install/mpc_critics' for CMake module files
[33.773s] DEBUG:colcon.colcon_core.event_handler.log_command:Invoked command in '/root/dddmr_navigation/build/mpc_critics' returned '0': CMAKE_PREFIX_PATH=/root/dddmr_navigation/install/base_trajectory:/root/dddmr_navigation/install/p2p_move_base:/root/dddmr_navigation/install/recovery_behaviors:/root/dddmr_navigation/install/local_planner:/root/dddmr_navigation/install/trajectory_generators:/root/dddmr_navigation/install/pose_graph_merge_editor_panel:/root/dddmr_navigation/install/pose_graph_editor_panel:/root/dddmr_navigation/install/perception_3d:/root/dddmr_navigation/install/mpc_critics:/root/dddmr_navigation/install/mcl_3dl:/root/dddmr_navigation/install/mapping_panel:/root/dddmr_navigation/install/map_editor_panel:/root/dddmr_navigation/install/lego_loam_bor:/root/dddmr_navigation/install/global_planner:/root/dddmr_navigation/install/fast_lio:/root/dddmr_navigation/install/dddmr_trt:/root/dddmr_navigation/install/dddmr_sys_core:/root/dddmr_navigation/install/dddmr_semantic_segmentation:/root/dddmr_navigation/install/dddmr_rviz_default_plugins:/root/dddmr_navigation/install/dddmr_odom_3d:/root/dddmr_navigation/install/dddmr_fastlio_adapter:/root/dddmr_navigation/install/dddmr_beginner_guide:/root/dddmr_navigation/install/cloud_msgs:/root/livox_ws/install/livox_ros_driver2:/opt/ros/humble LD_LIBRARY_PATH=/root/dddmr_navigation/install/base_trajectory/lib:/root/dddmr_navigation/install/p2p_move_base/lib:/root/dddmr_navigation/install/recovery_behaviors/lib:/root/dddmr_navigation/install/local_planner/lib:/root/dddmr_navigation/install/trajectory_generators/lib:/root/dddmr_navigation/install/pose_graph_merge_editor_panel/lib:/root/dddmr_navigation/install/pose_graph_editor_panel/lib:/root/dddmr_navigation/install/perception_3d/lib:/root/dddmr_navigation/install/mpc_critics/lib:/root/dddmr_navigation/install/mcl_3dl/lib:/root/dddmr_navigation/install/mapping_panel/lib:/root/dddmr_navigation/install/map_editor_panel/lib:/root/dddmr_navigation/install/lego_loam_bor/lib:/root/dddmr_navigation/install/global_planner/lib:/root/dddmr_navigation/install/fast_lio/lib:/root/dddmr_navigation/install/dddmr_sys_core/lib:/root/dddmr_navigation/install/dddmr_rviz_default_plugins/lib:/root/dddmr_navigation/install/cloud_msgs/lib:/root/livox_ws/install/livox_ros_driver2/lib:/opt/ros/humble/opt/rviz_ogre_vendor/lib:/opt/ros/humble/lib/x86_64-linux-gnu:/opt/ros/humble/lib /usr/bin/cmake --install /root/dddmr_navigation/build/mpc_critics
[33.776s] Level 1:colcon.colcon_core.environment:checking '/root/dddmr_navigation/install/mpc_critics' for CMake config files
[33.780s] Level 1:colcon.colcon_core.shell:create_environment_hook('mpc_critics', 'cmake_prefix_path')
[33.781s] INFO:colcon.colcon_core.shell:Creating environment hook '/root/dddmr_navigation/install/mpc_critics/share/mpc_critics/hook/cmake_prefix_path.ps1'
[33.784s] INFO:colcon.colcon_core.shell:Creating environment descriptor '/root/dddmr_navigation/install/mpc_critics/share/mpc_critics/hook/cmake_prefix_path.dsv'
[33.786s] INFO:colcon.colcon_core.shell:Creating environment hook '/root/dddmr_navigation/install/mpc_critics/share/mpc_critics/hook/cmake_prefix_path.sh'
[33.790s] Level 1:colcon.colcon_core.environment:checking '/root/dddmr_navigation/install/mpc_critics/lib'
[33.791s] Level 1:colcon.colcon_core.shell:create_environment_hook('mpc_critics', 'ld_library_path_lib')
[33.793s] INFO:colcon.colcon_core.shell:Creating environment hook '/root/dddmr_navigation/install/mpc_critics/share/mpc_critics/hook/ld_library_path_lib.ps1'
[33.795s] INFO:colcon.colcon_core.shell:Creating environment descriptor '/root/dddmr_navigation/install/mpc_critics/share/mpc_critics/hook/ld_library_path_lib.dsv'
[33.797s] INFO:colcon.colcon_core.shell:Creating environment hook '/root/dddmr_navigation/install/mpc_critics/share/mpc_critics/hook/ld_library_path_lib.sh'
[33.799s] Level 1:colcon.colcon_core.environment:checking '/root/dddmr_navigation/install/mpc_critics/bin'
[33.799s] Level 1:colcon.colcon_core.environment:checking '/root/dddmr_navigation/install/mpc_critics/lib/pkgconfig/mpc_critics.pc'
[33.800s] Level 1:colcon.colcon_core.environment:checking '/root/dddmr_navigation/install/mpc_critics/lib/python3.10/site-packages'
[33.802s] Level 1:colcon.colcon_core.environment:checking '/root/dddmr_navigation/install/mpc_critics/bin'
[33.804s] INFO:colcon.colcon_core.shell:Creating package script '/root/dddmr_navigation/install/mpc_critics/share/mpc_critics/package.ps1'
[33.807s] INFO:colcon.colcon_core.shell:Creating package descriptor '/root/dddmr_navigation/install/mpc_critics/share/mpc_critics/package.dsv'
[33.810s] INFO:colcon.colcon_core.shell:Creating package script '/root/dddmr_navigation/install/mpc_critics/share/mpc_critics/package.sh'
[33.817s] INFO:colcon.colcon_core.shell:Creating package script '/root/dddmr_navigation/install/mpc_critics/share/mpc_critics/package.bash'
[33.819s] INFO:colcon.colcon_core.shell:Creating package script '/root/dddmr_navigation/install/mpc_critics/share/mpc_critics/package.zsh'
[33.821s] Level 1:colcon.colcon_core.environment:create_file_with_runtime_dependencies(/root/dddmr_navigation/install/mpc_critics/share/colcon-core/packages/mpc_critics)
[33.824s] Level 1:colcon.colcon_core.environment:create_environment_scripts_only(mpc_critics)
[33.825s] Level 1:colcon.colcon_core.environment:checking '/root/dddmr_navigation/install/mpc_critics' for CMake module files
[33.828s] Level 1:colcon.colcon_core.environment:checking '/root/dddmr_navigation/install/mpc_critics' for CMake config files
[33.830s] Level 1:colcon.colcon_core.shell:create_environment_hook('mpc_critics', 'cmake_prefix_path')
[33.831s] INFO:colcon.colcon_core.shell:Creating environment hook '/root/dddmr_navigation/install/mpc_critics/share/mpc_critics/hook/cmake_prefix_path.ps1'
[33.833s] INFO:colcon.colcon_core.shell:Creating environment descriptor '/root/dddmr_navigation/install/mpc_critics/share/mpc_critics/hook/cmake_prefix_path.dsv'
[33.834s] INFO:colcon.colcon_core.shell:Creating environment hook '/root/dddmr_navigation/install/mpc_critics/share/mpc_critics/hook/cmake_prefix_path.sh'
[33.837s] Level 1:colcon.colcon_core.environment:checking '/root/dddmr_navigation/install/mpc_critics/lib'
[33.838s] Level 1:colcon.colcon_core.shell:create_environment_hook('mpc_critics', 'ld_library_path_lib')
[33.839s] INFO:colcon.colcon_core.shell:Creating environment hook '/root/dddmr_navigation/install/mpc_critics/share/mpc_critics/hook/ld_library_path_lib.ps1'
[33.841s] INFO:colcon.colcon_core.shell:Creating environment descriptor '/root/dddmr_navigation/install/mpc_critics/share/mpc_critics/hook/ld_library_path_lib.dsv'
[33.843s] INFO:colcon.colcon_core.shell:Creating environment hook '/root/dddmr_navigation/install/mpc_critics/share/mpc_critics/hook/ld_library_path_lib.sh'
[33.845s] Level 1:colcon.colcon_core.environment:checking '/root/dddmr_navigation/install/mpc_critics/bin'
[33.845s] Level 1:colcon.colcon_core.environment:checking '/root/dddmr_navigation/install/mpc_critics/lib/pkgconfig/mpc_critics.pc'
[33.847s] Level 1:colcon.colcon_core.environment:checking '/root/dddmr_navigation/install/mpc_critics/lib/python3.10/site-packages'
[33.849s] Level 1:colcon.colcon_core.environment:checking '/root/dddmr_navigation/install/mpc_critics/bin'
[33.850s] INFO:colcon.colcon_core.shell:Creating package script '/root/dddmr_navigation/install/mpc_critics/share/mpc_critics/package.ps1'
[33.854s] INFO:colcon.colcon_core.shell:Creating package descriptor '/root/dddmr_navigation/install/mpc_critics/share/mpc_critics/package.dsv'
[33.857s] INFO:colcon.colcon_core.shell:Creating package script '/root/dddmr_navigation/install/mpc_critics/share/mpc_critics/package.sh'
[33.860s] INFO:colcon.colcon_core.shell:Creating package script '/root/dddmr_navigation/install/mpc_critics/share/mpc_critics/package.bash'
[33.863s] INFO:colcon.colcon_core.shell:Creating package script '/root/dddmr_navigation/install/mpc_critics/share/mpc_critics/package.zsh'
[33.865s] Level 1:colcon.colcon_core.environment:create_file_with_runtime_dependencies(/root/dddmr_navigation/install/mpc_critics/share/colcon-core/packages/mpc_critics)
[33.876s] DEBUG:colcon.colcon_core.event_handler.log_command:Invoked command in '/root/dddmr_navigation/build/trajectory_generators' returned '0': CMAKE_PREFIX_PATH=/root/dddmr_navigation/install/base_trajectory:/root/dddmr_navigation/install/p2p_move_base:/root/dddmr_navigation/install/recovery_behaviors:/root/dddmr_navigation/install/local_planner:/root/dddmr_navigation/install/trajectory_generators:/root/dddmr_navigation/install/pose_graph_merge_editor_panel:/root/dddmr_navigation/install/pose_graph_editor_panel:/root/dddmr_navigation/install/perception_3d:/root/dddmr_navigation/install/mpc_critics:/root/dddmr_navigation/install/mcl_3dl:/root/dddmr_navigation/install/mapping_panel:/root/dddmr_navigation/install/map_editor_panel:/root/dddmr_navigation/install/lego_loam_bor:/root/dddmr_navigation/install/global_planner:/root/dddmr_navigation/install/fast_lio:/root/dddmr_navigation/install/dddmr_trt:/root/dddmr_navigation/install/dddmr_sys_core:/root/dddmr_navigation/install/dddmr_semantic_segmentation:/root/dddmr_navigation/install/dddmr_rviz_default_plugins:/root/dddmr_navigation/install/dddmr_odom_3d:/root/dddmr_navigation/install/dddmr_fastlio_adapter:/root/dddmr_navigation/install/dddmr_beginner_guide:/root/dddmr_navigation/install/cloud_msgs:/root/livox_ws/install/livox_ros_driver2:/opt/ros/humble LD_LIBRARY_PATH=/root/dddmr_navigation/install/base_trajectory/lib:/root/dddmr_navigation/install/p2p_move_base/lib:/root/dddmr_navigation/install/recovery_behaviors/lib:/root/dddmr_navigation/install/local_planner/lib:/root/dddmr_navigation/install/trajectory_generators/lib:/root/dddmr_navigation/install/pose_graph_merge_editor_panel/lib:/root/dddmr_navigation/install/pose_graph_editor_panel/lib:/root/dddmr_navigation/install/perception_3d/lib:/root/dddmr_navigation/install/mpc_critics/lib:/root/dddmr_navigation/install/mcl_3dl/lib:/root/dddmr_navigation/install/mapping_panel/lib:/root/dddmr_navigation/install/map_editor_panel/lib:/root/dddmr_navigation/install/lego_loam_bor/lib:/root/dddmr_navigation/install/global_planner/lib:/root/dddmr_navigation/install/fast_lio/lib:/root/dddmr_navigation/install/dddmr_sys_core/lib:/root/dddmr_navigation/install/dddmr_rviz_default_plugins/lib:/root/dddmr_navigation/install/cloud_msgs/lib:/root/livox_ws/install/livox_ros_driver2/lib:/opt/ros/humble/opt/rviz_ogre_vendor/lib:/opt/ros/humble/lib/x86_64-linux-gnu:/opt/ros/humble/lib /usr/bin/cmake --build /root/dddmr_navigation/build/trajectory_generators -- -j28 -l28
[33.889s] DEBUG:colcon.colcon_core.event_handler.log_command:Invoking command in '/root/dddmr_navigation/build/trajectory_generators': CMAKE_PREFIX_PATH=/root/dddmr_navigation/install/base_trajectory:/root/dddmr_navigation/install/p2p_move_base:/root/dddmr_navigation/install/recovery_behaviors:/root/dddmr_navigation/install/local_planner:/root/dddmr_navigation/install/trajectory_generators:/root/dddmr_navigation/install/pose_graph_merge_editor_panel:/root/dddmr_navigation/install/pose_graph_editor_panel:/root/dddmr_navigation/install/perception_3d:/root/dddmr_navigation/install/mpc_critics:/root/dddmr_navigation/install/mcl_3dl:/root/dddmr_navigation/install/mapping_panel:/root/dddmr_navigation/install/map_editor_panel:/root/dddmr_navigation/install/lego_loam_bor:/root/dddmr_navigation/install/global_planner:/root/dddmr_navigation/install/fast_lio:/root/dddmr_navigation/install/dddmr_trt:/root/dddmr_navigation/install/dddmr_sys_core:/root/dddmr_navigation/install/dddmr_semantic_segmentation:/root/dddmr_navigation/install/dddmr_rviz_default_plugins:/root/dddmr_navigation/install/dddmr_odom_3d:/root/dddmr_navigation/install/dddmr_fastlio_adapter:/root/dddmr_navigation/install/dddmr_beginner_guide:/root/dddmr_navigation/install/cloud_msgs:/root/livox_ws/install/livox_ros_driver2:/opt/ros/humble LD_LIBRARY_PATH=/root/dddmr_navigation/install/base_trajectory/lib:/root/dddmr_navigation/install/p2p_move_base/lib:/root/dddmr_navigation/install/recovery_behaviors/lib:/root/dddmr_navigation/install/local_planner/lib:/root/dddmr_navigation/install/trajectory_generators/lib:/root/dddmr_navigation/install/pose_graph_merge_editor_panel/lib:/root/dddmr_navigation/install/pose_graph_editor_panel/lib:/root/dddmr_navigation/install/perception_3d/lib:/root/dddmr_navigation/install/mpc_critics/lib:/root/dddmr_navigation/install/mcl_3dl/lib:/root/dddmr_navigation/install/mapping_panel/lib:/root/dddmr_navigation/install/map_editor_panel/lib:/root/dddmr_navigation/install/lego_loam_bor/lib:/root/dddmr_navigation/install/global_planner/lib:/root/dddmr_navigation/install/fast_lio/lib:/root/dddmr_navigation/install/dddmr_sys_core/lib:/root/dddmr_navigation/install/dddmr_rviz_default_plugins/lib:/root/dddmr_navigation/install/cloud_msgs/lib:/root/livox_ws/install/livox_ros_driver2/lib:/opt/ros/humble/opt/rviz_ogre_vendor/lib:/opt/ros/humble/lib/x86_64-linux-gnu:/opt/ros/humble/lib /usr/bin/cmake --install /root/dddmr_navigation/build/trajectory_generators
[34.050s] Level 1:colcon.colcon_core.environment:create_environment_scripts_only(trajectory_generators)
[34.052s] Level 1:colcon.colcon_core.environment:checking '/root/dddmr_navigation/install/trajectory_generators' for CMake module files
[34.056s] DEBUG:colcon.colcon_core.event_handler.log_command:Invoked command in '/root/dddmr_navigation/build/trajectory_generators' returned '0': CMAKE_PREFIX_PATH=/root/dddmr_navigation/install/base_trajectory:/root/dddmr_navigation/install/p2p_move_base:/root/dddmr_navigation/install/recovery_behaviors:/root/dddmr_navigation/install/local_planner:/root/dddmr_navigation/install/trajectory_generators:/root/dddmr_navigation/install/pose_graph_merge_editor_panel:/root/dddmr_navigation/install/pose_graph_editor_panel:/root/dddmr_navigation/install/perception_3d:/root/dddmr_navigation/install/mpc_critics:/root/dddmr_navigation/install/mcl_3dl:/root/dddmr_navigation/install/mapping_panel:/root/dddmr_navigation/install/map_editor_panel:/root/dddmr_navigation/install/lego_loam_bor:/root/dddmr_navigation/install/global_planner:/root/dddmr_navigation/install/fast_lio:/root/dddmr_navigation/install/dddmr_trt:/root/dddmr_navigation/install/dddmr_sys_core:/root/dddmr_navigation/install/dddmr_semantic_segmentation:/root/dddmr_navigation/install/dddmr_rviz_default_plugins:/root/dddmr_navigation/install/dddmr_odom_3d:/root/dddmr_navigation/install/dddmr_fastlio_adapter:/root/dddmr_navigation/install/dddmr_beginner_guide:/root/dddmr_navigation/install/cloud_msgs:/root/livox_ws/install/livox_ros_driver2:/opt/ros/humble LD_LIBRARY_PATH=/root/dddmr_navigation/install/base_trajectory/lib:/root/dddmr_navigation/install/p2p_move_base/lib:/root/dddmr_navigation/install/recovery_behaviors/lib:/root/dddmr_navigation/install/local_planner/lib:/root/dddmr_navigation/install/trajectory_generators/lib:/root/dddmr_navigation/install/pose_graph_merge_editor_panel/lib:/root/dddmr_navigation/install/pose_graph_editor_panel/lib:/root/dddmr_navigation/install/perception_3d/lib:/root/dddmr_navigation/install/mpc_critics/lib:/root/dddmr_navigation/install/mcl_3dl/lib:/root/dddmr_navigation/install/mapping_panel/lib:/root/dddmr_navigation/install/map_editor_panel/lib:/root/dddmr_navigation/install/lego_loam_bor/lib:/root/dddmr_navigation/install/global_planner/lib:/root/dddmr_navigation/install/fast_lio/lib:/root/dddmr_navigation/install/dddmr_sys_core/lib:/root/dddmr_navigation/install/dddmr_rviz_default_plugins/lib:/root/dddmr_navigation/install/cloud_msgs/lib:/root/livox_ws/install/livox_ros_driver2/lib:/opt/ros/humble/opt/rviz_ogre_vendor/lib:/opt/ros/humble/lib/x86_64-linux-gnu:/opt/ros/humble/lib /usr/bin/cmake --install /root/dddmr_navigation/build/trajectory_generators
[34.059s] Level 1:colcon.colcon_core.environment:checking '/root/dddmr_navigation/install/trajectory_generators' for CMake config files
[34.062s] Level 1:colcon.colcon_core.shell:create_environment_hook('trajectory_generators', 'cmake_prefix_path')
[34.064s] INFO:colcon.colcon_core.shell:Creating environment hook '/root/dddmr_navigation/install/trajectory_generators/share/trajectory_generators/hook/cmake_prefix_path.ps1'
[34.067s] INFO:colcon.colcon_core.shell:Creating environment descriptor '/root/dddmr_navigation/install/trajectory_generators/share/trajectory_generators/hook/cmake_prefix_path.dsv'
[34.069s] INFO:colcon.colcon_core.shell:Creating environment hook '/root/dddmr_navigation/install/trajectory_generators/share/trajectory_generators/hook/cmake_prefix_path.sh'
[34.072s] Level 1:colcon.colcon_core.environment:checking '/root/dddmr_navigation/install/trajectory_generators/lib'
[34.073s] Level 1:colcon.colcon_core.shell:create_environment_hook('trajectory_generators', 'ld_library_path_lib')
[34.074s] INFO:colcon.colcon_core.shell:Creating environment hook '/root/dddmr_navigation/install/trajectory_generators/share/trajectory_generators/hook/ld_library_path_lib.ps1'
[34.077s] INFO:colcon.colcon_core.shell:Creating environment descriptor '/root/dddmr_navigation/install/trajectory_generators/share/trajectory_generators/hook/ld_library_path_lib.dsv'
[34.078s] INFO:colcon.colcon_core.shell:Creating environment hook '/root/dddmr_navigation/install/trajectory_generators/share/trajectory_generators/hook/ld_library_path_lib.sh'
[34.080s] Level 1:colcon.colcon_core.environment:checking '/root/dddmr_navigation/install/trajectory_generators/bin'
[34.081s] Level 1:colcon.colcon_core.environment:checking '/root/dddmr_navigation/install/trajectory_generators/lib/pkgconfig/trajectory_generators.pc'
[34.082s] Level 1:colcon.colcon_core.environment:checking '/root/dddmr_navigation/install/trajectory_generators/lib/python3.10/site-packages'
[34.084s] Level 1:colcon.colcon_core.environment:checking '/root/dddmr_navigation/install/trajectory_generators/bin'
[34.086s] INFO:colcon.colcon_core.shell:Creating package script '/root/dddmr_navigation/install/trajectory_generators/share/trajectory_generators/package.ps1'
[34.089s] INFO:colcon.colcon_core.shell:Creating package descriptor '/root/dddmr_navigation/install/trajectory_generators/share/trajectory_generators/package.dsv'
[34.092s] INFO:colcon.colcon_core.shell:Creating package script '/root/dddmr_navigation/install/trajectory_generators/share/trajectory_generators/package.sh'
[34.094s] INFO:colcon.colcon_core.shell:Creating package script '/root/dddmr_navigation/install/trajectory_generators/share/trajectory_generators/package.bash'
[34.096s] INFO:colcon.colcon_core.shell:Creating package script '/root/dddmr_navigation/install/trajectory_generators/share/trajectory_generators/package.zsh'
[34.097s] Level 1:colcon.colcon_core.environment:create_file_with_runtime_dependencies(/root/dddmr_navigation/install/trajectory_generators/share/colcon-core/packages/trajectory_generators)
[34.103s] Level 1:colcon.colcon_core.environment:create_environment_scripts_only(trajectory_generators)
[34.104s] Level 1:colcon.colcon_core.environment:checking '/root/dddmr_navigation/install/trajectory_generators' for CMake module files
[34.107s] Level 1:colcon.colcon_core.environment:checking '/root/dddmr_navigation/install/trajectory_generators' for CMake config files
[34.109s] Level 1:colcon.colcon_core.shell:create_environment_hook('trajectory_generators', 'cmake_prefix_path')
[34.110s] INFO:colcon.colcon_core.shell:Creating environment hook '/root/dddmr_navigation/install/trajectory_generators/share/trajectory_generators/hook/cmake_prefix_path.ps1'
[34.112s] INFO:colcon.colcon_core.shell:Creating environment descriptor '/root/dddmr_navigation/install/trajectory_generators/share/trajectory_generators/hook/cmake_prefix_path.dsv'
[34.115s] INFO:colcon.colcon_core.shell:Creating environment hook '/root/dddmr_navigation/install/trajectory_generators/share/trajectory_generators/hook/cmake_prefix_path.sh'
[34.118s] Level 1:colcon.colcon_core.environment:checking '/root/dddmr_navigation/install/trajectory_generators/lib'
[34.118s] Level 1:colcon.colcon_core.shell:create_environment_hook('trajectory_generators', 'ld_library_path_lib')
[34.119s] INFO:colcon.colcon_core.shell:Creating environment hook '/root/dddmr_navigation/install/trajectory_generators/share/trajectory_generators/hook/ld_library_path_lib.ps1'
[34.121s] INFO:colcon.colcon_core.shell:Creating environment descriptor '/root/dddmr_navigation/install/trajectory_generators/share/trajectory_generators/hook/ld_library_path_lib.dsv'
[34.123s] INFO:colcon.colcon_core.shell:Creating environment hook '/root/dddmr_navigation/install/trajectory_generators/share/trajectory_generators/hook/ld_library_path_lib.sh'
[34.125s] Level 1:colcon.colcon_core.environment:checking '/root/dddmr_navigation/install/trajectory_generators/bin'
[34.125s] Level 1:colcon.colcon_core.environment:checking '/root/dddmr_navigation/install/trajectory_generators/lib/pkgconfig/trajectory_generators.pc'
[34.127s] Level 1:colcon.colcon_core.environment:checking '/root/dddmr_navigation/install/trajectory_generators/lib/python3.10/site-packages'
[34.129s] Level 1:colcon.colcon_core.environment:checking '/root/dddmr_navigation/install/trajectory_generators/bin'
[34.131s] INFO:colcon.colcon_core.shell:Creating package script '/root/dddmr_navigation/install/trajectory_generators/share/trajectory_generators/package.ps1'
[34.135s] INFO:colcon.colcon_core.shell:Creating package descriptor '/root/dddmr_navigation/install/trajectory_generators/share/trajectory_generators/package.dsv'
[34.138s] INFO:colcon.colcon_core.shell:Creating package script '/root/dddmr_navigation/install/trajectory_generators/share/trajectory_generators/package.sh'
[34.140s] INFO:colcon.colcon_core.shell:Creating package script '/root/dddmr_navigation/install/trajectory_generators/share/trajectory_generators/package.bash'
[34.142s] INFO:colcon.colcon_core.shell:Creating package script '/root/dddmr_navigation/install/trajectory_generators/share/trajectory_generators/package.zsh'
[34.144s] Level 1:colcon.colcon_core.environment:create_file_with_runtime_dependencies(/root/dddmr_navigation/install/trajectory_generators/share/colcon-core/packages/trajectory_generators)
[34.146s] INFO:colcon.colcon_ros.task.ament_cmake.build:Building ROS package in '/root/dddmr_navigation/src/dddmr_local_planner/local_planner' with build type 'ament_cmake'
[34.146s] INFO:colcon.colcon_cmake.task.cmake.build:Building CMake package in '/root/dddmr_navigation/src/dddmr_local_planner/local_planner'
[34.147s] INFO:colcon.colcon_core.shell:Skip shell extension 'powershell' for command environment: Not usable outside of PowerShell
[34.148s] DEBUG:colcon.colcon_core.shell:Skip shell extension 'dsv' for command environment
[34.183s] INFO:colcon.colcon_ros.task.ament_cmake.build:Building ROS package in '/root/dddmr_navigation/src/dddmr_local_planner/recovery_behaviors' with build type 'ament_cmake'
[34.184s] INFO:colcon.colcon_cmake.task.cmake.build:Building CMake package in '/root/dddmr_navigation/src/dddmr_local_planner/recovery_behaviors'
[34.185s] INFO:colcon.colcon_core.shell:Skip shell extension 'powershell' for command environment: Not usable outside of PowerShell
[34.186s] DEBUG:colcon.colcon_core.shell:Skip shell extension 'dsv' for command environment
[34.237s] DEBUG:colcon.colcon_core.event_handler.log_command:Invoked command in '/root/dddmr_navigation/build/mcl_3dl' returned '0': CMAKE_PREFIX_PATH=/root/dddmr_navigation/install/cloud_msgs:/root/dddmr_navigation/install/p2p_move_base:/root/dddmr_navigation/install/recovery_behaviors:/root/dddmr_navigation/install/local_planner:/root/dddmr_navigation/install/trajectory_generators:/root/dddmr_navigation/install/pose_graph_merge_editor_panel:/root/dddmr_navigation/install/pose_graph_editor_panel:/root/dddmr_navigation/install/perception_3d:/root/dddmr_navigation/install/mpc_critics:/root/dddmr_navigation/install/mcl_3dl:/root/dddmr_navigation/install/mapping_panel:/root/dddmr_navigation/install/map_editor_panel:/root/dddmr_navigation/install/lego_loam_bor:/root/dddmr_navigation/install/global_planner:/root/dddmr_navigation/install/fast_lio:/root/dddmr_navigation/install/dddmr_trt:/root/dddmr_navigation/install/dddmr_sys_core:/root/dddmr_navigation/install/dddmr_semantic_segmentation:/root/dddmr_navigation/install/dddmr_rviz_default_plugins:/root/dddmr_navigation/install/dddmr_odom_3d:/root/dddmr_navigation/install/dddmr_fastlio_adapter:/root/dddmr_navigation/install/dddmr_beginner_guide:/root/dddmr_navigation/install/base_trajectory:/root/livox_ws/install/livox_ros_driver2:/opt/ros/humble LD_LIBRARY_PATH=/root/dddmr_navigation/install/cloud_msgs/lib:/root/dddmr_navigation/install/p2p_move_base/lib:/root/dddmr_navigation/install/recovery_behaviors/lib:/root/dddmr_navigation/install/local_planner/lib:/root/dddmr_navigation/install/trajectory_generators/lib:/root/dddmr_navigation/install/pose_graph_merge_editor_panel/lib:/root/dddmr_navigation/install/pose_graph_editor_panel/lib:/root/dddmr_navigation/install/perception_3d/lib:/root/dddmr_navigation/install/mpc_critics/lib:/root/dddmr_navigation/install/mcl_3dl/lib:/root/dddmr_navigation/install/mapping_panel/lib:/root/dddmr_navigation/install/map_editor_panel/lib:/root/dddmr_navigation/install/lego_loam_bor/lib:/root/dddmr_navigation/install/global_planner/lib:/root/dddmr_navigation/install/fast_lio/lib:/root/dddmr_navigation/install/dddmr_sys_core/lib:/root/dddmr_navigation/install/dddmr_rviz_default_plugins/lib:/root/dddmr_navigation/install/base_trajectory/lib:/root/livox_ws/install/livox_ros_driver2/lib:/opt/ros/humble/opt/rviz_ogre_vendor/lib:/opt/ros/humble/lib/x86_64-linux-gnu:/opt/ros/humble/lib /usr/bin/cmake --build /root/dddmr_navigation/build/mcl_3dl -- -j28 -l28
[34.250s] DEBUG:colcon.colcon_core.event_handler.log_command:Invoking command in '/root/dddmr_navigation/build/mcl_3dl': CMAKE_PREFIX_PATH=/root/dddmr_navigation/install/cloud_msgs:/root/dddmr_navigation/install/p2p_move_base:/root/dddmr_navigation/install/recovery_behaviors:/root/dddmr_navigation/install/local_planner:/root/dddmr_navigation/install/trajectory_generators:/root/dddmr_navigation/install/pose_graph_merge_editor_panel:/root/dddmr_navigation/install/pose_graph_editor_panel:/root/dddmr_navigation/install/perception_3d:/root/dddmr_navigation/install/mpc_critics:/root/dddmr_navigation/install/mcl_3dl:/root/dddmr_navigation/install/mapping_panel:/root/dddmr_navigation/install/map_editor_panel:/root/dddmr_navigation/install/lego_loam_bor:/root/dddmr_navigation/install/global_planner:/root/dddmr_navigation/install/fast_lio:/root/dddmr_navigation/install/dddmr_trt:/root/dddmr_navigation/install/dddmr_sys_core:/root/dddmr_navigation/install/dddmr_semantic_segmentation:/root/dddmr_navigation/install/dddmr_rviz_default_plugins:/root/dddmr_navigation/install/dddmr_odom_3d:/root/dddmr_navigation/install/dddmr_fastlio_adapter:/root/dddmr_navigation/install/dddmr_beginner_guide:/root/dddmr_navigation/install/base_trajectory:/root/livox_ws/install/livox_ros_driver2:/opt/ros/humble LD_LIBRARY_PATH=/root/dddmr_navigation/install/cloud_msgs/lib:/root/dddmr_navigation/install/p2p_move_base/lib:/root/dddmr_navigation/install/recovery_behaviors/lib:/root/dddmr_navigation/install/local_planner/lib:/root/dddmr_navigation/install/trajectory_generators/lib:/root/dddmr_navigation/install/pose_graph_merge_editor_panel/lib:/root/dddmr_navigation/install/pose_graph_editor_panel/lib:/root/dddmr_navigation/install/perception_3d/lib:/root/dddmr_navigation/install/mpc_critics/lib:/root/dddmr_navigation/install/mcl_3dl/lib:/root/dddmr_navigation/install/mapping_panel/lib:/root/dddmr_navigation/install/map_editor_panel/lib:/root/dddmr_navigation/install/lego_loam_bor/lib:/root/dddmr_navigation/install/global_planner/lib:/root/dddmr_navigation/install/fast_lio/lib:/root/dddmr_navigation/install/dddmr_sys_core/lib:/root/dddmr_navigation/install/dddmr_rviz_default_plugins/lib:/root/dddmr_navigation/install/base_trajectory/lib:/root/livox_ws/install/livox_ros_driver2/lib:/opt/ros/humble/opt/rviz_ogre_vendor/lib:/opt/ros/humble/lib/x86_64-linux-gnu:/opt/ros/humble/lib /usr/bin/cmake --install /root/dddmr_navigation/build/mcl_3dl
[34.350s] DEBUG:colcon.colcon_core.event_handler.log_command:Invoking command in '/root/dddmr_navigation/build/local_planner': CMAKE_PREFIX_PATH=/root/dddmr_navigation/install/trajectory_generators:/root/dddmr_navigation/install/mpc_critics:/root/dddmr_navigation/install/perception_3d:/root/dddmr_navigation/install/dddmr_sys_core:/root/dddmr_navigation/install/base_trajectory:/root/dddmr_navigation/install/p2p_move_base:/root/dddmr_navigation/install/recovery_behaviors:/root/dddmr_navigation/install/local_planner:/root/dddmr_navigation/install/pose_graph_merge_editor_panel:/root/dddmr_navigation/install/pose_graph_editor_panel:/root/dddmr_navigation/install/mcl_3dl:/root/dddmr_navigation/install/mapping_panel:/root/dddmr_navigation/install/map_editor_panel:/root/dddmr_navigation/install/lego_loam_bor:/root/dddmr_navigation/install/global_planner:/root/dddmr_navigation/install/fast_lio:/root/dddmr_navigation/install/dddmr_trt:/root/dddmr_navigation/install/dddmr_semantic_segmentation:/root/dddmr_navigation/install/dddmr_rviz_default_plugins:/root/dddmr_navigation/install/dddmr_odom_3d:/root/dddmr_navigation/install/dddmr_fastlio_adapter:/root/dddmr_navigation/install/dddmr_beginner_guide:/root/dddmr_navigation/install/cloud_msgs:/root/livox_ws/install/livox_ros_driver2:/opt/ros/humble LD_LIBRARY_PATH=/root/dddmr_navigation/install/trajectory_generators/lib:/root/dddmr_navigation/install/mpc_critics/lib:/root/dddmr_navigation/install/perception_3d/lib:/root/dddmr_navigation/install/dddmr_sys_core/lib:/root/dddmr_navigation/install/base_trajectory/lib:/root/dddmr_navigation/install/p2p_move_base/lib:/root/dddmr_navigation/install/recovery_behaviors/lib:/root/dddmr_navigation/install/local_planner/lib:/root/dddmr_navigation/install/pose_graph_merge_editor_panel/lib:/root/dddmr_navigation/install/pose_graph_editor_panel/lib:/root/dddmr_navigation/install/mcl_3dl/lib:/root/dddmr_navigation/install/mapping_panel/lib:/root/dddmr_navigation/install/map_editor_panel/lib:/root/dddmr_navigation/install/lego_loam_bor/lib:/root/dddmr_navigation/install/global_planner/lib:/root/dddmr_navigation/install/fast_lio/lib:/root/dddmr_navigation/install/dddmr_rviz_default_plugins/lib:/root/dddmr_navigation/install/cloud_msgs/lib:/root/livox_ws/install/livox_ros_driver2/lib:/opt/ros/humble/opt/rviz_ogre_vendor/lib:/opt/ros/humble/lib/x86_64-linux-gnu:/opt/ros/humble/lib /usr/bin/cmake /root/dddmr_navigation/src/dddmr_local_planner/local_planner -DCMAKE_INSTALL_PREFIX=/root/dddmr_navigation/install/local_planner
[34.380s] DEBUG:colcon.colcon_core.event_handler.log_command:Invoking command in '/root/dddmr_navigation/build/recovery_behaviors': CMAKE_PREFIX_PATH=/root/dddmr_navigation/install/trajectory_generators:/root/dddmr_navigation/install/mpc_critics:/root/dddmr_navigation/install/perception_3d:/root/dddmr_navigation/install/dddmr_sys_core:/root/dddmr_navigation/install/base_trajectory:/root/dddmr_navigation/install/p2p_move_base:/root/dddmr_navigation/install/recovery_behaviors:/root/dddmr_navigation/install/local_planner:/root/dddmr_navigation/install/pose_graph_merge_editor_panel:/root/dddmr_navigation/install/pose_graph_editor_panel:/root/dddmr_navigation/install/mcl_3dl:/root/dddmr_navigation/install/mapping_panel:/root/dddmr_navigation/install/map_editor_panel:/root/dddmr_navigation/install/lego_loam_bor:/root/dddmr_navigation/install/global_planner:/root/dddmr_navigation/install/fast_lio:/root/dddmr_navigation/install/dddmr_trt:/root/dddmr_navigation/install/dddmr_semantic_segmentation:/root/dddmr_navigation/install/dddmr_rviz_default_plugins:/root/dddmr_navigation/install/dddmr_odom_3d:/root/dddmr_navigation/install/dddmr_fastlio_adapter:/root/dddmr_navigation/install/dddmr_beginner_guide:/root/dddmr_navigation/install/cloud_msgs:/root/livox_ws/install/livox_ros_driver2:/opt/ros/humble LD_LIBRARY_PATH=/root/dddmr_navigation/install/trajectory_generators/lib:/root/dddmr_navigation/install/mpc_critics/lib:/root/dddmr_navigation/install/perception_3d/lib:/root/dddmr_navigation/install/dddmr_sys_core/lib:/root/dddmr_navigation/install/base_trajectory/lib:/root/dddmr_navigation/install/p2p_move_base/lib:/root/dddmr_navigation/install/recovery_behaviors/lib:/root/dddmr_navigation/install/local_planner/lib:/root/dddmr_navigation/install/pose_graph_merge_editor_panel/lib:/root/dddmr_navigation/install/pose_graph_editor_panel/lib:/root/dddmr_navigation/install/mcl_3dl/lib:/root/dddmr_navigation/install/mapping_panel/lib:/root/dddmr_navigation/install/map_editor_panel/lib:/root/dddmr_navigation/install/lego_loam_bor/lib:/root/dddmr_navigation/install/global_planner/lib:/root/dddmr_navigation/install/fast_lio/lib:/root/dddmr_navigation/install/dddmr_rviz_default_plugins/lib:/root/dddmr_navigation/install/cloud_msgs/lib:/root/livox_ws/install/livox_ros_driver2/lib:/opt/ros/humble/opt/rviz_ogre_vendor/lib:/opt/ros/humble/lib/x86_64-linux-gnu:/opt/ros/humble/lib /usr/bin/cmake /root/dddmr_navigation/src/dddmr_local_planner/recovery_behaviors -DCMAKE_INSTALL_PREFIX=/root/dddmr_navigation/install/recovery_behaviors
[34.415s] Level 1:colcon.colcon_core.environment:create_environment_scripts_only(mcl_3dl)
[34.417s] Level 1:colcon.colcon_core.environment:checking '/root/dddmr_navigation/install/mcl_3dl' for CMake module files
[34.421s] DEBUG:colcon.colcon_core.event_handler.log_command:Invoked command in '/root/dddmr_navigation/build/mcl_3dl' returned '0': CMAKE_PREFIX_PATH=/root/dddmr_navigation/install/cloud_msgs:/root/dddmr_navigation/install/p2p_move_base:/root/dddmr_navigation/install/recovery_behaviors:/root/dddmr_navigation/install/local_planner:/root/dddmr_navigation/install/trajectory_generators:/root/dddmr_navigation/install/pose_graph_merge_editor_panel:/root/dddmr_navigation/install/pose_graph_editor_panel:/root/dddmr_navigation/install/perception_3d:/root/dddmr_navigation/install/mpc_critics:/root/dddmr_navigation/install/mcl_3dl:/root/dddmr_navigation/install/mapping_panel:/root/dddmr_navigation/install/map_editor_panel:/root/dddmr_navigation/install/lego_loam_bor:/root/dddmr_navigation/install/global_planner:/root/dddmr_navigation/install/fast_lio:/root/dddmr_navigation/install/dddmr_trt:/root/dddmr_navigation/install/dddmr_sys_core:/root/dddmr_navigation/install/dddmr_semantic_segmentation:/root/dddmr_navigation/install/dddmr_rviz_default_plugins:/root/dddmr_navigation/install/dddmr_odom_3d:/root/dddmr_navigation/install/dddmr_fastlio_adapter:/root/dddmr_navigation/install/dddmr_beginner_guide:/root/dddmr_navigation/install/base_trajectory:/root/livox_ws/install/livox_ros_driver2:/opt/ros/humble LD_LIBRARY_PATH=/root/dddmr_navigation/install/cloud_msgs/lib:/root/dddmr_navigation/install/p2p_move_base/lib:/root/dddmr_navigation/install/recovery_behaviors/lib:/root/dddmr_navigation/install/local_planner/lib:/root/dddmr_navigation/install/trajectory_generators/lib:/root/dddmr_navigation/install/pose_graph_merge_editor_panel/lib:/root/dddmr_navigation/install/pose_graph_editor_panel/lib:/root/dddmr_navigation/install/perception_3d/lib:/root/dddmr_navigation/install/mpc_critics/lib:/root/dddmr_navigation/install/mcl_3dl/lib:/root/dddmr_navigation/install/mapping_panel/lib:/root/dddmr_navigation/install/map_editor_panel/lib:/root/dddmr_navigation/install/lego_loam_bor/lib:/root/dddmr_navigation/install/global_planner/lib:/root/dddmr_navigation/install/fast_lio/lib:/root/dddmr_navigation/install/dddmr_sys_core/lib:/root/dddmr_navigation/install/dddmr_rviz_default_plugins/lib:/root/dddmr_navigation/install/base_trajectory/lib:/root/livox_ws/install/livox_ros_driver2/lib:/opt/ros/humble/opt/rviz_ogre_vendor/lib:/opt/ros/humble/lib/x86_64-linux-gnu:/opt/ros/humble/lib /usr/bin/cmake --install /root/dddmr_navigation/build/mcl_3dl
[34.426s] Level 1:colcon.colcon_core.environment:checking '/root/dddmr_navigation/install/mcl_3dl' for CMake config files
[34.429s] Level 1:colcon.colcon_core.shell:create_environment_hook('mcl_3dl', 'cmake_prefix_path')
[34.430s] INFO:colcon.colcon_core.shell:Creating environment hook '/root/dddmr_navigation/install/mcl_3dl/share/mcl_3dl/hook/cmake_prefix_path.ps1'
[34.433s] INFO:colcon.colcon_core.shell:Creating environment descriptor '/root/dddmr_navigation/install/mcl_3dl/share/mcl_3dl/hook/cmake_prefix_path.dsv'
[34.435s] INFO:colcon.colcon_core.shell:Creating environment hook '/root/dddmr_navigation/install/mcl_3dl/share/mcl_3dl/hook/cmake_prefix_path.sh'
[34.438s] Level 1:colcon.colcon_core.environment:checking '/root/dddmr_navigation/install/mcl_3dl/lib'
[34.438s] Level 1:colcon.colcon_core.shell:create_environment_hook('mcl_3dl', 'ld_library_path_lib')
[34.440s] INFO:colcon.colcon_core.shell:Creating environment hook '/root/dddmr_navigation/install/mcl_3dl/share/mcl_3dl/hook/ld_library_path_lib.ps1'
[34.442s] INFO:colcon.colcon_core.shell:Creating environment descriptor '/root/dddmr_navigation/install/mcl_3dl/share/mcl_3dl/hook/ld_library_path_lib.dsv'
[34.444s] INFO:colcon.colcon_core.shell:Creating environment hook '/root/dddmr_navigation/install/mcl_3dl/share/mcl_3dl/hook/ld_library_path_lib.sh'
[34.446s] Level 1:colcon.colcon_core.environment:checking '/root/dddmr_navigation/install/mcl_3dl/bin'
[34.446s] Level 1:colcon.colcon_core.environment:checking '/root/dddmr_navigation/install/mcl_3dl/lib/pkgconfig/mcl_3dl.pc'
[34.447s] Level 1:colcon.colcon_core.environment:checking '/root/dddmr_navigation/install/mcl_3dl/lib/python3.10/site-packages'
[34.450s] Level 1:colcon.colcon_core.environment:checking '/root/dddmr_navigation/install/mcl_3dl/bin'
[34.453s] INFO:colcon.colcon_core.shell:Creating package script '/root/dddmr_navigation/install/mcl_3dl/share/mcl_3dl/package.ps1'
[34.458s] INFO:colcon.colcon_core.shell:Creating package descriptor '/root/dddmr_navigation/install/mcl_3dl/share/mcl_3dl/package.dsv'
[34.462s] INFO:colcon.colcon_core.shell:Creating package script '/root/dddmr_navigation/install/mcl_3dl/share/mcl_3dl/package.sh'
[34.468s] INFO:colcon.colcon_core.shell:Creating package script '/root/dddmr_navigation/install/mcl_3dl/share/mcl_3dl/package.bash'
[34.472s] INFO:colcon.colcon_core.shell:Creating package script '/root/dddmr_navigation/install/mcl_3dl/share/mcl_3dl/package.zsh'
[34.474s] Level 1:colcon.colcon_core.environment:create_file_with_runtime_dependencies(/root/dddmr_navigation/install/mcl_3dl/share/colcon-core/packages/mcl_3dl)
[34.477s] Level 1:colcon.colcon_core.environment:create_environment_scripts_only(mcl_3dl)
[34.478s] Level 1:colcon.colcon_core.environment:checking '/root/dddmr_navigation/install/mcl_3dl' for CMake module files
[34.481s] Level 1:colcon.colcon_core.environment:checking '/root/dddmr_navigation/install/mcl_3dl' for CMake config files
[34.484s] Level 1:colcon.colcon_core.shell:create_environment_hook('mcl_3dl', 'cmake_prefix_path')
[34.485s] INFO:colcon.colcon_core.shell:Creating environment hook '/root/dddmr_navigation/install/mcl_3dl/share/mcl_3dl/hook/cmake_prefix_path.ps1'
[34.487s] INFO:colcon.colcon_core.shell:Creating environment descriptor '/root/dddmr_navigation/install/mcl_3dl/share/mcl_3dl/hook/cmake_prefix_path.dsv'
[34.489s] INFO:colcon.colcon_core.shell:Creating environment hook '/root/dddmr_navigation/install/mcl_3dl/share/mcl_3dl/hook/cmake_prefix_path.sh'
[34.493s] Level 1:colcon.colcon_core.environment:checking '/root/dddmr_navigation/install/mcl_3dl/lib'
[34.494s] Level 1:colcon.colcon_core.shell:create_environment_hook('mcl_3dl', 'ld_library_path_lib')
[34.495s] INFO:colcon.colcon_core.shell:Creating environment hook '/root/dddmr_navigation/install/mcl_3dl/share/mcl_3dl/hook/ld_library_path_lib.ps1'
[34.498s] INFO:colcon.colcon_core.shell:Creating environment descriptor '/root/dddmr_navigation/install/mcl_3dl/share/mcl_3dl/hook/ld_library_path_lib.dsv'
[34.499s] INFO:colcon.colcon_core.shell:Creating environment hook '/root/dddmr_navigation/install/mcl_3dl/share/mcl_3dl/hook/ld_library_path_lib.sh'
[34.501s] Level 1:colcon.colcon_core.environment:checking '/root/dddmr_navigation/install/mcl_3dl/bin'
[34.502s] Level 1:colcon.colcon_core.environment:checking '/root/dddmr_navigation/install/mcl_3dl/lib/pkgconfig/mcl_3dl.pc'
[34.503s] Level 1:colcon.colcon_core.environment:checking '/root/dddmr_navigation/install/mcl_3dl/lib/python3.10/site-packages'
[34.505s] Level 1:colcon.colcon_core.environment:checking '/root/dddmr_navigation/install/mcl_3dl/bin'
[34.507s] INFO:colcon.colcon_core.shell:Creating package script '/root/dddmr_navigation/install/mcl_3dl/share/mcl_3dl/package.ps1'
[34.510s] INFO:colcon.colcon_core.shell:Creating package descriptor '/root/dddmr_navigation/install/mcl_3dl/share/mcl_3dl/package.dsv'
[34.514s] INFO:colcon.colcon_core.shell:Creating package script '/root/dddmr_navigation/install/mcl_3dl/share/mcl_3dl/package.sh'
[34.516s] INFO:colcon.colcon_core.shell:Creating package script '/root/dddmr_navigation/install/mcl_3dl/share/mcl_3dl/package.bash'
[34.518s] INFO:colcon.colcon_core.shell:Creating package script '/root/dddmr_navigation/install/mcl_3dl/share/mcl_3dl/package.zsh'
[34.520s] Level 1:colcon.colcon_core.environment:create_file_with_runtime_dependencies(/root/dddmr_navigation/install/mcl_3dl/share/colcon-core/packages/mcl_3dl)
[39.604s] DEBUG:colcon.colcon_core.event_handler.log_command:Invoked command in '/root/dddmr_navigation/build/global_planner' returned '0': CMAKE_PREFIX_PATH=/root/dddmr_navigation/install/perception_3d:/root/dddmr_navigation/install/dddmr_sys_core:/root/dddmr_navigation/install/p2p_move_base:/root/dddmr_navigation/install/recovery_behaviors:/root/dddmr_navigation/install/local_planner:/root/dddmr_navigation/install/trajectory_generators:/root/dddmr_navigation/install/pose_graph_merge_editor_panel:/root/dddmr_navigation/install/pose_graph_editor_panel:/root/dddmr_navigation/install/mpc_critics:/root/dddmr_navigation/install/mcl_3dl:/root/dddmr_navigation/install/mapping_panel:/root/dddmr_navigation/install/map_editor_panel:/root/dddmr_navigation/install/lego_loam_bor:/root/dddmr_navigation/install/global_planner:/root/dddmr_navigation/install/fast_lio:/root/dddmr_navigation/install/dddmr_trt:/root/dddmr_navigation/install/dddmr_semantic_segmentation:/root/dddmr_navigation/install/dddmr_rviz_default_plugins:/root/dddmr_navigation/install/dddmr_odom_3d:/root/dddmr_navigation/install/dddmr_fastlio_adapter:/root/dddmr_navigation/install/dddmr_beginner_guide:/root/dddmr_navigation/install/cloud_msgs:/root/dddmr_navigation/install/base_trajectory:/root/livox_ws/install/livox_ros_driver2:/opt/ros/humble LD_LIBRARY_PATH=/root/dddmr_navigation/install/perception_3d/lib:/root/dddmr_navigation/install/dddmr_sys_core/lib:/root/dddmr_navigation/install/p2p_move_base/lib:/root/dddmr_navigation/install/recovery_behaviors/lib:/root/dddmr_navigation/install/local_planner/lib:/root/dddmr_navigation/install/trajectory_generators/lib:/root/dddmr_navigation/install/pose_graph_merge_editor_panel/lib:/root/dddmr_navigation/install/pose_graph_editor_panel/lib:/root/dddmr_navigation/install/mpc_critics/lib:/root/dddmr_navigation/install/mcl_3dl/lib:/root/dddmr_navigation/install/mapping_panel/lib:/root/dddmr_navigation/install/map_editor_panel/lib:/root/dddmr_navigation/install/lego_loam_bor/lib:/root/dddmr_navigation/install/global_planner/lib:/root/dddmr_navigation/install/fast_lio/lib:/root/dddmr_navigation/install/dddmr_rviz_default_plugins/lib:/root/dddmr_navigation/install/cloud_msgs/lib:/root/dddmr_navigation/install/base_trajectory/lib:/root/livox_ws/install/livox_ros_driver2/lib:/opt/ros/humble/opt/rviz_ogre_vendor/lib:/opt/ros/humble/lib/x86_64-linux-gnu:/opt/ros/humble/lib /usr/bin/cmake /root/dddmr_navigation/src/dddmr_global_planner -DCMAKE_INSTALL_PREFIX=/root/dddmr_navigation/install/global_planner
[39.618s] DEBUG:colcon.colcon_core.event_handler.log_command:Invoking command in '/root/dddmr_navigation/build/global_planner': CMAKE_PREFIX_PATH=/root/dddmr_navigation/install/perception_3d:/root/dddmr_navigation/install/dddmr_sys_core:/root/dddmr_navigation/install/p2p_move_base:/root/dddmr_navigation/install/recovery_behaviors:/root/dddmr_navigation/install/local_planner:/root/dddmr_navigation/install/trajectory_generators:/root/dddmr_navigation/install/pose_graph_merge_editor_panel:/root/dddmr_navigation/install/pose_graph_editor_panel:/root/dddmr_navigation/install/mpc_critics:/root/dddmr_navigation/install/mcl_3dl:/root/dddmr_navigation/install/mapping_panel:/root/dddmr_navigation/install/map_editor_panel:/root/dddmr_navigation/install/lego_loam_bor:/root/dddmr_navigation/install/global_planner:/root/dddmr_navigation/install/fast_lio:/root/dddmr_navigation/install/dddmr_trt:/root/dddmr_navigation/install/dddmr_semantic_segmentation:/root/dddmr_navigation/install/dddmr_rviz_default_plugins:/root/dddmr_navigation/install/dddmr_odom_3d:/root/dddmr_navigation/install/dddmr_fastlio_adapter:/root/dddmr_navigation/install/dddmr_beginner_guide:/root/dddmr_navigation/install/cloud_msgs:/root/dddmr_navigation/install/base_trajectory:/root/livox_ws/install/livox_ros_driver2:/opt/ros/humble LD_LIBRARY_PATH=/root/dddmr_navigation/install/perception_3d/lib:/root/dddmr_navigation/install/dddmr_sys_core/lib:/root/dddmr_navigation/install/p2p_move_base/lib:/root/dddmr_navigation/install/recovery_behaviors/lib:/root/dddmr_navigation/install/local_planner/lib:/root/dddmr_navigation/install/trajectory_generators/lib:/root/dddmr_navigation/install/pose_graph_merge_editor_panel/lib:/root/dddmr_navigation/install/pose_graph_editor_panel/lib:/root/dddmr_navigation/install/mpc_critics/lib:/root/dddmr_navigation/install/mcl_3dl/lib:/root/dddmr_navigation/install/mapping_panel/lib:/root/dddmr_navigation/install/map_editor_panel/lib:/root/dddmr_navigation/install/lego_loam_bor/lib:/root/dddmr_navigation/install/global_planner/lib:/root/dddmr_navigation/install/fast_lio/lib:/root/dddmr_navigation/install/dddmr_rviz_default_plugins/lib:/root/dddmr_navigation/install/cloud_msgs/lib:/root/dddmr_navigation/install/base_trajectory/lib:/root/livox_ws/install/livox_ros_driver2/lib:/opt/ros/humble/opt/rviz_ogre_vendor/lib:/opt/ros/humble/lib/x86_64-linux-gnu:/opt/ros/humble/lib /usr/bin/cmake --build /root/dddmr_navigation/build/global_planner -- -j28 -l28
[41.094s] DEBUG:colcon.colcon_core.event_handler.log_command:Invoked command in '/root/dddmr_navigation/build/global_planner' returned '0': CMAKE_PREFIX_PATH=/root/dddmr_navigation/install/perception_3d:/root/dddmr_navigation/install/dddmr_sys_core:/root/dddmr_navigation/install/p2p_move_base:/root/dddmr_navigation/install/recovery_behaviors:/root/dddmr_navigation/install/local_planner:/root/dddmr_navigation/install/trajectory_generators:/root/dddmr_navigation/install/pose_graph_merge_editor_panel:/root/dddmr_navigation/install/pose_graph_editor_panel:/root/dddmr_navigation/install/mpc_critics:/root/dddmr_navigation/install/mcl_3dl:/root/dddmr_navigation/install/mapping_panel:/root/dddmr_navigation/install/map_editor_panel:/root/dddmr_navigation/install/lego_loam_bor:/root/dddmr_navigation/install/global_planner:/root/dddmr_navigation/install/fast_lio:/root/dddmr_navigation/install/dddmr_trt:/root/dddmr_navigation/install/dddmr_semantic_segmentation:/root/dddmr_navigation/install/dddmr_rviz_default_plugins:/root/dddmr_navigation/install/dddmr_odom_3d:/root/dddmr_navigation/install/dddmr_fastlio_adapter:/root/dddmr_navigation/install/dddmr_beginner_guide:/root/dddmr_navigation/install/cloud_msgs:/root/dddmr_navigation/install/base_trajectory:/root/livox_ws/install/livox_ros_driver2:/opt/ros/humble LD_LIBRARY_PATH=/root/dddmr_navigation/install/perception_3d/lib:/root/dddmr_navigation/install/dddmr_sys_core/lib:/root/dddmr_navigation/install/p2p_move_base/lib:/root/dddmr_navigation/install/recovery_behaviors/lib:/root/dddmr_navigation/install/local_planner/lib:/root/dddmr_navigation/install/trajectory_generators/lib:/root/dddmr_navigation/install/pose_graph_merge_editor_panel/lib:/root/dddmr_navigation/install/pose_graph_editor_panel/lib:/root/dddmr_navigation/install/mpc_critics/lib:/root/dddmr_navigation/install/mcl_3dl/lib:/root/dddmr_navigation/install/mapping_panel/lib:/root/dddmr_navigation/install/map_editor_panel/lib:/root/dddmr_navigation/install/lego_loam_bor/lib:/root/dddmr_navigation/install/global_planner/lib:/root/dddmr_navigation/install/fast_lio/lib:/root/dddmr_navigation/install/dddmr_rviz_default_plugins/lib:/root/dddmr_navigation/install/cloud_msgs/lib:/root/dddmr_navigation/install/base_trajectory/lib:/root/livox_ws/install/livox_ros_driver2/lib:/opt/ros/humble/opt/rviz_ogre_vendor/lib:/opt/ros/humble/lib/x86_64-linux-gnu:/opt/ros/humble/lib /usr/bin/cmake --build /root/dddmr_navigation/build/global_planner -- -j28 -l28
[41.106s] DEBUG:colcon.colcon_core.event_handler.log_command:Invoking command in '/root/dddmr_navigation/build/global_planner': CMAKE_PREFIX_PATH=/root/dddmr_navigation/install/perception_3d:/root/dddmr_navigation/install/dddmr_sys_core:/root/dddmr_navigation/install/p2p_move_base:/root/dddmr_navigation/install/recovery_behaviors:/root/dddmr_navigation/install/local_planner:/root/dddmr_navigation/install/trajectory_generators:/root/dddmr_navigation/install/pose_graph_merge_editor_panel:/root/dddmr_navigation/install/pose_graph_editor_panel:/root/dddmr_navigation/install/mpc_critics:/root/dddmr_navigation/install/mcl_3dl:/root/dddmr_navigation/install/mapping_panel:/root/dddmr_navigation/install/map_editor_panel:/root/dddmr_navigation/install/lego_loam_bor:/root/dddmr_navigation/install/global_planner:/root/dddmr_navigation/install/fast_lio:/root/dddmr_navigation/install/dddmr_trt:/root/dddmr_navigation/install/dddmr_semantic_segmentation:/root/dddmr_navigation/install/dddmr_rviz_default_plugins:/root/dddmr_navigation/install/dddmr_odom_3d:/root/dddmr_navigation/install/dddmr_fastlio_adapter:/root/dddmr_navigation/install/dddmr_beginner_guide:/root/dddmr_navigation/install/cloud_msgs:/root/dddmr_navigation/install/base_trajectory:/root/livox_ws/install/livox_ros_driver2:/opt/ros/humble LD_LIBRARY_PATH=/root/dddmr_navigation/install/perception_3d/lib:/root/dddmr_navigation/install/dddmr_sys_core/lib:/root/dddmr_navigation/install/p2p_move_base/lib:/root/dddmr_navigation/install/recovery_behaviors/lib:/root/dddmr_navigation/install/local_planner/lib:/root/dddmr_navigation/install/trajectory_generators/lib:/root/dddmr_navigation/install/pose_graph_merge_editor_panel/lib:/root/dddmr_navigation/install/pose_graph_editor_panel/lib:/root/dddmr_navigation/install/mpc_critics/lib:/root/dddmr_navigation/install/mcl_3dl/lib:/root/dddmr_navigation/install/mapping_panel/lib:/root/dddmr_navigation/install/map_editor_panel/lib:/root/dddmr_navigation/install/lego_loam_bor/lib:/root/dddmr_navigation/install/global_planner/lib:/root/dddmr_navigation/install/fast_lio/lib:/root/dddmr_navigation/install/dddmr_rviz_default_plugins/lib:/root/dddmr_navigation/install/cloud_msgs/lib:/root/dddmr_navigation/install/base_trajectory/lib:/root/livox_ws/install/livox_ros_driver2/lib:/opt/ros/humble/opt/rviz_ogre_vendor/lib:/opt/ros/humble/lib/x86_64-linux-gnu:/opt/ros/humble/lib /usr/bin/cmake --install /root/dddmr_navigation/build/global_planner
[41.265s] Level 1:colcon.colcon_core.environment:create_environment_scripts_only(global_planner)
[41.267s] Level 1:colcon.colcon_core.environment:checking '/root/dddmr_navigation/install/global_planner' for CMake module files
[41.270s] DEBUG:colcon.colcon_core.event_handler.log_command:Invoked command in '/root/dddmr_navigation/build/global_planner' returned '0': CMAKE_PREFIX_PATH=/root/dddmr_navigation/install/perception_3d:/root/dddmr_navigation/install/dddmr_sys_core:/root/dddmr_navigation/install/p2p_move_base:/root/dddmr_navigation/install/recovery_behaviors:/root/dddmr_navigation/install/local_planner:/root/dddmr_navigation/install/trajectory_generators:/root/dddmr_navigation/install/pose_graph_merge_editor_panel:/root/dddmr_navigation/install/pose_graph_editor_panel:/root/dddmr_navigation/install/mpc_critics:/root/dddmr_navigation/install/mcl_3dl:/root/dddmr_navigation/install/mapping_panel:/root/dddmr_navigation/install/map_editor_panel:/root/dddmr_navigation/install/lego_loam_bor:/root/dddmr_navigation/install/global_planner:/root/dddmr_navigation/install/fast_lio:/root/dddmr_navigation/install/dddmr_trt:/root/dddmr_navigation/install/dddmr_semantic_segmentation:/root/dddmr_navigation/install/dddmr_rviz_default_plugins:/root/dddmr_navigation/install/dddmr_odom_3d:/root/dddmr_navigation/install/dddmr_fastlio_adapter:/root/dddmr_navigation/install/dddmr_beginner_guide:/root/dddmr_navigation/install/cloud_msgs:/root/dddmr_navigation/install/base_trajectory:/root/livox_ws/install/livox_ros_driver2:/opt/ros/humble LD_LIBRARY_PATH=/root/dddmr_navigation/install/perception_3d/lib:/root/dddmr_navigation/install/dddmr_sys_core/lib:/root/dddmr_navigation/install/p2p_move_base/lib:/root/dddmr_navigation/install/recovery_behaviors/lib:/root/dddmr_navigation/install/local_planner/lib:/root/dddmr_navigation/install/trajectory_generators/lib:/root/dddmr_navigation/install/pose_graph_merge_editor_panel/lib:/root/dddmr_navigation/install/pose_graph_editor_panel/lib:/root/dddmr_navigation/install/mpc_critics/lib:/root/dddmr_navigation/install/mcl_3dl/lib:/root/dddmr_navigation/install/mapping_panel/lib:/root/dddmr_navigation/install/map_editor_panel/lib:/root/dddmr_navigation/install/lego_loam_bor/lib:/root/dddmr_navigation/install/global_planner/lib:/root/dddmr_navigation/install/fast_lio/lib:/root/dddmr_navigation/install/dddmr_rviz_default_plugins/lib:/root/dddmr_navigation/install/cloud_msgs/lib:/root/dddmr_navigation/install/base_trajectory/lib:/root/livox_ws/install/livox_ros_driver2/lib:/opt/ros/humble/opt/rviz_ogre_vendor/lib:/opt/ros/humble/lib/x86_64-linux-gnu:/opt/ros/humble/lib /usr/bin/cmake --install /root/dddmr_navigation/build/global_planner
[41.272s] Level 1:colcon.colcon_core.environment:checking '/root/dddmr_navigation/install/global_planner' for CMake config files
[41.274s] Level 1:colcon.colcon_core.shell:create_environment_hook('global_planner', 'cmake_prefix_path')
[41.275s] INFO:colcon.colcon_core.shell:Creating environment hook '/root/dddmr_navigation/install/global_planner/share/global_planner/hook/cmake_prefix_path.ps1'
[41.278s] INFO:colcon.colcon_core.shell:Creating environment descriptor '/root/dddmr_navigation/install/global_planner/share/global_planner/hook/cmake_prefix_path.dsv'
[41.280s] INFO:colcon.colcon_core.shell:Creating environment hook '/root/dddmr_navigation/install/global_planner/share/global_planner/hook/cmake_prefix_path.sh'
[41.285s] Level 1:colcon.colcon_core.environment:checking '/root/dddmr_navigation/install/global_planner/lib'
[41.286s] Level 1:colcon.colcon_core.shell:create_environment_hook('global_planner', 'ld_library_path_lib')
[41.287s] INFO:colcon.colcon_core.shell:Creating environment hook '/root/dddmr_navigation/install/global_planner/share/global_planner/hook/ld_library_path_lib.ps1'
[41.289s] INFO:colcon.colcon_core.shell:Creating environment descriptor '/root/dddmr_navigation/install/global_planner/share/global_planner/hook/ld_library_path_lib.dsv'
[41.291s] INFO:colcon.colcon_core.shell:Creating environment hook '/root/dddmr_navigation/install/global_planner/share/global_planner/hook/ld_library_path_lib.sh'
[41.293s] Level 1:colcon.colcon_core.environment:checking '/root/dddmr_navigation/install/global_planner/bin'
[41.293s] Level 1:colcon.colcon_core.environment:checking '/root/dddmr_navigation/install/global_planner/lib/pkgconfig/global_planner.pc'
[41.295s] Level 1:colcon.colcon_core.environment:checking '/root/dddmr_navigation/install/global_planner/lib/python3.10/site-packages'
[41.297s] Level 1:colcon.colcon_core.environment:checking '/root/dddmr_navigation/install/global_planner/bin'
[41.298s] INFO:colcon.colcon_core.shell:Creating package script '/root/dddmr_navigation/install/global_planner/share/global_planner/package.ps1'
[41.302s] INFO:colcon.colcon_core.shell:Creating package descriptor '/root/dddmr_navigation/install/global_planner/share/global_planner/package.dsv'
[41.304s] INFO:colcon.colcon_core.shell:Creating package script '/root/dddmr_navigation/install/global_planner/share/global_planner/package.sh'
[41.307s] INFO:colcon.colcon_core.shell:Creating package script '/root/dddmr_navigation/install/global_planner/share/global_planner/package.bash'
[41.309s] INFO:colcon.colcon_core.shell:Creating package script '/root/dddmr_navigation/install/global_planner/share/global_planner/package.zsh'
[41.310s] Level 1:colcon.colcon_core.environment:create_file_with_runtime_dependencies(/root/dddmr_navigation/install/global_planner/share/colcon-core/packages/global_planner)
[41.313s] Level 1:colcon.colcon_core.environment:create_environment_scripts_only(global_planner)
[41.314s] Level 1:colcon.colcon_core.environment:checking '/root/dddmr_navigation/install/global_planner' for CMake module files
[41.317s] Level 1:colcon.colcon_core.environment:checking '/root/dddmr_navigation/install/global_planner' for CMake config files
[41.319s] Level 1:colcon.colcon_core.shell:create_environment_hook('global_planner', 'cmake_prefix_path')
[41.320s] INFO:colcon.colcon_core.shell:Creating environment hook '/root/dddmr_navigation/install/global_planner/share/global_planner/hook/cmake_prefix_path.ps1'
[41.323s] INFO:colcon.colcon_core.shell:Creating environment descriptor '/root/dddmr_navigation/install/global_planner/share/global_planner/hook/cmake_prefix_path.dsv'
[41.324s] INFO:colcon.colcon_core.shell:Creating environment hook '/root/dddmr_navigation/install/global_planner/share/global_planner/hook/cmake_prefix_path.sh'
[41.327s] Level 1:colcon.colcon_core.environment:checking '/root/dddmr_navigation/install/global_planner/lib'
[41.328s] Level 1:colcon.colcon_core.shell:create_environment_hook('global_planner', 'ld_library_path_lib')
[41.329s] INFO:colcon.colcon_core.shell:Creating environment hook '/root/dddmr_navigation/install/global_planner/share/global_planner/hook/ld_library_path_lib.ps1'
[41.333s] INFO:colcon.colcon_core.shell:Creating environment descriptor '/root/dddmr_navigation/install/global_planner/share/global_planner/hook/ld_library_path_lib.dsv'
[41.335s] INFO:colcon.colcon_core.shell:Creating environment hook '/root/dddmr_navigation/install/global_planner/share/global_planner/hook/ld_library_path_lib.sh'
[41.337s] Level 1:colcon.colcon_core.environment:checking '/root/dddmr_navigation/install/global_planner/bin'
[41.338s] Level 1:colcon.colcon_core.environment:checking '/root/dddmr_navigation/install/global_planner/lib/pkgconfig/global_planner.pc'
[41.339s] Level 1:colcon.colcon_core.environment:checking '/root/dddmr_navigation/install/global_planner/lib/python3.10/site-packages'
[41.341s] Level 1:colcon.colcon_core.environment:checking '/root/dddmr_navigation/install/global_planner/bin'
[41.343s] INFO:colcon.colcon_core.shell:Creating package script '/root/dddmr_navigation/install/global_planner/share/global_planner/package.ps1'
[41.349s] INFO:colcon.colcon_core.shell:Creating package descriptor '/root/dddmr_navigation/install/global_planner/share/global_planner/package.dsv'
[41.352s] INFO:colcon.colcon_core.shell:Creating package script '/root/dddmr_navigation/install/global_planner/share/global_planner/package.sh'
[41.354s] INFO:colcon.colcon_core.shell:Creating package script '/root/dddmr_navigation/install/global_planner/share/global_planner/package.bash'
[41.356s] INFO:colcon.colcon_core.shell:Creating package script '/root/dddmr_navigation/install/global_planner/share/global_planner/package.zsh'
[41.358s] Level 1:colcon.colcon_core.environment:create_file_with_runtime_dependencies(/root/dddmr_navigation/install/global_planner/share/colcon-core/packages/global_planner)
[41.776s] DEBUG:colcon.colcon_core.event_handler.log_command:Invoked command in '/root/dddmr_navigation/build/lego_loam_bor' returned '0': CMAKE_PREFIX_PATH=/root/dddmr_navigation/install/dddmr_trt:/root/dddmr_navigation/install/dddmr_sys_core:/root/dddmr_navigation/install/cloud_msgs:/root/dddmr_navigation/install/p2p_move_base:/root/dddmr_navigation/install/recovery_behaviors:/root/dddmr_navigation/install/local_planner:/root/dddmr_navigation/install/trajectory_generators:/root/dddmr_navigation/install/pose_graph_merge_editor_panel:/root/dddmr_navigation/install/pose_graph_editor_panel:/root/dddmr_navigation/install/perception_3d:/root/dddmr_navigation/install/mpc_critics:/root/dddmr_navigation/install/mcl_3dl:/root/dddmr_navigation/install/mapping_panel:/root/dddmr_navigation/install/map_editor_panel:/root/dddmr_navigation/install/lego_loam_bor:/root/dddmr_navigation/install/global_planner:/root/dddmr_navigation/install/fast_lio:/root/dddmr_navigation/install/dddmr_semantic_segmentation:/root/dddmr_navigation/install/dddmr_rviz_default_plugins:/root/dddmr_navigation/install/dddmr_odom_3d:/root/dddmr_navigation/install/dddmr_fastlio_adapter:/root/dddmr_navigation/install/dddmr_beginner_guide:/root/dddmr_navigation/install/base_trajectory:/root/livox_ws/install/livox_ros_driver2:/opt/ros/humble LD_LIBRARY_PATH=/root/dddmr_navigation/install/dddmr_sys_core/lib:/root/dddmr_navigation/install/cloud_msgs/lib:/root/dddmr_navigation/install/p2p_move_base/lib:/root/dddmr_navigation/install/recovery_behaviors/lib:/root/dddmr_navigation/install/local_planner/lib:/root/dddmr_navigation/install/trajectory_generators/lib:/root/dddmr_navigation/install/pose_graph_merge_editor_panel/lib:/root/dddmr_navigation/install/pose_graph_editor_panel/lib:/root/dddmr_navigation/install/perception_3d/lib:/root/dddmr_navigation/install/mpc_critics/lib:/root/dddmr_navigation/install/mcl_3dl/lib:/root/dddmr_navigation/install/mapping_panel/lib:/root/dddmr_navigation/install/map_editor_panel/lib:/root/dddmr_navigation/install/lego_loam_bor/lib:/root/dddmr_navigation/install/global_planner/lib:/root/dddmr_navigation/install/fast_lio/lib:/root/dddmr_navigation/install/dddmr_rviz_default_plugins/lib:/root/dddmr_navigation/install/base_trajectory/lib:/root/livox_ws/install/livox_ros_driver2/lib:/opt/ros/humble/opt/rviz_ogre_vendor/lib:/opt/ros/humble/lib/x86_64-linux-gnu:/opt/ros/humble/lib /usr/bin/cmake /root/dddmr_navigation/src/dddmr_lego_loam/lego_loam_bor -DCMAKE_INSTALL_PREFIX=/root/dddmr_navigation/install/lego_loam_bor
[41.789s] DEBUG:colcon.colcon_core.event_handler.log_command:Invoking command in '/root/dddmr_navigation/build/lego_loam_bor': CMAKE_PREFIX_PATH=/root/dddmr_navigation/install/dddmr_trt:/root/dddmr_navigation/install/dddmr_sys_core:/root/dddmr_navigation/install/cloud_msgs:/root/dddmr_navigation/install/p2p_move_base:/root/dddmr_navigation/install/recovery_behaviors:/root/dddmr_navigation/install/local_planner:/root/dddmr_navigation/install/trajectory_generators:/root/dddmr_navigation/install/pose_graph_merge_editor_panel:/root/dddmr_navigation/install/pose_graph_editor_panel:/root/dddmr_navigation/install/perception_3d:/root/dddmr_navigation/install/mpc_critics:/root/dddmr_navigation/install/mcl_3dl:/root/dddmr_navigation/install/mapping_panel:/root/dddmr_navigation/install/map_editor_panel:/root/dddmr_navigation/install/lego_loam_bor:/root/dddmr_navigation/install/global_planner:/root/dddmr_navigation/install/fast_lio:/root/dddmr_navigation/install/dddmr_semantic_segmentation:/root/dddmr_navigation/install/dddmr_rviz_default_plugins:/root/dddmr_navigation/install/dddmr_odom_3d:/root/dddmr_navigation/install/dddmr_fastlio_adapter:/root/dddmr_navigation/install/dddmr_beginner_guide:/root/dddmr_navigation/install/base_trajectory:/root/livox_ws/install/livox_ros_driver2:/opt/ros/humble LD_LIBRARY_PATH=/root/dddmr_navigation/install/dddmr_sys_core/lib:/root/dddmr_navigation/install/cloud_msgs/lib:/root/dddmr_navigation/install/p2p_move_base/lib:/root/dddmr_navigation/install/recovery_behaviors/lib:/root/dddmr_navigation/install/local_planner/lib:/root/dddmr_navigation/install/trajectory_generators/lib:/root/dddmr_navigation/install/pose_graph_merge_editor_panel/lib:/root/dddmr_navigation/install/pose_graph_editor_panel/lib:/root/dddmr_navigation/install/perception_3d/lib:/root/dddmr_navigation/install/mpc_critics/lib:/root/dddmr_navigation/install/mcl_3dl/lib:/root/dddmr_navigation/install/mapping_panel/lib:/root/dddmr_navigation/install/map_editor_panel/lib:/root/dddmr_navigation/install/lego_loam_bor/lib:/root/dddmr_navigation/install/global_planner/lib:/root/dddmr_navigation/install/fast_lio/lib:/root/dddmr_navigation/install/dddmr_rviz_default_plugins/lib:/root/dddmr_navigation/install/base_trajectory/lib:/root/livox_ws/install/livox_ros_driver2/lib:/opt/ros/humble/opt/rviz_ogre_vendor/lib:/opt/ros/humble/lib/x86_64-linux-gnu:/opt/ros/humble/lib /usr/bin/cmake --build /root/dddmr_navigation/build/lego_loam_bor -- -j28 -l28
[67.609s] DEBUG:colcon.colcon_core.event_handler.log_command:Invoked command in '/root/dddmr_navigation/build/local_planner' returned '0': CMAKE_PREFIX_PATH=/root/dddmr_navigation/install/trajectory_generators:/root/dddmr_navigation/install/mpc_critics:/root/dddmr_navigation/install/perception_3d:/root/dddmr_navigation/install/dddmr_sys_core:/root/dddmr_navigation/install/base_trajectory:/root/dddmr_navigation/install/p2p_move_base:/root/dddmr_navigation/install/recovery_behaviors:/root/dddmr_navigation/install/local_planner:/root/dddmr_navigation/install/pose_graph_merge_editor_panel:/root/dddmr_navigation/install/pose_graph_editor_panel:/root/dddmr_navigation/install/mcl_3dl:/root/dddmr_navigation/install/mapping_panel:/root/dddmr_navigation/install/map_editor_panel:/root/dddmr_navigation/install/lego_loam_bor:/root/dddmr_navigation/install/global_planner:/root/dddmr_navigation/install/fast_lio:/root/dddmr_navigation/install/dddmr_trt:/root/dddmr_navigation/install/dddmr_semantic_segmentation:/root/dddmr_navigation/install/dddmr_rviz_default_plugins:/root/dddmr_navigation/install/dddmr_odom_3d:/root/dddmr_navigation/install/dddmr_fastlio_adapter:/root/dddmr_navigation/install/dddmr_beginner_guide:/root/dddmr_navigation/install/cloud_msgs:/root/livox_ws/install/livox_ros_driver2:/opt/ros/humble LD_LIBRARY_PATH=/root/dddmr_navigation/install/trajectory_generators/lib:/root/dddmr_navigation/install/mpc_critics/lib:/root/dddmr_navigation/install/perception_3d/lib:/root/dddmr_navigation/install/dddmr_sys_core/lib:/root/dddmr_navigation/install/base_trajectory/lib:/root/dddmr_navigation/install/p2p_move_base/lib:/root/dddmr_navigation/install/recovery_behaviors/lib:/root/dddmr_navigation/install/local_planner/lib:/root/dddmr_navigation/install/pose_graph_merge_editor_panel/lib:/root/dddmr_navigation/install/pose_graph_editor_panel/lib:/root/dddmr_navigation/install/mcl_3dl/lib:/root/dddmr_navigation/install/mapping_panel/lib:/root/dddmr_navigation/install/map_editor_panel/lib:/root/dddmr_navigation/install/lego_loam_bor/lib:/root/dddmr_navigation/install/global_planner/lib:/root/dddmr_navigation/install/fast_lio/lib:/root/dddmr_navigation/install/dddmr_rviz_default_plugins/lib:/root/dddmr_navigation/install/cloud_msgs/lib:/root/livox_ws/install/livox_ros_driver2/lib:/opt/ros/humble/opt/rviz_ogre_vendor/lib:/opt/ros/humble/lib/x86_64-linux-gnu:/opt/ros/humble/lib /usr/bin/cmake /root/dddmr_navigation/src/dddmr_local_planner/local_planner -DCMAKE_INSTALL_PREFIX=/root/dddmr_navigation/install/local_planner
[67.618s] DEBUG:colcon.colcon_core.event_handler.log_command:Invoking command in '/root/dddmr_navigation/build/local_planner': CMAKE_PREFIX_PATH=/root/dddmr_navigation/install/trajectory_generators:/root/dddmr_navigation/install/mpc_critics:/root/dddmr_navigation/install/perception_3d:/root/dddmr_navigation/install/dddmr_sys_core:/root/dddmr_navigation/install/base_trajectory:/root/dddmr_navigation/install/p2p_move_base:/root/dddmr_navigation/install/recovery_behaviors:/root/dddmr_navigation/install/local_planner:/root/dddmr_navigation/install/pose_graph_merge_editor_panel:/root/dddmr_navigation/install/pose_graph_editor_panel:/root/dddmr_navigation/install/mcl_3dl:/root/dddmr_navigation/install/mapping_panel:/root/dddmr_navigation/install/map_editor_panel:/root/dddmr_navigation/install/lego_loam_bor:/root/dddmr_navigation/install/global_planner:/root/dddmr_navigation/install/fast_lio:/root/dddmr_navigation/install/dddmr_trt:/root/dddmr_navigation/install/dddmr_semantic_segmentation:/root/dddmr_navigation/install/dddmr_rviz_default_plugins:/root/dddmr_navigation/install/dddmr_odom_3d:/root/dddmr_navigation/install/dddmr_fastlio_adapter:/root/dddmr_navigation/install/dddmr_beginner_guide:/root/dddmr_navigation/install/cloud_msgs:/root/livox_ws/install/livox_ros_driver2:/opt/ros/humble LD_LIBRARY_PATH=/root/dddmr_navigation/install/trajectory_generators/lib:/root/dddmr_navigation/install/mpc_critics/lib:/root/dddmr_navigation/install/perception_3d/lib:/root/dddmr_navigation/install/dddmr_sys_core/lib:/root/dddmr_navigation/install/base_trajectory/lib:/root/dddmr_navigation/install/p2p_move_base/lib:/root/dddmr_navigation/install/recovery_behaviors/lib:/root/dddmr_navigation/install/local_planner/lib:/root/dddmr_navigation/install/pose_graph_merge_editor_panel/lib:/root/dddmr_navigation/install/pose_graph_editor_panel/lib:/root/dddmr_navigation/install/mcl_3dl/lib:/root/dddmr_navigation/install/mapping_panel/lib:/root/dddmr_navigation/install/map_editor_panel/lib:/root/dddmr_navigation/install/lego_loam_bor/lib:/root/dddmr_navigation/install/global_planner/lib:/root/dddmr_navigation/install/fast_lio/lib:/root/dddmr_navigation/install/dddmr_rviz_default_plugins/lib:/root/dddmr_navigation/install/cloud_msgs/lib:/root/livox_ws/install/livox_ros_driver2/lib:/opt/ros/humble/opt/rviz_ogre_vendor/lib:/opt/ros/humble/lib/x86_64-linux-gnu:/opt/ros/humble/lib /usr/bin/cmake --build /root/dddmr_navigation/build/local_planner -- -j28 -l28
[75.707s] DEBUG:colcon.colcon_core.event_handler.log_command:Invoked command in '/root/dddmr_navigation/build/recovery_behaviors' returned '0': CMAKE_PREFIX_PATH=/root/dddmr_navigation/install/trajectory_generators:/root/dddmr_navigation/install/mpc_critics:/root/dddmr_navigation/install/perception_3d:/root/dddmr_navigation/install/dddmr_sys_core:/root/dddmr_navigation/install/base_trajectory:/root/dddmr_navigation/install/p2p_move_base:/root/dddmr_navigation/install/recovery_behaviors:/root/dddmr_navigation/install/local_planner:/root/dddmr_navigation/install/pose_graph_merge_editor_panel:/root/dddmr_navigation/install/pose_graph_editor_panel:/root/dddmr_navigation/install/mcl_3dl:/root/dddmr_navigation/install/mapping_panel:/root/dddmr_navigation/install/map_editor_panel:/root/dddmr_navigation/install/lego_loam_bor:/root/dddmr_navigation/install/global_planner:/root/dddmr_navigation/install/fast_lio:/root/dddmr_navigation/install/dddmr_trt:/root/dddmr_navigation/install/dddmr_semantic_segmentation:/root/dddmr_navigation/install/dddmr_rviz_default_plugins:/root/dddmr_navigation/install/dddmr_odom_3d:/root/dddmr_navigation/install/dddmr_fastlio_adapter:/root/dddmr_navigation/install/dddmr_beginner_guide:/root/dddmr_navigation/install/cloud_msgs:/root/livox_ws/install/livox_ros_driver2:/opt/ros/humble LD_LIBRARY_PATH=/root/dddmr_navigation/install/trajectory_generators/lib:/root/dddmr_navigation/install/mpc_critics/lib:/root/dddmr_navigation/install/perception_3d/lib:/root/dddmr_navigation/install/dddmr_sys_core/lib:/root/dddmr_navigation/install/base_trajectory/lib:/root/dddmr_navigation/install/p2p_move_base/lib:/root/dddmr_navigation/install/recovery_behaviors/lib:/root/dddmr_navigation/install/local_planner/lib:/root/dddmr_navigation/install/pose_graph_merge_editor_panel/lib:/root/dddmr_navigation/install/pose_graph_editor_panel/lib:/root/dddmr_navigation/install/mcl_3dl/lib:/root/dddmr_navigation/install/mapping_panel/lib:/root/dddmr_navigation/install/map_editor_panel/lib:/root/dddmr_navigation/install/lego_loam_bor/lib:/root/dddmr_navigation/install/global_planner/lib:/root/dddmr_navigation/install/fast_lio/lib:/root/dddmr_navigation/install/dddmr_rviz_default_plugins/lib:/root/dddmr_navigation/install/cloud_msgs/lib:/root/livox_ws/install/livox_ros_driver2/lib:/opt/ros/humble/opt/rviz_ogre_vendor/lib:/opt/ros/humble/lib/x86_64-linux-gnu:/opt/ros/humble/lib /usr/bin/cmake /root/dddmr_navigation/src/dddmr_local_planner/recovery_behaviors -DCMAKE_INSTALL_PREFIX=/root/dddmr_navigation/install/recovery_behaviors
[75.717s] DEBUG:colcon.colcon_core.event_handler.log_command:Invoking command in '/root/dddmr_navigation/build/recovery_behaviors': CMAKE_PREFIX_PATH=/root/dddmr_navigation/install/trajectory_generators:/root/dddmr_navigation/install/mpc_critics:/root/dddmr_navigation/install/perception_3d:/root/dddmr_navigation/install/dddmr_sys_core:/root/dddmr_navigation/install/base_trajectory:/root/dddmr_navigation/install/p2p_move_base:/root/dddmr_navigation/install/recovery_behaviors:/root/dddmr_navigation/install/local_planner:/root/dddmr_navigation/install/pose_graph_merge_editor_panel:/root/dddmr_navigation/install/pose_graph_editor_panel:/root/dddmr_navigation/install/mcl_3dl:/root/dddmr_navigation/install/mapping_panel:/root/dddmr_navigation/install/map_editor_panel:/root/dddmr_navigation/install/lego_loam_bor:/root/dddmr_navigation/install/global_planner:/root/dddmr_navigation/install/fast_lio:/root/dddmr_navigation/install/dddmr_trt:/root/dddmr_navigation/install/dddmr_semantic_segmentation:/root/dddmr_navigation/install/dddmr_rviz_default_plugins:/root/dddmr_navigation/install/dddmr_odom_3d:/root/dddmr_navigation/install/dddmr_fastlio_adapter:/root/dddmr_navigation/install/dddmr_beginner_guide:/root/dddmr_navigation/install/cloud_msgs:/root/livox_ws/install/livox_ros_driver2:/opt/ros/humble LD_LIBRARY_PATH=/root/dddmr_navigation/install/trajectory_generators/lib:/root/dddmr_navigation/install/mpc_critics/lib:/root/dddmr_navigation/install/perception_3d/lib:/root/dddmr_navigation/install/dddmr_sys_core/lib:/root/dddmr_navigation/install/base_trajectory/lib:/root/dddmr_navigation/install/p2p_move_base/lib:/root/dddmr_navigation/install/recovery_behaviors/lib:/root/dddmr_navigation/install/local_planner/lib:/root/dddmr_navigation/install/pose_graph_merge_editor_panel/lib:/root/dddmr_navigation/install/pose_graph_editor_panel/lib:/root/dddmr_navigation/install/mcl_3dl/lib:/root/dddmr_navigation/install/mapping_panel/lib:/root/dddmr_navigation/install/map_editor_panel/lib:/root/dddmr_navigation/install/lego_loam_bor/lib:/root/dddmr_navigation/install/global_planner/lib:/root/dddmr_navigation/install/fast_lio/lib:/root/dddmr_navigation/install/dddmr_rviz_default_plugins/lib:/root/dddmr_navigation/install/cloud_msgs/lib:/root/livox_ws/install/livox_ros_driver2/lib:/opt/ros/humble/opt/rviz_ogre_vendor/lib:/opt/ros/humble/lib/x86_64-linux-gnu:/opt/ros/humble/lib /usr/bin/cmake --build /root/dddmr_navigation/build/recovery_behaviors -- -j28 -l28
[272.231s] DEBUG:colcon.colcon_core.event_handler.log_command:Invoked command in '/root/dddmr_navigation/build/local_planner' returned '0': CMAKE_PREFIX_PATH=/root/dddmr_navigation/install/trajectory_generators:/root/dddmr_navigation/install/mpc_critics:/root/dddmr_navigation/install/perception_3d:/root/dddmr_navigation/install/dddmr_sys_core:/root/dddmr_navigation/install/base_trajectory:/root/dddmr_navigation/install/p2p_move_base:/root/dddmr_navigation/install/recovery_behaviors:/root/dddmr_navigation/install/local_planner:/root/dddmr_navigation/install/pose_graph_merge_editor_panel:/root/dddmr_navigation/install/pose_graph_editor_panel:/root/dddmr_navigation/install/mcl_3dl:/root/dddmr_navigation/install/mapping_panel:/root/dddmr_navigation/install/map_editor_panel:/root/dddmr_navigation/install/lego_loam_bor:/root/dddmr_navigation/install/global_planner:/root/dddmr_navigation/install/fast_lio:/root/dddmr_navigation/install/dddmr_trt:/root/dddmr_navigation/install/dddmr_semantic_segmentation:/root/dddmr_navigation/install/dddmr_rviz_default_plugins:/root/dddmr_navigation/install/dddmr_odom_3d:/root/dddmr_navigation/install/dddmr_fastlio_adapter:/root/dddmr_navigation/install/dddmr_beginner_guide:/root/dddmr_navigation/install/cloud_msgs:/root/livox_ws/install/livox_ros_driver2:/opt/ros/humble LD_LIBRARY_PATH=/root/dddmr_navigation/install/trajectory_generators/lib:/root/dddmr_navigation/install/mpc_critics/lib:/root/dddmr_navigation/install/perception_3d/lib:/root/dddmr_navigation/install/dddmr_sys_core/lib:/root/dddmr_navigation/install/base_trajectory/lib:/root/dddmr_navigation/install/p2p_move_base/lib:/root/dddmr_navigation/install/recovery_behaviors/lib:/root/dddmr_navigation/install/local_planner/lib:/root/dddmr_navigation/install/pose_graph_merge_editor_panel/lib:/root/dddmr_navigation/install/pose_graph_editor_panel/lib:/root/dddmr_navigation/install/mcl_3dl/lib:/root/dddmr_navigation/install/mapping_panel/lib:/root/dddmr_navigation/install/map_editor_panel/lib:/root/dddmr_navigation/install/lego_loam_bor/lib:/root/dddmr_navigation/install/global_planner/lib:/root/dddmr_navigation/install/fast_lio/lib:/root/dddmr_navigation/install/dddmr_rviz_default_plugins/lib:/root/dddmr_navigation/install/cloud_msgs/lib:/root/livox_ws/install/livox_ros_driver2/lib:/opt/ros/humble/opt/rviz_ogre_vendor/lib:/opt/ros/humble/lib/x86_64-linux-gnu:/opt/ros/humble/lib /usr/bin/cmake --build /root/dddmr_navigation/build/local_planner -- -j28 -l28
[272.243s] DEBUG:colcon.colcon_core.event_handler.log_command:Invoking command in '/root/dddmr_navigation/build/local_planner': CMAKE_PREFIX_PATH=/root/dddmr_navigation/install/trajectory_generators:/root/dddmr_navigation/install/mpc_critics:/root/dddmr_navigation/install/perception_3d:/root/dddmr_navigation/install/dddmr_sys_core:/root/dddmr_navigation/install/base_trajectory:/root/dddmr_navigation/install/p2p_move_base:/root/dddmr_navigation/install/recovery_behaviors:/root/dddmr_navigation/install/local_planner:/root/dddmr_navigation/install/pose_graph_merge_editor_panel:/root/dddmr_navigation/install/pose_graph_editor_panel:/root/dddmr_navigation/install/mcl_3dl:/root/dddmr_navigation/install/mapping_panel:/root/dddmr_navigation/install/map_editor_panel:/root/dddmr_navigation/install/lego_loam_bor:/root/dddmr_navigation/install/global_planner:/root/dddmr_navigation/install/fast_lio:/root/dddmr_navigation/install/dddmr_trt:/root/dddmr_navigation/install/dddmr_semantic_segmentation:/root/dddmr_navigation/install/dddmr_rviz_default_plugins:/root/dddmr_navigation/install/dddmr_odom_3d:/root/dddmr_navigation/install/dddmr_fastlio_adapter:/root/dddmr_navigation/install/dddmr_beginner_guide:/root/dddmr_navigation/install/cloud_msgs:/root/livox_ws/install/livox_ros_driver2:/opt/ros/humble LD_LIBRARY_PATH=/root/dddmr_navigation/install/trajectory_generators/lib:/root/dddmr_navigation/install/mpc_critics/lib:/root/dddmr_navigation/install/perception_3d/lib:/root/dddmr_navigation/install/dddmr_sys_core/lib:/root/dddmr_navigation/install/base_trajectory/lib:/root/dddmr_navigation/install/p2p_move_base/lib:/root/dddmr_navigation/install/recovery_behaviors/lib:/root/dddmr_navigation/install/local_planner/lib:/root/dddmr_navigation/install/pose_graph_merge_editor_panel/lib:/root/dddmr_navigation/install/pose_graph_editor_panel/lib:/root/dddmr_navigation/install/mcl_3dl/lib:/root/dddmr_navigation/install/mapping_panel/lib:/root/dddmr_navigation/install/map_editor_panel/lib:/root/dddmr_navigation/install/lego_loam_bor/lib:/root/dddmr_navigation/install/global_planner/lib:/root/dddmr_navigation/install/fast_lio/lib:/root/dddmr_navigation/install/dddmr_rviz_default_plugins/lib:/root/dddmr_navigation/install/cloud_msgs/lib:/root/livox_ws/install/livox_ros_driver2/lib:/opt/ros/humble/opt/rviz_ogre_vendor/lib:/opt/ros/humble/lib/x86_64-linux-gnu:/opt/ros/humble/lib /usr/bin/cmake --install /root/dddmr_navigation/build/local_planner
[272.382s] Level 1:colcon.colcon_core.environment:create_environment_scripts_only(local_planner)
[272.384s] Level 1:colcon.colcon_core.environment:checking '/root/dddmr_navigation/install/local_planner' for CMake module files
[272.388s] DEBUG:colcon.colcon_core.event_handler.log_command:Invoked command in '/root/dddmr_navigation/build/local_planner' returned '0': CMAKE_PREFIX_PATH=/root/dddmr_navigation/install/trajectory_generators:/root/dddmr_navigation/install/mpc_critics:/root/dddmr_navigation/install/perception_3d:/root/dddmr_navigation/install/dddmr_sys_core:/root/dddmr_navigation/install/base_trajectory:/root/dddmr_navigation/install/p2p_move_base:/root/dddmr_navigation/install/recovery_behaviors:/root/dddmr_navigation/install/local_planner:/root/dddmr_navigation/install/pose_graph_merge_editor_panel:/root/dddmr_navigation/install/pose_graph_editor_panel:/root/dddmr_navigation/install/mcl_3dl:/root/dddmr_navigation/install/mapping_panel:/root/dddmr_navigation/install/map_editor_panel:/root/dddmr_navigation/install/lego_loam_bor:/root/dddmr_navigation/install/global_planner:/root/dddmr_navigation/install/fast_lio:/root/dddmr_navigation/install/dddmr_trt:/root/dddmr_navigation/install/dddmr_semantic_segmentation:/root/dddmr_navigation/install/dddmr_rviz_default_plugins:/root/dddmr_navigation/install/dddmr_odom_3d:/root/dddmr_navigation/install/dddmr_fastlio_adapter:/root/dddmr_navigation/install/dddmr_beginner_guide:/root/dddmr_navigation/install/cloud_msgs:/root/livox_ws/install/livox_ros_driver2:/opt/ros/humble LD_LIBRARY_PATH=/root/dddmr_navigation/install/trajectory_generators/lib:/root/dddmr_navigation/install/mpc_critics/lib:/root/dddmr_navigation/install/perception_3d/lib:/root/dddmr_navigation/install/dddmr_sys_core/lib:/root/dddmr_navigation/install/base_trajectory/lib:/root/dddmr_navigation/install/p2p_move_base/lib:/root/dddmr_navigation/install/recovery_behaviors/lib:/root/dddmr_navigation/install/local_planner/lib:/root/dddmr_navigation/install/pose_graph_merge_editor_panel/lib:/root/dddmr_navigation/install/pose_graph_editor_panel/lib:/root/dddmr_navigation/install/mcl_3dl/lib:/root/dddmr_navigation/install/mapping_panel/lib:/root/dddmr_navigation/install/map_editor_panel/lib:/root/dddmr_navigation/install/lego_loam_bor/lib:/root/dddmr_navigation/install/global_planner/lib:/root/dddmr_navigation/install/fast_lio/lib:/root/dddmr_navigation/install/dddmr_rviz_default_plugins/lib:/root/dddmr_navigation/install/cloud_msgs/lib:/root/livox_ws/install/livox_ros_driver2/lib:/opt/ros/humble/opt/rviz_ogre_vendor/lib:/opt/ros/humble/lib/x86_64-linux-gnu:/opt/ros/humble/lib /usr/bin/cmake --install /root/dddmr_navigation/build/local_planner
[272.391s] Level 1:colcon.colcon_core.environment:checking '/root/dddmr_navigation/install/local_planner' for CMake config files
[272.393s] Level 1:colcon.colcon_core.shell:create_environment_hook('local_planner', 'cmake_prefix_path')
[272.395s] INFO:colcon.colcon_core.shell:Creating environment hook '/root/dddmr_navigation/install/local_planner/share/local_planner/hook/cmake_prefix_path.ps1'
[272.398s] INFO:colcon.colcon_core.shell:Creating environment descriptor '/root/dddmr_navigation/install/local_planner/share/local_planner/hook/cmake_prefix_path.dsv'
[272.402s] INFO:colcon.colcon_core.shell:Creating environment hook '/root/dddmr_navigation/install/local_planner/share/local_planner/hook/cmake_prefix_path.sh'
[272.406s] Level 1:colcon.colcon_core.environment:checking '/root/dddmr_navigation/install/local_planner/lib'
[272.407s] Level 1:colcon.colcon_core.shell:create_environment_hook('local_planner', 'ld_library_path_lib')
[272.408s] INFO:colcon.colcon_core.shell:Creating environment hook '/root/dddmr_navigation/install/local_planner/share/local_planner/hook/ld_library_path_lib.ps1'
[272.411s] INFO:colcon.colcon_core.shell:Creating environment descriptor '/root/dddmr_navigation/install/local_planner/share/local_planner/hook/ld_library_path_lib.dsv'
[272.412s] INFO:colcon.colcon_core.shell:Creating environment hook '/root/dddmr_navigation/install/local_planner/share/local_planner/hook/ld_library_path_lib.sh'
[272.414s] Level 1:colcon.colcon_core.environment:checking '/root/dddmr_navigation/install/local_planner/bin'
[272.415s] Level 1:colcon.colcon_core.environment:checking '/root/dddmr_navigation/install/local_planner/lib/pkgconfig/local_planner.pc'
[272.416s] Level 1:colcon.colcon_core.environment:checking '/root/dddmr_navigation/install/local_planner/lib/python3.10/site-packages'
[272.418s] Level 1:colcon.colcon_core.environment:checking '/root/dddmr_navigation/install/local_planner/bin'
[272.420s] INFO:colcon.colcon_core.shell:Creating package script '/root/dddmr_navigation/install/local_planner/share/local_planner/package.ps1'
[272.423s] INFO:colcon.colcon_core.shell:Creating package descriptor '/root/dddmr_navigation/install/local_planner/share/local_planner/package.dsv'
[272.426s] INFO:colcon.colcon_core.shell:Creating package script '/root/dddmr_navigation/install/local_planner/share/local_planner/package.sh'
[272.428s] INFO:colcon.colcon_core.shell:Creating package script '/root/dddmr_navigation/install/local_planner/share/local_planner/package.bash'
[272.429s] INFO:colcon.colcon_core.shell:Creating package script '/root/dddmr_navigation/install/local_planner/share/local_planner/package.zsh'
[272.431s] Level 1:colcon.colcon_core.environment:create_file_with_runtime_dependencies(/root/dddmr_navigation/install/local_planner/share/colcon-core/packages/local_planner)
[272.434s] Level 1:colcon.colcon_core.environment:create_environment_scripts_only(local_planner)
[272.435s] Level 1:colcon.colcon_core.environment:checking '/root/dddmr_navigation/install/local_planner' for CMake module files
[272.438s] Level 1:colcon.colcon_core.environment:checking '/root/dddmr_navigation/install/local_planner' for CMake config files
[272.440s] Level 1:colcon.colcon_core.shell:create_environment_hook('local_planner', 'cmake_prefix_path')
[272.441s] INFO:colcon.colcon_core.shell:Creating environment hook '/root/dddmr_navigation/install/local_planner/share/local_planner/hook/cmake_prefix_path.ps1'
[272.444s] INFO:colcon.colcon_core.shell:Creating environment descriptor '/root/dddmr_navigation/install/local_planner/share/local_planner/hook/cmake_prefix_path.dsv'
[272.445s] INFO:colcon.colcon_core.shell:Creating environment hook '/root/dddmr_navigation/install/local_planner/share/local_planner/hook/cmake_prefix_path.sh'
[272.451s] Level 1:colcon.colcon_core.environment:checking '/root/dddmr_navigation/install/local_planner/lib'
[272.452s] Level 1:colcon.colcon_core.shell:create_environment_hook('local_planner', 'ld_library_path_lib')
[272.453s] INFO:colcon.colcon_core.shell:Creating environment hook '/root/dddmr_navigation/install/local_planner/share/local_planner/hook/ld_library_path_lib.ps1'
[272.455s] INFO:colcon.colcon_core.shell:Creating environment descriptor '/root/dddmr_navigation/install/local_planner/share/local_planner/hook/ld_library_path_lib.dsv'
[272.457s] INFO:colcon.colcon_core.shell:Creating environment hook '/root/dddmr_navigation/install/local_planner/share/local_planner/hook/ld_library_path_lib.sh'
[272.459s] Level 1:colcon.colcon_core.environment:checking '/root/dddmr_navigation/install/local_planner/bin'
[272.460s] Level 1:colcon.colcon_core.environment:checking '/root/dddmr_navigation/install/local_planner/lib/pkgconfig/local_planner.pc'
[272.461s] Level 1:colcon.colcon_core.environment:checking '/root/dddmr_navigation/install/local_planner/lib/python3.10/site-packages'
[272.463s] Level 1:colcon.colcon_core.environment:checking '/root/dddmr_navigation/install/local_planner/bin'
[272.465s] INFO:colcon.colcon_core.shell:Creating package script '/root/dddmr_navigation/install/local_planner/share/local_planner/package.ps1'
[272.470s] INFO:colcon.colcon_core.shell:Creating package descriptor '/root/dddmr_navigation/install/local_planner/share/local_planner/package.dsv'
[272.474s] INFO:colcon.colcon_core.shell:Creating package script '/root/dddmr_navigation/install/local_planner/share/local_planner/package.sh'
[272.476s] INFO:colcon.colcon_core.shell:Creating package script '/root/dddmr_navigation/install/local_planner/share/local_planner/package.bash'
[272.480s] INFO:colcon.colcon_core.shell:Creating package script '/root/dddmr_navigation/install/local_planner/share/local_planner/package.zsh'
[272.484s] Level 1:colcon.colcon_core.environment:create_file_with_runtime_dependencies(/root/dddmr_navigation/install/local_planner/share/colcon-core/packages/local_planner)
[721.256s] DEBUG:colcon.colcon_core.event_handler.log_command:Invoked command in '/root/dddmr_navigation/build/lego_loam_bor' returned '0': CMAKE_PREFIX_PATH=/root/dddmr_navigation/install/dddmr_trt:/root/dddmr_navigation/install/dddmr_sys_core:/root/dddmr_navigation/install/cloud_msgs:/root/dddmr_navigation/install/p2p_move_base:/root/dddmr_navigation/install/recovery_behaviors:/root/dddmr_navigation/install/local_planner:/root/dddmr_navigation/install/trajectory_generators:/root/dddmr_navigation/install/pose_graph_merge_editor_panel:/root/dddmr_navigation/install/pose_graph_editor_panel:/root/dddmr_navigation/install/perception_3d:/root/dddmr_navigation/install/mpc_critics:/root/dddmr_navigation/install/mcl_3dl:/root/dddmr_navigation/install/mapping_panel:/root/dddmr_navigation/install/map_editor_panel:/root/dddmr_navigation/install/lego_loam_bor:/root/dddmr_navigation/install/global_planner:/root/dddmr_navigation/install/fast_lio:/root/dddmr_navigation/install/dddmr_semantic_segmentation:/root/dddmr_navigation/install/dddmr_rviz_default_plugins:/root/dddmr_navigation/install/dddmr_odom_3d:/root/dddmr_navigation/install/dddmr_fastlio_adapter:/root/dddmr_navigation/install/dddmr_beginner_guide:/root/dddmr_navigation/install/base_trajectory:/root/livox_ws/install/livox_ros_driver2:/opt/ros/humble LD_LIBRARY_PATH=/root/dddmr_navigation/install/dddmr_sys_core/lib:/root/dddmr_navigation/install/cloud_msgs/lib:/root/dddmr_navigation/install/p2p_move_base/lib:/root/dddmr_navigation/install/recovery_behaviors/lib:/root/dddmr_navigation/install/local_planner/lib:/root/dddmr_navigation/install/trajectory_generators/lib:/root/dddmr_navigation/install/pose_graph_merge_editor_panel/lib:/root/dddmr_navigation/install/pose_graph_editor_panel/lib:/root/dddmr_navigation/install/perception_3d/lib:/root/dddmr_navigation/install/mpc_critics/lib:/root/dddmr_navigation/install/mcl_3dl/lib:/root/dddmr_navigation/install/mapping_panel/lib:/root/dddmr_navigation/install/map_editor_panel/lib:/root/dddmr_navigation/install/lego_loam_bor/lib:/root/dddmr_navigation/install/global_planner/lib:/root/dddmr_navigation/install/fast_lio/lib:/root/dddmr_navigation/install/dddmr_rviz_default_plugins/lib:/root/dddmr_navigation/install/base_trajectory/lib:/root/livox_ws/install/livox_ros_driver2/lib:/opt/ros/humble/opt/rviz_ogre_vendor/lib:/opt/ros/humble/lib/x86_64-linux-gnu:/opt/ros/humble/lib /usr/bin/cmake --build /root/dddmr_navigation/build/lego_loam_bor -- -j28 -l28
[721.273s] DEBUG:colcon.colcon_core.event_handler.log_command:Invoking command in '/root/dddmr_navigation/build/lego_loam_bor': CMAKE_PREFIX_PATH=/root/dddmr_navigation/install/dddmr_trt:/root/dddmr_navigation/install/dddmr_sys_core:/root/dddmr_navigation/install/cloud_msgs:/root/dddmr_navigation/install/p2p_move_base:/root/dddmr_navigation/install/recovery_behaviors:/root/dddmr_navigation/install/local_planner:/root/dddmr_navigation/install/trajectory_generators:/root/dddmr_navigation/install/pose_graph_merge_editor_panel:/root/dddmr_navigation/install/pose_graph_editor_panel:/root/dddmr_navigation/install/perception_3d:/root/dddmr_navigation/install/mpc_critics:/root/dddmr_navigation/install/mcl_3dl:/root/dddmr_navigation/install/mapping_panel:/root/dddmr_navigation/install/map_editor_panel:/root/dddmr_navigation/install/lego_loam_bor:/root/dddmr_navigation/install/global_planner:/root/dddmr_navigation/install/fast_lio:/root/dddmr_navigation/install/dddmr_semantic_segmentation:/root/dddmr_navigation/install/dddmr_rviz_default_plugins:/root/dddmr_navigation/install/dddmr_odom_3d:/root/dddmr_navigation/install/dddmr_fastlio_adapter:/root/dddmr_navigation/install/dddmr_beginner_guide:/root/dddmr_navigation/install/base_trajectory:/root/livox_ws/install/livox_ros_driver2:/opt/ros/humble LD_LIBRARY_PATH=/root/dddmr_navigation/install/dddmr_sys_core/lib:/root/dddmr_navigation/install/cloud_msgs/lib:/root/dddmr_navigation/install/p2p_move_base/lib:/root/dddmr_navigation/install/recovery_behaviors/lib:/root/dddmr_navigation/install/local_planner/lib:/root/dddmr_navigation/install/trajectory_generators/lib:/root/dddmr_navigation/install/pose_graph_merge_editor_panel/lib:/root/dddmr_navigation/install/pose_graph_editor_panel/lib:/root/dddmr_navigation/install/perception_3d/lib:/root/dddmr_navigation/install/mpc_critics/lib:/root/dddmr_navigation/install/mcl_3dl/lib:/root/dddmr_navigation/install/mapping_panel/lib:/root/dddmr_navigation/install/map_editor_panel/lib:/root/dddmr_navigation/install/lego_loam_bor/lib:/root/dddmr_navigation/install/global_planner/lib:/root/dddmr_navigation/install/fast_lio/lib:/root/dddmr_navigation/install/dddmr_rviz_default_plugins/lib:/root/dddmr_navigation/install/base_trajectory/lib:/root/livox_ws/install/livox_ros_driver2/lib:/opt/ros/humble/opt/rviz_ogre_vendor/lib:/opt/ros/humble/lib/x86_64-linux-gnu:/opt/ros/humble/lib /usr/bin/cmake --install /root/dddmr_navigation/build/lego_loam_bor
[721.431s] Level 1:colcon.colcon_core.environment:create_environment_scripts_only(lego_loam_bor)
[721.432s] Level 1:colcon.colcon_core.environment:checking '/root/dddmr_navigation/install/lego_loam_bor' for CMake module files
[721.436s] DEBUG:colcon.colcon_core.event_handler.log_command:Invoked command in '/root/dddmr_navigation/build/lego_loam_bor' returned '0': CMAKE_PREFIX_PATH=/root/dddmr_navigation/install/dddmr_trt:/root/dddmr_navigation/install/dddmr_sys_core:/root/dddmr_navigation/install/cloud_msgs:/root/dddmr_navigation/install/p2p_move_base:/root/dddmr_navigation/install/recovery_behaviors:/root/dddmr_navigation/install/local_planner:/root/dddmr_navigation/install/trajectory_generators:/root/dddmr_navigation/install/pose_graph_merge_editor_panel:/root/dddmr_navigation/install/pose_graph_editor_panel:/root/dddmr_navigation/install/perception_3d:/root/dddmr_navigation/install/mpc_critics:/root/dddmr_navigation/install/mcl_3dl:/root/dddmr_navigation/install/mapping_panel:/root/dddmr_navigation/install/map_editor_panel:/root/dddmr_navigation/install/lego_loam_bor:/root/dddmr_navigation/install/global_planner:/root/dddmr_navigation/install/fast_lio:/root/dddmr_navigation/install/dddmr_semantic_segmentation:/root/dddmr_navigation/install/dddmr_rviz_default_plugins:/root/dddmr_navigation/install/dddmr_odom_3d:/root/dddmr_navigation/install/dddmr_fastlio_adapter:/root/dddmr_navigation/install/dddmr_beginner_guide:/root/dddmr_navigation/install/base_trajectory:/root/livox_ws/install/livox_ros_driver2:/opt/ros/humble LD_LIBRARY_PATH=/root/dddmr_navigation/install/dddmr_sys_core/lib:/root/dddmr_navigation/install/cloud_msgs/lib:/root/dddmr_navigation/install/p2p_move_base/lib:/root/dddmr_navigation/install/recovery_behaviors/lib:/root/dddmr_navigation/install/local_planner/lib:/root/dddmr_navigation/install/trajectory_generators/lib:/root/dddmr_navigation/install/pose_graph_merge_editor_panel/lib:/root/dddmr_navigation/install/pose_graph_editor_panel/lib:/root/dddmr_navigation/install/perception_3d/lib:/root/dddmr_navigation/install/mpc_critics/lib:/root/dddmr_navigation/install/mcl_3dl/lib:/root/dddmr_navigation/install/mapping_panel/lib:/root/dddmr_navigation/install/map_editor_panel/lib:/root/dddmr_navigation/install/lego_loam_bor/lib:/root/dddmr_navigation/install/global_planner/lib:/root/dddmr_navigation/install/fast_lio/lib:/root/dddmr_navigation/install/dddmr_rviz_default_plugins/lib:/root/dddmr_navigation/install/base_trajectory/lib:/root/livox_ws/install/livox_ros_driver2/lib:/opt/ros/humble/opt/rviz_ogre_vendor/lib:/opt/ros/humble/lib/x86_64-linux-gnu:/opt/ros/humble/lib /usr/bin/cmake --install /root/dddmr_navigation/build/lego_loam_bor
[721.439s] Level 1:colcon.colcon_core.environment:checking '/root/dddmr_navigation/install/lego_loam_bor' for CMake config files
[721.441s] Level 1:colcon.colcon_core.shell:create_environment_hook('lego_loam_bor', 'cmake_prefix_path')
[721.443s] INFO:colcon.colcon_core.shell:Creating environment hook '/root/dddmr_navigation/install/lego_loam_bor/share/lego_loam_bor/hook/cmake_prefix_path.ps1'
[721.446s] INFO:colcon.colcon_core.shell:Creating environment descriptor '/root/dddmr_navigation/install/lego_loam_bor/share/lego_loam_bor/hook/cmake_prefix_path.dsv'
[721.448s] INFO:colcon.colcon_core.shell:Creating environment hook '/root/dddmr_navigation/install/lego_loam_bor/share/lego_loam_bor/hook/cmake_prefix_path.sh'
[721.451s] Level 1:colcon.colcon_core.environment:checking '/root/dddmr_navigation/install/lego_loam_bor/lib'
[721.451s] Level 1:colcon.colcon_core.shell:create_environment_hook('lego_loam_bor', 'ld_library_path_lib')
[721.452s] INFO:colcon.colcon_core.shell:Creating environment hook '/root/dddmr_navigation/install/lego_loam_bor/share/lego_loam_bor/hook/ld_library_path_lib.ps1'
[721.454s] INFO:colcon.colcon_core.shell:Creating environment descriptor '/root/dddmr_navigation/install/lego_loam_bor/share/lego_loam_bor/hook/ld_library_path_lib.dsv'
[721.456s] INFO:colcon.colcon_core.shell:Creating environment hook '/root/dddmr_navigation/install/lego_loam_bor/share/lego_loam_bor/hook/ld_library_path_lib.sh'
[721.458s] Level 1:colcon.colcon_core.environment:checking '/root/dddmr_navigation/install/lego_loam_bor/bin'
[721.459s] Level 1:colcon.colcon_core.environment:checking '/root/dddmr_navigation/install/lego_loam_bor/lib/pkgconfig/lego_loam_bor.pc'
[721.460s] Level 1:colcon.colcon_core.environment:checking '/root/dddmr_navigation/install/lego_loam_bor/lib/python3.10/site-packages'
[721.462s] Level 1:colcon.colcon_core.environment:checking '/root/dddmr_navigation/install/lego_loam_bor/bin'
[721.464s] INFO:colcon.colcon_core.shell:Creating package script '/root/dddmr_navigation/install/lego_loam_bor/share/lego_loam_bor/package.ps1'
[721.467s] INFO:colcon.colcon_core.shell:Creating package descriptor '/root/dddmr_navigation/install/lego_loam_bor/share/lego_loam_bor/package.dsv'
[721.469s] INFO:colcon.colcon_core.shell:Creating package script '/root/dddmr_navigation/install/lego_loam_bor/share/lego_loam_bor/package.sh'
[721.471s] INFO:colcon.colcon_core.shell:Creating package script '/root/dddmr_navigation/install/lego_loam_bor/share/lego_loam_bor/package.bash'
[721.473s] INFO:colcon.colcon_core.shell:Creating package script '/root/dddmr_navigation/install/lego_loam_bor/share/lego_loam_bor/package.zsh'
[721.474s] Level 1:colcon.colcon_core.environment:create_file_with_runtime_dependencies(/root/dddmr_navigation/install/lego_loam_bor/share/colcon-core/packages/lego_loam_bor)
[721.477s] Level 1:colcon.colcon_core.environment:create_environment_scripts_only(lego_loam_bor)
[721.478s] Level 1:colcon.colcon_core.environment:checking '/root/dddmr_navigation/install/lego_loam_bor' for CMake module files
[721.481s] Level 1:colcon.colcon_core.environment:checking '/root/dddmr_navigation/install/lego_loam_bor' for CMake config files
[721.484s] Level 1:colcon.colcon_core.shell:create_environment_hook('lego_loam_bor', 'cmake_prefix_path')
[721.485s] INFO:colcon.colcon_core.shell:Creating environment hook '/root/dddmr_navigation/install/lego_loam_bor/share/lego_loam_bor/hook/cmake_prefix_path.ps1'
[721.487s] INFO:colcon.colcon_core.shell:Creating environment descriptor '/root/dddmr_navigation/install/lego_loam_bor/share/lego_loam_bor/hook/cmake_prefix_path.dsv'
[721.489s] INFO:colcon.colcon_core.shell:Creating environment hook '/root/dddmr_navigation/install/lego_loam_bor/share/lego_loam_bor/hook/cmake_prefix_path.sh'
[721.492s] Level 1:colcon.colcon_core.environment:checking '/root/dddmr_navigation/install/lego_loam_bor/lib'
[721.493s] Level 1:colcon.colcon_core.shell:create_environment_hook('lego_loam_bor', 'ld_library_path_lib')
[721.494s] INFO:colcon.colcon_core.shell:Creating environment hook '/root/dddmr_navigation/install/lego_loam_bor/share/lego_loam_bor/hook/ld_library_path_lib.ps1'
[721.496s] INFO:colcon.colcon_core.shell:Creating environment descriptor '/root/dddmr_navigation/install/lego_loam_bor/share/lego_loam_bor/hook/ld_library_path_lib.dsv'
[721.498s] INFO:colcon.colcon_core.shell:Creating environment hook '/root/dddmr_navigation/install/lego_loam_bor/share/lego_loam_bor/hook/ld_library_path_lib.sh'
[721.499s] Level 1:colcon.colcon_core.environment:checking '/root/dddmr_navigation/install/lego_loam_bor/bin'
[721.500s] Level 1:colcon.colcon_core.environment:checking '/root/dddmr_navigation/install/lego_loam_bor/lib/pkgconfig/lego_loam_bor.pc'
[721.501s] Level 1:colcon.colcon_core.environment:checking '/root/dddmr_navigation/install/lego_loam_bor/lib/python3.10/site-packages'
[721.503s] Level 1:colcon.colcon_core.environment:checking '/root/dddmr_navigation/install/lego_loam_bor/bin'
[721.505s] INFO:colcon.colcon_core.shell:Creating package script '/root/dddmr_navigation/install/lego_loam_bor/share/lego_loam_bor/package.ps1'
[721.511s] INFO:colcon.colcon_core.shell:Creating package descriptor '/root/dddmr_navigation/install/lego_loam_bor/share/lego_loam_bor/package.dsv'
[721.513s] INFO:colcon.colcon_core.shell:Creating package script '/root/dddmr_navigation/install/lego_loam_bor/share/lego_loam_bor/package.sh'
[721.516s] INFO:colcon.colcon_core.shell:Creating package script '/root/dddmr_navigation/install/lego_loam_bor/share/lego_loam_bor/package.bash'
[721.518s] INFO:colcon.colcon_core.shell:Creating package script '/root/dddmr_navigation/install/lego_loam_bor/share/lego_loam_bor/package.zsh'
[721.519s] Level 1:colcon.colcon_core.environment:create_file_with_runtime_dependencies(/root/dddmr_navigation/install/lego_loam_bor/share/colcon-core/packages/lego_loam_bor)
[997.447s] DEBUG:colcon.colcon_core.event_handler.log_command:Invoked command in '/root/dddmr_navigation/build/recovery_behaviors' returned '0': CMAKE_PREFIX_PATH=/root/dddmr_navigation/install/trajectory_generators:/root/dddmr_navigation/install/mpc_critics:/root/dddmr_navigation/install/perception_3d:/root/dddmr_navigation/install/dddmr_sys_core:/root/dddmr_navigation/install/base_trajectory:/root/dddmr_navigation/install/p2p_move_base:/root/dddmr_navigation/install/recovery_behaviors:/root/dddmr_navigation/install/local_planner:/root/dddmr_navigation/install/pose_graph_merge_editor_panel:/root/dddmr_navigation/install/pose_graph_editor_panel:/root/dddmr_navigation/install/mcl_3dl:/root/dddmr_navigation/install/mapping_panel:/root/dddmr_navigation/install/map_editor_panel:/root/dddmr_navigation/install/lego_loam_bor:/root/dddmr_navigation/install/global_planner:/root/dddmr_navigation/install/fast_lio:/root/dddmr_navigation/install/dddmr_trt:/root/dddmr_navigation/install/dddmr_semantic_segmentation:/root/dddmr_navigation/install/dddmr_rviz_default_plugins:/root/dddmr_navigation/install/dddmr_odom_3d:/root/dddmr_navigation/install/dddmr_fastlio_adapter:/root/dddmr_navigation/install/dddmr_beginner_guide:/root/dddmr_navigation/install/cloud_msgs:/root/livox_ws/install/livox_ros_driver2:/opt/ros/humble LD_LIBRARY_PATH=/root/dddmr_navigation/install/trajectory_generators/lib:/root/dddmr_navigation/install/mpc_critics/lib:/root/dddmr_navigation/install/perception_3d/lib:/root/dddmr_navigation/install/dddmr_sys_core/lib:/root/dddmr_navigation/install/base_trajectory/lib:/root/dddmr_navigation/install/p2p_move_base/lib:/root/dddmr_navigation/install/recovery_behaviors/lib:/root/dddmr_navigation/install/local_planner/lib:/root/dddmr_navigation/install/pose_graph_merge_editor_panel/lib:/root/dddmr_navigation/install/pose_graph_editor_panel/lib:/root/dddmr_navigation/install/mcl_3dl/lib:/root/dddmr_navigation/install/mapping_panel/lib:/root/dddmr_navigation/install/map_editor_panel/lib:/root/dddmr_navigation/install/lego_loam_bor/lib:/root/dddmr_navigation/install/global_planner/lib:/root/dddmr_navigation/install/fast_lio/lib:/root/dddmr_navigation/install/dddmr_rviz_default_plugins/lib:/root/dddmr_navigation/install/cloud_msgs/lib:/root/livox_ws/install/livox_ros_driver2/lib:/opt/ros/humble/opt/rviz_ogre_vendor/lib:/opt/ros/humble/lib/x86_64-linux-gnu:/opt/ros/humble/lib /usr/bin/cmake --build /root/dddmr_navigation/build/recovery_behaviors -- -j28 -l28
[997.448s] DEBUG:colcon.colcon_core.event_handler.log_command:Invoking command in '/root/dddmr_navigation/build/recovery_behaviors': CMAKE_PREFIX_PATH=/root/dddmr_navigation/install/trajectory_generators:/root/dddmr_navigation/install/mpc_critics:/root/dddmr_navigation/install/perception_3d:/root/dddmr_navigation/install/dddmr_sys_core:/root/dddmr_navigation/install/base_trajectory:/root/dddmr_navigation/install/p2p_move_base:/root/dddmr_navigation/install/recovery_behaviors:/root/dddmr_navigation/install/local_planner:/root/dddmr_navigation/install/pose_graph_merge_editor_panel:/root/dddmr_navigation/install/pose_graph_editor_panel:/root/dddmr_navigation/install/mcl_3dl:/root/dddmr_navigation/install/mapping_panel:/root/dddmr_navigation/install/map_editor_panel:/root/dddmr_navigation/install/lego_loam_bor:/root/dddmr_navigation/install/global_planner:/root/dddmr_navigation/install/fast_lio:/root/dddmr_navigation/install/dddmr_trt:/root/dddmr_navigation/install/dddmr_semantic_segmentation:/root/dddmr_navigation/install/dddmr_rviz_default_plugins:/root/dddmr_navigation/install/dddmr_odom_3d:/root/dddmr_navigation/install/dddmr_fastlio_adapter:/root/dddmr_navigation/install/dddmr_beginner_guide:/root/dddmr_navigation/install/cloud_msgs:/root/livox_ws/install/livox_ros_driver2:/opt/ros/humble LD_LIBRARY_PATH=/root/dddmr_navigation/install/trajectory_generators/lib:/root/dddmr_navigation/install/mpc_critics/lib:/root/dddmr_navigation/install/perception_3d/lib:/root/dddmr_navigation/install/dddmr_sys_core/lib:/root/dddmr_navigation/install/base_trajectory/lib:/root/dddmr_navigation/install/p2p_move_base/lib:/root/dddmr_navigation/install/recovery_behaviors/lib:/root/dddmr_navigation/install/local_planner/lib:/root/dddmr_navigation/install/pose_graph_merge_editor_panel/lib:/root/dddmr_navigation/install/pose_graph_editor_panel/lib:/root/dddmr_navigation/install/mcl_3dl/lib:/root/dddmr_navigation/install/mapping_panel/lib:/root/dddmr_navigation/install/map_editor_panel/lib:/root/dddmr_navigation/install/lego_loam_bor/lib:/root/dddmr_navigation/install/global_planner/lib:/root/dddmr_navigation/install/fast_lio/lib:/root/dddmr_navigation/install/dddmr_rviz_default_plugins/lib:/root/dddmr_navigation/install/cloud_msgs/lib:/root/livox_ws/install/livox_ros_driver2/lib:/opt/ros/humble/opt/rviz_ogre_vendor/lib:/opt/ros/humble/lib/x86_64-linux-gnu:/opt/ros/humble/lib /usr/bin/cmake --install /root/dddmr_navigation/build/recovery_behaviors
[997.461s] Level 1:colcon.colcon_core.environment:create_environment_scripts_only(recovery_behaviors)
[997.461s] Level 1:colcon.colcon_core.environment:checking '/root/dddmr_navigation/install/recovery_behaviors' for CMake module files
[997.461s] DEBUG:colcon.colcon_core.event_handler.log_command:Invoked command in '/root/dddmr_navigation/build/recovery_behaviors' returned '0': CMAKE_PREFIX_PATH=/root/dddmr_navigation/install/trajectory_generators:/root/dddmr_navigation/install/mpc_critics:/root/dddmr_navigation/install/perception_3d:/root/dddmr_navigation/install/dddmr_sys_core:/root/dddmr_navigation/install/base_trajectory:/root/dddmr_navigation/install/p2p_move_base:/root/dddmr_navigation/install/recovery_behaviors:/root/dddmr_navigation/install/local_planner:/root/dddmr_navigation/install/pose_graph_merge_editor_panel:/root/dddmr_navigation/install/pose_graph_editor_panel:/root/dddmr_navigation/install/mcl_3dl:/root/dddmr_navigation/install/mapping_panel:/root/dddmr_navigation/install/map_editor_panel:/root/dddmr_navigation/install/lego_loam_bor:/root/dddmr_navigation/install/global_planner:/root/dddmr_navigation/install/fast_lio:/root/dddmr_navigation/install/dddmr_trt:/root/dddmr_navigation/install/dddmr_semantic_segmentation:/root/dddmr_navigation/install/dddmr_rviz_default_plugins:/root/dddmr_navigation/install/dddmr_odom_3d:/root/dddmr_navigation/install/dddmr_fastlio_adapter:/root/dddmr_navigation/install/dddmr_beginner_guide:/root/dddmr_navigation/install/cloud_msgs:/root/livox_ws/install/livox_ros_driver2:/opt/ros/humble LD_LIBRARY_PATH=/root/dddmr_navigation/install/trajectory_generators/lib:/root/dddmr_navigation/install/mpc_critics/lib:/root/dddmr_navigation/install/perception_3d/lib:/root/dddmr_navigation/install/dddmr_sys_core/lib:/root/dddmr_navigation/install/base_trajectory/lib:/root/dddmr_navigation/install/p2p_move_base/lib:/root/dddmr_navigation/install/recovery_behaviors/lib:/root/dddmr_navigation/install/local_planner/lib:/root/dddmr_navigation/install/pose_graph_merge_editor_panel/lib:/root/dddmr_navigation/install/pose_graph_editor_panel/lib:/root/dddmr_navigation/install/mcl_3dl/lib:/root/dddmr_navigation/install/mapping_panel/lib:/root/dddmr_navigation/install/map_editor_panel/lib:/root/dddmr_navigation/install/lego_loam_bor/lib:/root/dddmr_navigation/install/global_planner/lib:/root/dddmr_navigation/install/fast_lio/lib:/root/dddmr_navigation/install/dddmr_rviz_default_plugins/lib:/root/dddmr_navigation/install/cloud_msgs/lib:/root/livox_ws/install/livox_ros_driver2/lib:/opt/ros/humble/opt/rviz_ogre_vendor/lib:/opt/ros/humble/lib/x86_64-linux-gnu:/opt/ros/humble/lib /usr/bin/cmake --install /root/dddmr_navigation/build/recovery_behaviors
[997.462s] Level 1:colcon.colcon_core.environment:checking '/root/dddmr_navigation/install/recovery_behaviors' for CMake config files
[997.462s] Level 1:colcon.colcon_core.shell:create_environment_hook('recovery_behaviors', 'cmake_prefix_path')
[997.462s] INFO:colcon.colcon_core.shell:Creating environment hook '/root/dddmr_navigation/install/recovery_behaviors/share/recovery_behaviors/hook/cmake_prefix_path.ps1'
[997.463s] INFO:colcon.colcon_core.shell:Creating environment descriptor '/root/dddmr_navigation/install/recovery_behaviors/share/recovery_behaviors/hook/cmake_prefix_path.dsv'
[997.463s] INFO:colcon.colcon_core.shell:Creating environment hook '/root/dddmr_navigation/install/recovery_behaviors/share/recovery_behaviors/hook/cmake_prefix_path.sh'
[997.463s] Level 1:colcon.colcon_core.environment:checking '/root/dddmr_navigation/install/recovery_behaviors/lib'
[997.463s] Level 1:colcon.colcon_core.shell:create_environment_hook('recovery_behaviors', 'ld_library_path_lib')
[997.463s] INFO:colcon.colcon_core.shell:Creating environment hook '/root/dddmr_navigation/install/recovery_behaviors/share/recovery_behaviors/hook/ld_library_path_lib.ps1'
[997.463s] INFO:colcon.colcon_core.shell:Creating environment descriptor '/root/dddmr_navigation/install/recovery_behaviors/share/recovery_behaviors/hook/ld_library_path_lib.dsv'
[997.463s] INFO:colcon.colcon_core.shell:Creating environment hook '/root/dddmr_navigation/install/recovery_behaviors/share/recovery_behaviors/hook/ld_library_path_lib.sh'
[997.464s] Level 1:colcon.colcon_core.environment:checking '/root/dddmr_navigation/install/recovery_behaviors/bin'
[997.464s] Level 1:colcon.colcon_core.environment:checking '/root/dddmr_navigation/install/recovery_behaviors/lib/pkgconfig/recovery_behaviors.pc'
[997.464s] Level 1:colcon.colcon_core.environment:checking '/root/dddmr_navigation/install/recovery_behaviors/lib/python3.10/site-packages'
[997.464s] Level 1:colcon.colcon_core.environment:checking '/root/dddmr_navigation/install/recovery_behaviors/bin'
[997.464s] INFO:colcon.colcon_core.shell:Creating package script '/root/dddmr_navigation/install/recovery_behaviors/share/recovery_behaviors/package.ps1'
[997.464s] INFO:colcon.colcon_core.shell:Creating package descriptor '/root/dddmr_navigation/install/recovery_behaviors/share/recovery_behaviors/package.dsv'
[997.464s] INFO:colcon.colcon_core.shell:Creating package script '/root/dddmr_navigation/install/recovery_behaviors/share/recovery_behaviors/package.sh'
[997.465s] INFO:colcon.colcon_core.shell:Creating package script '/root/dddmr_navigation/install/recovery_behaviors/share/recovery_behaviors/package.bash'
[997.465s] INFO:colcon.colcon_core.shell:Creating package script '/root/dddmr_navigation/install/recovery_behaviors/share/recovery_behaviors/package.zsh'
[997.465s] Level 1:colcon.colcon_core.environment:create_file_with_runtime_dependencies(/root/dddmr_navigation/install/recovery_behaviors/share/colcon-core/packages/recovery_behaviors)
[997.465s] Level 1:colcon.colcon_core.environment:create_environment_scripts_only(recovery_behaviors)
[997.465s] Level 1:colcon.colcon_core.environment:checking '/root/dddmr_navigation/install/recovery_behaviors' for CMake module files
[997.465s] Level 1:colcon.colcon_core.environment:checking '/root/dddmr_navigation/install/recovery_behaviors' for CMake config files
[997.466s] Level 1:colcon.colcon_core.shell:create_environment_hook('recovery_behaviors', 'cmake_prefix_path')
[997.466s] INFO:colcon.colcon_core.shell:Creating environment hook '/root/dddmr_navigation/install/recovery_behaviors/share/recovery_behaviors/hook/cmake_prefix_path.ps1'
[997.466s] INFO:colcon.colcon_core.shell:Creating environment descriptor '/root/dddmr_navigation/install/recovery_behaviors/share/recovery_behaviors/hook/cmake_prefix_path.dsv'
[997.466s] INFO:colcon.colcon_core.shell:Creating environment hook '/root/dddmr_navigation/install/recovery_behaviors/share/recovery_behaviors/hook/cmake_prefix_path.sh'
[997.466s] Level 1:colcon.colcon_core.environment:checking '/root/dddmr_navigation/install/recovery_behaviors/lib'
[997.466s] Level 1:colcon.colcon_core.shell:create_environment_hook('recovery_behaviors', 'ld_library_path_lib')
[997.466s] INFO:colcon.colcon_core.shell:Creating environment hook '/root/dddmr_navigation/install/recovery_behaviors/share/recovery_behaviors/hook/ld_library_path_lib.ps1'
[997.466s] INFO:colcon.colcon_core.shell:Creating environment descriptor '/root/dddmr_navigation/install/recovery_behaviors/share/recovery_behaviors/hook/ld_library_path_lib.dsv'
[997.467s] INFO:colcon.colcon_core.shell:Creating environment hook '/root/dddmr_navigation/install/recovery_behaviors/share/recovery_behaviors/hook/ld_library_path_lib.sh'
[997.467s] Level 1:colcon.colcon_core.environment:checking '/root/dddmr_navigation/install/recovery_behaviors/bin'
[997.467s] Level 1:colcon.colcon_core.environment:checking '/root/dddmr_navigation/install/recovery_behaviors/lib/pkgconfig/recovery_behaviors.pc'
[997.467s] Level 1:colcon.colcon_core.environment:checking '/root/dddmr_navigation/install/recovery_behaviors/lib/python3.10/site-packages'
[997.467s] Level 1:colcon.colcon_core.environment:checking '/root/dddmr_navigation/install/recovery_behaviors/bin'
[997.468s] INFO:colcon.colcon_core.shell:Creating package script '/root/dddmr_navigation/install/recovery_behaviors/share/recovery_behaviors/package.ps1'
[997.468s] INFO:colcon.colcon_core.shell:Creating package descriptor '/root/dddmr_navigation/install/recovery_behaviors/share/recovery_behaviors/package.dsv'
[997.468s] INFO:colcon.colcon_core.shell:Creating package script '/root/dddmr_navigation/install/recovery_behaviors/share/recovery_behaviors/package.sh'
[997.468s] INFO:colcon.colcon_core.shell:Creating package script '/root/dddmr_navigation/install/recovery_behaviors/share/recovery_behaviors/package.bash'
[997.468s] INFO:colcon.colcon_core.shell:Creating package script '/root/dddmr_navigation/install/recovery_behaviors/share/recovery_behaviors/package.zsh'
[997.469s] Level 1:colcon.colcon_core.environment:create_file_with_runtime_dependencies(/root/dddmr_navigation/install/recovery_behaviors/share/colcon-core/packages/recovery_behaviors)
[997.469s] INFO:colcon.colcon_ros.task.ament_cmake.build:Building ROS package in '/root/dddmr_navigation/src/dddmr_p2p_move_base' with build type 'ament_cmake'
[997.469s] INFO:colcon.colcon_cmake.task.cmake.build:Building CMake package in '/root/dddmr_navigation/src/dddmr_p2p_move_base'
[997.469s] INFO:colcon.colcon_core.shell:Skip shell extension 'powershell' for command environment: Not usable outside of PowerShell
[997.469s] DEBUG:colcon.colcon_core.shell:Skip shell extension 'dsv' for command environment
[997.490s] DEBUG:colcon.colcon_core.event_handler.log_command:Invoking command in '/root/dddmr_navigation/build/p2p_move_base': CMAKE_PREFIX_PATH=/root/dddmr_navigation/install/recovery_behaviors:/root/dddmr_navigation/install/local_planner:/root/dddmr_navigation/install/trajectory_generators:/root/dddmr_navigation/install/mpc_critics:/root/dddmr_navigation/install/perception_3d:/root/dddmr_navigation/install/dddmr_sys_core:/root/dddmr_navigation/install/base_trajectory:/root/dddmr_navigation/install/p2p_move_base:/root/dddmr_navigation/install/pose_graph_merge_editor_panel:/root/dddmr_navigation/install/pose_graph_editor_panel:/root/dddmr_navigation/install/mcl_3dl:/root/dddmr_navigation/install/mapping_panel:/root/dddmr_navigation/install/map_editor_panel:/root/dddmr_navigation/install/lego_loam_bor:/root/dddmr_navigation/install/global_planner:/root/dddmr_navigation/install/fast_lio:/root/dddmr_navigation/install/dddmr_trt:/root/dddmr_navigation/install/dddmr_semantic_segmentation:/root/dddmr_navigation/install/dddmr_rviz_default_plugins:/root/dddmr_navigation/install/dddmr_odom_3d:/root/dddmr_navigation/install/dddmr_fastlio_adapter:/root/dddmr_navigation/install/dddmr_beginner_guide:/root/dddmr_navigation/install/cloud_msgs:/root/livox_ws/install/livox_ros_driver2:/opt/ros/humble LD_LIBRARY_PATH=/root/dddmr_navigation/install/recovery_behaviors/lib:/root/dddmr_navigation/install/local_planner/lib:/root/dddmr_navigation/install/trajectory_generators/lib:/root/dddmr_navigation/install/mpc_critics/lib:/root/dddmr_navigation/install/perception_3d/lib:/root/dddmr_navigation/install/dddmr_sys_core/lib:/root/dddmr_navigation/install/base_trajectory/lib:/root/dddmr_navigation/install/p2p_move_base/lib:/root/dddmr_navigation/install/pose_graph_merge_editor_panel/lib:/root/dddmr_navigation/install/pose_graph_editor_panel/lib:/root/dddmr_navigation/install/mcl_3dl/lib:/root/dddmr_navigation/install/mapping_panel/lib:/root/dddmr_navigation/install/map_editor_panel/lib:/root/dddmr_navigation/install/lego_loam_bor/lib:/root/dddmr_navigation/install/global_planner/lib:/root/dddmr_navigation/install/fast_lio/lib:/root/dddmr_navigation/install/dddmr_rviz_default_plugins/lib:/root/dddmr_navigation/install/cloud_msgs/lib:/root/livox_ws/install/livox_ros_driver2/lib:/opt/ros/humble/opt/rviz_ogre_vendor/lib:/opt/ros/humble/lib/x86_64-linux-gnu:/opt/ros/humble/lib /usr/bin/cmake /root/dddmr_navigation/src/dddmr_p2p_move_base -DCMAKE_INSTALL_PREFIX=/root/dddmr_navigation/install/p2p_move_base
[999.563s] DEBUG:colcon.colcon_core.event_handler.log_command:Invoked command in '/root/dddmr_navigation/build/p2p_move_base' returned '0': CMAKE_PREFIX_PATH=/root/dddmr_navigation/install/recovery_behaviors:/root/dddmr_navigation/install/local_planner:/root/dddmr_navigation/install/trajectory_generators:/root/dddmr_navigation/install/mpc_critics:/root/dddmr_navigation/install/perception_3d:/root/dddmr_navigation/install/dddmr_sys_core:/root/dddmr_navigation/install/base_trajectory:/root/dddmr_navigation/install/p2p_move_base:/root/dddmr_navigation/install/pose_graph_merge_editor_panel:/root/dddmr_navigation/install/pose_graph_editor_panel:/root/dddmr_navigation/install/mcl_3dl:/root/dddmr_navigation/install/mapping_panel:/root/dddmr_navigation/install/map_editor_panel:/root/dddmr_navigation/install/lego_loam_bor:/root/dddmr_navigation/install/global_planner:/root/dddmr_navigation/install/fast_lio:/root/dddmr_navigation/install/dddmr_trt:/root/dddmr_navigation/install/dddmr_semantic_segmentation:/root/dddmr_navigation/install/dddmr_rviz_default_plugins:/root/dddmr_navigation/install/dddmr_odom_3d:/root/dddmr_navigation/install/dddmr_fastlio_adapter:/root/dddmr_navigation/install/dddmr_beginner_guide:/root/dddmr_navigation/install/cloud_msgs:/root/livox_ws/install/livox_ros_driver2:/opt/ros/humble LD_LIBRARY_PATH=/root/dddmr_navigation/install/recovery_behaviors/lib:/root/dddmr_navigation/install/local_planner/lib:/root/dddmr_navigation/install/trajectory_generators/lib:/root/dddmr_navigation/install/mpc_critics/lib:/root/dddmr_navigation/install/perception_3d/lib:/root/dddmr_navigation/install/dddmr_sys_core/lib:/root/dddmr_navigation/install/base_trajectory/lib:/root/dddmr_navigation/install/p2p_move_base/lib:/root/dddmr_navigation/install/pose_graph_merge_editor_panel/lib:/root/dddmr_navigation/install/pose_graph_editor_panel/lib:/root/dddmr_navigation/install/mcl_3dl/lib:/root/dddmr_navigation/install/mapping_panel/lib:/root/dddmr_navigation/install/map_editor_panel/lib:/root/dddmr_navigation/install/lego_loam_bor/lib:/root/dddmr_navigation/install/global_planner/lib:/root/dddmr_navigation/install/fast_lio/lib:/root/dddmr_navigation/install/dddmr_rviz_default_plugins/lib:/root/dddmr_navigation/install/cloud_msgs/lib:/root/livox_ws/install/livox_ros_driver2/lib:/opt/ros/humble/opt/rviz_ogre_vendor/lib:/opt/ros/humble/lib/x86_64-linux-gnu:/opt/ros/humble/lib /usr/bin/cmake /root/dddmr_navigation/src/dddmr_p2p_move_base -DCMAKE_INSTALL_PREFIX=/root/dddmr_navigation/install/p2p_move_base
[999.564s] DEBUG:colcon.colcon_core.event_handler.log_command:Invoking command in '/root/dddmr_navigation/build/p2p_move_base': CMAKE_PREFIX_PATH=/root/dddmr_navigation/install/recovery_behaviors:/root/dddmr_navigation/install/local_planner:/root/dddmr_navigation/install/trajectory_generators:/root/dddmr_navigation/install/mpc_critics:/root/dddmr_navigation/install/perception_3d:/root/dddmr_navigation/install/dddmr_sys_core:/root/dddmr_navigation/install/base_trajectory:/root/dddmr_navigation/install/p2p_move_base:/root/dddmr_navigation/install/pose_graph_merge_editor_panel:/root/dddmr_navigation/install/pose_graph_editor_panel:/root/dddmr_navigation/install/mcl_3dl:/root/dddmr_navigation/install/mapping_panel:/root/dddmr_navigation/install/map_editor_panel:/root/dddmr_navigation/install/lego_loam_bor:/root/dddmr_navigation/install/global_planner:/root/dddmr_navigation/install/fast_lio:/root/dddmr_navigation/install/dddmr_trt:/root/dddmr_navigation/install/dddmr_semantic_segmentation:/root/dddmr_navigation/install/dddmr_rviz_default_plugins:/root/dddmr_navigation/install/dddmr_odom_3d:/root/dddmr_navigation/install/dddmr_fastlio_adapter:/root/dddmr_navigation/install/dddmr_beginner_guide:/root/dddmr_navigation/install/cloud_msgs:/root/livox_ws/install/livox_ros_driver2:/opt/ros/humble LD_LIBRARY_PATH=/root/dddmr_navigation/install/recovery_behaviors/lib:/root/dddmr_navigation/install/local_planner/lib:/root/dddmr_navigation/install/trajectory_generators/lib:/root/dddmr_navigation/install/mpc_critics/lib:/root/dddmr_navigation/install/perception_3d/lib:/root/dddmr_navigation/install/dddmr_sys_core/lib:/root/dddmr_navigation/install/base_trajectory/lib:/root/dddmr_navigation/install/p2p_move_base/lib:/root/dddmr_navigation/install/pose_graph_merge_editor_panel/lib:/root/dddmr_navigation/install/pose_graph_editor_panel/lib:/root/dddmr_navigation/install/mcl_3dl/lib:/root/dddmr_navigation/install/mapping_panel/lib:/root/dddmr_navigation/install/map_editor_panel/lib:/root/dddmr_navigation/install/lego_loam_bor/lib:/root/dddmr_navigation/install/global_planner/lib:/root/dddmr_navigation/install/fast_lio/lib:/root/dddmr_navigation/install/dddmr_rviz_default_plugins/lib:/root/dddmr_navigation/install/cloud_msgs/lib:/root/livox_ws/install/livox_ros_driver2/lib:/opt/ros/humble/opt/rviz_ogre_vendor/lib:/opt/ros/humble/lib/x86_64-linux-gnu:/opt/ros/humble/lib /usr/bin/cmake --build /root/dddmr_navigation/build/p2p_move_base -- -j28 -l28
[1013.240s] DEBUG:colcon.colcon_core.event_handler.log_command:Invoked command in '/root/dddmr_navigation/build/p2p_move_base' returned '0': CMAKE_PREFIX_PATH=/root/dddmr_navigation/install/recovery_behaviors:/root/dddmr_navigation/install/local_planner:/root/dddmr_navigation/install/trajectory_generators:/root/dddmr_navigation/install/mpc_critics:/root/dddmr_navigation/install/perception_3d:/root/dddmr_navigation/install/dddmr_sys_core:/root/dddmr_navigation/install/base_trajectory:/root/dddmr_navigation/install/p2p_move_base:/root/dddmr_navigation/install/pose_graph_merge_editor_panel:/root/dddmr_navigation/install/pose_graph_editor_panel:/root/dddmr_navigation/install/mcl_3dl:/root/dddmr_navigation/install/mapping_panel:/root/dddmr_navigation/install/map_editor_panel:/root/dddmr_navigation/install/lego_loam_bor:/root/dddmr_navigation/install/global_planner:/root/dddmr_navigation/install/fast_lio:/root/dddmr_navigation/install/dddmr_trt:/root/dddmr_navigation/install/dddmr_semantic_segmentation:/root/dddmr_navigation/install/dddmr_rviz_default_plugins:/root/dddmr_navigation/install/dddmr_odom_3d:/root/dddmr_navigation/install/dddmr_fastlio_adapter:/root/dddmr_navigation/install/dddmr_beginner_guide:/root/dddmr_navigation/install/cloud_msgs:/root/livox_ws/install/livox_ros_driver2:/opt/ros/humble LD_LIBRARY_PATH=/root/dddmr_navigation/install/recovery_behaviors/lib:/root/dddmr_navigation/install/local_planner/lib:/root/dddmr_navigation/install/trajectory_generators/lib:/root/dddmr_navigation/install/mpc_critics/lib:/root/dddmr_navigation/install/perception_3d/lib:/root/dddmr_navigation/install/dddmr_sys_core/lib:/root/dddmr_navigation/install/base_trajectory/lib:/root/dddmr_navigation/install/p2p_move_base/lib:/root/dddmr_navigation/install/pose_graph_merge_editor_panel/lib:/root/dddmr_navigation/install/pose_graph_editor_panel/lib:/root/dddmr_navigation/install/mcl_3dl/lib:/root/dddmr_navigation/install/mapping_panel/lib:/root/dddmr_navigation/install/map_editor_panel/lib:/root/dddmr_navigation/install/lego_loam_bor/lib:/root/dddmr_navigation/install/global_planner/lib:/root/dddmr_navigation/install/fast_lio/lib:/root/dddmr_navigation/install/dddmr_rviz_default_plugins/lib:/root/dddmr_navigation/install/cloud_msgs/lib:/root/livox_ws/install/livox_ros_driver2/lib:/opt/ros/humble/opt/rviz_ogre_vendor/lib:/opt/ros/humble/lib/x86_64-linux-gnu:/opt/ros/humble/lib /usr/bin/cmake --build /root/dddmr_navigation/build/p2p_move_base -- -j28 -l28
[1013.240s] DEBUG:colcon.colcon_core.event_handler.log_command:Invoking command in '/root/dddmr_navigation/build/p2p_move_base': CMAKE_PREFIX_PATH=/root/dddmr_navigation/install/recovery_behaviors:/root/dddmr_navigation/install/local_planner:/root/dddmr_navigation/install/trajectory_generators:/root/dddmr_navigation/install/mpc_critics:/root/dddmr_navigation/install/perception_3d:/root/dddmr_navigation/install/dddmr_sys_core:/root/dddmr_navigation/install/base_trajectory:/root/dddmr_navigation/install/p2p_move_base:/root/dddmr_navigation/install/pose_graph_merge_editor_panel:/root/dddmr_navigation/install/pose_graph_editor_panel:/root/dddmr_navigation/install/mcl_3dl:/root/dddmr_navigation/install/mapping_panel:/root/dddmr_navigation/install/map_editor_panel:/root/dddmr_navigation/install/lego_loam_bor:/root/dddmr_navigation/install/global_planner:/root/dddmr_navigation/install/fast_lio:/root/dddmr_navigation/install/dddmr_trt:/root/dddmr_navigation/install/dddmr_semantic_segmentation:/root/dddmr_navigation/install/dddmr_rviz_default_plugins:/root/dddmr_navigation/install/dddmr_odom_3d:/root/dddmr_navigation/install/dddmr_fastlio_adapter:/root/dddmr_navigation/install/dddmr_beginner_guide:/root/dddmr_navigation/install/cloud_msgs:/root/livox_ws/install/livox_ros_driver2:/opt/ros/humble LD_LIBRARY_PATH=/root/dddmr_navigation/install/recovery_behaviors/lib:/root/dddmr_navigation/install/local_planner/lib:/root/dddmr_navigation/install/trajectory_generators/lib:/root/dddmr_navigation/install/mpc_critics/lib:/root/dddmr_navigation/install/perception_3d/lib:/root/dddmr_navigation/install/dddmr_sys_core/lib:/root/dddmr_navigation/install/base_trajectory/lib:/root/dddmr_navigation/install/p2p_move_base/lib:/root/dddmr_navigation/install/pose_graph_merge_editor_panel/lib:/root/dddmr_navigation/install/pose_graph_editor_panel/lib:/root/dddmr_navigation/install/mcl_3dl/lib:/root/dddmr_navigation/install/mapping_panel/lib:/root/dddmr_navigation/install/map_editor_panel/lib:/root/dddmr_navigation/install/lego_loam_bor/lib:/root/dddmr_navigation/install/global_planner/lib:/root/dddmr_navigation/install/fast_lio/lib:/root/dddmr_navigation/install/dddmr_rviz_default_plugins/lib:/root/dddmr_navigation/install/cloud_msgs/lib:/root/livox_ws/install/livox_ros_driver2/lib:/opt/ros/humble/opt/rviz_ogre_vendor/lib:/opt/ros/humble/lib/x86_64-linux-gnu:/opt/ros/humble/lib /usr/bin/cmake --install /root/dddmr_navigation/build/p2p_move_base
[1013.254s] Level 1:colcon.colcon_core.environment:create_environment_scripts_only(p2p_move_base)
[1013.255s] DEBUG:colcon.colcon_core.event_handler.log_command:Invoked command in '/root/dddmr_navigation/build/p2p_move_base' returned '0': CMAKE_PREFIX_PATH=/root/dddmr_navigation/install/recovery_behaviors:/root/dddmr_navigation/install/local_planner:/root/dddmr_navigation/install/trajectory_generators:/root/dddmr_navigation/install/mpc_critics:/root/dddmr_navigation/install/perception_3d:/root/dddmr_navigation/install/dddmr_sys_core:/root/dddmr_navigation/install/base_trajectory:/root/dddmr_navigation/install/p2p_move_base:/root/dddmr_navigation/install/pose_graph_merge_editor_panel:/root/dddmr_navigation/install/pose_graph_editor_panel:/root/dddmr_navigation/install/mcl_3dl:/root/dddmr_navigation/install/mapping_panel:/root/dddmr_navigation/install/map_editor_panel:/root/dddmr_navigation/install/lego_loam_bor:/root/dddmr_navigation/install/global_planner:/root/dddmr_navigation/install/fast_lio:/root/dddmr_navigation/install/dddmr_trt:/root/dddmr_navigation/install/dddmr_semantic_segmentation:/root/dddmr_navigation/install/dddmr_rviz_default_plugins:/root/dddmr_navigation/install/dddmr_odom_3d:/root/dddmr_navigation/install/dddmr_fastlio_adapter:/root/dddmr_navigation/install/dddmr_beginner_guide:/root/dddmr_navigation/install/cloud_msgs:/root/livox_ws/install/livox_ros_driver2:/opt/ros/humble LD_LIBRARY_PATH=/root/dddmr_navigation/install/recovery_behaviors/lib:/root/dddmr_navigation/install/local_planner/lib:/root/dddmr_navigation/install/trajectory_generators/lib:/root/dddmr_navigation/install/mpc_critics/lib:/root/dddmr_navigation/install/perception_3d/lib:/root/dddmr_navigation/install/dddmr_sys_core/lib:/root/dddmr_navigation/install/base_trajectory/lib:/root/dddmr_navigation/install/p2p_move_base/lib:/root/dddmr_navigation/install/pose_graph_merge_editor_panel/lib:/root/dddmr_navigation/install/pose_graph_editor_panel/lib:/root/dddmr_navigation/install/mcl_3dl/lib:/root/dddmr_navigation/install/mapping_panel/lib:/root/dddmr_navigation/install/map_editor_panel/lib:/root/dddmr_navigation/install/lego_loam_bor/lib:/root/dddmr_navigation/install/global_planner/lib:/root/dddmr_navigation/install/fast_lio/lib:/root/dddmr_navigation/install/dddmr_rviz_default_plugins/lib:/root/dddmr_navigation/install/cloud_msgs/lib:/root/livox_ws/install/livox_ros_driver2/lib:/opt/ros/humble/opt/rviz_ogre_vendor/lib:/opt/ros/humble/lib/x86_64-linux-gnu:/opt/ros/humble/lib /usr/bin/cmake --install /root/dddmr_navigation/build/p2p_move_base
[1013.255s] Level 1:colcon.colcon_core.environment:checking '/root/dddmr_navigation/install/p2p_move_base' for CMake module files
[1013.255s] Level 1:colcon.colcon_core.environment:checking '/root/dddmr_navigation/install/p2p_move_base' for CMake config files
[1013.256s] Level 1:colcon.colcon_core.shell:create_environment_hook('p2p_move_base', 'cmake_prefix_path')
[1013.256s] INFO:colcon.colcon_core.shell:Creating environment hook '/root/dddmr_navigation/install/p2p_move_base/share/p2p_move_base/hook/cmake_prefix_path.ps1'
[1013.256s] INFO:colcon.colcon_core.shell:Creating environment descriptor '/root/dddmr_navigation/install/p2p_move_base/share/p2p_move_base/hook/cmake_prefix_path.dsv'
[1013.257s] INFO:colcon.colcon_core.shell:Creating environment hook '/root/dddmr_navigation/install/p2p_move_base/share/p2p_move_base/hook/cmake_prefix_path.sh'
[1013.257s] Level 1:colcon.colcon_core.environment:checking '/root/dddmr_navigation/install/p2p_move_base/lib'
[1013.257s] Level 1:colcon.colcon_core.shell:create_environment_hook('p2p_move_base', 'ld_library_path_lib')
[1013.257s] INFO:colcon.colcon_core.shell:Creating environment hook '/root/dddmr_navigation/install/p2p_move_base/share/p2p_move_base/hook/ld_library_path_lib.ps1'
[1013.257s] INFO:colcon.colcon_core.shell:Creating environment descriptor '/root/dddmr_navigation/install/p2p_move_base/share/p2p_move_base/hook/ld_library_path_lib.dsv'
[1013.258s] INFO:colcon.colcon_core.shell:Creating environment hook '/root/dddmr_navigation/install/p2p_move_base/share/p2p_move_base/hook/ld_library_path_lib.sh'
[1013.258s] Level 1:colcon.colcon_core.environment:checking '/root/dddmr_navigation/install/p2p_move_base/bin'
[1013.258s] Level 1:colcon.colcon_core.environment:checking '/root/dddmr_navigation/install/p2p_move_base/lib/pkgconfig/p2p_move_base.pc'
[1013.258s] Level 1:colcon.colcon_core.environment:checking '/root/dddmr_navigation/install/p2p_move_base/lib/python3.10/site-packages'
[1013.258s] Level 1:colcon.colcon_core.environment:checking '/root/dddmr_navigation/install/p2p_move_base/bin'
[1013.259s] INFO:colcon.colcon_core.shell:Creating package script '/root/dddmr_navigation/install/p2p_move_base/share/p2p_move_base/package.ps1'
[1013.259s] INFO:colcon.colcon_core.shell:Creating package descriptor '/root/dddmr_navigation/install/p2p_move_base/share/p2p_move_base/package.dsv'
[1013.260s] INFO:colcon.colcon_core.shell:Creating package script '/root/dddmr_navigation/install/p2p_move_base/share/p2p_move_base/package.sh'
[1013.260s] INFO:colcon.colcon_core.shell:Creating package script '/root/dddmr_navigation/install/p2p_move_base/share/p2p_move_base/package.bash'
[1013.260s] INFO:colcon.colcon_core.shell:Creating package script '/root/dddmr_navigation/install/p2p_move_base/share/p2p_move_base/package.zsh'
[1013.261s] Level 1:colcon.colcon_core.environment:create_file_with_runtime_dependencies(/root/dddmr_navigation/install/p2p_move_base/share/colcon-core/packages/p2p_move_base)
[1013.261s] Level 1:colcon.colcon_core.environment:create_environment_scripts_only(p2p_move_base)
[1013.261s] Level 1:colcon.colcon_core.environment:checking '/root/dddmr_navigation/install/p2p_move_base' for CMake module files
[1013.262s] Level 1:colcon.colcon_core.environment:checking '/root/dddmr_navigation/install/p2p_move_base' for CMake config files
[1013.262s] Level 1:colcon.colcon_core.shell:create_environment_hook('p2p_move_base', 'cmake_prefix_path')
[1013.262s] INFO:colcon.colcon_core.shell:Creating environment hook '/root/dddmr_navigation/install/p2p_move_base/share/p2p_move_base/hook/cmake_prefix_path.ps1'
[1013.262s] INFO:colcon.colcon_core.shell:Creating environment descriptor '/root/dddmr_navigation/install/p2p_move_base/share/p2p_move_base/hook/cmake_prefix_path.dsv'
[1013.263s] INFO:colcon.colcon_core.shell:Creating environment hook '/root/dddmr_navigation/install/p2p_move_base/share/p2p_move_base/hook/cmake_prefix_path.sh'
[1013.263s] Level 1:colcon.colcon_core.environment:checking '/root/dddmr_navigation/install/p2p_move_base/lib'
[1013.263s] Level 1:colcon.colcon_core.shell:create_environment_hook('p2p_move_base', 'ld_library_path_lib')
[1013.263s] INFO:colcon.colcon_core.shell:Creating environment hook '/root/dddmr_navigation/install/p2p_move_base/share/p2p_move_base/hook/ld_library_path_lib.ps1'
[1013.263s] INFO:colcon.colcon_core.shell:Creating environment descriptor '/root/dddmr_navigation/install/p2p_move_base/share/p2p_move_base/hook/ld_library_path_lib.dsv'
[1013.264s] INFO:colcon.colcon_core.shell:Creating environment hook '/root/dddmr_navigation/install/p2p_move_base/share/p2p_move_base/hook/ld_library_path_lib.sh'
[1013.264s] Level 1:colcon.colcon_core.environment:checking '/root/dddmr_navigation/install/p2p_move_base/bin'
[1013.264s] Level 1:colcon.colcon_core.environment:checking '/root/dddmr_navigation/install/p2p_move_base/lib/pkgconfig/p2p_move_base.pc'
[1013.264s] Level 1:colcon.colcon_core.environment:checking '/root/dddmr_navigation/install/p2p_move_base/lib/python3.10/site-packages'
[1013.264s] Level 1:colcon.colcon_core.environment:checking '/root/dddmr_navigation/install/p2p_move_base/bin'
[1013.265s] INFO:colcon.colcon_core.shell:Creating package script '/root/dddmr_navigation/install/p2p_move_base/share/p2p_move_base/package.ps1'
[1013.265s] INFO:colcon.colcon_core.shell:Creating package descriptor '/root/dddmr_navigation/install/p2p_move_base/share/p2p_move_base/package.dsv'
[1013.266s] INFO:colcon.colcon_core.shell:Creating package script '/root/dddmr_navigation/install/p2p_move_base/share/p2p_move_base/package.sh'
[1013.266s] INFO:colcon.colcon_core.shell:Creating package script '/root/dddmr_navigation/install/p2p_move_base/share/p2p_move_base/package.bash'
[1013.266s] INFO:colcon.colcon_core.shell:Creating package script '/root/dddmr_navigation/install/p2p_move_base/share/p2p_move_base/package.zsh'
[1013.266s] Level 1:colcon.colcon_core.environment:create_file_with_runtime_dependencies(/root/dddmr_navigation/install/p2p_move_base/share/colcon-core/packages/p2p_move_base)
[1013.267s] DEBUG:colcon.colcon_parallel_executor.executor.parallel:closing loop
[1013.267s] DEBUG:colcon.colcon_parallel_executor.executor.parallel:loop closed
[1013.267s] DEBUG:colcon.colcon_parallel_executor.executor.parallel:run_until_complete finished with '0'
[1013.267s] DEBUG:colcon.colcon_core.event_reactor:joining thread
[1013.270s] INFO:colcon.colcon_core.plugin_system:Skipping extension 'colcon_notification.desktop_notification.notify_send': Could not find 'notify-send'
[1013.270s] INFO:colcon.colcon_core.plugin_system:Skipping extension 'colcon_notification.desktop_notification.terminal_notifier': Not used on non-Darwin systems
[1013.270s] INFO:colcon.colcon_core.plugin_system:Skipping extension 'colcon_notification.desktop_notification.win32': Not used on non-Windows systems
[1013.270s] INFO:colcon.colcon_notification.desktop_notification:Sending desktop notification using 'notify2'
[1013.272s] DEBUG:colcon.colcon_notification.desktop_notification.notify2:Failed to initialize notify2: org.freedesktop.DBus.Error.Spawn.ExecFailed: /usr/bin/dbus-launch terminated abnormally without any error message
[1013.272s] DEBUG:colcon.colcon_core.event_reactor:joined thread
[1013.273s] INFO:colcon.colcon_core.shell:Creating prefix script '/root/dddmr_navigation/install/local_setup.ps1'
[1013.273s] INFO:colcon.colcon_core.shell:Creating prefix util module '/root/dddmr_navigation/install/_local_setup_util_ps1.py'
[1013.274s] INFO:colcon.colcon_core.shell:Creating prefix chain script '/root/dddmr_navigation/install/setup.ps1'
[1013.276s] INFO:colcon.colcon_core.shell:Creating prefix script '/root/dddmr_navigation/install/local_setup.sh'
[1013.276s] INFO:colcon.colcon_core.shell:Creating prefix util module '/root/dddmr_navigation/install/_local_setup_util_sh.py'
[1013.276s] INFO:colcon.colcon_core.shell:Creating prefix chain script '/root/dddmr_navigation/install/setup.sh'
[1013.277s] INFO:colcon.colcon_core.shell:Creating prefix script '/root/dddmr_navigation/install/local_setup.bash'
[1013.277s] INFO:colcon.colcon_core.shell:Creating prefix chain script '/root/dddmr_navigation/install/setup.bash'
[1013.278s] INFO:colcon.colcon_core.shell:Creating prefix script '/root/dddmr_navigation/install/local_setup.zsh'
[1013.278s] INFO:colcon.colcon_core.shell:Creating prefix chain script '/root/dddmr_navigation/install/setup.zsh'
