[0.151s] DEBUG:colcon:Command line arguments: ['/usr/bin/colcon', 'build', '--symlink-install']
[0.152s] DEBUG:colcon:Parsed command line arguments: Namespace(log_base=None, log_level=None, verb_name='build', build_base='build', install_base='install', merge_install=False, symlink_install=True, test_result_base=None, continue_on_error=False, executor='parallel', parallel_workers=28, event_handlers=None, ignore_user_meta=False, metas=['./colcon.meta'], base_paths=['.'], packages_ignore=None, packages_ignore_regex=None, paths=None, packages_up_to=None, packages_up_to_regex=None, packages_above=None, packages_above_and_dependencies=None, packages_above_depth=None, packages_select_by_dep=None, packages_skip_by_dep=None, packages_skip_up_to=None, packages_select_build_failed=False, packages_skip_build_finished=False, packages_select_test_failures=False, packages_skip_test_passed=False, packages_select=None, packages_skip=None, packages_select_regex=None, packages_skip_regex=None, packages_start=None, packages_end=None, allow_overriding=[], cmake_args=None, cmake_target=None, cmake_target_skip_unavailable=False, cmake_clean_cache=False, cmake_clean_first=False, cmake_force_configure=False, ament_cmake_args=None, catkin_cmake_args=None, catkin_skip_building_tests=False, verb_parser=<colcon_defaults.argument_parser.defaults.DefaultArgumentsDecorator object at 0x7a18cdea6260>, verb_extension=<colcon_core.verb.build.BuildVerb object at 0x7a18cdea5c60>, main=<bound method BuildVerb.main of <colcon_core.verb.build.BuildVerb object at 0x7a18cdea5c60>>)
[0.265s] Level 1:colcon.colcon_core.package_discovery:discover_packages(colcon_meta) check parameters
[0.265s] Level 1:colcon.colcon_core.package_discovery:discover_packages(recursive) check parameters
[0.265s] Level 1:colcon.colcon_core.package_discovery:discover_packages(ignore) check parameters
[0.265s] Level 1:colcon.colcon_core.package_discovery:discover_packages(path) check parameters
[0.265s] Level 1:colcon.colcon_core.package_discovery:discover_packages(colcon_meta) discover
[0.265s] Level 1:colcon.colcon_core.package_discovery:discover_packages(recursive) discover
[0.265s] INFO:colcon.colcon_core.package_discovery:Crawling recursively for packages in '/root/dddmr_navigation'
[0.265s] Level 1:colcon.colcon_core.package_identification:_identify(.) by extensions ['ignore', 'ignore_ament_install']
[0.265s] Level 1:colcon.colcon_core.package_identification:_identify(.) by extension 'ignore'
[0.265s] Level 1:colcon.colcon_core.package_identification:_identify(.) by extension 'ignore_ament_install'
[0.265s] Level 1:colcon.colcon_core.package_identification:_identify(.) by extensions ['colcon_pkg']
[0.265s] Level 1:colcon.colcon_core.package_identification:_identify(.) by extension 'colcon_pkg'
[0.265s] Level 1:colcon.colcon_core.package_identification:_identify(.) by extensions ['colcon_meta']
[0.265s] Level 1:colcon.colcon_core.package_identification:_identify(.) by extension 'colcon_meta'
[0.265s] Level 1:colcon.colcon_core.package_identification:_identify(.) by extensions ['ros']
[0.265s] Level 1:colcon.colcon_core.package_identification:_identify(.) by extension 'ros'
[0.272s] Level 1:colcon.colcon_core.package_identification:_identify(.) by extensions ['cmake', 'python']
[0.272s] Level 1:colcon.colcon_core.package_identification:_identify(.) by extension 'cmake'
[0.272s] Level 1:colcon.colcon_core.package_identification:_identify(.) by extension 'python'
[0.272s] Level 1:colcon.colcon_core.package_identification:_identify(.) by extensions ['python_setup_py']
[0.272s] Level 1:colcon.colcon_core.package_identification:_identify(.) by extension 'python_setup_py'
[0.272s] Level 1:colcon.colcon_core.package_identification:_identify(build) by extensions ['ignore', 'ignore_ament_install']
[0.272s] Level 1:colcon.colcon_core.package_identification:_identify(build) by extension 'ignore'
[0.272s] Level 1:colcon.colcon_core.package_identification:_identify(build) ignored
[0.273s] Level 1:colcon.colcon_core.package_identification:_identify(install) by extensions ['ignore', 'ignore_ament_install']
[0.273s] Level 1:colcon.colcon_core.package_identification:_identify(install) by extension 'ignore'
[0.273s] Level 1:colcon.colcon_core.package_identification:_identify(install) ignored
[0.273s] Level 1:colcon.colcon_core.package_identification:_identify(log) by extensions ['ignore', 'ignore_ament_install']
[0.273s] Level 1:colcon.colcon_core.package_identification:_identify(log) by extension 'ignore'
[0.273s] Level 1:colcon.colcon_core.package_identification:_identify(log) ignored
[0.273s] Level 1:colcon.colcon_core.package_identification:_identify(src) by extensions ['ignore', 'ignore_ament_install']
[0.273s] Level 1:colcon.colcon_core.package_identification:_identify(src) by extension 'ignore'
[0.273s] Level 1:colcon.colcon_core.package_identification:_identify(src) by extension 'ignore_ament_install'
[0.273s] Level 1:colcon.colcon_core.package_identification:_identify(src) by extensions ['colcon_pkg']
[0.273s] Level 1:colcon.colcon_core.package_identification:_identify(src) by extension 'colcon_pkg'
[0.273s] Level 1:colcon.colcon_core.package_identification:_identify(src) by extensions ['colcon_meta']
[0.273s] Level 1:colcon.colcon_core.package_identification:_identify(src) by extension 'colcon_meta'
[0.273s] Level 1:colcon.colcon_core.package_identification:_identify(src) by extensions ['ros']
[0.273s] Level 1:colcon.colcon_core.package_identification:_identify(src) by extension 'ros'
[0.273s] Level 1:colcon.colcon_core.package_identification:_identify(src) by extensions ['cmake', 'python']
[0.273s] Level 1:colcon.colcon_core.package_identification:_identify(src) by extension 'cmake'
[0.273s] Level 1:colcon.colcon_core.package_identification:_identify(src) by extension 'python'
[0.273s] Level 1:colcon.colcon_core.package_identification:_identify(src) by extensions ['python_setup_py']
[0.273s] Level 1:colcon.colcon_core.package_identification:_identify(src) by extension 'python_setup_py'
[0.273s] Level 1:colcon.colcon_core.package_identification:_identify(src/FAST_LIO) by extensions ['ignore', 'ignore_ament_install']
[0.273s] Level 1:colcon.colcon_core.package_identification:_identify(src/FAST_LIO) by extension 'ignore'
[0.273s] Level 1:colcon.colcon_core.package_identification:_identify(src/FAST_LIO) by extension 'ignore_ament_install'
[0.273s] Level 1:colcon.colcon_core.package_identification:_identify(src/FAST_LIO) by extensions ['colcon_pkg']
[0.273s] Level 1:colcon.colcon_core.package_identification:_identify(src/FAST_LIO) by extension 'colcon_pkg'
[0.273s] Level 1:colcon.colcon_core.package_identification:_identify(src/FAST_LIO) by extensions ['colcon_meta']
[0.273s] Level 1:colcon.colcon_core.package_identification:_identify(src/FAST_LIO) by extension 'colcon_meta'
[0.273s] Level 1:colcon.colcon_core.package_identification:_identify(src/FAST_LIO) by extensions ['ros']
[0.273s] Level 1:colcon.colcon_core.package_identification:_identify(src/FAST_LIO) by extension 'ros'
[0.275s] DEBUG:colcon.colcon_core.package_identification:Package 'src/FAST_LIO' with type 'ros.ament_cmake' and name 'fast_lio'
[0.275s] Level 1:colcon.colcon_core.package_identification:_identify(src/dddmr_beginner_guide) by extensions ['ignore', 'ignore_ament_install']
[0.275s] Level 1:colcon.colcon_core.package_identification:_identify(src/dddmr_beginner_guide) by extension 'ignore'
[0.275s] Level 1:colcon.colcon_core.package_identification:_identify(src/dddmr_beginner_guide) by extension 'ignore_ament_install'
[0.275s] Level 1:colcon.colcon_core.package_identification:_identify(src/dddmr_beginner_guide) by extensions ['colcon_pkg']
[0.275s] Level 1:colcon.colcon_core.package_identification:_identify(src/dddmr_beginner_guide) by extension 'colcon_pkg'
[0.275s] Level 1:colcon.colcon_core.package_identification:_identify(src/dddmr_beginner_guide) by extensions ['colcon_meta']
[0.275s] Level 1:colcon.colcon_core.package_identification:_identify(src/dddmr_beginner_guide) by extension 'colcon_meta'
[0.275s] Level 1:colcon.colcon_core.package_identification:_identify(src/dddmr_beginner_guide) by extensions ['ros']
[0.275s] Level 1:colcon.colcon_core.package_identification:_identify(src/dddmr_beginner_guide) by extension 'ros'
[0.276s] DEBUG:colcon.colcon_core.package_identification:Package 'src/dddmr_beginner_guide' with type 'ros.ament_cmake' and name 'dddmr_beginner_guide'
[0.276s] Level 1:colcon.colcon_core.package_identification:_identify(src/dddmr_fastlio_adapter) by extensions ['ignore', 'ignore_ament_install']
[0.276s] Level 1:colcon.colcon_core.package_identification:_identify(src/dddmr_fastlio_adapter) by extension 'ignore'
[0.276s] Level 1:colcon.colcon_core.package_identification:_identify(src/dddmr_fastlio_adapter) by extension 'ignore_ament_install'
[0.276s] Level 1:colcon.colcon_core.package_identification:_identify(src/dddmr_fastlio_adapter) by extensions ['colcon_pkg']
[0.276s] Level 1:colcon.colcon_core.package_identification:_identify(src/dddmr_fastlio_adapter) by extension 'colcon_pkg'
[0.276s] Level 1:colcon.colcon_core.package_identification:_identify(src/dddmr_fastlio_adapter) by extensions ['colcon_meta']
[0.276s] Level 1:colcon.colcon_core.package_identification:_identify(src/dddmr_fastlio_adapter) by extension 'colcon_meta'
[0.276s] Level 1:colcon.colcon_core.package_identification:_identify(src/dddmr_fastlio_adapter) by extensions ['ros']
[0.276s] Level 1:colcon.colcon_core.package_identification:_identify(src/dddmr_fastlio_adapter) by extension 'ros'
[0.277s] DEBUG:colcon.colcon_core.package_identification:Package 'src/dddmr_fastlio_adapter' with type 'ros.ament_cmake' and name 'dddmr_fastlio_adapter'
[0.277s] Level 1:colcon.colcon_core.package_identification:_identify(src/dddmr_global_planner) by extensions ['ignore', 'ignore_ament_install']
[0.277s] Level 1:colcon.colcon_core.package_identification:_identify(src/dddmr_global_planner) by extension 'ignore'
[0.277s] Level 1:colcon.colcon_core.package_identification:_identify(src/dddmr_global_planner) by extension 'ignore_ament_install'
[0.277s] Level 1:colcon.colcon_core.package_identification:_identify(src/dddmr_global_planner) by extensions ['colcon_pkg']
[0.277s] Level 1:colcon.colcon_core.package_identification:_identify(src/dddmr_global_planner) by extension 'colcon_pkg'
[0.277s] Level 1:colcon.colcon_core.package_identification:_identify(src/dddmr_global_planner) by extensions ['colcon_meta']
[0.277s] Level 1:colcon.colcon_core.package_identification:_identify(src/dddmr_global_planner) by extension 'colcon_meta'
[0.277s] Level 1:colcon.colcon_core.package_identification:_identify(src/dddmr_global_planner) by extensions ['ros']
[0.277s] Level 1:colcon.colcon_core.package_identification:_identify(src/dddmr_global_planner) by extension 'ros'
[0.278s] DEBUG:colcon.colcon_core.package_identification:Package 'src/dddmr_global_planner' with type 'ros.ament_cmake' and name 'global_planner'
[0.278s] Level 1:colcon.colcon_core.package_identification:_identify(src/dddmr_lego_loam) by extensions ['ignore', 'ignore_ament_install']
[0.278s] Level 1:colcon.colcon_core.package_identification:_identify(src/dddmr_lego_loam) by extension 'ignore'
[0.278s] Level 1:colcon.colcon_core.package_identification:_identify(src/dddmr_lego_loam) by extension 'ignore_ament_install'
[0.278s] Level 1:colcon.colcon_core.package_identification:_identify(src/dddmr_lego_loam) by extensions ['colcon_pkg']
[0.278s] Level 1:colcon.colcon_core.package_identification:_identify(src/dddmr_lego_loam) by extension 'colcon_pkg'
[0.278s] Level 1:colcon.colcon_core.package_identification:_identify(src/dddmr_lego_loam) by extensions ['colcon_meta']
[0.278s] Level 1:colcon.colcon_core.package_identification:_identify(src/dddmr_lego_loam) by extension 'colcon_meta'
[0.278s] Level 1:colcon.colcon_core.package_identification:_identify(src/dddmr_lego_loam) by extensions ['ros']
[0.278s] Level 1:colcon.colcon_core.package_identification:_identify(src/dddmr_lego_loam) by extension 'ros'
[0.278s] Level 1:colcon.colcon_core.package_identification:_identify(src/dddmr_lego_loam) by extensions ['cmake', 'python']
[0.278s] Level 1:colcon.colcon_core.package_identification:_identify(src/dddmr_lego_loam) by extension 'cmake'
[0.278s] Level 1:colcon.colcon_core.package_identification:_identify(src/dddmr_lego_loam) by extension 'python'
[0.278s] Level 1:colcon.colcon_core.package_identification:_identify(src/dddmr_lego_loam) by extensions ['python_setup_py']
[0.278s] Level 1:colcon.colcon_core.package_identification:_identify(src/dddmr_lego_loam) by extension 'python_setup_py'
[0.278s] Level 1:colcon.colcon_core.package_identification:_identify(src/dddmr_lego_loam/cloud_msgs) by extensions ['ignore', 'ignore_ament_install']
[0.278s] Level 1:colcon.colcon_core.package_identification:_identify(src/dddmr_lego_loam/cloud_msgs) by extension 'ignore'
[0.278s] Level 1:colcon.colcon_core.package_identification:_identify(src/dddmr_lego_loam/cloud_msgs) by extension 'ignore_ament_install'
[0.278s] Level 1:colcon.colcon_core.package_identification:_identify(src/dddmr_lego_loam/cloud_msgs) by extensions ['colcon_pkg']
[0.278s] Level 1:colcon.colcon_core.package_identification:_identify(src/dddmr_lego_loam/cloud_msgs) by extension 'colcon_pkg'
[0.278s] Level 1:colcon.colcon_core.package_identification:_identify(src/dddmr_lego_loam/cloud_msgs) by extensions ['colcon_meta']
[0.278s] Level 1:colcon.colcon_core.package_identification:_identify(src/dddmr_lego_loam/cloud_msgs) by extension 'colcon_meta'
[0.278s] Level 1:colcon.colcon_core.package_identification:_identify(src/dddmr_lego_loam/cloud_msgs) by extensions ['ros']
[0.278s] Level 1:colcon.colcon_core.package_identification:_identify(src/dddmr_lego_loam/cloud_msgs) by extension 'ros'
[0.279s] DEBUG:colcon.colcon_core.package_identification:Package 'src/dddmr_lego_loam/cloud_msgs' with type 'ros.ament_cmake' and name 'cloud_msgs'
[0.279s] Level 1:colcon.colcon_core.package_identification:_identify(src/dddmr_lego_loam/lego_loam_bor) by extensions ['ignore', 'ignore_ament_install']
[0.279s] Level 1:colcon.colcon_core.package_identification:_identify(src/dddmr_lego_loam/lego_loam_bor) by extension 'ignore'
[0.279s] Level 1:colcon.colcon_core.package_identification:_identify(src/dddmr_lego_loam/lego_loam_bor) by extension 'ignore_ament_install'
[0.279s] Level 1:colcon.colcon_core.package_identification:_identify(src/dddmr_lego_loam/lego_loam_bor) by extensions ['colcon_pkg']
[0.279s] Level 1:colcon.colcon_core.package_identification:_identify(src/dddmr_lego_loam/lego_loam_bor) by extension 'colcon_pkg'
[0.279s] Level 1:colcon.colcon_core.package_identification:_identify(src/dddmr_lego_loam/lego_loam_bor) by extensions ['colcon_meta']
[0.279s] Level 1:colcon.colcon_core.package_identification:_identify(src/dddmr_lego_loam/lego_loam_bor) by extension 'colcon_meta'
[0.279s] Level 1:colcon.colcon_core.package_identification:_identify(src/dddmr_lego_loam/lego_loam_bor) by extensions ['ros']
[0.279s] Level 1:colcon.colcon_core.package_identification:_identify(src/dddmr_lego_loam/lego_loam_bor) by extension 'ros'
[0.280s] DEBUG:colcon.colcon_core.package_identification:Package 'src/dddmr_lego_loam/lego_loam_bor' with type 'ros.ament_cmake' and name 'lego_loam_bor'
[0.280s] Level 1:colcon.colcon_core.package_identification:_identify(src/dddmr_local_planner) by extensions ['ignore', 'ignore_ament_install']
[0.280s] Level 1:colcon.colcon_core.package_identification:_identify(src/dddmr_local_planner) by extension 'ignore'
[0.280s] Level 1:colcon.colcon_core.package_identification:_identify(src/dddmr_local_planner) by extension 'ignore_ament_install'
[0.280s] Level 1:colcon.colcon_core.package_identification:_identify(src/dddmr_local_planner) by extensions ['colcon_pkg']
[0.280s] Level 1:colcon.colcon_core.package_identification:_identify(src/dddmr_local_planner) by extension 'colcon_pkg'
[0.280s] Level 1:colcon.colcon_core.package_identification:_identify(src/dddmr_local_planner) by extensions ['colcon_meta']
[0.280s] Level 1:colcon.colcon_core.package_identification:_identify(src/dddmr_local_planner) by extension 'colcon_meta'
[0.280s] Level 1:colcon.colcon_core.package_identification:_identify(src/dddmr_local_planner) by extensions ['ros']
[0.280s] Level 1:colcon.colcon_core.package_identification:_identify(src/dddmr_local_planner) by extension 'ros'
[0.280s] Level 1:colcon.colcon_core.package_identification:_identify(src/dddmr_local_planner) by extensions ['cmake', 'python']
[0.280s] Level 1:colcon.colcon_core.package_identification:_identify(src/dddmr_local_planner) by extension 'cmake'
[0.280s] Level 1:colcon.colcon_core.package_identification:_identify(src/dddmr_local_planner) by extension 'python'
[0.280s] Level 1:colcon.colcon_core.package_identification:_identify(src/dddmr_local_planner) by extensions ['python_setup_py']
[0.280s] Level 1:colcon.colcon_core.package_identification:_identify(src/dddmr_local_planner) by extension 'python_setup_py'
[0.280s] Level 1:colcon.colcon_core.package_identification:_identify(src/dddmr_local_planner/base_trajectory) by extensions ['ignore', 'ignore_ament_install']
[0.280s] Level 1:colcon.colcon_core.package_identification:_identify(src/dddmr_local_planner/base_trajectory) by extension 'ignore'
[0.280s] Level 1:colcon.colcon_core.package_identification:_identify(src/dddmr_local_planner/base_trajectory) by extension 'ignore_ament_install'
[0.280s] Level 1:colcon.colcon_core.package_identification:_identify(src/dddmr_local_planner/base_trajectory) by extensions ['colcon_pkg']
[0.280s] Level 1:colcon.colcon_core.package_identification:_identify(src/dddmr_local_planner/base_trajectory) by extension 'colcon_pkg'
[0.280s] Level 1:colcon.colcon_core.package_identification:_identify(src/dddmr_local_planner/base_trajectory) by extensions ['colcon_meta']
[0.280s] Level 1:colcon.colcon_core.package_identification:_identify(src/dddmr_local_planner/base_trajectory) by extension 'colcon_meta'
[0.280s] Level 1:colcon.colcon_core.package_identification:_identify(src/dddmr_local_planner/base_trajectory) by extensions ['ros']
[0.280s] Level 1:colcon.colcon_core.package_identification:_identify(src/dddmr_local_planner/base_trajectory) by extension 'ros'
[0.281s] DEBUG:colcon.colcon_core.package_identification:Package 'src/dddmr_local_planner/base_trajectory' with type 'ros.ament_cmake' and name 'base_trajectory'
[0.281s] Level 1:colcon.colcon_core.package_identification:_identify(src/dddmr_local_planner/local_planner) by extensions ['ignore', 'ignore_ament_install']
[0.281s] Level 1:colcon.colcon_core.package_identification:_identify(src/dddmr_local_planner/local_planner) by extension 'ignore'
[0.281s] Level 1:colcon.colcon_core.package_identification:_identify(src/dddmr_local_planner/local_planner) by extension 'ignore_ament_install'
[0.281s] Level 1:colcon.colcon_core.package_identification:_identify(src/dddmr_local_planner/local_planner) by extensions ['colcon_pkg']
[0.281s] Level 1:colcon.colcon_core.package_identification:_identify(src/dddmr_local_planner/local_planner) by extension 'colcon_pkg'
[0.281s] Level 1:colcon.colcon_core.package_identification:_identify(src/dddmr_local_planner/local_planner) by extensions ['colcon_meta']
[0.281s] Level 1:colcon.colcon_core.package_identification:_identify(src/dddmr_local_planner/local_planner) by extension 'colcon_meta'
[0.281s] Level 1:colcon.colcon_core.package_identification:_identify(src/dddmr_local_planner/local_planner) by extensions ['ros']
[0.281s] Level 1:colcon.colcon_core.package_identification:_identify(src/dddmr_local_planner/local_planner) by extension 'ros'
[0.282s] DEBUG:colcon.colcon_core.package_identification:Package 'src/dddmr_local_planner/local_planner' with type 'ros.ament_cmake' and name 'local_planner'
[0.282s] Level 1:colcon.colcon_core.package_identification:_identify(src/dddmr_local_planner/mpc_critics) by extensions ['ignore', 'ignore_ament_install']
[0.282s] Level 1:colcon.colcon_core.package_identification:_identify(src/dddmr_local_planner/mpc_critics) by extension 'ignore'
[0.282s] Level 1:colcon.colcon_core.package_identification:_identify(src/dddmr_local_planner/mpc_critics) by extension 'ignore_ament_install'
[0.282s] Level 1:colcon.colcon_core.package_identification:_identify(src/dddmr_local_planner/mpc_critics) by extensions ['colcon_pkg']
[0.282s] Level 1:colcon.colcon_core.package_identification:_identify(src/dddmr_local_planner/mpc_critics) by extension 'colcon_pkg'
[0.282s] Level 1:colcon.colcon_core.package_identification:_identify(src/dddmr_local_planner/mpc_critics) by extensions ['colcon_meta']
[0.282s] Level 1:colcon.colcon_core.package_identification:_identify(src/dddmr_local_planner/mpc_critics) by extension 'colcon_meta'
[0.282s] Level 1:colcon.colcon_core.package_identification:_identify(src/dddmr_local_planner/mpc_critics) by extensions ['ros']
[0.282s] Level 1:colcon.colcon_core.package_identification:_identify(src/dddmr_local_planner/mpc_critics) by extension 'ros'
[0.283s] DEBUG:colcon.colcon_core.package_identification:Package 'src/dddmr_local_planner/mpc_critics' with type 'ros.ament_cmake' and name 'mpc_critics'
[0.283s] Level 1:colcon.colcon_core.package_identification:_identify(src/dddmr_local_planner/recovery_behaviors) by extensions ['ignore', 'ignore_ament_install']
[0.283s] Level 1:colcon.colcon_core.package_identification:_identify(src/dddmr_local_planner/recovery_behaviors) by extension 'ignore'
[0.283s] Level 1:colcon.colcon_core.package_identification:_identify(src/dddmr_local_planner/recovery_behaviors) by extension 'ignore_ament_install'
[0.283s] Level 1:colcon.colcon_core.package_identification:_identify(src/dddmr_local_planner/recovery_behaviors) by extensions ['colcon_pkg']
[0.283s] Level 1:colcon.colcon_core.package_identification:_identify(src/dddmr_local_planner/recovery_behaviors) by extension 'colcon_pkg'
[0.283s] Level 1:colcon.colcon_core.package_identification:_identify(src/dddmr_local_planner/recovery_behaviors) by extensions ['colcon_meta']
[0.283s] Level 1:colcon.colcon_core.package_identification:_identify(src/dddmr_local_planner/recovery_behaviors) by extension 'colcon_meta'
[0.283s] Level 1:colcon.colcon_core.package_identification:_identify(src/dddmr_local_planner/recovery_behaviors) by extensions ['ros']
[0.283s] Level 1:colcon.colcon_core.package_identification:_identify(src/dddmr_local_planner/recovery_behaviors) by extension 'ros'
[0.284s] DEBUG:colcon.colcon_core.package_identification:Package 'src/dddmr_local_planner/recovery_behaviors' with type 'ros.ament_cmake' and name 'recovery_behaviors'
[0.284s] Level 1:colcon.colcon_core.package_identification:_identify(src/dddmr_local_planner/trajectory_generators) by extensions ['ignore', 'ignore_ament_install']
[0.284s] Level 1:colcon.colcon_core.package_identification:_identify(src/dddmr_local_planner/trajectory_generators) by extension 'ignore'
[0.284s] Level 1:colcon.colcon_core.package_identification:_identify(src/dddmr_local_planner/trajectory_generators) by extension 'ignore_ament_install'
[0.284s] Level 1:colcon.colcon_core.package_identification:_identify(src/dddmr_local_planner/trajectory_generators) by extensions ['colcon_pkg']
[0.284s] Level 1:colcon.colcon_core.package_identification:_identify(src/dddmr_local_planner/trajectory_generators) by extension 'colcon_pkg'
[0.284s] Level 1:colcon.colcon_core.package_identification:_identify(src/dddmr_local_planner/trajectory_generators) by extensions ['colcon_meta']
[0.284s] Level 1:colcon.colcon_core.package_identification:_identify(src/dddmr_local_planner/trajectory_generators) by extension 'colcon_meta'
[0.284s] Level 1:colcon.colcon_core.package_identification:_identify(src/dddmr_local_planner/trajectory_generators) by extensions ['ros']
[0.284s] Level 1:colcon.colcon_core.package_identification:_identify(src/dddmr_local_planner/trajectory_generators) by extension 'ros'
[0.285s] DEBUG:colcon.colcon_core.package_identification:Package 'src/dddmr_local_planner/trajectory_generators' with type 'ros.ament_cmake' and name 'trajectory_generators'
[0.285s] Level 1:colcon.colcon_core.package_identification:_identify(src/dddmr_mcl_3dl) by extensions ['ignore', 'ignore_ament_install']
[0.285s] Level 1:colcon.colcon_core.package_identification:_identify(src/dddmr_mcl_3dl) by extension 'ignore'
[0.285s] Level 1:colcon.colcon_core.package_identification:_identify(src/dddmr_mcl_3dl) by extension 'ignore_ament_install'
[0.285s] Level 1:colcon.colcon_core.package_identification:_identify(src/dddmr_mcl_3dl) by extensions ['colcon_pkg']
[0.285s] Level 1:colcon.colcon_core.package_identification:_identify(src/dddmr_mcl_3dl) by extension 'colcon_pkg'
[0.285s] Level 1:colcon.colcon_core.package_identification:_identify(src/dddmr_mcl_3dl) by extensions ['colcon_meta']
[0.285s] Level 1:colcon.colcon_core.package_identification:_identify(src/dddmr_mcl_3dl) by extension 'colcon_meta'
[0.285s] Level 1:colcon.colcon_core.package_identification:_identify(src/dddmr_mcl_3dl) by extensions ['ros']
[0.285s] Level 1:colcon.colcon_core.package_identification:_identify(src/dddmr_mcl_3dl) by extension 'ros'
[0.286s] DEBUG:colcon.colcon_core.package_identification:Package 'src/dddmr_mcl_3dl' with type 'ros.ament_cmake' and name 'mcl_3dl'
[0.286s] Level 1:colcon.colcon_core.package_identification:_identify(src/dddmr_odom_3d) by extensions ['ignore', 'ignore_ament_install']
[0.286s] Level 1:colcon.colcon_core.package_identification:_identify(src/dddmr_odom_3d) by extension 'ignore'
[0.286s] Level 1:colcon.colcon_core.package_identification:_identify(src/dddmr_odom_3d) by extension 'ignore_ament_install'
[0.286s] Level 1:colcon.colcon_core.package_identification:_identify(src/dddmr_odom_3d) by extensions ['colcon_pkg']
[0.286s] Level 1:colcon.colcon_core.package_identification:_identify(src/dddmr_odom_3d) by extension 'colcon_pkg'
[0.286s] Level 1:colcon.colcon_core.package_identification:_identify(src/dddmr_odom_3d) by extensions ['colcon_meta']
[0.286s] Level 1:colcon.colcon_core.package_identification:_identify(src/dddmr_odom_3d) by extension 'colcon_meta'
[0.286s] Level 1:colcon.colcon_core.package_identification:_identify(src/dddmr_odom_3d) by extensions ['ros']
[0.286s] Level 1:colcon.colcon_core.package_identification:_identify(src/dddmr_odom_3d) by extension 'ros'
[0.287s] DEBUG:colcon.colcon_core.package_identification:Package 'src/dddmr_odom_3d' with type 'ros.ament_cmake' and name 'dddmr_odom_3d'
[0.287s] Level 1:colcon.colcon_core.package_identification:_identify(src/dddmr_p2p_move_base) by extensions ['ignore', 'ignore_ament_install']
[0.287s] Level 1:colcon.colcon_core.package_identification:_identify(src/dddmr_p2p_move_base) by extension 'ignore'
[0.287s] Level 1:colcon.colcon_core.package_identification:_identify(src/dddmr_p2p_move_base) by extension 'ignore_ament_install'
[0.287s] Level 1:colcon.colcon_core.package_identification:_identify(src/dddmr_p2p_move_base) by extensions ['colcon_pkg']
[0.287s] Level 1:colcon.colcon_core.package_identification:_identify(src/dddmr_p2p_move_base) by extension 'colcon_pkg'
[0.287s] Level 1:colcon.colcon_core.package_identification:_identify(src/dddmr_p2p_move_base) by extensions ['colcon_meta']
[0.287s] Level 1:colcon.colcon_core.package_identification:_identify(src/dddmr_p2p_move_base) by extension 'colcon_meta'
[0.287s] Level 1:colcon.colcon_core.package_identification:_identify(src/dddmr_p2p_move_base) by extensions ['ros']
[0.287s] Level 1:colcon.colcon_core.package_identification:_identify(src/dddmr_p2p_move_base) by extension 'ros'
[0.288s] DEBUG:colcon.colcon_core.package_identification:Package 'src/dddmr_p2p_move_base' with type 'ros.ament_cmake' and name 'p2p_move_base'
[0.288s] Level 1:colcon.colcon_core.package_identification:_identify(src/dddmr_perception_3d) by extensions ['ignore', 'ignore_ament_install']
[0.288s] Level 1:colcon.colcon_core.package_identification:_identify(src/dddmr_perception_3d) by extension 'ignore'
[0.288s] Level 1:colcon.colcon_core.package_identification:_identify(src/dddmr_perception_3d) by extension 'ignore_ament_install'
[0.288s] Level 1:colcon.colcon_core.package_identification:_identify(src/dddmr_perception_3d) by extensions ['colcon_pkg']
[0.288s] Level 1:colcon.colcon_core.package_identification:_identify(src/dddmr_perception_3d) by extension 'colcon_pkg'
[0.288s] Level 1:colcon.colcon_core.package_identification:_identify(src/dddmr_perception_3d) by extensions ['colcon_meta']
[0.288s] Level 1:colcon.colcon_core.package_identification:_identify(src/dddmr_perception_3d) by extension 'colcon_meta'
[0.288s] Level 1:colcon.colcon_core.package_identification:_identify(src/dddmr_perception_3d) by extensions ['ros']
[0.288s] Level 1:colcon.colcon_core.package_identification:_identify(src/dddmr_perception_3d) by extension 'ros'
[0.289s] DEBUG:colcon.colcon_core.package_identification:Package 'src/dddmr_perception_3d' with type 'ros.ament_cmake' and name 'perception_3d'
[0.289s] Level 1:colcon.colcon_core.package_identification:_identify(src/dddmr_rviz_tools) by extensions ['ignore', 'ignore_ament_install']
[0.289s] Level 1:colcon.colcon_core.package_identification:_identify(src/dddmr_rviz_tools) by extension 'ignore'
[0.289s] Level 1:colcon.colcon_core.package_identification:_identify(src/dddmr_rviz_tools) by extension 'ignore_ament_install'
[0.289s] Level 1:colcon.colcon_core.package_identification:_identify(src/dddmr_rviz_tools) by extensions ['colcon_pkg']
[0.289s] Level 1:colcon.colcon_core.package_identification:_identify(src/dddmr_rviz_tools) by extension 'colcon_pkg'
[0.289s] Level 1:colcon.colcon_core.package_identification:_identify(src/dddmr_rviz_tools) by extensions ['colcon_meta']
[0.289s] Level 1:colcon.colcon_core.package_identification:_identify(src/dddmr_rviz_tools) by extension 'colcon_meta'
[0.289s] Level 1:colcon.colcon_core.package_identification:_identify(src/dddmr_rviz_tools) by extensions ['ros']
[0.289s] Level 1:colcon.colcon_core.package_identification:_identify(src/dddmr_rviz_tools) by extension 'ros'
[0.289s] Level 1:colcon.colcon_core.package_identification:_identify(src/dddmr_rviz_tools) by extensions ['cmake', 'python']
[0.289s] Level 1:colcon.colcon_core.package_identification:_identify(src/dddmr_rviz_tools) by extension 'cmake'
[0.289s] Level 1:colcon.colcon_core.package_identification:_identify(src/dddmr_rviz_tools) by extension 'python'
[0.289s] Level 1:colcon.colcon_core.package_identification:_identify(src/dddmr_rviz_tools) by extensions ['python_setup_py']
[0.289s] Level 1:colcon.colcon_core.package_identification:_identify(src/dddmr_rviz_tools) by extension 'python_setup_py'
[0.289s] Level 1:colcon.colcon_core.package_identification:_identify(src/dddmr_rviz_tools/dddmr_rviz_default_plugins) by extensions ['ignore', 'ignore_ament_install']
[0.289s] Level 1:colcon.colcon_core.package_identification:_identify(src/dddmr_rviz_tools/dddmr_rviz_default_plugins) by extension 'ignore'
[0.289s] Level 1:colcon.colcon_core.package_identification:_identify(src/dddmr_rviz_tools/dddmr_rviz_default_plugins) by extension 'ignore_ament_install'
[0.289s] Level 1:colcon.colcon_core.package_identification:_identify(src/dddmr_rviz_tools/dddmr_rviz_default_plugins) by extensions ['colcon_pkg']
[0.289s] Level 1:colcon.colcon_core.package_identification:_identify(src/dddmr_rviz_tools/dddmr_rviz_default_plugins) by extension 'colcon_pkg'
[0.289s] Level 1:colcon.colcon_core.package_identification:_identify(src/dddmr_rviz_tools/dddmr_rviz_default_plugins) by extensions ['colcon_meta']
[0.289s] Level 1:colcon.colcon_core.package_identification:_identify(src/dddmr_rviz_tools/dddmr_rviz_default_plugins) by extension 'colcon_meta'
[0.289s] Level 1:colcon.colcon_core.package_identification:_identify(src/dddmr_rviz_tools/dddmr_rviz_default_plugins) by extensions ['ros']
[0.289s] Level 1:colcon.colcon_core.package_identification:_identify(src/dddmr_rviz_tools/dddmr_rviz_default_plugins) by extension 'ros'
[0.290s] DEBUG:colcon.colcon_core.package_identification:Package 'src/dddmr_rviz_tools/dddmr_rviz_default_plugins' with type 'ros.ament_cmake' and name 'dddmr_rviz_default_plugins'
[0.290s] Level 1:colcon.colcon_core.package_identification:_identify(src/dddmr_rviz_tools/map_editor_panel) by extensions ['ignore', 'ignore_ament_install']
[0.290s] Level 1:colcon.colcon_core.package_identification:_identify(src/dddmr_rviz_tools/map_editor_panel) by extension 'ignore'
[0.290s] Level 1:colcon.colcon_core.package_identification:_identify(src/dddmr_rviz_tools/map_editor_panel) by extension 'ignore_ament_install'
[0.290s] Level 1:colcon.colcon_core.package_identification:_identify(src/dddmr_rviz_tools/map_editor_panel) by extensions ['colcon_pkg']
[0.290s] Level 1:colcon.colcon_core.package_identification:_identify(src/dddmr_rviz_tools/map_editor_panel) by extension 'colcon_pkg'
[0.290s] Level 1:colcon.colcon_core.package_identification:_identify(src/dddmr_rviz_tools/map_editor_panel) by extensions ['colcon_meta']
[0.290s] Level 1:colcon.colcon_core.package_identification:_identify(src/dddmr_rviz_tools/map_editor_panel) by extension 'colcon_meta'
[0.290s] Level 1:colcon.colcon_core.package_identification:_identify(src/dddmr_rviz_tools/map_editor_panel) by extensions ['ros']
[0.290s] Level 1:colcon.colcon_core.package_identification:_identify(src/dddmr_rviz_tools/map_editor_panel) by extension 'ros'
[0.291s] DEBUG:colcon.colcon_core.package_identification:Package 'src/dddmr_rviz_tools/map_editor_panel' with type 'ros.ament_cmake' and name 'map_editor_panel'
[0.291s] Level 1:colcon.colcon_core.package_identification:_identify(src/dddmr_rviz_tools/mapping_panel) by extensions ['ignore', 'ignore_ament_install']
[0.291s] Level 1:colcon.colcon_core.package_identification:_identify(src/dddmr_rviz_tools/mapping_panel) by extension 'ignore'
[0.291s] Level 1:colcon.colcon_core.package_identification:_identify(src/dddmr_rviz_tools/mapping_panel) by extension 'ignore_ament_install'
[0.291s] Level 1:colcon.colcon_core.package_identification:_identify(src/dddmr_rviz_tools/mapping_panel) by extensions ['colcon_pkg']
[0.291s] Level 1:colcon.colcon_core.package_identification:_identify(src/dddmr_rviz_tools/mapping_panel) by extension 'colcon_pkg'
[0.291s] Level 1:colcon.colcon_core.package_identification:_identify(src/dddmr_rviz_tools/mapping_panel) by extensions ['colcon_meta']
[0.291s] Level 1:colcon.colcon_core.package_identification:_identify(src/dddmr_rviz_tools/mapping_panel) by extension 'colcon_meta'
[0.291s] Level 1:colcon.colcon_core.package_identification:_identify(src/dddmr_rviz_tools/mapping_panel) by extensions ['ros']
[0.291s] Level 1:colcon.colcon_core.package_identification:_identify(src/dddmr_rviz_tools/mapping_panel) by extension 'ros'
[0.291s] DEBUG:colcon.colcon_core.package_identification:Package 'src/dddmr_rviz_tools/mapping_panel' with type 'ros.ament_cmake' and name 'mapping_panel'
[0.292s] Level 1:colcon.colcon_core.package_identification:_identify(src/dddmr_rviz_tools/pose_graph_editor_panel) by extensions ['ignore', 'ignore_ament_install']
[0.292s] Level 1:colcon.colcon_core.package_identification:_identify(src/dddmr_rviz_tools/pose_graph_editor_panel) by extension 'ignore'
[0.292s] Level 1:colcon.colcon_core.package_identification:_identify(src/dddmr_rviz_tools/pose_graph_editor_panel) by extension 'ignore_ament_install'
[0.292s] Level 1:colcon.colcon_core.package_identification:_identify(src/dddmr_rviz_tools/pose_graph_editor_panel) by extensions ['colcon_pkg']
[0.292s] Level 1:colcon.colcon_core.package_identification:_identify(src/dddmr_rviz_tools/pose_graph_editor_panel) by extension 'colcon_pkg'
[0.292s] Level 1:colcon.colcon_core.package_identification:_identify(src/dddmr_rviz_tools/pose_graph_editor_panel) by extensions ['colcon_meta']
[0.292s] Level 1:colcon.colcon_core.package_identification:_identify(src/dddmr_rviz_tools/pose_graph_editor_panel) by extension 'colcon_meta'
[0.292s] Level 1:colcon.colcon_core.package_identification:_identify(src/dddmr_rviz_tools/pose_graph_editor_panel) by extensions ['ros']
[0.292s] Level 1:colcon.colcon_core.package_identification:_identify(src/dddmr_rviz_tools/pose_graph_editor_panel) by extension 'ros'
[0.292s] DEBUG:colcon.colcon_core.package_identification:Package 'src/dddmr_rviz_tools/pose_graph_editor_panel' with type 'ros.ament_cmake' and name 'pose_graph_editor_panel'
[0.292s] Level 1:colcon.colcon_core.package_identification:_identify(src/dddmr_rviz_tools/pose_graph_merge_editor_panel) by extensions ['ignore', 'ignore_ament_install']
[0.292s] Level 1:colcon.colcon_core.package_identification:_identify(src/dddmr_rviz_tools/pose_graph_merge_editor_panel) by extension 'ignore'
[0.292s] Level 1:colcon.colcon_core.package_identification:_identify(src/dddmr_rviz_tools/pose_graph_merge_editor_panel) by extension 'ignore_ament_install'
[0.292s] Level 1:colcon.colcon_core.package_identification:_identify(src/dddmr_rviz_tools/pose_graph_merge_editor_panel) by extensions ['colcon_pkg']
[0.292s] Level 1:colcon.colcon_core.package_identification:_identify(src/dddmr_rviz_tools/pose_graph_merge_editor_panel) by extension 'colcon_pkg'
[0.292s] Level 1:colcon.colcon_core.package_identification:_identify(src/dddmr_rviz_tools/pose_graph_merge_editor_panel) by extensions ['colcon_meta']
[0.292s] Level 1:colcon.colcon_core.package_identification:_identify(src/dddmr_rviz_tools/pose_graph_merge_editor_panel) by extension 'colcon_meta'
[0.292s] Level 1:colcon.colcon_core.package_identification:_identify(src/dddmr_rviz_tools/pose_graph_merge_editor_panel) by extensions ['ros']
[0.292s] Level 1:colcon.colcon_core.package_identification:_identify(src/dddmr_rviz_tools/pose_graph_merge_editor_panel) by extension 'ros'
[0.293s] DEBUG:colcon.colcon_core.package_identification:Package 'src/dddmr_rviz_tools/pose_graph_merge_editor_panel' with type 'ros.ament_cmake' and name 'pose_graph_merge_editor_panel'
[0.293s] Level 1:colcon.colcon_core.package_identification:_identify(src/dddmr_sc_pgo) by extensions ['ignore', 'ignore_ament_install']
[0.293s] Level 1:colcon.colcon_core.package_identification:_identify(src/dddmr_sc_pgo) by extension 'ignore'
[0.293s] Level 1:colcon.colcon_core.package_identification:_identify(src/dddmr_sc_pgo) by extension 'ignore_ament_install'
[0.293s] Level 1:colcon.colcon_core.package_identification:_identify(src/dddmr_sc_pgo) by extensions ['colcon_pkg']
[0.293s] Level 1:colcon.colcon_core.package_identification:_identify(src/dddmr_sc_pgo) by extension 'colcon_pkg'
[0.293s] Level 1:colcon.colcon_core.package_identification:_identify(src/dddmr_sc_pgo) by extensions ['colcon_meta']
[0.293s] Level 1:colcon.colcon_core.package_identification:_identify(src/dddmr_sc_pgo) by extension 'colcon_meta'
[0.293s] Level 1:colcon.colcon_core.package_identification:_identify(src/dddmr_sc_pgo) by extensions ['ros']
[0.293s] Level 1:colcon.colcon_core.package_identification:_identify(src/dddmr_sc_pgo) by extension 'ros'
[0.294s] DEBUG:colcon.colcon_core.package_identification:Package 'src/dddmr_sc_pgo' with type 'ros.ament_cmake' and name 'dddmr_sc_pgo'
[0.294s] Level 1:colcon.colcon_core.package_identification:_identify(src/dddmr_semantic_segmentation) by extensions ['ignore', 'ignore_ament_install']
[0.294s] Level 1:colcon.colcon_core.package_identification:_identify(src/dddmr_semantic_segmentation) by extension 'ignore'
[0.294s] Level 1:colcon.colcon_core.package_identification:_identify(src/dddmr_semantic_segmentation) by extension 'ignore_ament_install'
[0.294s] Level 1:colcon.colcon_core.package_identification:_identify(src/dddmr_semantic_segmentation) by extensions ['colcon_pkg']
[0.294s] Level 1:colcon.colcon_core.package_identification:_identify(src/dddmr_semantic_segmentation) by extension 'colcon_pkg'
[0.294s] Level 1:colcon.colcon_core.package_identification:_identify(src/dddmr_semantic_segmentation) by extensions ['colcon_meta']
[0.294s] Level 1:colcon.colcon_core.package_identification:_identify(src/dddmr_semantic_segmentation) by extension 'colcon_meta'
[0.294s] Level 1:colcon.colcon_core.package_identification:_identify(src/dddmr_semantic_segmentation) by extensions ['ros']
[0.294s] Level 1:colcon.colcon_core.package_identification:_identify(src/dddmr_semantic_segmentation) by extension 'ros'
[0.295s] DEBUG:colcon.colcon_core.package_identification:Package 'src/dddmr_semantic_segmentation' with type 'ros.ament_cmake' and name 'dddmr_semantic_segmentation'
[0.295s] Level 1:colcon.colcon_core.package_identification:_identify(src/dddmr_sys_core) by extensions ['ignore', 'ignore_ament_install']
[0.295s] Level 1:colcon.colcon_core.package_identification:_identify(src/dddmr_sys_core) by extension 'ignore'
[0.295s] Level 1:colcon.colcon_core.package_identification:_identify(src/dddmr_sys_core) by extension 'ignore_ament_install'
[0.295s] Level 1:colcon.colcon_core.package_identification:_identify(src/dddmr_sys_core) by extensions ['colcon_pkg']
[0.295s] Level 1:colcon.colcon_core.package_identification:_identify(src/dddmr_sys_core) by extension 'colcon_pkg'
[0.295s] Level 1:colcon.colcon_core.package_identification:_identify(src/dddmr_sys_core) by extensions ['colcon_meta']
[0.295s] Level 1:colcon.colcon_core.package_identification:_identify(src/dddmr_sys_core) by extension 'colcon_meta'
[0.295s] Level 1:colcon.colcon_core.package_identification:_identify(src/dddmr_sys_core) by extensions ['ros']
[0.295s] Level 1:colcon.colcon_core.package_identification:_identify(src/dddmr_sys_core) by extension 'ros'
[0.295s] DEBUG:colcon.colcon_core.package_identification:Package 'src/dddmr_sys_core' with type 'ros.ament_cmake' and name 'dddmr_sys_core'
[0.296s] Level 1:colcon.colcon_core.package_identification:_identify(src/dddmr_trt) by extensions ['ignore', 'ignore_ament_install']
[0.296s] Level 1:colcon.colcon_core.package_identification:_identify(src/dddmr_trt) by extension 'ignore'
[0.296s] Level 1:colcon.colcon_core.package_identification:_identify(src/dddmr_trt) by extension 'ignore_ament_install'
[0.296s] Level 1:colcon.colcon_core.package_identification:_identify(src/dddmr_trt) by extensions ['colcon_pkg']
[0.296s] Level 1:colcon.colcon_core.package_identification:_identify(src/dddmr_trt) by extension 'colcon_pkg'
[0.296s] Level 1:colcon.colcon_core.package_identification:_identify(src/dddmr_trt) by extensions ['colcon_meta']
[0.296s] Level 1:colcon.colcon_core.package_identification:_identify(src/dddmr_trt) by extension 'colcon_meta'
[0.296s] Level 1:colcon.colcon_core.package_identification:_identify(src/dddmr_trt) by extensions ['ros']
[0.296s] Level 1:colcon.colcon_core.package_identification:_identify(src/dddmr_trt) by extension 'ros'
[0.296s] DEBUG:colcon.colcon_core.package_identification:Package 'src/dddmr_trt' with type 'ros.ament_cmake' and name 'dddmr_trt'
[0.296s] Level 1:colcon.colcon_core.package_discovery:discover_packages(recursive) using defaults
[0.296s] Level 1:colcon.colcon_core.package_discovery:discover_packages(ignore) discover
[0.296s] Level 1:colcon.colcon_core.package_discovery:discover_packages(ignore) using defaults
[0.296s] Level 1:colcon.colcon_core.package_discovery:discover_packages(path) discover
[0.296s] Level 1:colcon.colcon_core.package_discovery:discover_packages(path) using defaults
[0.322s] Level 1:colcon.colcon_core.package_discovery:discover_packages(prefix_path) check parameters
[0.322s] Level 1:colcon.colcon_core.package_discovery:discover_packages(prefix_path) discover
[0.326s] DEBUG:colcon.colcon_installed_package_information.package_discovery:Found 277 installed packages in /opt/ros/humble
[0.326s] Level 1:colcon.colcon_core.package_discovery:discover_packages(prefix_path) using defaults
[0.342s] Level 5:colcon.colcon_core.verb:set package 'base_trajectory' build argument 'cmake_args' from command line to 'None'
[0.342s] Level 5:colcon.colcon_core.verb:set package 'base_trajectory' build argument 'cmake_target' from command line to 'None'
[0.342s] Level 5:colcon.colcon_core.verb:set package 'base_trajectory' build argument 'cmake_target_skip_unavailable' from command line to 'False'
[0.342s] Level 5:colcon.colcon_core.verb:set package 'base_trajectory' build argument 'cmake_clean_cache' from command line to 'False'
[0.342s] Level 5:colcon.colcon_core.verb:set package 'base_trajectory' build argument 'cmake_clean_first' from command line to 'False'
[0.342s] Level 5:colcon.colcon_core.verb:set package 'base_trajectory' build argument 'cmake_force_configure' from command line to 'False'
[0.342s] Level 5:colcon.colcon_core.verb:set package 'base_trajectory' build argument 'ament_cmake_args' from command line to 'None'
[0.342s] Level 5:colcon.colcon_core.verb:set package 'base_trajectory' build argument 'catkin_cmake_args' from command line to 'None'
[0.342s] Level 5:colcon.colcon_core.verb:set package 'base_trajectory' build argument 'catkin_skip_building_tests' from command line to 'False'
[0.342s] DEBUG:colcon.colcon_core.verb:Building package 'base_trajectory' with the following arguments: {'ament_cmake_args': None, 'build_base': '/root/dddmr_navigation/build/base_trajectory', 'catkin_cmake_args': None, 'catkin_skip_building_tests': False, 'cmake_args': None, 'cmake_clean_cache': False, 'cmake_clean_first': False, 'cmake_force_configure': False, 'cmake_target': None, 'cmake_target_skip_unavailable': False, 'install_base': '/root/dddmr_navigation/install/base_trajectory', 'merge_install': False, 'path': '/root/dddmr_navigation/src/dddmr_local_planner/base_trajectory', 'symlink_install': True, 'test_result_base': None}
[0.342s] Level 5:colcon.colcon_core.verb:set package 'cloud_msgs' build argument 'cmake_args' from command line to 'None'
[0.342s] Level 5:colcon.colcon_core.verb:set package 'cloud_msgs' build argument 'cmake_target' from command line to 'None'
[0.342s] Level 5:colcon.colcon_core.verb:set package 'cloud_msgs' build argument 'cmake_target_skip_unavailable' from command line to 'False'
[0.342s] Level 5:colcon.colcon_core.verb:set package 'cloud_msgs' build argument 'cmake_clean_cache' from command line to 'False'
[0.342s] Level 5:colcon.colcon_core.verb:set package 'cloud_msgs' build argument 'cmake_clean_first' from command line to 'False'
[0.342s] Level 5:colcon.colcon_core.verb:set package 'cloud_msgs' build argument 'cmake_force_configure' from command line to 'False'
[0.342s] Level 5:colcon.colcon_core.verb:set package 'cloud_msgs' build argument 'ament_cmake_args' from command line to 'None'
[0.342s] Level 5:colcon.colcon_core.verb:set package 'cloud_msgs' build argument 'catkin_cmake_args' from command line to 'None'
[0.342s] Level 5:colcon.colcon_core.verb:set package 'cloud_msgs' build argument 'catkin_skip_building_tests' from command line to 'False'
[0.342s] DEBUG:colcon.colcon_core.verb:Building package 'cloud_msgs' with the following arguments: {'ament_cmake_args': None, 'build_base': '/root/dddmr_navigation/build/cloud_msgs', 'catkin_cmake_args': None, 'catkin_skip_building_tests': False, 'cmake_args': None, 'cmake_clean_cache': False, 'cmake_clean_first': False, 'cmake_force_configure': False, 'cmake_target': None, 'cmake_target_skip_unavailable': False, 'install_base': '/root/dddmr_navigation/install/cloud_msgs', 'merge_install': False, 'path': '/root/dddmr_navigation/src/dddmr_lego_loam/cloud_msgs', 'symlink_install': True, 'test_result_base': None}
[0.342s] Level 5:colcon.colcon_core.verb:set package 'dddmr_beginner_guide' build argument 'cmake_args' from command line to 'None'
[0.342s] Level 5:colcon.colcon_core.verb:set package 'dddmr_beginner_guide' build argument 'cmake_target' from command line to 'None'
[0.342s] Level 5:colcon.colcon_core.verb:set package 'dddmr_beginner_guide' build argument 'cmake_target_skip_unavailable' from command line to 'False'
[0.342s] Level 5:colcon.colcon_core.verb:set package 'dddmr_beginner_guide' build argument 'cmake_clean_cache' from command line to 'False'
[0.342s] Level 5:colcon.colcon_core.verb:set package 'dddmr_beginner_guide' build argument 'cmake_clean_first' from command line to 'False'
[0.342s] Level 5:colcon.colcon_core.verb:set package 'dddmr_beginner_guide' build argument 'cmake_force_configure' from command line to 'False'
[0.342s] Level 5:colcon.colcon_core.verb:set package 'dddmr_beginner_guide' build argument 'ament_cmake_args' from command line to 'None'
[0.342s] Level 5:colcon.colcon_core.verb:set package 'dddmr_beginner_guide' build argument 'catkin_cmake_args' from command line to 'None'
[0.342s] Level 5:colcon.colcon_core.verb:set package 'dddmr_beginner_guide' build argument 'catkin_skip_building_tests' from command line to 'False'
[0.342s] DEBUG:colcon.colcon_core.verb:Building package 'dddmr_beginner_guide' with the following arguments: {'ament_cmake_args': None, 'build_base': '/root/dddmr_navigation/build/dddmr_beginner_guide', 'catkin_cmake_args': None, 'catkin_skip_building_tests': False, 'cmake_args': None, 'cmake_clean_cache': False, 'cmake_clean_first': False, 'cmake_force_configure': False, 'cmake_target': None, 'cmake_target_skip_unavailable': False, 'install_base': '/root/dddmr_navigation/install/dddmr_beginner_guide', 'merge_install': False, 'path': '/root/dddmr_navigation/src/dddmr_beginner_guide', 'symlink_install': True, 'test_result_base': None}
[0.343s] Level 5:colcon.colcon_core.verb:set package 'dddmr_fastlio_adapter' build argument 'cmake_args' from command line to 'None'
[0.343s] Level 5:colcon.colcon_core.verb:set package 'dddmr_fastlio_adapter' build argument 'cmake_target' from command line to 'None'
[0.343s] Level 5:colcon.colcon_core.verb:set package 'dddmr_fastlio_adapter' build argument 'cmake_target_skip_unavailable' from command line to 'False'
[0.343s] Level 5:colcon.colcon_core.verb:set package 'dddmr_fastlio_adapter' build argument 'cmake_clean_cache' from command line to 'False'
[0.343s] Level 5:colcon.colcon_core.verb:set package 'dddmr_fastlio_adapter' build argument 'cmake_clean_first' from command line to 'False'
[0.343s] Level 5:colcon.colcon_core.verb:set package 'dddmr_fastlio_adapter' build argument 'cmake_force_configure' from command line to 'False'
[0.343s] Level 5:colcon.colcon_core.verb:set package 'dddmr_fastlio_adapter' build argument 'ament_cmake_args' from command line to 'None'
[0.343s] Level 5:colcon.colcon_core.verb:set package 'dddmr_fastlio_adapter' build argument 'catkin_cmake_args' from command line to 'None'
[0.343s] Level 5:colcon.colcon_core.verb:set package 'dddmr_fastlio_adapter' build argument 'catkin_skip_building_tests' from command line to 'False'
[0.343s] DEBUG:colcon.colcon_core.verb:Building package 'dddmr_fastlio_adapter' with the following arguments: {'ament_cmake_args': None, 'build_base': '/root/dddmr_navigation/build/dddmr_fastlio_adapter', 'catkin_cmake_args': None, 'catkin_skip_building_tests': False, 'cmake_args': None, 'cmake_clean_cache': False, 'cmake_clean_first': False, 'cmake_force_configure': False, 'cmake_target': None, 'cmake_target_skip_unavailable': False, 'install_base': '/root/dddmr_navigation/install/dddmr_fastlio_adapter', 'merge_install': False, 'path': '/root/dddmr_navigation/src/dddmr_fastlio_adapter', 'symlink_install': True, 'test_result_base': None}
[0.343s] Level 5:colcon.colcon_core.verb:set package 'dddmr_odom_3d' build argument 'cmake_args' from command line to 'None'
[0.343s] Level 5:colcon.colcon_core.verb:set package 'dddmr_odom_3d' build argument 'cmake_target' from command line to 'None'
[0.343s] Level 5:colcon.colcon_core.verb:set package 'dddmr_odom_3d' build argument 'cmake_target_skip_unavailable' from command line to 'False'
[0.343s] Level 5:colcon.colcon_core.verb:set package 'dddmr_odom_3d' build argument 'cmake_clean_cache' from command line to 'False'
[0.343s] Level 5:colcon.colcon_core.verb:set package 'dddmr_odom_3d' build argument 'cmake_clean_first' from command line to 'False'
[0.343s] Level 5:colcon.colcon_core.verb:set package 'dddmr_odom_3d' build argument 'cmake_force_configure' from command line to 'False'
[0.343s] Level 5:colcon.colcon_core.verb:set package 'dddmr_odom_3d' build argument 'ament_cmake_args' from command line to 'None'
[0.343s] Level 5:colcon.colcon_core.verb:set package 'dddmr_odom_3d' build argument 'catkin_cmake_args' from command line to 'None'
[0.343s] Level 5:colcon.colcon_core.verb:set package 'dddmr_odom_3d' build argument 'catkin_skip_building_tests' from command line to 'False'
[0.343s] DEBUG:colcon.colcon_core.verb:Building package 'dddmr_odom_3d' with the following arguments: {'ament_cmake_args': None, 'build_base': '/root/dddmr_navigation/build/dddmr_odom_3d', 'catkin_cmake_args': None, 'catkin_skip_building_tests': False, 'cmake_args': None, 'cmake_clean_cache': False, 'cmake_clean_first': False, 'cmake_force_configure': False, 'cmake_target': None, 'cmake_target_skip_unavailable': False, 'install_base': '/root/dddmr_navigation/install/dddmr_odom_3d', 'merge_install': False, 'path': '/root/dddmr_navigation/src/dddmr_odom_3d', 'symlink_install': True, 'test_result_base': None}
[0.343s] Level 5:colcon.colcon_core.verb:set package 'dddmr_rviz_default_plugins' build argument 'cmake_args' from command line to 'None'
[0.343s] Level 5:colcon.colcon_core.verb:set package 'dddmr_rviz_default_plugins' build argument 'cmake_target' from command line to 'None'
[0.343s] Level 5:colcon.colcon_core.verb:set package 'dddmr_rviz_default_plugins' build argument 'cmake_target_skip_unavailable' from command line to 'False'
[0.343s] Level 5:colcon.colcon_core.verb:set package 'dddmr_rviz_default_plugins' build argument 'cmake_clean_cache' from command line to 'False'
[0.343s] Level 5:colcon.colcon_core.verb:set package 'dddmr_rviz_default_plugins' build argument 'cmake_clean_first' from command line to 'False'
[0.343s] Level 5:colcon.colcon_core.verb:set package 'dddmr_rviz_default_plugins' build argument 'cmake_force_configure' from command line to 'False'
[0.343s] Level 5:colcon.colcon_core.verb:set package 'dddmr_rviz_default_plugins' build argument 'ament_cmake_args' from command line to 'None'
[0.343s] Level 5:colcon.colcon_core.verb:set package 'dddmr_rviz_default_plugins' build argument 'catkin_cmake_args' from command line to 'None'
[0.343s] Level 5:colcon.colcon_core.verb:set package 'dddmr_rviz_default_plugins' build argument 'catkin_skip_building_tests' from command line to 'False'
[0.343s] DEBUG:colcon.colcon_core.verb:Building package 'dddmr_rviz_default_plugins' with the following arguments: {'ament_cmake_args': None, 'build_base': '/root/dddmr_navigation/build/dddmr_rviz_default_plugins', 'catkin_cmake_args': None, 'catkin_skip_building_tests': False, 'cmake_args': None, 'cmake_clean_cache': False, 'cmake_clean_first': False, 'cmake_force_configure': False, 'cmake_target': None, 'cmake_target_skip_unavailable': False, 'install_base': '/root/dddmr_navigation/install/dddmr_rviz_default_plugins', 'merge_install': False, 'path': '/root/dddmr_navigation/src/dddmr_rviz_tools/dddmr_rviz_default_plugins', 'symlink_install': True, 'test_result_base': None}
[0.343s] Level 5:colcon.colcon_core.verb:set package 'dddmr_sc_pgo' build argument 'cmake_args' from command line to 'None'
[0.343s] Level 5:colcon.colcon_core.verb:set package 'dddmr_sc_pgo' build argument 'cmake_target' from command line to 'None'
[0.343s] Level 5:colcon.colcon_core.verb:set package 'dddmr_sc_pgo' build argument 'cmake_target_skip_unavailable' from command line to 'False'
[0.343s] Level 5:colcon.colcon_core.verb:set package 'dddmr_sc_pgo' build argument 'cmake_clean_cache' from command line to 'False'
[0.343s] Level 5:colcon.colcon_core.verb:set package 'dddmr_sc_pgo' build argument 'cmake_clean_first' from command line to 'False'
[0.343s] Level 5:colcon.colcon_core.verb:set package 'dddmr_sc_pgo' build argument 'cmake_force_configure' from command line to 'False'
[0.343s] Level 5:colcon.colcon_core.verb:set package 'dddmr_sc_pgo' build argument 'ament_cmake_args' from command line to 'None'
[0.343s] Level 5:colcon.colcon_core.verb:set package 'dddmr_sc_pgo' build argument 'catkin_cmake_args' from command line to 'None'
[0.343s] Level 5:colcon.colcon_core.verb:set package 'dddmr_sc_pgo' build argument 'catkin_skip_building_tests' from command line to 'False'
[0.343s] DEBUG:colcon.colcon_core.verb:Building package 'dddmr_sc_pgo' with the following arguments: {'ament_cmake_args': None, 'build_base': '/root/dddmr_navigation/build/dddmr_sc_pgo', 'catkin_cmake_args': None, 'catkin_skip_building_tests': False, 'cmake_args': None, 'cmake_clean_cache': False, 'cmake_clean_first': False, 'cmake_force_configure': False, 'cmake_target': None, 'cmake_target_skip_unavailable': False, 'install_base': '/root/dddmr_navigation/install/dddmr_sc_pgo', 'merge_install': False, 'path': '/root/dddmr_navigation/src/dddmr_sc_pgo', 'symlink_install': True, 'test_result_base': None}
[0.343s] Level 5:colcon.colcon_core.verb:set package 'dddmr_semantic_segmentation' build argument 'cmake_args' from command line to 'None'
[0.343s] Level 5:colcon.colcon_core.verb:set package 'dddmr_semantic_segmentation' build argument 'cmake_target' from command line to 'None'
[0.343s] Level 5:colcon.colcon_core.verb:set package 'dddmr_semantic_segmentation' build argument 'cmake_target_skip_unavailable' from command line to 'False'
[0.343s] Level 5:colcon.colcon_core.verb:set package 'dddmr_semantic_segmentation' build argument 'cmake_clean_cache' from command line to 'False'
[0.343s] Level 5:colcon.colcon_core.verb:set package 'dddmr_semantic_segmentation' build argument 'cmake_clean_first' from command line to 'False'
[0.343s] Level 5:colcon.colcon_core.verb:set package 'dddmr_semantic_segmentation' build argument 'cmake_force_configure' from command line to 'False'
[0.343s] Level 5:colcon.colcon_core.verb:set package 'dddmr_semantic_segmentation' build argument 'ament_cmake_args' from command line to 'None'
[0.343s] Level 5:colcon.colcon_core.verb:set package 'dddmr_semantic_segmentation' build argument 'catkin_cmake_args' from command line to 'None'
[0.343s] Level 5:colcon.colcon_core.verb:set package 'dddmr_semantic_segmentation' build argument 'catkin_skip_building_tests' from command line to 'False'
[0.343s] DEBUG:colcon.colcon_core.verb:Building package 'dddmr_semantic_segmentation' with the following arguments: {'ament_cmake_args': None, 'build_base': '/root/dddmr_navigation/build/dddmr_semantic_segmentation', 'catkin_cmake_args': None, 'catkin_skip_building_tests': False, 'cmake_args': None, 'cmake_clean_cache': False, 'cmake_clean_first': False, 'cmake_force_configure': False, 'cmake_target': None, 'cmake_target_skip_unavailable': False, 'install_base': '/root/dddmr_navigation/install/dddmr_semantic_segmentation', 'merge_install': False, 'path': '/root/dddmr_navigation/src/dddmr_semantic_segmentation', 'symlink_install': True, 'test_result_base': None}
[0.344s] Level 5:colcon.colcon_core.verb:set package 'dddmr_sys_core' build argument 'cmake_args' from command line to 'None'
[0.344s] Level 5:colcon.colcon_core.verb:set package 'dddmr_sys_core' build argument 'cmake_target' from command line to 'None'
[0.344s] Level 5:colcon.colcon_core.verb:set package 'dddmr_sys_core' build argument 'cmake_target_skip_unavailable' from command line to 'False'
[0.344s] Level 5:colcon.colcon_core.verb:set package 'dddmr_sys_core' build argument 'cmake_clean_cache' from command line to 'False'
[0.344s] Level 5:colcon.colcon_core.verb:set package 'dddmr_sys_core' build argument 'cmake_clean_first' from command line to 'False'
[0.344s] Level 5:colcon.colcon_core.verb:set package 'dddmr_sys_core' build argument 'cmake_force_configure' from command line to 'False'
[0.344s] Level 5:colcon.colcon_core.verb:set package 'dddmr_sys_core' build argument 'ament_cmake_args' from command line to 'None'
[0.344s] Level 5:colcon.colcon_core.verb:set package 'dddmr_sys_core' build argument 'catkin_cmake_args' from command line to 'None'
[0.344s] Level 5:colcon.colcon_core.verb:set package 'dddmr_sys_core' build argument 'catkin_skip_building_tests' from command line to 'False'
[0.344s] DEBUG:colcon.colcon_core.verb:Building package 'dddmr_sys_core' with the following arguments: {'ament_cmake_args': None, 'build_base': '/root/dddmr_navigation/build/dddmr_sys_core', 'catkin_cmake_args': None, 'catkin_skip_building_tests': False, 'cmake_args': None, 'cmake_clean_cache': False, 'cmake_clean_first': False, 'cmake_force_configure': False, 'cmake_target': None, 'cmake_target_skip_unavailable': False, 'install_base': '/root/dddmr_navigation/install/dddmr_sys_core', 'merge_install': False, 'path': '/root/dddmr_navigation/src/dddmr_sys_core', 'symlink_install': True, 'test_result_base': None}
[0.344s] Level 5:colcon.colcon_core.verb:set package 'dddmr_trt' build argument 'cmake_args' from command line to 'None'
[0.344s] Level 5:colcon.colcon_core.verb:set package 'dddmr_trt' build argument 'cmake_target' from command line to 'None'
[0.344s] Level 5:colcon.colcon_core.verb:set package 'dddmr_trt' build argument 'cmake_target_skip_unavailable' from command line to 'False'
[0.344s] Level 5:colcon.colcon_core.verb:set package 'dddmr_trt' build argument 'cmake_clean_cache' from command line to 'False'
[0.344s] Level 5:colcon.colcon_core.verb:set package 'dddmr_trt' build argument 'cmake_clean_first' from command line to 'False'
[0.344s] Level 5:colcon.colcon_core.verb:set package 'dddmr_trt' build argument 'cmake_force_configure' from command line to 'False'
[0.344s] Level 5:colcon.colcon_core.verb:set package 'dddmr_trt' build argument 'ament_cmake_args' from command line to 'None'
[0.344s] Level 5:colcon.colcon_core.verb:set package 'dddmr_trt' build argument 'catkin_cmake_args' from command line to 'None'
[0.344s] Level 5:colcon.colcon_core.verb:set package 'dddmr_trt' build argument 'catkin_skip_building_tests' from command line to 'False'
[0.344s] DEBUG:colcon.colcon_core.verb:Building package 'dddmr_trt' with the following arguments: {'ament_cmake_args': None, 'build_base': '/root/dddmr_navigation/build/dddmr_trt', 'catkin_cmake_args': None, 'catkin_skip_building_tests': False, 'cmake_args': None, 'cmake_clean_cache': False, 'cmake_clean_first': False, 'cmake_force_configure': False, 'cmake_target': None, 'cmake_target_skip_unavailable': False, 'install_base': '/root/dddmr_navigation/install/dddmr_trt', 'merge_install': False, 'path': '/root/dddmr_navigation/src/dddmr_trt', 'symlink_install': True, 'test_result_base': None}
[0.344s] Level 5:colcon.colcon_core.verb:set package 'fast_lio' build argument 'cmake_args' from command line to 'None'
[0.344s] Level 5:colcon.colcon_core.verb:set package 'fast_lio' build argument 'cmake_target' from command line to 'None'
[0.344s] Level 5:colcon.colcon_core.verb:set package 'fast_lio' build argument 'cmake_target_skip_unavailable' from command line to 'False'
[0.344s] Level 5:colcon.colcon_core.verb:set package 'fast_lio' build argument 'cmake_clean_cache' from command line to 'False'
[0.344s] Level 5:colcon.colcon_core.verb:set package 'fast_lio' build argument 'cmake_clean_first' from command line to 'False'
[0.344s] Level 5:colcon.colcon_core.verb:set package 'fast_lio' build argument 'cmake_force_configure' from command line to 'False'
[0.344s] Level 5:colcon.colcon_core.verb:set package 'fast_lio' build argument 'ament_cmake_args' from command line to 'None'
[0.344s] Level 5:colcon.colcon_core.verb:set package 'fast_lio' build argument 'catkin_cmake_args' from command line to 'None'
[0.344s] Level 5:colcon.colcon_core.verb:set package 'fast_lio' build argument 'catkin_skip_building_tests' from command line to 'False'
[0.344s] DEBUG:colcon.colcon_core.verb:Building package 'fast_lio' with the following arguments: {'ament_cmake_args': None, 'build_base': '/root/dddmr_navigation/build/fast_lio', 'catkin_cmake_args': None, 'catkin_skip_building_tests': False, 'cmake_args': None, 'cmake_clean_cache': False, 'cmake_clean_first': False, 'cmake_force_configure': False, 'cmake_target': None, 'cmake_target_skip_unavailable': False, 'install_base': '/root/dddmr_navigation/install/fast_lio', 'merge_install': False, 'path': '/root/dddmr_navigation/src/FAST_LIO', 'symlink_install': True, 'test_result_base': None}
[0.344s] Level 5:colcon.colcon_core.verb:set package 'map_editor_panel' build argument 'cmake_args' from command line to 'None'
[0.344s] Level 5:colcon.colcon_core.verb:set package 'map_editor_panel' build argument 'cmake_target' from command line to 'None'
[0.344s] Level 5:colcon.colcon_core.verb:set package 'map_editor_panel' build argument 'cmake_target_skip_unavailable' from command line to 'False'
[0.344s] Level 5:colcon.colcon_core.verb:set package 'map_editor_panel' build argument 'cmake_clean_cache' from command line to 'False'
[0.344s] Level 5:colcon.colcon_core.verb:set package 'map_editor_panel' build argument 'cmake_clean_first' from command line to 'False'
[0.344s] Level 5:colcon.colcon_core.verb:set package 'map_editor_panel' build argument 'cmake_force_configure' from command line to 'False'
[0.344s] Level 5:colcon.colcon_core.verb:set package 'map_editor_panel' build argument 'ament_cmake_args' from command line to 'None'
[0.344s] Level 5:colcon.colcon_core.verb:set package 'map_editor_panel' build argument 'catkin_cmake_args' from command line to 'None'
[0.344s] Level 5:colcon.colcon_core.verb:set package 'map_editor_panel' build argument 'catkin_skip_building_tests' from command line to 'False'
[0.344s] DEBUG:colcon.colcon_core.verb:Building package 'map_editor_panel' with the following arguments: {'ament_cmake_args': None, 'build_base': '/root/dddmr_navigation/build/map_editor_panel', 'catkin_cmake_args': None, 'catkin_skip_building_tests': False, 'cmake_args': None, 'cmake_clean_cache': False, 'cmake_clean_first': False, 'cmake_force_configure': False, 'cmake_target': None, 'cmake_target_skip_unavailable': False, 'install_base': '/root/dddmr_navigation/install/map_editor_panel', 'merge_install': False, 'path': '/root/dddmr_navigation/src/dddmr_rviz_tools/map_editor_panel', 'symlink_install': True, 'test_result_base': None}
[0.344s] Level 5:colcon.colcon_core.verb:set package 'mapping_panel' build argument 'cmake_args' from command line to 'None'
[0.344s] Level 5:colcon.colcon_core.verb:set package 'mapping_panel' build argument 'cmake_target' from command line to 'None'
[0.344s] Level 5:colcon.colcon_core.verb:set package 'mapping_panel' build argument 'cmake_target_skip_unavailable' from command line to 'False'
[0.345s] Level 5:colcon.colcon_core.verb:set package 'mapping_panel' build argument 'cmake_clean_cache' from command line to 'False'
[0.345s] Level 5:colcon.colcon_core.verb:set package 'mapping_panel' build argument 'cmake_clean_first' from command line to 'False'
[0.345s] Level 5:colcon.colcon_core.verb:set package 'mapping_panel' build argument 'cmake_force_configure' from command line to 'False'
[0.345s] Level 5:colcon.colcon_core.verb:set package 'mapping_panel' build argument 'ament_cmake_args' from command line to 'None'
[0.345s] Level 5:colcon.colcon_core.verb:set package 'mapping_panel' build argument 'catkin_cmake_args' from command line to 'None'
[0.345s] Level 5:colcon.colcon_core.verb:set package 'mapping_panel' build argument 'catkin_skip_building_tests' from command line to 'False'
[0.345s] DEBUG:colcon.colcon_core.verb:Building package 'mapping_panel' with the following arguments: {'ament_cmake_args': None, 'build_base': '/root/dddmr_navigation/build/mapping_panel', 'catkin_cmake_args': None, 'catkin_skip_building_tests': False, 'cmake_args': None, 'cmake_clean_cache': False, 'cmake_clean_first': False, 'cmake_force_configure': False, 'cmake_target': None, 'cmake_target_skip_unavailable': False, 'install_base': '/root/dddmr_navigation/install/mapping_panel', 'merge_install': False, 'path': '/root/dddmr_navigation/src/dddmr_rviz_tools/mapping_panel', 'symlink_install': True, 'test_result_base': None}
[0.345s] Level 5:colcon.colcon_core.verb:set package 'perception_3d' build argument 'cmake_args' from command line to 'None'
[0.345s] Level 5:colcon.colcon_core.verb:set package 'perception_3d' build argument 'cmake_target' from command line to 'None'
[0.345s] Level 5:colcon.colcon_core.verb:set package 'perception_3d' build argument 'cmake_target_skip_unavailable' from command line to 'False'
[0.345s] Level 5:colcon.colcon_core.verb:set package 'perception_3d' build argument 'cmake_clean_cache' from command line to 'False'
[0.345s] Level 5:colcon.colcon_core.verb:set package 'perception_3d' build argument 'cmake_clean_first' from command line to 'False'
[0.345s] Level 5:colcon.colcon_core.verb:set package 'perception_3d' build argument 'cmake_force_configure' from command line to 'False'
[0.345s] Level 5:colcon.colcon_core.verb:set package 'perception_3d' build argument 'ament_cmake_args' from command line to 'None'
[0.345s] Level 5:colcon.colcon_core.verb:set package 'perception_3d' build argument 'catkin_cmake_args' from command line to 'None'
[0.345s] Level 5:colcon.colcon_core.verb:set package 'perception_3d' build argument 'catkin_skip_building_tests' from command line to 'False'
[0.345s] DEBUG:colcon.colcon_core.verb:Building package 'perception_3d' with the following arguments: {'ament_cmake_args': None, 'build_base': '/root/dddmr_navigation/build/perception_3d', 'catkin_cmake_args': None, 'catkin_skip_building_tests': False, 'cmake_args': None, 'cmake_clean_cache': False, 'cmake_clean_first': False, 'cmake_force_configure': False, 'cmake_target': None, 'cmake_target_skip_unavailable': False, 'install_base': '/root/dddmr_navigation/install/perception_3d', 'merge_install': False, 'path': '/root/dddmr_navigation/src/dddmr_perception_3d', 'symlink_install': True, 'test_result_base': None}
[0.345s] Level 5:colcon.colcon_core.verb:set package 'pose_graph_editor_panel' build argument 'cmake_args' from command line to 'None'
[0.345s] Level 5:colcon.colcon_core.verb:set package 'pose_graph_editor_panel' build argument 'cmake_target' from command line to 'None'
[0.345s] Level 5:colcon.colcon_core.verb:set package 'pose_graph_editor_panel' build argument 'cmake_target_skip_unavailable' from command line to 'False'
[0.345s] Level 5:colcon.colcon_core.verb:set package 'pose_graph_editor_panel' build argument 'cmake_clean_cache' from command line to 'False'
[0.345s] Level 5:colcon.colcon_core.verb:set package 'pose_graph_editor_panel' build argument 'cmake_clean_first' from command line to 'False'
[0.345s] Level 5:colcon.colcon_core.verb:set package 'pose_graph_editor_panel' build argument 'cmake_force_configure' from command line to 'False'
[0.345s] Level 5:colcon.colcon_core.verb:set package 'pose_graph_editor_panel' build argument 'ament_cmake_args' from command line to 'None'
[0.345s] Level 5:colcon.colcon_core.verb:set package 'pose_graph_editor_panel' build argument 'catkin_cmake_args' from command line to 'None'
[0.345s] Level 5:colcon.colcon_core.verb:set package 'pose_graph_editor_panel' build argument 'catkin_skip_building_tests' from command line to 'False'
[0.345s] DEBUG:colcon.colcon_core.verb:Building package 'pose_graph_editor_panel' with the following arguments: {'ament_cmake_args': None, 'build_base': '/root/dddmr_navigation/build/pose_graph_editor_panel', 'catkin_cmake_args': None, 'catkin_skip_building_tests': False, 'cmake_args': None, 'cmake_clean_cache': False, 'cmake_clean_first': False, 'cmake_force_configure': False, 'cmake_target': None, 'cmake_target_skip_unavailable': False, 'install_base': '/root/dddmr_navigation/install/pose_graph_editor_panel', 'merge_install': False, 'path': '/root/dddmr_navigation/src/dddmr_rviz_tools/pose_graph_editor_panel', 'symlink_install': True, 'test_result_base': None}
[0.345s] Level 5:colcon.colcon_core.verb:set package 'pose_graph_merge_editor_panel' build argument 'cmake_args' from command line to 'None'
[0.345s] Level 5:colcon.colcon_core.verb:set package 'pose_graph_merge_editor_panel' build argument 'cmake_target' from command line to 'None'
[0.345s] Level 5:colcon.colcon_core.verb:set package 'pose_graph_merge_editor_panel' build argument 'cmake_target_skip_unavailable' from command line to 'False'
[0.345s] Level 5:colcon.colcon_core.verb:set package 'pose_graph_merge_editor_panel' build argument 'cmake_clean_cache' from command line to 'False'
[0.345s] Level 5:colcon.colcon_core.verb:set package 'pose_graph_merge_editor_panel' build argument 'cmake_clean_first' from command line to 'False'
[0.345s] Level 5:colcon.colcon_core.verb:set package 'pose_graph_merge_editor_panel' build argument 'cmake_force_configure' from command line to 'False'
[0.345s] Level 5:colcon.colcon_core.verb:set package 'pose_graph_merge_editor_panel' build argument 'ament_cmake_args' from command line to 'None'
[0.345s] Level 5:colcon.colcon_core.verb:set package 'pose_graph_merge_editor_panel' build argument 'catkin_cmake_args' from command line to 'None'
[0.345s] Level 5:colcon.colcon_core.verb:set package 'pose_graph_merge_editor_panel' build argument 'catkin_skip_building_tests' from command line to 'False'
[0.345s] DEBUG:colcon.colcon_core.verb:Building package 'pose_graph_merge_editor_panel' with the following arguments: {'ament_cmake_args': None, 'build_base': '/root/dddmr_navigation/build/pose_graph_merge_editor_panel', 'catkin_cmake_args': None, 'catkin_skip_building_tests': False, 'cmake_args': None, 'cmake_clean_cache': False, 'cmake_clean_first': False, 'cmake_force_configure': False, 'cmake_target': None, 'cmake_target_skip_unavailable': False, 'install_base': '/root/dddmr_navigation/install/pose_graph_merge_editor_panel', 'merge_install': False, 'path': '/root/dddmr_navigation/src/dddmr_rviz_tools/pose_graph_merge_editor_panel', 'symlink_install': True, 'test_result_base': None}
[0.345s] Level 5:colcon.colcon_core.verb:set package 'global_planner' build argument 'cmake_args' from command line to 'None'
[0.345s] Level 5:colcon.colcon_core.verb:set package 'global_planner' build argument 'cmake_target' from command line to 'None'
[0.345s] Level 5:colcon.colcon_core.verb:set package 'global_planner' build argument 'cmake_target_skip_unavailable' from command line to 'False'
[0.345s] Level 5:colcon.colcon_core.verb:set package 'global_planner' build argument 'cmake_clean_cache' from command line to 'False'
[0.345s] Level 5:colcon.colcon_core.verb:set package 'global_planner' build argument 'cmake_clean_first' from command line to 'False'
[0.345s] Level 5:colcon.colcon_core.verb:set package 'global_planner' build argument 'cmake_force_configure' from command line to 'False'
[0.345s] Level 5:colcon.colcon_core.verb:set package 'global_planner' build argument 'ament_cmake_args' from command line to 'None'
[0.345s] Level 5:colcon.colcon_core.verb:set package 'global_planner' build argument 'catkin_cmake_args' from command line to 'None'
[0.345s] Level 5:colcon.colcon_core.verb:set package 'global_planner' build argument 'catkin_skip_building_tests' from command line to 'False'
[0.345s] DEBUG:colcon.colcon_core.verb:Building package 'global_planner' with the following arguments: {'ament_cmake_args': None, 'build_base': '/root/dddmr_navigation/build/global_planner', 'catkin_cmake_args': None, 'catkin_skip_building_tests': False, 'cmake_args': None, 'cmake_clean_cache': False, 'cmake_clean_first': False, 'cmake_force_configure': False, 'cmake_target': None, 'cmake_target_skip_unavailable': False, 'install_base': '/root/dddmr_navigation/install/global_planner', 'merge_install': False, 'path': '/root/dddmr_navigation/src/dddmr_global_planner', 'symlink_install': True, 'test_result_base': None}
[0.346s] Level 5:colcon.colcon_core.verb:set package 'lego_loam_bor' build argument 'cmake_args' from command line to 'None'
[0.346s] Level 5:colcon.colcon_core.verb:set package 'lego_loam_bor' build argument 'cmake_target' from command line to 'None'
[0.346s] Level 5:colcon.colcon_core.verb:set package 'lego_loam_bor' build argument 'cmake_target_skip_unavailable' from command line to 'False'
[0.346s] Level 5:colcon.colcon_core.verb:set package 'lego_loam_bor' build argument 'cmake_clean_cache' from command line to 'False'
[0.346s] Level 5:colcon.colcon_core.verb:set package 'lego_loam_bor' build argument 'cmake_clean_first' from command line to 'False'
[0.346s] Level 5:colcon.colcon_core.verb:set package 'lego_loam_bor' build argument 'cmake_force_configure' from command line to 'False'
[0.346s] Level 5:colcon.colcon_core.verb:set package 'lego_loam_bor' build argument 'ament_cmake_args' from command line to 'None'
[0.346s] Level 5:colcon.colcon_core.verb:set package 'lego_loam_bor' build argument 'catkin_cmake_args' from command line to 'None'
[0.346s] Level 5:colcon.colcon_core.verb:set package 'lego_loam_bor' build argument 'catkin_skip_building_tests' from command line to 'False'
[0.346s] DEBUG:colcon.colcon_core.verb:Building package 'lego_loam_bor' with the following arguments: {'ament_cmake_args': None, 'build_base': '/root/dddmr_navigation/build/lego_loam_bor', 'catkin_cmake_args': None, 'catkin_skip_building_tests': False, 'cmake_args': None, 'cmake_clean_cache': False, 'cmake_clean_first': False, 'cmake_force_configure': False, 'cmake_target': None, 'cmake_target_skip_unavailable': False, 'install_base': '/root/dddmr_navigation/install/lego_loam_bor', 'merge_install': False, 'path': '/root/dddmr_navigation/src/dddmr_lego_loam/lego_loam_bor', 'symlink_install': True, 'test_result_base': None}
[0.346s] Level 5:colcon.colcon_core.verb:set package 'mcl_3dl' build argument 'cmake_args' from command line to 'None'
[0.346s] Level 5:colcon.colcon_core.verb:set package 'mcl_3dl' build argument 'cmake_target' from command line to 'None'
[0.346s] Level 5:colcon.colcon_core.verb:set package 'mcl_3dl' build argument 'cmake_target_skip_unavailable' from command line to 'False'
[0.346s] Level 5:colcon.colcon_core.verb:set package 'mcl_3dl' build argument 'cmake_clean_cache' from command line to 'False'
[0.346s] Level 5:colcon.colcon_core.verb:set package 'mcl_3dl' build argument 'cmake_clean_first' from command line to 'False'
[0.346s] Level 5:colcon.colcon_core.verb:set package 'mcl_3dl' build argument 'cmake_force_configure' from command line to 'False'
[0.346s] Level 5:colcon.colcon_core.verb:set package 'mcl_3dl' build argument 'ament_cmake_args' from command line to 'None'
[0.346s] Level 5:colcon.colcon_core.verb:set package 'mcl_3dl' build argument 'catkin_cmake_args' from command line to 'None'
[0.346s] Level 5:colcon.colcon_core.verb:set package 'mcl_3dl' build argument 'catkin_skip_building_tests' from command line to 'False'
[0.346s] DEBUG:colcon.colcon_core.verb:Building package 'mcl_3dl' with the following arguments: {'ament_cmake_args': None, 'build_base': '/root/dddmr_navigation/build/mcl_3dl', 'catkin_cmake_args': None, 'catkin_skip_building_tests': False, 'cmake_args': None, 'cmake_clean_cache': False, 'cmake_clean_first': False, 'cmake_force_configure': False, 'cmake_target': None, 'cmake_target_skip_unavailable': False, 'install_base': '/root/dddmr_navigation/install/mcl_3dl', 'merge_install': False, 'path': '/root/dddmr_navigation/src/dddmr_mcl_3dl', 'symlink_install': True, 'test_result_base': None}
[0.346s] Level 5:colcon.colcon_core.verb:set package 'mpc_critics' build argument 'cmake_args' from command line to 'None'
[0.346s] Level 5:colcon.colcon_core.verb:set package 'mpc_critics' build argument 'cmake_target' from command line to 'None'
[0.346s] Level 5:colcon.colcon_core.verb:set package 'mpc_critics' build argument 'cmake_target_skip_unavailable' from command line to 'False'
[0.346s] Level 5:colcon.colcon_core.verb:set package 'mpc_critics' build argument 'cmake_clean_cache' from command line to 'False'
[0.346s] Level 5:colcon.colcon_core.verb:set package 'mpc_critics' build argument 'cmake_clean_first' from command line to 'False'
[0.346s] Level 5:colcon.colcon_core.verb:set package 'mpc_critics' build argument 'cmake_force_configure' from command line to 'False'
[0.346s] Level 5:colcon.colcon_core.verb:set package 'mpc_critics' build argument 'ament_cmake_args' from command line to 'None'
[0.346s] Level 5:colcon.colcon_core.verb:set package 'mpc_critics' build argument 'catkin_cmake_args' from command line to 'None'
[0.346s] Level 5:colcon.colcon_core.verb:set package 'mpc_critics' build argument 'catkin_skip_building_tests' from command line to 'False'
[0.346s] DEBUG:colcon.colcon_core.verb:Building package 'mpc_critics' with the following arguments: {'ament_cmake_args': None, 'build_base': '/root/dddmr_navigation/build/mpc_critics', 'catkin_cmake_args': None, 'catkin_skip_building_tests': False, 'cmake_args': None, 'cmake_clean_cache': False, 'cmake_clean_first': False, 'cmake_force_configure': False, 'cmake_target': None, 'cmake_target_skip_unavailable': False, 'install_base': '/root/dddmr_navigation/install/mpc_critics', 'merge_install': False, 'path': '/root/dddmr_navigation/src/dddmr_local_planner/mpc_critics', 'symlink_install': True, 'test_result_base': None}
[0.346s] Level 5:colcon.colcon_core.verb:set package 'trajectory_generators' build argument 'cmake_args' from command line to 'None'
[0.346s] Level 5:colcon.colcon_core.verb:set package 'trajectory_generators' build argument 'cmake_target' from command line to 'None'
[0.346s] Level 5:colcon.colcon_core.verb:set package 'trajectory_generators' build argument 'cmake_target_skip_unavailable' from command line to 'False'
[0.346s] Level 5:colcon.colcon_core.verb:set package 'trajectory_generators' build argument 'cmake_clean_cache' from command line to 'False'
[0.346s] Level 5:colcon.colcon_core.verb:set package 'trajectory_generators' build argument 'cmake_clean_first' from command line to 'False'
[0.346s] Level 5:colcon.colcon_core.verb:set package 'trajectory_generators' build argument 'cmake_force_configure' from command line to 'False'
[0.346s] Level 5:colcon.colcon_core.verb:set package 'trajectory_generators' build argument 'ament_cmake_args' from command line to 'None'
[0.346s] Level 5:colcon.colcon_core.verb:set package 'trajectory_generators' build argument 'catkin_cmake_args' from command line to 'None'
[0.346s] Level 5:colcon.colcon_core.verb:set package 'trajectory_generators' build argument 'catkin_skip_building_tests' from command line to 'False'
[0.346s] DEBUG:colcon.colcon_core.verb:Building package 'trajectory_generators' with the following arguments: {'ament_cmake_args': None, 'build_base': '/root/dddmr_navigation/build/trajectory_generators', 'catkin_cmake_args': None, 'catkin_skip_building_tests': False, 'cmake_args': None, 'cmake_clean_cache': False, 'cmake_clean_first': False, 'cmake_force_configure': False, 'cmake_target': None, 'cmake_target_skip_unavailable': False, 'install_base': '/root/dddmr_navigation/install/trajectory_generators', 'merge_install': False, 'path': '/root/dddmr_navigation/src/dddmr_local_planner/trajectory_generators', 'symlink_install': True, 'test_result_base': None}
[0.346s] Level 5:colcon.colcon_core.verb:set package 'local_planner' build argument 'cmake_args' from command line to 'None'
[0.346s] Level 5:colcon.colcon_core.verb:set package 'local_planner' build argument 'cmake_target' from command line to 'None'
[0.346s] Level 5:colcon.colcon_core.verb:set package 'local_planner' build argument 'cmake_target_skip_unavailable' from command line to 'False'
[0.346s] Level 5:colcon.colcon_core.verb:set package 'local_planner' build argument 'cmake_clean_cache' from command line to 'False'
[0.346s] Level 5:colcon.colcon_core.verb:set package 'local_planner' build argument 'cmake_clean_first' from command line to 'False'
[0.346s] Level 5:colcon.colcon_core.verb:set package 'local_planner' build argument 'cmake_force_configure' from command line to 'False'
[0.346s] Level 5:colcon.colcon_core.verb:set package 'local_planner' build argument 'ament_cmake_args' from command line to 'None'
[0.346s] Level 5:colcon.colcon_core.verb:set package 'local_planner' build argument 'catkin_cmake_args' from command line to 'None'
[0.346s] Level 5:colcon.colcon_core.verb:set package 'local_planner' build argument 'catkin_skip_building_tests' from command line to 'False'
[0.346s] DEBUG:colcon.colcon_core.verb:Building package 'local_planner' with the following arguments: {'ament_cmake_args': None, 'build_base': '/root/dddmr_navigation/build/local_planner', 'catkin_cmake_args': None, 'catkin_skip_building_tests': False, 'cmake_args': None, 'cmake_clean_cache': False, 'cmake_clean_first': False, 'cmake_force_configure': False, 'cmake_target': None, 'cmake_target_skip_unavailable': False, 'install_base': '/root/dddmr_navigation/install/local_planner', 'merge_install': False, 'path': '/root/dddmr_navigation/src/dddmr_local_planner/local_planner', 'symlink_install': True, 'test_result_base': None}
[0.347s] Level 5:colcon.colcon_core.verb:set package 'recovery_behaviors' build argument 'cmake_args' from command line to 'None'
[0.347s] Level 5:colcon.colcon_core.verb:set package 'recovery_behaviors' build argument 'cmake_target' from command line to 'None'
[0.347s] Level 5:colcon.colcon_core.verb:set package 'recovery_behaviors' build argument 'cmake_target_skip_unavailable' from command line to 'False'
[0.347s] Level 5:colcon.colcon_core.verb:set package 'recovery_behaviors' build argument 'cmake_clean_cache' from command line to 'False'
[0.347s] Level 5:colcon.colcon_core.verb:set package 'recovery_behaviors' build argument 'cmake_clean_first' from command line to 'False'
[0.347s] Level 5:colcon.colcon_core.verb:set package 'recovery_behaviors' build argument 'cmake_force_configure' from command line to 'False'
[0.347s] Level 5:colcon.colcon_core.verb:set package 'recovery_behaviors' build argument 'ament_cmake_args' from command line to 'None'
[0.347s] Level 5:colcon.colcon_core.verb:set package 'recovery_behaviors' build argument 'catkin_cmake_args' from command line to 'None'
[0.347s] Level 5:colcon.colcon_core.verb:set package 'recovery_behaviors' build argument 'catkin_skip_building_tests' from command line to 'False'
[0.347s] DEBUG:colcon.colcon_core.verb:Building package 'recovery_behaviors' with the following arguments: {'ament_cmake_args': None, 'build_base': '/root/dddmr_navigation/build/recovery_behaviors', 'catkin_cmake_args': None, 'catkin_skip_building_tests': False, 'cmake_args': None, 'cmake_clean_cache': False, 'cmake_clean_first': False, 'cmake_force_configure': False, 'cmake_target': None, 'cmake_target_skip_unavailable': False, 'install_base': '/root/dddmr_navigation/install/recovery_behaviors', 'merge_install': False, 'path': '/root/dddmr_navigation/src/dddmr_local_planner/recovery_behaviors', 'symlink_install': True, 'test_result_base': None}
[0.347s] Level 5:colcon.colcon_core.verb:set package 'p2p_move_base' build argument 'cmake_args' from command line to 'None'
[0.347s] Level 5:colcon.colcon_core.verb:set package 'p2p_move_base' build argument 'cmake_target' from command line to 'None'
[0.347s] Level 5:colcon.colcon_core.verb:set package 'p2p_move_base' build argument 'cmake_target_skip_unavailable' from command line to 'False'
[0.347s] Level 5:colcon.colcon_core.verb:set package 'p2p_move_base' build argument 'cmake_clean_cache' from command line to 'False'
[0.347s] Level 5:colcon.colcon_core.verb:set package 'p2p_move_base' build argument 'cmake_clean_first' from command line to 'False'
[0.347s] Level 5:colcon.colcon_core.verb:set package 'p2p_move_base' build argument 'cmake_force_configure' from command line to 'False'
[0.347s] Level 5:colcon.colcon_core.verb:set package 'p2p_move_base' build argument 'ament_cmake_args' from command line to 'None'
[0.347s] Level 5:colcon.colcon_core.verb:set package 'p2p_move_base' build argument 'catkin_cmake_args' from command line to 'None'
[0.347s] Level 5:colcon.colcon_core.verb:set package 'p2p_move_base' build argument 'catkin_skip_building_tests' from command line to 'False'
[0.347s] DEBUG:colcon.colcon_core.verb:Building package 'p2p_move_base' with the following arguments: {'ament_cmake_args': None, 'build_base': '/root/dddmr_navigation/build/p2p_move_base', 'catkin_cmake_args': None, 'catkin_skip_building_tests': False, 'cmake_args': None, 'cmake_clean_cache': False, 'cmake_clean_first': False, 'cmake_force_configure': False, 'cmake_target': None, 'cmake_target_skip_unavailable': False, 'install_base': '/root/dddmr_navigation/install/p2p_move_base', 'merge_install': False, 'path': '/root/dddmr_navigation/src/dddmr_p2p_move_base', 'symlink_install': True, 'test_result_base': None}
[0.347s] INFO:colcon.colcon_core.executor:Executing jobs using 'parallel' executor
[0.347s] DEBUG:colcon.colcon_parallel_executor.executor.parallel:run_until_complete
[0.348s] INFO:colcon.colcon_ros.task.ament_cmake.build:Building ROS package in '/root/dddmr_navigation/src/dddmr_local_planner/base_trajectory' with build type 'ament_cmake'
[0.348s] INFO:colcon.colcon_cmake.task.cmake.build:Building CMake package in '/root/dddmr_navigation/src/dddmr_local_planner/base_trajectory'
[0.350s] INFO:colcon.colcon_core.plugin_system:Skipping extension 'colcon_core.shell.bat': Not used on non-Windows systems
[0.350s] INFO:colcon.colcon_core.shell:Skip shell extension 'powershell' for command environment: Not usable outside of PowerShell
[0.350s] DEBUG:colcon.colcon_core.shell:Skip shell extension 'dsv' for command environment
[0.352s] INFO:colcon.colcon_ros.task.ament_cmake.build:Building ROS package in '/root/dddmr_navigation/src/dddmr_sys_core' with build type 'ament_cmake'
[0.352s] INFO:colcon.colcon_cmake.task.cmake.build:Building CMake package in '/root/dddmr_navigation/src/dddmr_sys_core'
[0.352s] INFO:colcon.colcon_core.shell:Skip shell extension 'powershell' for command environment: Not usable outside of PowerShell
[0.352s] DEBUG:colcon.colcon_core.shell:Skip shell extension 'dsv' for command environment
[0.354s] INFO:colcon.colcon_ros.task.ament_cmake.build:Building ROS package in '/root/dddmr_navigation/src/dddmr_perception_3d' with build type 'ament_cmake'
[0.354s] INFO:colcon.colcon_cmake.task.cmake.build:Building CMake package in '/root/dddmr_navigation/src/dddmr_perception_3d'
[0.354s] INFO:colcon.colcon_core.shell:Skip shell extension 'powershell' for command environment: Not usable outside of PowerShell
[0.354s] DEBUG:colcon.colcon_core.shell:Skip shell extension 'dsv' for command environment
[0.355s] INFO:colcon.colcon_ros.task.ament_cmake.build:Building ROS package in '/root/dddmr_navigation/src/dddmr_lego_loam/cloud_msgs' with build type 'ament_cmake'
[0.355s] INFO:colcon.colcon_cmake.task.cmake.build:Building CMake package in '/root/dddmr_navigation/src/dddmr_lego_loam/cloud_msgs'
[0.355s] INFO:colcon.colcon_core.shell:Skip shell extension 'powershell' for command environment: Not usable outside of PowerShell
[0.355s] DEBUG:colcon.colcon_core.shell:Skip shell extension 'dsv' for command environment
[0.357s] INFO:colcon.colcon_ros.task.ament_cmake.build:Building ROS package in '/root/dddmr_navigation/src/dddmr_trt' with build type 'ament_cmake'
[0.357s] INFO:colcon.colcon_cmake.task.cmake.build:Building CMake package in '/root/dddmr_navigation/src/dddmr_trt'
[0.357s] INFO:colcon.colcon_core.shell:Skip shell extension 'powershell' for command environment: Not usable outside of PowerShell
[0.357s] DEBUG:colcon.colcon_core.shell:Skip shell extension 'dsv' for command environment
[0.358s] INFO:colcon.colcon_ros.task.ament_cmake.build:Building ROS package in '/root/dddmr_navigation/src/dddmr_beginner_guide' with build type 'ament_cmake'
[0.358s] INFO:colcon.colcon_cmake.task.cmake.build:Building CMake package in '/root/dddmr_navigation/src/dddmr_beginner_guide'
[0.358s] INFO:colcon.colcon_core.shell:Skip shell extension 'powershell' for command environment: Not usable outside of PowerShell
[0.358s] DEBUG:colcon.colcon_core.shell:Skip shell extension 'dsv' for command environment
[0.359s] INFO:colcon.colcon_ros.task.ament_cmake.build:Building ROS package in '/root/dddmr_navigation/src/dddmr_fastlio_adapter' with build type 'ament_cmake'
[0.359s] INFO:colcon.colcon_cmake.task.cmake.build:Building CMake package in '/root/dddmr_navigation/src/dddmr_fastlio_adapter'
[0.359s] INFO:colcon.colcon_core.shell:Skip shell extension 'powershell' for command environment: Not usable outside of PowerShell
[0.359s] DEBUG:colcon.colcon_core.shell:Skip shell extension 'dsv' for command environment
[0.360s] INFO:colcon.colcon_ros.task.ament_cmake.build:Building ROS package in '/root/dddmr_navigation/src/dddmr_odom_3d' with build type 'ament_cmake'
[0.360s] INFO:colcon.colcon_cmake.task.cmake.build:Building CMake package in '/root/dddmr_navigation/src/dddmr_odom_3d'
[0.360s] INFO:colcon.colcon_core.shell:Skip shell extension 'powershell' for command environment: Not usable outside of PowerShell
[0.360s] DEBUG:colcon.colcon_core.shell:Skip shell extension 'dsv' for command environment
[0.361s] INFO:colcon.colcon_ros.task.ament_cmake.build:Building ROS package in '/root/dddmr_navigation/src/dddmr_rviz_tools/dddmr_rviz_default_plugins' with build type 'ament_cmake'
[0.361s] INFO:colcon.colcon_cmake.task.cmake.build:Building CMake package in '/root/dddmr_navigation/src/dddmr_rviz_tools/dddmr_rviz_default_plugins'
[0.361s] INFO:colcon.colcon_core.shell:Skip shell extension 'powershell' for command environment: Not usable outside of PowerShell
[0.362s] DEBUG:colcon.colcon_core.shell:Skip shell extension 'dsv' for command environment
[0.363s] INFO:colcon.colcon_ros.task.ament_cmake.build:Building ROS package in '/root/dddmr_navigation/src/dddmr_sc_pgo' with build type 'ament_cmake'
[0.363s] INFO:colcon.colcon_cmake.task.cmake.build:Building CMake package in '/root/dddmr_navigation/src/dddmr_sc_pgo'
[0.363s] INFO:colcon.colcon_core.shell:Skip shell extension 'powershell' for command environment: Not usable outside of PowerShell
[0.363s] DEBUG:colcon.colcon_core.shell:Skip shell extension 'dsv' for command environment
[0.364s] INFO:colcon.colcon_ros.task.ament_cmake.build:Building ROS package in '/root/dddmr_navigation/src/dddmr_semantic_segmentation' with build type 'ament_cmake'
[0.364s] INFO:colcon.colcon_cmake.task.cmake.build:Building CMake package in '/root/dddmr_navigation/src/dddmr_semantic_segmentation'
[0.364s] INFO:colcon.colcon_core.shell:Skip shell extension 'powershell' for command environment: Not usable outside of PowerShell
[0.364s] DEBUG:colcon.colcon_core.shell:Skip shell extension 'dsv' for command environment
[0.365s] INFO:colcon.colcon_ros.task.ament_cmake.build:Building ROS package in '/root/dddmr_navigation/src/FAST_LIO' with build type 'ament_cmake'
[0.365s] INFO:colcon.colcon_cmake.task.cmake.build:Building CMake package in '/root/dddmr_navigation/src/FAST_LIO'
[0.365s] INFO:colcon.colcon_core.shell:Skip shell extension 'powershell' for command environment: Not usable outside of PowerShell
[0.365s] DEBUG:colcon.colcon_core.shell:Skip shell extension 'dsv' for command environment
[0.366s] INFO:colcon.colcon_ros.task.ament_cmake.build:Building ROS package in '/root/dddmr_navigation/src/dddmr_rviz_tools/map_editor_panel' with build type 'ament_cmake'
[0.366s] INFO:colcon.colcon_cmake.task.cmake.build:Building CMake package in '/root/dddmr_navigation/src/dddmr_rviz_tools/map_editor_panel'
[0.366s] INFO:colcon.colcon_core.shell:Skip shell extension 'powershell' for command environment: Not usable outside of PowerShell
[0.366s] DEBUG:colcon.colcon_core.shell:Skip shell extension 'dsv' for command environment
[0.368s] INFO:colcon.colcon_ros.task.ament_cmake.build:Building ROS package in '/root/dddmr_navigation/src/dddmr_rviz_tools/mapping_panel' with build type 'ament_cmake'
[0.368s] INFO:colcon.colcon_cmake.task.cmake.build:Building CMake package in '/root/dddmr_navigation/src/dddmr_rviz_tools/mapping_panel'
[0.368s] INFO:colcon.colcon_core.shell:Skip shell extension 'powershell' for command environment: Not usable outside of PowerShell
[0.368s] DEBUG:colcon.colcon_core.shell:Skip shell extension 'dsv' for command environment
[0.369s] INFO:colcon.colcon_ros.task.ament_cmake.build:Building ROS package in '/root/dddmr_navigation/src/dddmr_rviz_tools/pose_graph_editor_panel' with build type 'ament_cmake'
[0.369s] INFO:colcon.colcon_cmake.task.cmake.build:Building CMake package in '/root/dddmr_navigation/src/dddmr_rviz_tools/pose_graph_editor_panel'
[0.369s] INFO:colcon.colcon_core.shell:Skip shell extension 'powershell' for command environment: Not usable outside of PowerShell
[0.369s] DEBUG:colcon.colcon_core.shell:Skip shell extension 'dsv' for command environment
[0.370s] INFO:colcon.colcon_ros.task.ament_cmake.build:Building ROS package in '/root/dddmr_navigation/src/dddmr_rviz_tools/pose_graph_merge_editor_panel' with build type 'ament_cmake'
[0.370s] INFO:colcon.colcon_cmake.task.cmake.build:Building CMake package in '/root/dddmr_navigation/src/dddmr_rviz_tools/pose_graph_merge_editor_panel'
[0.370s] INFO:colcon.colcon_core.shell:Skip shell extension 'powershell' for command environment: Not usable outside of PowerShell
[0.371s] DEBUG:colcon.colcon_core.shell:Skip shell extension 'dsv' for command environment
[0.375s] DEBUG:colcon.colcon_core.event_handler.log_command:Invoking command in '/root/dddmr_navigation/build/base_trajectory': CMAKE_PREFIX_PATH=/opt/ros/humble /usr/bin/cmake --build /root/dddmr_navigation/build/base_trajectory -- -j28 -l28
[0.379s] DEBUG:colcon.colcon_core.event_handler.log_command:Invoking command in '/root/dddmr_navigation/build/dddmr_sys_core': CMAKE_PREFIX_PATH=/opt/ros/humble /usr/bin/cmake --build /root/dddmr_navigation/build/dddmr_sys_core -- -j28 -l28
[0.381s] DEBUG:colcon.colcon_core.event_handler.log_command:Invoking command in '/root/dddmr_navigation/build/perception_3d': CMAKE_PREFIX_PATH=/opt/ros/humble /usr/bin/cmake --build /root/dddmr_navigation/build/perception_3d -- -j28 -l28
[0.383s] DEBUG:colcon.colcon_core.event_handler.log_command:Invoking command in '/root/dddmr_navigation/build/cloud_msgs': CMAKE_PREFIX_PATH=/opt/ros/humble /usr/bin/cmake --build /root/dddmr_navigation/build/cloud_msgs -- -j28 -l28
[0.384s] DEBUG:colcon.colcon_core.event_handler.log_command:Invoking command in '/root/dddmr_navigation/build/dddmr_trt': CMAKE_PREFIX_PATH=/opt/ros/humble /usr/bin/cmake --build /root/dddmr_navigation/build/dddmr_trt -- -j28 -l28
[0.387s] DEBUG:colcon.colcon_core.event_handler.log_command:Invoking command in '/root/dddmr_navigation/build/dddmr_beginner_guide': CMAKE_PREFIX_PATH=/opt/ros/humble /usr/bin/cmake /root/dddmr_navigation/src/dddmr_beginner_guide -DAMENT_CMAKE_SYMLINK_INSTALL=1 -DCMAKE_INSTALL_PREFIX=/root/dddmr_navigation/install/dddmr_beginner_guide
[0.389s] DEBUG:colcon.colcon_core.event_handler.log_command:Invoking command in '/root/dddmr_navigation/build/dddmr_fastlio_adapter': CMAKE_PREFIX_PATH=/opt/ros/humble /usr/bin/cmake --build /root/dddmr_navigation/build/dddmr_fastlio_adapter -- -j28 -l28
[0.390s] DEBUG:colcon.colcon_core.event_handler.log_command:Invoking command in '/root/dddmr_navigation/build/dddmr_odom_3d': CMAKE_PREFIX_PATH=/opt/ros/humble /usr/bin/cmake --build /root/dddmr_navigation/build/dddmr_odom_3d -- -j28 -l28
[0.393s] DEBUG:colcon.colcon_core.event_handler.log_command:Invoking command in '/root/dddmr_navigation/build/dddmr_rviz_default_plugins': CMAKE_PREFIX_PATH=/opt/ros/humble /usr/bin/cmake --build /root/dddmr_navigation/build/dddmr_rviz_default_plugins -- -j28 -l28
[0.395s] DEBUG:colcon.colcon_core.event_handler.log_command:Invoking command in '/root/dddmr_navigation/build/dddmr_sc_pgo': CMAKE_PREFIX_PATH=/opt/ros/humble /usr/bin/cmake --build /root/dddmr_navigation/build/dddmr_sc_pgo -- -j28 -l28
[0.397s] DEBUG:colcon.colcon_core.event_handler.log_command:Invoking command in '/root/dddmr_navigation/build/dddmr_semantic_segmentation': CMAKE_PREFIX_PATH=/opt/ros/humble /usr/bin/cmake --build /root/dddmr_navigation/build/dddmr_semantic_segmentation -- -j28 -l28
[0.399s] DEBUG:colcon.colcon_core.event_handler.log_command:Invoking command in '/root/dddmr_navigation/build/fast_lio': CMAKE_PREFIX_PATH=/opt/ros/humble /usr/bin/cmake --build /root/dddmr_navigation/build/fast_lio -- -j28 -l28
[0.401s] DEBUG:colcon.colcon_core.event_handler.log_command:Invoking command in '/root/dddmr_navigation/build/map_editor_panel': CMAKE_PREFIX_PATH=/opt/ros/humble /usr/bin/cmake --build /root/dddmr_navigation/build/map_editor_panel -- -j28 -l28
[0.403s] DEBUG:colcon.colcon_core.event_handler.log_command:Invoking command in '/root/dddmr_navigation/build/mapping_panel': CMAKE_PREFIX_PATH=/opt/ros/humble /usr/bin/cmake --build /root/dddmr_navigation/build/mapping_panel -- -j28 -l28
[0.405s] DEBUG:colcon.colcon_core.event_handler.log_command:Invoking command in '/root/dddmr_navigation/build/pose_graph_editor_panel': CMAKE_PREFIX_PATH=/opt/ros/humble /usr/bin/cmake --build /root/dddmr_navigation/build/pose_graph_editor_panel -- -j28 -l28
[0.408s] DEBUG:colcon.colcon_core.event_handler.log_command:Invoking command in '/root/dddmr_navigation/build/pose_graph_merge_editor_panel': CMAKE_PREFIX_PATH=/opt/ros/humble /usr/bin/cmake --build /root/dddmr_navigation/build/pose_graph_merge_editor_panel -- -j28 -l28
[0.470s] DEBUG:colcon.colcon_core.event_handler.log_command:Invoked command in '/root/dddmr_navigation/build/dddmr_trt' returned '0': CMAKE_PREFIX_PATH=/opt/ros/humble /usr/bin/cmake --build /root/dddmr_navigation/build/dddmr_trt -- -j28 -l28
[0.483s] DEBUG:colcon.colcon_core.event_handler.log_command:Invoking command in '/root/dddmr_navigation/build/dddmr_trt': CMAKE_PREFIX_PATH=/opt/ros/humble /usr/bin/cmake --install /root/dddmr_navigation/build/dddmr_trt
[0.506s] Level 1:colcon.colcon_core.environment:create_environment_scripts_only(dddmr_trt)
[0.506s] DEBUG:colcon.colcon_core.event_handler.log_command:Invoked command in '/root/dddmr_navigation/build/dddmr_trt' returned '0': CMAKE_PREFIX_PATH=/opt/ros/humble /usr/bin/cmake --install /root/dddmr_navigation/build/dddmr_trt
[0.518s] Level 1:colcon.colcon_core.environment:checking '/root/dddmr_navigation/install/dddmr_trt' for CMake module files
[0.518s] Level 1:colcon.colcon_core.environment:checking '/root/dddmr_navigation/install/dddmr_trt' for CMake config files
[0.519s] Level 1:colcon.colcon_core.shell:create_environment_hook('dddmr_trt', 'cmake_prefix_path')
[0.519s] INFO:colcon.colcon_core.shell:Creating environment hook '/root/dddmr_navigation/install/dddmr_trt/share/dddmr_trt/hook/cmake_prefix_path.ps1'
[0.520s] INFO:colcon.colcon_core.shell:Creating environment descriptor '/root/dddmr_navigation/install/dddmr_trt/share/dddmr_trt/hook/cmake_prefix_path.dsv'
[0.521s] INFO:colcon.colcon_core.shell:Creating environment hook '/root/dddmr_navigation/install/dddmr_trt/share/dddmr_trt/hook/cmake_prefix_path.sh'
[0.522s] Level 1:colcon.colcon_core.environment:checking '/root/dddmr_navigation/install/dddmr_trt/bin'
[0.522s] Level 1:colcon.colcon_core.environment:checking '/root/dddmr_navigation/install/dddmr_trt/lib/pkgconfig/dddmr_trt.pc'
[0.522s] Level 1:colcon.colcon_core.environment:checking '/root/dddmr_navigation/install/dddmr_trt/lib/python3.10/site-packages'
[0.522s] Level 1:colcon.colcon_core.environment:checking '/root/dddmr_navigation/install/dddmr_trt/bin'
[0.523s] INFO:colcon.colcon_core.shell:Creating package script '/root/dddmr_navigation/install/dddmr_trt/share/dddmr_trt/package.ps1'
[0.524s] INFO:colcon.colcon_core.shell:Creating package descriptor '/root/dddmr_navigation/install/dddmr_trt/share/dddmr_trt/package.dsv'
[0.525s] INFO:colcon.colcon_core.shell:Creating package script '/root/dddmr_navigation/install/dddmr_trt/share/dddmr_trt/package.sh'
[0.525s] INFO:colcon.colcon_core.shell:Creating package script '/root/dddmr_navigation/install/dddmr_trt/share/dddmr_trt/package.bash'
[0.527s] INFO:colcon.colcon_core.shell:Creating package script '/root/dddmr_navigation/install/dddmr_trt/share/dddmr_trt/package.zsh'
[0.528s] Level 1:colcon.colcon_core.environment:create_file_with_runtime_dependencies(/root/dddmr_navigation/install/dddmr_trt/share/colcon-core/packages/dddmr_trt)
[0.529s] Level 1:colcon.colcon_core.environment:create_environment_scripts_only(dddmr_trt)
[0.529s] Level 1:colcon.colcon_core.environment:checking '/root/dddmr_navigation/install/dddmr_trt' for CMake module files
[0.529s] Level 1:colcon.colcon_core.environment:checking '/root/dddmr_navigation/install/dddmr_trt' for CMake config files
[0.530s] Level 1:colcon.colcon_core.shell:create_environment_hook('dddmr_trt', 'cmake_prefix_path')
[0.530s] INFO:colcon.colcon_core.shell:Creating environment hook '/root/dddmr_navigation/install/dddmr_trt/share/dddmr_trt/hook/cmake_prefix_path.ps1'
[0.530s] INFO:colcon.colcon_core.shell:Creating environment descriptor '/root/dddmr_navigation/install/dddmr_trt/share/dddmr_trt/hook/cmake_prefix_path.dsv'
[0.530s] INFO:colcon.colcon_core.shell:Creating environment hook '/root/dddmr_navigation/install/dddmr_trt/share/dddmr_trt/hook/cmake_prefix_path.sh'
[0.531s] Level 1:colcon.colcon_core.environment:checking '/root/dddmr_navigation/install/dddmr_trt/bin'
[0.531s] Level 1:colcon.colcon_core.environment:checking '/root/dddmr_navigation/install/dddmr_trt/lib/pkgconfig/dddmr_trt.pc'
[0.531s] Level 1:colcon.colcon_core.environment:checking '/root/dddmr_navigation/install/dddmr_trt/lib/python3.10/site-packages'
[0.531s] Level 1:colcon.colcon_core.environment:checking '/root/dddmr_navigation/install/dddmr_trt/bin'
[0.532s] INFO:colcon.colcon_core.shell:Creating package script '/root/dddmr_navigation/install/dddmr_trt/share/dddmr_trt/package.ps1'
[0.533s] INFO:colcon.colcon_core.shell:Creating package descriptor '/root/dddmr_navigation/install/dddmr_trt/share/dddmr_trt/package.dsv'
[0.533s] INFO:colcon.colcon_core.shell:Creating package script '/root/dddmr_navigation/install/dddmr_trt/share/dddmr_trt/package.sh'
[0.533s] INFO:colcon.colcon_core.shell:Creating package script '/root/dddmr_navigation/install/dddmr_trt/share/dddmr_trt/package.bash'
[0.534s] INFO:colcon.colcon_core.shell:Creating package script '/root/dddmr_navigation/install/dddmr_trt/share/dddmr_trt/package.zsh'
[0.534s] Level 1:colcon.colcon_core.environment:create_file_with_runtime_dependencies(/root/dddmr_navigation/install/dddmr_trt/share/colcon-core/packages/dddmr_trt)
[0.538s] DEBUG:colcon.colcon_core.event_handler.log_command:Invoked command in '/root/dddmr_navigation/build/base_trajectory' returned '0': CMAKE_PREFIX_PATH=/opt/ros/humble /usr/bin/cmake --build /root/dddmr_navigation/build/base_trajectory -- -j28 -l28
[0.539s] DEBUG:colcon.colcon_core.event_handler.log_command:Invoking command in '/root/dddmr_navigation/build/base_trajectory': CMAKE_PREFIX_PATH=/opt/ros/humble /usr/bin/cmake --install /root/dddmr_navigation/build/base_trajectory
[0.541s] DEBUG:colcon.colcon_core.event_handler.log_command:Invoked command in '/root/dddmr_navigation/build/dddmr_odom_3d' returned '0': CMAKE_PREFIX_PATH=/opt/ros/humble /usr/bin/cmake --build /root/dddmr_navigation/build/dddmr_odom_3d -- -j28 -l28
[0.541s] DEBUG:colcon.colcon_core.event_handler.log_command:Invoking command in '/root/dddmr_navigation/build/dddmr_odom_3d': CMAKE_PREFIX_PATH=/opt/ros/humble /usr/bin/cmake --install /root/dddmr_navigation/build/dddmr_odom_3d
[0.542s] DEBUG:colcon.colcon_core.event_handler.log_command:Invoked command in '/root/dddmr_navigation/build/pose_graph_merge_editor_panel' returned '0': CMAKE_PREFIX_PATH=/opt/ros/humble /usr/bin/cmake --build /root/dddmr_navigation/build/pose_graph_merge_editor_panel -- -j28 -l28
[0.545s] DEBUG:colcon.colcon_core.event_handler.log_command:Invoking command in '/root/dddmr_navigation/build/pose_graph_merge_editor_panel': CMAKE_PREFIX_PATH=/opt/ros/humble /usr/bin/cmake --install /root/dddmr_navigation/build/pose_graph_merge_editor_panel
[0.545s] DEBUG:colcon.colcon_core.event_handler.log_command:Invoked command in '/root/dddmr_navigation/build/pose_graph_editor_panel' returned '0': CMAKE_PREFIX_PATH=/opt/ros/humble /usr/bin/cmake --build /root/dddmr_navigation/build/pose_graph_editor_panel -- -j28 -l28
[0.547s] DEBUG:colcon.colcon_core.event_handler.log_command:Invoking command in '/root/dddmr_navigation/build/pose_graph_editor_panel': CMAKE_PREFIX_PATH=/opt/ros/humble /usr/bin/cmake --install /root/dddmr_navigation/build/pose_graph_editor_panel
[0.549s] DEBUG:colcon.colcon_core.event_handler.log_command:Invoked command in '/root/dddmr_navigation/build/map_editor_panel' returned '0': CMAKE_PREFIX_PATH=/opt/ros/humble /usr/bin/cmake --build /root/dddmr_navigation/build/map_editor_panel -- -j28 -l28
[0.554s] DEBUG:colcon.colcon_core.event_handler.log_command:Invoking command in '/root/dddmr_navigation/build/map_editor_panel': CMAKE_PREFIX_PATH=/opt/ros/humble /usr/bin/cmake --install /root/dddmr_navigation/build/map_editor_panel
[0.556s] DEBUG:colcon.colcon_core.event_handler.log_command:Invoked command in '/root/dddmr_navigation/build/dddmr_fastlio_adapter' returned '0': CMAKE_PREFIX_PATH=/opt/ros/humble /usr/bin/cmake --build /root/dddmr_navigation/build/dddmr_fastlio_adapter -- -j28 -l28
[0.558s] DEBUG:colcon.colcon_core.event_handler.log_command:Invoking command in '/root/dddmr_navigation/build/dddmr_fastlio_adapter': CMAKE_PREFIX_PATH=/opt/ros/humble /usr/bin/cmake --install /root/dddmr_navigation/build/dddmr_fastlio_adapter
[0.561s] DEBUG:colcon.colcon_core.event_handler.log_command:Invoked command in '/root/dddmr_navigation/build/mapping_panel' returned '0': CMAKE_PREFIX_PATH=/opt/ros/humble /usr/bin/cmake --build /root/dddmr_navigation/build/mapping_panel -- -j28 -l28
[0.567s] Level 1:colcon.colcon_core.environment:create_environment_scripts_only(base_trajectory)
[0.567s] Level 1:colcon.colcon_core.environment:checking '/root/dddmr_navigation/install/base_trajectory' for CMake module files
[0.570s] DEBUG:colcon.colcon_core.event_handler.log_command:Invoking command in '/root/dddmr_navigation/build/mapping_panel': CMAKE_PREFIX_PATH=/opt/ros/humble /usr/bin/cmake --install /root/dddmr_navigation/build/mapping_panel
[0.570s] Level 1:colcon.colcon_core.environment:checking '/root/dddmr_navigation/install/base_trajectory' for CMake config files
[0.572s] DEBUG:colcon.colcon_core.event_handler.log_command:Invoked command in '/root/dddmr_navigation/build/dddmr_semantic_segmentation' returned '0': CMAKE_PREFIX_PATH=/opt/ros/humble /usr/bin/cmake --build /root/dddmr_navigation/build/dddmr_semantic_segmentation -- -j28 -l28
[0.572s] Level 1:colcon.colcon_core.shell:create_environment_hook('base_trajectory', 'cmake_prefix_path')
[0.573s] INFO:colcon.colcon_core.shell:Creating environment hook '/root/dddmr_navigation/install/base_trajectory/share/base_trajectory/hook/cmake_prefix_path.ps1'
[0.574s] DEBUG:colcon.colcon_core.event_handler.log_command:Invoking command in '/root/dddmr_navigation/build/dddmr_semantic_segmentation': CMAKE_PREFIX_PATH=/opt/ros/humble /usr/bin/cmake --install /root/dddmr_navigation/build/dddmr_semantic_segmentation
[0.575s] DEBUG:colcon.colcon_core.event_handler.log_command:Invoked command in '/root/dddmr_navigation/build/dddmr_rviz_default_plugins' returned '0': CMAKE_PREFIX_PATH=/opt/ros/humble /usr/bin/cmake --build /root/dddmr_navigation/build/dddmr_rviz_default_plugins -- -j28 -l28
[0.575s] INFO:colcon.colcon_core.shell:Creating environment descriptor '/root/dddmr_navigation/install/base_trajectory/share/base_trajectory/hook/cmake_prefix_path.dsv'
[0.575s] DEBUG:colcon.colcon_core.event_handler.log_command:Invoking command in '/root/dddmr_navigation/build/dddmr_rviz_default_plugins': CMAKE_PREFIX_PATH=/opt/ros/humble /usr/bin/cmake --install /root/dddmr_navigation/build/dddmr_rviz_default_plugins
[0.576s] INFO:colcon.colcon_core.shell:Creating environment hook '/root/dddmr_navigation/install/base_trajectory/share/base_trajectory/hook/cmake_prefix_path.sh'
[0.577s] Level 1:colcon.colcon_core.environment:checking '/root/dddmr_navigation/install/base_trajectory/lib'
[0.577s] Level 1:colcon.colcon_core.shell:create_environment_hook('base_trajectory', 'ld_library_path_lib')
[0.578s] INFO:colcon.colcon_core.shell:Creating environment hook '/root/dddmr_navigation/install/base_trajectory/share/base_trajectory/hook/ld_library_path_lib.ps1'
[0.579s] INFO:colcon.colcon_core.shell:Creating environment descriptor '/root/dddmr_navigation/install/base_trajectory/share/base_trajectory/hook/ld_library_path_lib.dsv'
[0.580s] DEBUG:colcon.colcon_core.event_handler.log_command:Invoked command in '/root/dddmr_navigation/build/base_trajectory' returned '0': CMAKE_PREFIX_PATH=/opt/ros/humble /usr/bin/cmake --install /root/dddmr_navigation/build/base_trajectory
[0.581s] INFO:colcon.colcon_core.shell:Creating environment hook '/root/dddmr_navigation/install/base_trajectory/share/base_trajectory/hook/ld_library_path_lib.sh'
[0.581s] Level 1:colcon.colcon_core.environment:checking '/root/dddmr_navigation/install/base_trajectory/bin'
[0.582s] Level 1:colcon.colcon_core.environment:checking '/root/dddmr_navigation/install/base_trajectory/lib/pkgconfig/base_trajectory.pc'
[0.582s] Level 1:colcon.colcon_core.environment:checking '/root/dddmr_navigation/install/base_trajectory/lib/python3.10/site-packages'
[0.582s] Level 1:colcon.colcon_core.environment:checking '/root/dddmr_navigation/install/base_trajectory/bin'
[0.583s] INFO:colcon.colcon_core.shell:Creating package script '/root/dddmr_navigation/install/base_trajectory/share/base_trajectory/package.ps1'
[0.584s] INFO:colcon.colcon_core.shell:Creating package descriptor '/root/dddmr_navigation/install/base_trajectory/share/base_trajectory/package.dsv'
[0.584s] INFO:colcon.colcon_core.shell:Creating package script '/root/dddmr_navigation/install/base_trajectory/share/base_trajectory/package.sh'
[0.585s] INFO:colcon.colcon_core.shell:Creating package script '/root/dddmr_navigation/install/base_trajectory/share/base_trajectory/package.bash'
[0.586s] INFO:colcon.colcon_core.shell:Creating package script '/root/dddmr_navigation/install/base_trajectory/share/base_trajectory/package.zsh'
[0.586s] Level 1:colcon.colcon_core.environment:create_file_with_runtime_dependencies(/root/dddmr_navigation/install/base_trajectory/share/colcon-core/packages/base_trajectory)
[0.588s] Level 1:colcon.colcon_core.environment:create_environment_scripts_only(base_trajectory)
[0.588s] Level 1:colcon.colcon_core.environment:checking '/root/dddmr_navigation/install/base_trajectory' for CMake module files
[0.589s] Level 1:colcon.colcon_core.environment:checking '/root/dddmr_navigation/install/base_trajectory' for CMake config files
[0.590s] Level 1:colcon.colcon_core.shell:create_environment_hook('base_trajectory', 'cmake_prefix_path')
[0.590s] INFO:colcon.colcon_core.shell:Creating environment hook '/root/dddmr_navigation/install/base_trajectory/share/base_trajectory/hook/cmake_prefix_path.ps1'
[0.591s] INFO:colcon.colcon_core.shell:Creating environment descriptor '/root/dddmr_navigation/install/base_trajectory/share/base_trajectory/hook/cmake_prefix_path.dsv'
[0.591s] INFO:colcon.colcon_core.shell:Creating environment hook '/root/dddmr_navigation/install/base_trajectory/share/base_trajectory/hook/cmake_prefix_path.sh'
[0.591s] Level 1:colcon.colcon_core.environment:checking '/root/dddmr_navigation/install/base_trajectory/lib'
[0.591s] Level 1:colcon.colcon_core.shell:create_environment_hook('base_trajectory', 'ld_library_path_lib')
[0.592s] INFO:colcon.colcon_core.shell:Creating environment hook '/root/dddmr_navigation/install/base_trajectory/share/base_trajectory/hook/ld_library_path_lib.ps1'
[0.592s] INFO:colcon.colcon_core.shell:Creating environment descriptor '/root/dddmr_navigation/install/base_trajectory/share/base_trajectory/hook/ld_library_path_lib.dsv'
[0.592s] INFO:colcon.colcon_core.shell:Creating environment hook '/root/dddmr_navigation/install/base_trajectory/share/base_trajectory/hook/ld_library_path_lib.sh'
[0.592s] Level 1:colcon.colcon_core.environment:checking '/root/dddmr_navigation/install/base_trajectory/bin'
[0.592s] Level 1:colcon.colcon_core.environment:checking '/root/dddmr_navigation/install/base_trajectory/lib/pkgconfig/base_trajectory.pc'
[0.593s] Level 1:colcon.colcon_core.environment:checking '/root/dddmr_navigation/install/base_trajectory/lib/python3.10/site-packages'
[0.593s] Level 1:colcon.colcon_core.environment:checking '/root/dddmr_navigation/install/base_trajectory/bin'
[0.593s] INFO:colcon.colcon_core.shell:Creating package script '/root/dddmr_navigation/install/base_trajectory/share/base_trajectory/package.ps1'
[0.594s] INFO:colcon.colcon_core.shell:Creating package descriptor '/root/dddmr_navigation/install/base_trajectory/share/base_trajectory/package.dsv'
[0.594s] INFO:colcon.colcon_core.shell:Creating package script '/root/dddmr_navigation/install/base_trajectory/share/base_trajectory/package.sh'
[0.594s] INFO:colcon.colcon_core.shell:Creating package script '/root/dddmr_navigation/install/base_trajectory/share/base_trajectory/package.bash'
[0.595s] INFO:colcon.colcon_core.shell:Creating package script '/root/dddmr_navigation/install/base_trajectory/share/base_trajectory/package.zsh'
[0.595s] Level 1:colcon.colcon_core.environment:create_file_with_runtime_dependencies(/root/dddmr_navigation/install/base_trajectory/share/colcon-core/packages/base_trajectory)
[0.596s] INFO:colcon.colcon_ros.task.ament_cmake.build:Building ROS package in '/root/dddmr_navigation/src/dddmr_local_planner/mpc_critics' with build type 'ament_cmake'
[0.596s] INFO:colcon.colcon_cmake.task.cmake.build:Building CMake package in '/root/dddmr_navigation/src/dddmr_local_planner/mpc_critics'
[0.596s] INFO:colcon.colcon_core.shell:Skip shell extension 'powershell' for command environment: Not usable outside of PowerShell
[0.596s] DEBUG:colcon.colcon_core.shell:Skip shell extension 'dsv' for command environment
[0.599s] INFO:colcon.colcon_ros.task.ament_cmake.build:Building ROS package in '/root/dddmr_navigation/src/dddmr_local_planner/trajectory_generators' with build type 'ament_cmake'
[0.599s] INFO:colcon.colcon_cmake.task.cmake.build:Building CMake package in '/root/dddmr_navigation/src/dddmr_local_planner/trajectory_generators'
[0.599s] INFO:colcon.colcon_core.shell:Skip shell extension 'powershell' for command environment: Not usable outside of PowerShell
[0.599s] DEBUG:colcon.colcon_core.shell:Skip shell extension 'dsv' for command environment
[0.601s] Level 1:colcon.colcon_core.environment:create_environment_scripts_only(pose_graph_merge_editor_panel)
[0.602s] Level 1:colcon.colcon_core.environment:checking '/root/dddmr_navigation/install/pose_graph_merge_editor_panel' for CMake module files
[0.602s] DEBUG:colcon.colcon_core.event_handler.log_command:Invoked command in '/root/dddmr_navigation/build/pose_graph_merge_editor_panel' returned '0': CMAKE_PREFIX_PATH=/opt/ros/humble /usr/bin/cmake --install /root/dddmr_navigation/build/pose_graph_merge_editor_panel
[0.602s] Level 1:colcon.colcon_core.environment:checking '/root/dddmr_navigation/install/pose_graph_merge_editor_panel' for CMake config files
[0.603s] Level 1:colcon.colcon_core.shell:create_environment_hook('pose_graph_merge_editor_panel', 'cmake_prefix_path')
[0.603s] INFO:colcon.colcon_core.shell:Creating environment hook '/root/dddmr_navigation/install/pose_graph_merge_editor_panel/share/pose_graph_merge_editor_panel/hook/cmake_prefix_path.ps1'
[0.603s] INFO:colcon.colcon_core.shell:Creating environment descriptor '/root/dddmr_navigation/install/pose_graph_merge_editor_panel/share/pose_graph_merge_editor_panel/hook/cmake_prefix_path.dsv'
[0.603s] INFO:colcon.colcon_core.shell:Creating environment hook '/root/dddmr_navigation/install/pose_graph_merge_editor_panel/share/pose_graph_merge_editor_panel/hook/cmake_prefix_path.sh'
[0.604s] Level 1:colcon.colcon_core.environment:checking '/root/dddmr_navigation/install/pose_graph_merge_editor_panel/lib'
[0.604s] Level 1:colcon.colcon_core.shell:create_environment_hook('pose_graph_merge_editor_panel', 'ld_library_path_lib')
[0.604s] INFO:colcon.colcon_core.shell:Creating environment hook '/root/dddmr_navigation/install/pose_graph_merge_editor_panel/share/pose_graph_merge_editor_panel/hook/ld_library_path_lib.ps1'
[0.604s] INFO:colcon.colcon_core.shell:Creating environment descriptor '/root/dddmr_navigation/install/pose_graph_merge_editor_panel/share/pose_graph_merge_editor_panel/hook/ld_library_path_lib.dsv'
[0.604s] INFO:colcon.colcon_core.shell:Creating environment hook '/root/dddmr_navigation/install/pose_graph_merge_editor_panel/share/pose_graph_merge_editor_panel/hook/ld_library_path_lib.sh'
[0.605s] Level 1:colcon.colcon_core.environment:checking '/root/dddmr_navigation/install/pose_graph_merge_editor_panel/bin'
[0.605s] Level 1:colcon.colcon_core.environment:checking '/root/dddmr_navigation/install/pose_graph_merge_editor_panel/lib/pkgconfig/pose_graph_merge_editor_panel.pc'
[0.605s] Level 1:colcon.colcon_core.environment:checking '/root/dddmr_navigation/install/pose_graph_merge_editor_panel/lib/python3.10/site-packages'
[0.605s] Level 1:colcon.colcon_core.environment:checking '/root/dddmr_navigation/install/pose_graph_merge_editor_panel/bin'
[0.606s] INFO:colcon.colcon_core.shell:Creating package script '/root/dddmr_navigation/install/pose_graph_merge_editor_panel/share/pose_graph_merge_editor_panel/package.ps1'
[0.606s] INFO:colcon.colcon_core.shell:Creating package descriptor '/root/dddmr_navigation/install/pose_graph_merge_editor_panel/share/pose_graph_merge_editor_panel/package.dsv'
[0.606s] INFO:colcon.colcon_core.shell:Creating package script '/root/dddmr_navigation/install/pose_graph_merge_editor_panel/share/pose_graph_merge_editor_panel/package.sh'
[0.607s] INFO:colcon.colcon_core.shell:Creating package script '/root/dddmr_navigation/install/pose_graph_merge_editor_panel/share/pose_graph_merge_editor_panel/package.bash'
[0.607s] INFO:colcon.colcon_core.shell:Creating package script '/root/dddmr_navigation/install/pose_graph_merge_editor_panel/share/pose_graph_merge_editor_panel/package.zsh'
[0.607s] Level 1:colcon.colcon_core.environment:create_file_with_runtime_dependencies(/root/dddmr_navigation/install/pose_graph_merge_editor_panel/share/colcon-core/packages/pose_graph_merge_editor_panel)
[0.608s] Level 1:colcon.colcon_core.environment:create_environment_scripts_only(pose_graph_merge_editor_panel)
[0.608s] Level 1:colcon.colcon_core.environment:checking '/root/dddmr_navigation/install/pose_graph_merge_editor_panel' for CMake module files
[0.609s] Level 1:colcon.colcon_core.environment:checking '/root/dddmr_navigation/install/pose_graph_merge_editor_panel' for CMake config files
[0.609s] Level 1:colcon.colcon_core.shell:create_environment_hook('pose_graph_merge_editor_panel', 'cmake_prefix_path')
[0.609s] INFO:colcon.colcon_core.shell:Creating environment hook '/root/dddmr_navigation/install/pose_graph_merge_editor_panel/share/pose_graph_merge_editor_panel/hook/cmake_prefix_path.ps1'
[0.609s] INFO:colcon.colcon_core.shell:Creating environment descriptor '/root/dddmr_navigation/install/pose_graph_merge_editor_panel/share/pose_graph_merge_editor_panel/hook/cmake_prefix_path.dsv'
[0.610s] INFO:colcon.colcon_core.shell:Creating environment hook '/root/dddmr_navigation/install/pose_graph_merge_editor_panel/share/pose_graph_merge_editor_panel/hook/cmake_prefix_path.sh'
[0.610s] Level 1:colcon.colcon_core.environment:checking '/root/dddmr_navigation/install/pose_graph_merge_editor_panel/lib'
[0.610s] Level 1:colcon.colcon_core.shell:create_environment_hook('pose_graph_merge_editor_panel', 'ld_library_path_lib')
[0.610s] INFO:colcon.colcon_core.shell:Creating environment hook '/root/dddmr_navigation/install/pose_graph_merge_editor_panel/share/pose_graph_merge_editor_panel/hook/ld_library_path_lib.ps1'
[0.611s] INFO:colcon.colcon_core.shell:Creating environment descriptor '/root/dddmr_navigation/install/pose_graph_merge_editor_panel/share/pose_graph_merge_editor_panel/hook/ld_library_path_lib.dsv'
[0.611s] INFO:colcon.colcon_core.shell:Creating environment hook '/root/dddmr_navigation/install/pose_graph_merge_editor_panel/share/pose_graph_merge_editor_panel/hook/ld_library_path_lib.sh'
[0.611s] Level 1:colcon.colcon_core.environment:checking '/root/dddmr_navigation/install/pose_graph_merge_editor_panel/bin'
[0.611s] Level 1:colcon.colcon_core.environment:checking '/root/dddmr_navigation/install/pose_graph_merge_editor_panel/lib/pkgconfig/pose_graph_merge_editor_panel.pc'
[0.612s] Level 1:colcon.colcon_core.environment:checking '/root/dddmr_navigation/install/pose_graph_merge_editor_panel/lib/python3.10/site-packages'
[0.612s] Level 1:colcon.colcon_core.environment:checking '/root/dddmr_navigation/install/pose_graph_merge_editor_panel/bin'
[0.612s] INFO:colcon.colcon_core.shell:Creating package script '/root/dddmr_navigation/install/pose_graph_merge_editor_panel/share/pose_graph_merge_editor_panel/package.ps1'
[0.613s] INFO:colcon.colcon_core.shell:Creating package descriptor '/root/dddmr_navigation/install/pose_graph_merge_editor_panel/share/pose_graph_merge_editor_panel/package.dsv'
[0.613s] INFO:colcon.colcon_core.shell:Creating package script '/root/dddmr_navigation/install/pose_graph_merge_editor_panel/share/pose_graph_merge_editor_panel/package.sh'
[0.613s] INFO:colcon.colcon_core.shell:Creating package script '/root/dddmr_navigation/install/pose_graph_merge_editor_panel/share/pose_graph_merge_editor_panel/package.bash'
[0.614s] INFO:colcon.colcon_core.shell:Creating package script '/root/dddmr_navigation/install/pose_graph_merge_editor_panel/share/pose_graph_merge_editor_panel/package.zsh'
[0.614s] Level 1:colcon.colcon_core.environment:create_file_with_runtime_dependencies(/root/dddmr_navigation/install/pose_graph_merge_editor_panel/share/colcon-core/packages/pose_graph_merge_editor_panel)
[0.614s] Level 1:colcon.colcon_core.environment:create_environment_scripts_only(dddmr_odom_3d)
[0.615s] Level 1:colcon.colcon_core.environment:checking '/root/dddmr_navigation/install/dddmr_odom_3d' for CMake module files
[0.615s] DEBUG:colcon.colcon_core.event_handler.log_command:Invoked command in '/root/dddmr_navigation/build/dddmr_odom_3d' returned '0': CMAKE_PREFIX_PATH=/opt/ros/humble /usr/bin/cmake --install /root/dddmr_navigation/build/dddmr_odom_3d
[0.615s] Level 1:colcon.colcon_core.environment:checking '/root/dddmr_navigation/install/dddmr_odom_3d' for CMake config files
[0.615s] Level 1:colcon.colcon_core.shell:create_environment_hook('dddmr_odom_3d', 'cmake_prefix_path')
[0.616s] INFO:colcon.colcon_core.shell:Creating environment hook '/root/dddmr_navigation/install/dddmr_odom_3d/share/dddmr_odom_3d/hook/cmake_prefix_path.ps1'
[0.616s] INFO:colcon.colcon_core.shell:Creating environment descriptor '/root/dddmr_navigation/install/dddmr_odom_3d/share/dddmr_odom_3d/hook/cmake_prefix_path.dsv'
[0.616s] INFO:colcon.colcon_core.shell:Creating environment hook '/root/dddmr_navigation/install/dddmr_odom_3d/share/dddmr_odom_3d/hook/cmake_prefix_path.sh'
[0.617s] Level 1:colcon.colcon_core.environment:checking '/root/dddmr_navigation/install/dddmr_odom_3d/lib'
[0.617s] Level 1:colcon.colcon_core.environment:checking '/root/dddmr_navigation/install/dddmr_odom_3d/bin'
[0.617s] Level 1:colcon.colcon_core.environment:checking '/root/dddmr_navigation/install/dddmr_odom_3d/lib/pkgconfig/dddmr_odom_3d.pc'
[0.617s] Level 1:colcon.colcon_core.environment:checking '/root/dddmr_navigation/install/dddmr_odom_3d/lib/python3.10/site-packages'
[0.617s] Level 1:colcon.colcon_core.environment:checking '/root/dddmr_navigation/install/dddmr_odom_3d/bin'
[0.617s] INFO:colcon.colcon_core.shell:Creating package script '/root/dddmr_navigation/install/dddmr_odom_3d/share/dddmr_odom_3d/package.ps1'
[0.618s] INFO:colcon.colcon_core.shell:Creating package descriptor '/root/dddmr_navigation/install/dddmr_odom_3d/share/dddmr_odom_3d/package.dsv'
[0.618s] INFO:colcon.colcon_core.shell:Creating package script '/root/dddmr_navigation/install/dddmr_odom_3d/share/dddmr_odom_3d/package.sh'
[0.619s] INFO:colcon.colcon_core.shell:Creating package script '/root/dddmr_navigation/install/dddmr_odom_3d/share/dddmr_odom_3d/package.bash'
[0.619s] INFO:colcon.colcon_core.shell:Creating package script '/root/dddmr_navigation/install/dddmr_odom_3d/share/dddmr_odom_3d/package.zsh'
[0.620s] Level 1:colcon.colcon_core.environment:create_file_with_runtime_dependencies(/root/dddmr_navigation/install/dddmr_odom_3d/share/colcon-core/packages/dddmr_odom_3d)
[0.620s] Level 1:colcon.colcon_core.environment:create_environment_scripts_only(dddmr_odom_3d)
[0.620s] Level 1:colcon.colcon_core.environment:checking '/root/dddmr_navigation/install/dddmr_odom_3d' for CMake module files
[0.621s] Level 1:colcon.colcon_core.environment:checking '/root/dddmr_navigation/install/dddmr_odom_3d' for CMake config files
[0.621s] Level 1:colcon.colcon_core.shell:create_environment_hook('dddmr_odom_3d', 'cmake_prefix_path')
[0.621s] INFO:colcon.colcon_core.shell:Creating environment hook '/root/dddmr_navigation/install/dddmr_odom_3d/share/dddmr_odom_3d/hook/cmake_prefix_path.ps1'
[0.621s] INFO:colcon.colcon_core.shell:Creating environment descriptor '/root/dddmr_navigation/install/dddmr_odom_3d/share/dddmr_odom_3d/hook/cmake_prefix_path.dsv'
[0.622s] INFO:colcon.colcon_core.shell:Creating environment hook '/root/dddmr_navigation/install/dddmr_odom_3d/share/dddmr_odom_3d/hook/cmake_prefix_path.sh'
[0.622s] Level 1:colcon.colcon_core.environment:checking '/root/dddmr_navigation/install/dddmr_odom_3d/lib'
[0.622s] Level 1:colcon.colcon_core.environment:checking '/root/dddmr_navigation/install/dddmr_odom_3d/bin'
[0.622s] Level 1:colcon.colcon_core.environment:checking '/root/dddmr_navigation/install/dddmr_odom_3d/lib/pkgconfig/dddmr_odom_3d.pc'
[0.622s] Level 1:colcon.colcon_core.environment:checking '/root/dddmr_navigation/install/dddmr_odom_3d/lib/python3.10/site-packages'
[0.623s] Level 1:colcon.colcon_core.environment:checking '/root/dddmr_navigation/install/dddmr_odom_3d/bin'
[0.623s] INFO:colcon.colcon_core.shell:Creating package script '/root/dddmr_navigation/install/dddmr_odom_3d/share/dddmr_odom_3d/package.ps1'
[0.624s] INFO:colcon.colcon_core.shell:Creating package descriptor '/root/dddmr_navigation/install/dddmr_odom_3d/share/dddmr_odom_3d/package.dsv'
[0.624s] INFO:colcon.colcon_core.shell:Creating package script '/root/dddmr_navigation/install/dddmr_odom_3d/share/dddmr_odom_3d/package.sh'
[0.624s] INFO:colcon.colcon_core.shell:Creating package script '/root/dddmr_navigation/install/dddmr_odom_3d/share/dddmr_odom_3d/package.bash'
[0.625s] INFO:colcon.colcon_core.shell:Creating package script '/root/dddmr_navigation/install/dddmr_odom_3d/share/dddmr_odom_3d/package.zsh'
[0.625s] Level 1:colcon.colcon_core.environment:create_file_with_runtime_dependencies(/root/dddmr_navigation/install/dddmr_odom_3d/share/colcon-core/packages/dddmr_odom_3d)
[0.626s] Level 1:colcon.colcon_core.environment:create_environment_scripts_only(pose_graph_editor_panel)
[0.626s] DEBUG:colcon.colcon_core.event_handler.log_command:Invoked command in '/root/dddmr_navigation/build/pose_graph_editor_panel' returned '0': CMAKE_PREFIX_PATH=/opt/ros/humble /usr/bin/cmake --install /root/dddmr_navigation/build/pose_graph_editor_panel
[0.626s] Level 1:colcon.colcon_core.environment:checking '/root/dddmr_navigation/install/pose_graph_editor_panel' for CMake module files
[0.627s] Level 1:colcon.colcon_core.environment:checking '/root/dddmr_navigation/install/pose_graph_editor_panel' for CMake config files
[0.627s] Level 1:colcon.colcon_core.shell:create_environment_hook('pose_graph_editor_panel', 'cmake_prefix_path')
[0.627s] INFO:colcon.colcon_core.shell:Creating environment hook '/root/dddmr_navigation/install/pose_graph_editor_panel/share/pose_graph_editor_panel/hook/cmake_prefix_path.ps1'
[0.628s] INFO:colcon.colcon_core.shell:Creating environment descriptor '/root/dddmr_navigation/install/pose_graph_editor_panel/share/pose_graph_editor_panel/hook/cmake_prefix_path.dsv'
[0.628s] INFO:colcon.colcon_core.shell:Creating environment hook '/root/dddmr_navigation/install/pose_graph_editor_panel/share/pose_graph_editor_panel/hook/cmake_prefix_path.sh'
[0.628s] Level 1:colcon.colcon_core.environment:checking '/root/dddmr_navigation/install/pose_graph_editor_panel/lib'
[0.628s] Level 1:colcon.colcon_core.shell:create_environment_hook('pose_graph_editor_panel', 'ld_library_path_lib')
[0.629s] INFO:colcon.colcon_core.shell:Creating environment hook '/root/dddmr_navigation/install/pose_graph_editor_panel/share/pose_graph_editor_panel/hook/ld_library_path_lib.ps1'
[0.629s] INFO:colcon.colcon_core.shell:Creating environment descriptor '/root/dddmr_navigation/install/pose_graph_editor_panel/share/pose_graph_editor_panel/hook/ld_library_path_lib.dsv'
[0.629s] INFO:colcon.colcon_core.shell:Creating environment hook '/root/dddmr_navigation/install/pose_graph_editor_panel/share/pose_graph_editor_panel/hook/ld_library_path_lib.sh'
[0.629s] Level 1:colcon.colcon_core.environment:checking '/root/dddmr_navigation/install/pose_graph_editor_panel/bin'
[0.629s] Level 1:colcon.colcon_core.environment:checking '/root/dddmr_navigation/install/pose_graph_editor_panel/lib/pkgconfig/pose_graph_editor_panel.pc'
[0.629s] Level 1:colcon.colcon_core.environment:checking '/root/dddmr_navigation/install/pose_graph_editor_panel/lib/python3.10/site-packages'
[0.630s] Level 1:colcon.colcon_core.environment:checking '/root/dddmr_navigation/install/pose_graph_editor_panel/bin'
[0.630s] INFO:colcon.colcon_core.shell:Creating package script '/root/dddmr_navigation/install/pose_graph_editor_panel/share/pose_graph_editor_panel/package.ps1'
[0.630s] INFO:colcon.colcon_core.shell:Creating package descriptor '/root/dddmr_navigation/install/pose_graph_editor_panel/share/pose_graph_editor_panel/package.dsv'
[0.630s] INFO:colcon.colcon_core.shell:Creating package script '/root/dddmr_navigation/install/pose_graph_editor_panel/share/pose_graph_editor_panel/package.sh'
[0.631s] INFO:colcon.colcon_core.shell:Creating package script '/root/dddmr_navigation/install/pose_graph_editor_panel/share/pose_graph_editor_panel/package.bash'
[0.631s] INFO:colcon.colcon_core.shell:Creating package script '/root/dddmr_navigation/install/pose_graph_editor_panel/share/pose_graph_editor_panel/package.zsh'
[0.631s] Level 1:colcon.colcon_core.environment:create_file_with_runtime_dependencies(/root/dddmr_navigation/install/pose_graph_editor_panel/share/colcon-core/packages/pose_graph_editor_panel)
[0.631s] Level 1:colcon.colcon_core.environment:create_environment_scripts_only(pose_graph_editor_panel)
[0.631s] Level 1:colcon.colcon_core.environment:checking '/root/dddmr_navigation/install/pose_graph_editor_panel' for CMake module files
[0.632s] Level 1:colcon.colcon_core.environment:checking '/root/dddmr_navigation/install/pose_graph_editor_panel' for CMake config files
[0.632s] Level 1:colcon.colcon_core.shell:create_environment_hook('pose_graph_editor_panel', 'cmake_prefix_path')
[0.632s] INFO:colcon.colcon_core.shell:Creating environment hook '/root/dddmr_navigation/install/pose_graph_editor_panel/share/pose_graph_editor_panel/hook/cmake_prefix_path.ps1'
[0.632s] INFO:colcon.colcon_core.shell:Creating environment descriptor '/root/dddmr_navigation/install/pose_graph_editor_panel/share/pose_graph_editor_panel/hook/cmake_prefix_path.dsv'
[0.632s] INFO:colcon.colcon_core.shell:Creating environment hook '/root/dddmr_navigation/install/pose_graph_editor_panel/share/pose_graph_editor_panel/hook/cmake_prefix_path.sh'
[0.632s] Level 1:colcon.colcon_core.environment:checking '/root/dddmr_navigation/install/pose_graph_editor_panel/lib'
[0.633s] Level 1:colcon.colcon_core.shell:create_environment_hook('pose_graph_editor_panel', 'ld_library_path_lib')
[0.633s] INFO:colcon.colcon_core.shell:Creating environment hook '/root/dddmr_navigation/install/pose_graph_editor_panel/share/pose_graph_editor_panel/hook/ld_library_path_lib.ps1'
[0.633s] INFO:colcon.colcon_core.shell:Creating environment descriptor '/root/dddmr_navigation/install/pose_graph_editor_panel/share/pose_graph_editor_panel/hook/ld_library_path_lib.dsv'
[0.633s] INFO:colcon.colcon_core.shell:Creating environment hook '/root/dddmr_navigation/install/pose_graph_editor_panel/share/pose_graph_editor_panel/hook/ld_library_path_lib.sh'
[0.633s] Level 1:colcon.colcon_core.environment:checking '/root/dddmr_navigation/install/pose_graph_editor_panel/bin'
[0.633s] Level 1:colcon.colcon_core.environment:checking '/root/dddmr_navigation/install/pose_graph_editor_panel/lib/pkgconfig/pose_graph_editor_panel.pc'
[0.633s] Level 1:colcon.colcon_core.environment:checking '/root/dddmr_navigation/install/pose_graph_editor_panel/lib/python3.10/site-packages'
[0.633s] Level 1:colcon.colcon_core.environment:checking '/root/dddmr_navigation/install/pose_graph_editor_panel/bin'
[0.634s] INFO:colcon.colcon_core.shell:Creating package script '/root/dddmr_navigation/install/pose_graph_editor_panel/share/pose_graph_editor_panel/package.ps1'
[0.634s] INFO:colcon.colcon_core.shell:Creating package descriptor '/root/dddmr_navigation/install/pose_graph_editor_panel/share/pose_graph_editor_panel/package.dsv'
[0.634s] INFO:colcon.colcon_core.shell:Creating package script '/root/dddmr_navigation/install/pose_graph_editor_panel/share/pose_graph_editor_panel/package.sh'
[0.634s] INFO:colcon.colcon_core.shell:Creating package script '/root/dddmr_navigation/install/pose_graph_editor_panel/share/pose_graph_editor_panel/package.bash'
[0.635s] INFO:colcon.colcon_core.shell:Creating package script '/root/dddmr_navigation/install/pose_graph_editor_panel/share/pose_graph_editor_panel/package.zsh'
[0.635s] Level 1:colcon.colcon_core.environment:create_file_with_runtime_dependencies(/root/dddmr_navigation/install/pose_graph_editor_panel/share/colcon-core/packages/pose_graph_editor_panel)
[0.635s] Level 1:colcon.colcon_core.environment:create_environment_scripts_only(dddmr_fastlio_adapter)
[0.635s] Level 1:colcon.colcon_core.environment:checking '/root/dddmr_navigation/install/dddmr_fastlio_adapter' for CMake module files
[0.636s] DEBUG:colcon.colcon_core.event_handler.log_command:Invoked command in '/root/dddmr_navigation/build/dddmr_fastlio_adapter' returned '0': CMAKE_PREFIX_PATH=/opt/ros/humble /usr/bin/cmake --install /root/dddmr_navigation/build/dddmr_fastlio_adapter
[0.636s] Level 1:colcon.colcon_core.environment:checking '/root/dddmr_navigation/install/dddmr_fastlio_adapter' for CMake config files
[0.637s] Level 1:colcon.colcon_core.shell:create_environment_hook('dddmr_fastlio_adapter', 'cmake_prefix_path')
[0.637s] INFO:colcon.colcon_core.shell:Creating environment hook '/root/dddmr_navigation/install/dddmr_fastlio_adapter/share/dddmr_fastlio_adapter/hook/cmake_prefix_path.ps1'
[0.637s] INFO:colcon.colcon_core.shell:Creating environment descriptor '/root/dddmr_navigation/install/dddmr_fastlio_adapter/share/dddmr_fastlio_adapter/hook/cmake_prefix_path.dsv'
[0.638s] INFO:colcon.colcon_core.shell:Creating environment hook '/root/dddmr_navigation/install/dddmr_fastlio_adapter/share/dddmr_fastlio_adapter/hook/cmake_prefix_path.sh'
[0.638s] Level 1:colcon.colcon_core.environment:checking '/root/dddmr_navigation/install/dddmr_fastlio_adapter/lib'
[0.638s] Level 1:colcon.colcon_core.environment:checking '/root/dddmr_navigation/install/dddmr_fastlio_adapter/bin'
[0.638s] Level 1:colcon.colcon_core.environment:checking '/root/dddmr_navigation/install/dddmr_fastlio_adapter/lib/pkgconfig/dddmr_fastlio_adapter.pc'
[0.638s] Level 1:colcon.colcon_core.environment:checking '/root/dddmr_navigation/install/dddmr_fastlio_adapter/lib/python3.10/site-packages'
[0.639s] Level 1:colcon.colcon_core.environment:checking '/root/dddmr_navigation/install/dddmr_fastlio_adapter/bin'
[0.639s] INFO:colcon.colcon_core.shell:Creating package script '/root/dddmr_navigation/install/dddmr_fastlio_adapter/share/dddmr_fastlio_adapter/package.ps1'
[0.639s] INFO:colcon.colcon_core.shell:Creating package descriptor '/root/dddmr_navigation/install/dddmr_fastlio_adapter/share/dddmr_fastlio_adapter/package.dsv'
[0.640s] INFO:colcon.colcon_core.shell:Creating package script '/root/dddmr_navigation/install/dddmr_fastlio_adapter/share/dddmr_fastlio_adapter/package.sh'
[0.640s] INFO:colcon.colcon_core.shell:Creating package script '/root/dddmr_navigation/install/dddmr_fastlio_adapter/share/dddmr_fastlio_adapter/package.bash'
[0.640s] INFO:colcon.colcon_core.shell:Creating package script '/root/dddmr_navigation/install/dddmr_fastlio_adapter/share/dddmr_fastlio_adapter/package.zsh'
[0.641s] Level 1:colcon.colcon_core.environment:create_file_with_runtime_dependencies(/root/dddmr_navigation/install/dddmr_fastlio_adapter/share/colcon-core/packages/dddmr_fastlio_adapter)
[0.641s] Level 1:colcon.colcon_core.environment:create_environment_scripts_only(dddmr_fastlio_adapter)
[0.641s] Level 1:colcon.colcon_core.environment:checking '/root/dddmr_navigation/install/dddmr_fastlio_adapter' for CMake module files
[0.643s] Level 1:colcon.colcon_core.environment:checking '/root/dddmr_navigation/install/dddmr_fastlio_adapter' for CMake config files
[0.643s] Level 1:colcon.colcon_core.shell:create_environment_hook('dddmr_fastlio_adapter', 'cmake_prefix_path')
[0.643s] INFO:colcon.colcon_core.shell:Creating environment hook '/root/dddmr_navigation/install/dddmr_fastlio_adapter/share/dddmr_fastlio_adapter/hook/cmake_prefix_path.ps1'
[0.644s] INFO:colcon.colcon_core.shell:Creating environment descriptor '/root/dddmr_navigation/install/dddmr_fastlio_adapter/share/dddmr_fastlio_adapter/hook/cmake_prefix_path.dsv'
[0.644s] INFO:colcon.colcon_core.shell:Creating environment hook '/root/dddmr_navigation/install/dddmr_fastlio_adapter/share/dddmr_fastlio_adapter/hook/cmake_prefix_path.sh'
[0.645s] Level 1:colcon.colcon_core.environment:checking '/root/dddmr_navigation/install/dddmr_fastlio_adapter/lib'
[0.645s] Level 1:colcon.colcon_core.environment:checking '/root/dddmr_navigation/install/dddmr_fastlio_adapter/bin'
[0.645s] Level 1:colcon.colcon_core.environment:checking '/root/dddmr_navigation/install/dddmr_fastlio_adapter/lib/pkgconfig/dddmr_fastlio_adapter.pc'
[0.645s] Level 1:colcon.colcon_core.environment:checking '/root/dddmr_navigation/install/dddmr_fastlio_adapter/lib/python3.10/site-packages'
[0.646s] Level 1:colcon.colcon_core.environment:checking '/root/dddmr_navigation/install/dddmr_fastlio_adapter/bin'
[0.646s] INFO:colcon.colcon_core.shell:Creating package script '/root/dddmr_navigation/install/dddmr_fastlio_adapter/share/dddmr_fastlio_adapter/package.ps1'
[0.647s] INFO:colcon.colcon_core.shell:Creating package descriptor '/root/dddmr_navigation/install/dddmr_fastlio_adapter/share/dddmr_fastlio_adapter/package.dsv'
[0.647s] INFO:colcon.colcon_core.shell:Creating package script '/root/dddmr_navigation/install/dddmr_fastlio_adapter/share/dddmr_fastlio_adapter/package.sh'
[0.647s] INFO:colcon.colcon_core.shell:Creating package script '/root/dddmr_navigation/install/dddmr_fastlio_adapter/share/dddmr_fastlio_adapter/package.bash'
[0.648s] INFO:colcon.colcon_core.shell:Creating package script '/root/dddmr_navigation/install/dddmr_fastlio_adapter/share/dddmr_fastlio_adapter/package.zsh'
[0.648s] Level 1:colcon.colcon_core.environment:create_file_with_runtime_dependencies(/root/dddmr_navigation/install/dddmr_fastlio_adapter/share/colcon-core/packages/dddmr_fastlio_adapter)
[0.649s] Level 1:colcon.colcon_core.environment:create_environment_scripts_only(map_editor_panel)
[0.649s] Level 1:colcon.colcon_core.environment:checking '/root/dddmr_navigation/install/map_editor_panel' for CMake module files
[0.650s] DEBUG:colcon.colcon_core.event_handler.log_command:Invoked command in '/root/dddmr_navigation/build/map_editor_panel' returned '0': CMAKE_PREFIX_PATH=/opt/ros/humble /usr/bin/cmake --install /root/dddmr_navigation/build/map_editor_panel
[0.650s] Level 1:colcon.colcon_core.environment:checking '/root/dddmr_navigation/install/map_editor_panel' for CMake config files
[0.650s] Level 1:colcon.colcon_core.shell:create_environment_hook('map_editor_panel', 'cmake_prefix_path')
[0.651s] INFO:colcon.colcon_core.shell:Creating environment hook '/root/dddmr_navigation/install/map_editor_panel/share/map_editor_panel/hook/cmake_prefix_path.ps1'
[0.651s] INFO:colcon.colcon_core.shell:Creating environment descriptor '/root/dddmr_navigation/install/map_editor_panel/share/map_editor_panel/hook/cmake_prefix_path.dsv'
[0.651s] INFO:colcon.colcon_core.shell:Creating environment hook '/root/dddmr_navigation/install/map_editor_panel/share/map_editor_panel/hook/cmake_prefix_path.sh'
[0.652s] Level 1:colcon.colcon_core.environment:checking '/root/dddmr_navigation/install/map_editor_panel/lib'
[0.652s] Level 1:colcon.colcon_core.shell:create_environment_hook('map_editor_panel', 'ld_library_path_lib')
[0.652s] INFO:colcon.colcon_core.shell:Creating environment hook '/root/dddmr_navigation/install/map_editor_panel/share/map_editor_panel/hook/ld_library_path_lib.ps1'
[0.652s] INFO:colcon.colcon_core.shell:Creating environment descriptor '/root/dddmr_navigation/install/map_editor_panel/share/map_editor_panel/hook/ld_library_path_lib.dsv'
[0.653s] INFO:colcon.colcon_core.shell:Creating environment hook '/root/dddmr_navigation/install/map_editor_panel/share/map_editor_panel/hook/ld_library_path_lib.sh'
[0.653s] Level 1:colcon.colcon_core.environment:checking '/root/dddmr_navigation/install/map_editor_panel/bin'
[0.653s] Level 1:colcon.colcon_core.environment:checking '/root/dddmr_navigation/install/map_editor_panel/lib/pkgconfig/map_editor_panel.pc'
[0.653s] Level 1:colcon.colcon_core.environment:checking '/root/dddmr_navigation/install/map_editor_panel/lib/python3.10/site-packages'
[0.654s] Level 1:colcon.colcon_core.environment:checking '/root/dddmr_navigation/install/map_editor_panel/bin'
[0.654s] INFO:colcon.colcon_core.shell:Creating package script '/root/dddmr_navigation/install/map_editor_panel/share/map_editor_panel/package.ps1'
[0.655s] INFO:colcon.colcon_core.shell:Creating package descriptor '/root/dddmr_navigation/install/map_editor_panel/share/map_editor_panel/package.dsv'
[0.655s] INFO:colcon.colcon_core.shell:Creating package script '/root/dddmr_navigation/install/map_editor_panel/share/map_editor_panel/package.sh'
[0.655s] INFO:colcon.colcon_core.shell:Creating package script '/root/dddmr_navigation/install/map_editor_panel/share/map_editor_panel/package.bash'
[0.656s] INFO:colcon.colcon_core.shell:Creating package script '/root/dddmr_navigation/install/map_editor_panel/share/map_editor_panel/package.zsh'
[0.656s] Level 1:colcon.colcon_core.environment:create_file_with_runtime_dependencies(/root/dddmr_navigation/install/map_editor_panel/share/colcon-core/packages/map_editor_panel)
[0.656s] Level 1:colcon.colcon_core.environment:create_environment_scripts_only(map_editor_panel)
[0.657s] Level 1:colcon.colcon_core.environment:checking '/root/dddmr_navigation/install/map_editor_panel' for CMake module files
[0.657s] Level 1:colcon.colcon_core.environment:checking '/root/dddmr_navigation/install/map_editor_panel' for CMake config files
[0.657s] Level 1:colcon.colcon_core.shell:create_environment_hook('map_editor_panel', 'cmake_prefix_path')
[0.657s] INFO:colcon.colcon_core.shell:Creating environment hook '/root/dddmr_navigation/install/map_editor_panel/share/map_editor_panel/hook/cmake_prefix_path.ps1'
[0.658s] INFO:colcon.colcon_core.shell:Creating environment descriptor '/root/dddmr_navigation/install/map_editor_panel/share/map_editor_panel/hook/cmake_prefix_path.dsv'
[0.658s] INFO:colcon.colcon_core.shell:Creating environment hook '/root/dddmr_navigation/install/map_editor_panel/share/map_editor_panel/hook/cmake_prefix_path.sh'
[0.659s] Level 1:colcon.colcon_core.environment:checking '/root/dddmr_navigation/install/map_editor_panel/lib'
[0.659s] Level 1:colcon.colcon_core.shell:create_environment_hook('map_editor_panel', 'ld_library_path_lib')
[0.659s] INFO:colcon.colcon_core.shell:Creating environment hook '/root/dddmr_navigation/install/map_editor_panel/share/map_editor_panel/hook/ld_library_path_lib.ps1'
[0.659s] INFO:colcon.colcon_core.shell:Creating environment descriptor '/root/dddmr_navigation/install/map_editor_panel/share/map_editor_panel/hook/ld_library_path_lib.dsv'
[0.660s] INFO:colcon.colcon_core.shell:Creating environment hook '/root/dddmr_navigation/install/map_editor_panel/share/map_editor_panel/hook/ld_library_path_lib.sh'
[0.660s] Level 1:colcon.colcon_core.environment:checking '/root/dddmr_navigation/install/map_editor_panel/bin'
[0.660s] Level 1:colcon.colcon_core.environment:checking '/root/dddmr_navigation/install/map_editor_panel/lib/pkgconfig/map_editor_panel.pc'
[0.660s] Level 1:colcon.colcon_core.environment:checking '/root/dddmr_navigation/install/map_editor_panel/lib/python3.10/site-packages'
[0.661s] Level 1:colcon.colcon_core.environment:checking '/root/dddmr_navigation/install/map_editor_panel/bin'
[0.661s] INFO:colcon.colcon_core.shell:Creating package script '/root/dddmr_navigation/install/map_editor_panel/share/map_editor_panel/package.ps1'
[0.662s] INFO:colcon.colcon_core.shell:Creating package descriptor '/root/dddmr_navigation/install/map_editor_panel/share/map_editor_panel/package.dsv'
[0.662s] INFO:colcon.colcon_core.shell:Creating package script '/root/dddmr_navigation/install/map_editor_panel/share/map_editor_panel/package.sh'
[0.663s] INFO:colcon.colcon_core.shell:Creating package script '/root/dddmr_navigation/install/map_editor_panel/share/map_editor_panel/package.bash'
[0.663s] INFO:colcon.colcon_core.shell:Creating package script '/root/dddmr_navigation/install/map_editor_panel/share/map_editor_panel/package.zsh'
[0.663s] Level 1:colcon.colcon_core.environment:create_file_with_runtime_dependencies(/root/dddmr_navigation/install/map_editor_panel/share/colcon-core/packages/map_editor_panel)
[0.663s] Level 1:colcon.colcon_core.environment:create_environment_scripts_only(dddmr_semantic_segmentation)
[0.664s] Level 1:colcon.colcon_core.environment:checking '/root/dddmr_navigation/install/dddmr_semantic_segmentation' for CMake module files
[0.664s] DEBUG:colcon.colcon_core.event_handler.log_command:Invoked command in '/root/dddmr_navigation/build/dddmr_semantic_segmentation' returned '0': CMAKE_PREFIX_PATH=/opt/ros/humble /usr/bin/cmake --install /root/dddmr_navigation/build/dddmr_semantic_segmentation
[0.665s] Level 1:colcon.colcon_core.environment:checking '/root/dddmr_navigation/install/dddmr_semantic_segmentation' for CMake config files
[0.665s] Level 1:colcon.colcon_core.shell:create_environment_hook('dddmr_semantic_segmentation', 'cmake_prefix_path')
[0.665s] INFO:colcon.colcon_core.shell:Creating environment hook '/root/dddmr_navigation/install/dddmr_semantic_segmentation/share/dddmr_semantic_segmentation/hook/cmake_prefix_path.ps1'
[0.666s] INFO:colcon.colcon_core.shell:Creating environment descriptor '/root/dddmr_navigation/install/dddmr_semantic_segmentation/share/dddmr_semantic_segmentation/hook/cmake_prefix_path.dsv'
[0.666s] INFO:colcon.colcon_core.shell:Creating environment hook '/root/dddmr_navigation/install/dddmr_semantic_segmentation/share/dddmr_semantic_segmentation/hook/cmake_prefix_path.sh'
[0.666s] Level 1:colcon.colcon_core.environment:checking '/root/dddmr_navigation/install/dddmr_semantic_segmentation/lib'
[0.667s] Level 1:colcon.colcon_core.environment:checking '/root/dddmr_navigation/install/dddmr_semantic_segmentation/bin'
[0.667s] Level 1:colcon.colcon_core.environment:checking '/root/dddmr_navigation/install/dddmr_semantic_segmentation/lib/pkgconfig/dddmr_semantic_segmentation.pc'
[0.667s] Level 1:colcon.colcon_core.environment:checking '/root/dddmr_navigation/install/dddmr_semantic_segmentation/lib/python3.10/site-packages'
[0.667s] Level 1:colcon.colcon_core.environment:checking '/root/dddmr_navigation/install/dddmr_semantic_segmentation/bin'
[0.667s] INFO:colcon.colcon_core.shell:Creating package script '/root/dddmr_navigation/install/dddmr_semantic_segmentation/share/dddmr_semantic_segmentation/package.ps1'
[0.668s] INFO:colcon.colcon_core.shell:Creating package descriptor '/root/dddmr_navigation/install/dddmr_semantic_segmentation/share/dddmr_semantic_segmentation/package.dsv'
[0.668s] INFO:colcon.colcon_core.shell:Creating package script '/root/dddmr_navigation/install/dddmr_semantic_segmentation/share/dddmr_semantic_segmentation/package.sh'
[0.669s] INFO:colcon.colcon_core.shell:Creating package script '/root/dddmr_navigation/install/dddmr_semantic_segmentation/share/dddmr_semantic_segmentation/package.bash'
[0.669s] INFO:colcon.colcon_core.shell:Creating package script '/root/dddmr_navigation/install/dddmr_semantic_segmentation/share/dddmr_semantic_segmentation/package.zsh'
[0.669s] Level 1:colcon.colcon_core.environment:create_file_with_runtime_dependencies(/root/dddmr_navigation/install/dddmr_semantic_segmentation/share/colcon-core/packages/dddmr_semantic_segmentation)
[0.670s] Level 1:colcon.colcon_core.environment:create_environment_scripts_only(dddmr_semantic_segmentation)
[0.670s] Level 1:colcon.colcon_core.environment:checking '/root/dddmr_navigation/install/dddmr_semantic_segmentation' for CMake module files
[0.670s] Level 1:colcon.colcon_core.environment:checking '/root/dddmr_navigation/install/dddmr_semantic_segmentation' for CMake config files
[0.671s] Level 1:colcon.colcon_core.shell:create_environment_hook('dddmr_semantic_segmentation', 'cmake_prefix_path')
[0.671s] INFO:colcon.colcon_core.shell:Creating environment hook '/root/dddmr_navigation/install/dddmr_semantic_segmentation/share/dddmr_semantic_segmentation/hook/cmake_prefix_path.ps1'
[0.671s] INFO:colcon.colcon_core.shell:Creating environment descriptor '/root/dddmr_navigation/install/dddmr_semantic_segmentation/share/dddmr_semantic_segmentation/hook/cmake_prefix_path.dsv'
[0.672s] INFO:colcon.colcon_core.shell:Creating environment hook '/root/dddmr_navigation/install/dddmr_semantic_segmentation/share/dddmr_semantic_segmentation/hook/cmake_prefix_path.sh'
[0.672s] Level 1:colcon.colcon_core.environment:checking '/root/dddmr_navigation/install/dddmr_semantic_segmentation/lib'
[0.672s] Level 1:colcon.colcon_core.environment:checking '/root/dddmr_navigation/install/dddmr_semantic_segmentation/bin'
[0.672s] Level 1:colcon.colcon_core.environment:checking '/root/dddmr_navigation/install/dddmr_semantic_segmentation/lib/pkgconfig/dddmr_semantic_segmentation.pc'
[0.672s] Level 1:colcon.colcon_core.environment:checking '/root/dddmr_navigation/install/dddmr_semantic_segmentation/lib/python3.10/site-packages'
[0.673s] Level 1:colcon.colcon_core.environment:checking '/root/dddmr_navigation/install/dddmr_semantic_segmentation/bin'
[0.673s] INFO:colcon.colcon_core.shell:Creating package script '/root/dddmr_navigation/install/dddmr_semantic_segmentation/share/dddmr_semantic_segmentation/package.ps1'
[0.673s] INFO:colcon.colcon_core.shell:Creating package descriptor '/root/dddmr_navigation/install/dddmr_semantic_segmentation/share/dddmr_semantic_segmentation/package.dsv'
[0.674s] INFO:colcon.colcon_core.shell:Creating package script '/root/dddmr_navigation/install/dddmr_semantic_segmentation/share/dddmr_semantic_segmentation/package.sh'
[0.674s] INFO:colcon.colcon_core.shell:Creating package script '/root/dddmr_navigation/install/dddmr_semantic_segmentation/share/dddmr_semantic_segmentation/package.bash'
[0.675s] INFO:colcon.colcon_core.shell:Creating package script '/root/dddmr_navigation/install/dddmr_semantic_segmentation/share/dddmr_semantic_segmentation/package.zsh'
[0.675s] Level 1:colcon.colcon_core.environment:create_file_with_runtime_dependencies(/root/dddmr_navigation/install/dddmr_semantic_segmentation/share/colcon-core/packages/dddmr_semantic_segmentation)
[0.675s] Level 1:colcon.colcon_core.environment:create_environment_scripts_only(mapping_panel)
[0.675s] Level 1:colcon.colcon_core.environment:checking '/root/dddmr_navigation/install/mapping_panel' for CMake module files
[0.676s] DEBUG:colcon.colcon_core.event_handler.log_command:Invoked command in '/root/dddmr_navigation/build/mapping_panel' returned '0': CMAKE_PREFIX_PATH=/opt/ros/humble /usr/bin/cmake --install /root/dddmr_navigation/build/mapping_panel
[0.676s] Level 1:colcon.colcon_core.environment:checking '/root/dddmr_navigation/install/mapping_panel' for CMake config files
[0.677s] Level 1:colcon.colcon_core.shell:create_environment_hook('mapping_panel', 'cmake_prefix_path')
[0.677s] INFO:colcon.colcon_core.shell:Creating environment hook '/root/dddmr_navigation/install/mapping_panel/share/mapping_panel/hook/cmake_prefix_path.ps1'
[0.677s] INFO:colcon.colcon_core.shell:Creating environment descriptor '/root/dddmr_navigation/install/mapping_panel/share/mapping_panel/hook/cmake_prefix_path.dsv'
[0.678s] INFO:colcon.colcon_core.shell:Creating environment hook '/root/dddmr_navigation/install/mapping_panel/share/mapping_panel/hook/cmake_prefix_path.sh'
[0.678s] Level 1:colcon.colcon_core.environment:checking '/root/dddmr_navigation/install/mapping_panel/lib'
[0.678s] Level 1:colcon.colcon_core.shell:create_environment_hook('mapping_panel', 'ld_library_path_lib')
[0.678s] INFO:colcon.colcon_core.shell:Creating environment hook '/root/dddmr_navigation/install/mapping_panel/share/mapping_panel/hook/ld_library_path_lib.ps1'
[0.679s] INFO:colcon.colcon_core.shell:Creating environment descriptor '/root/dddmr_navigation/install/mapping_panel/share/mapping_panel/hook/ld_library_path_lib.dsv'
[0.679s] INFO:colcon.colcon_core.shell:Creating environment hook '/root/dddmr_navigation/install/mapping_panel/share/mapping_panel/hook/ld_library_path_lib.sh'
[0.679s] Level 1:colcon.colcon_core.environment:checking '/root/dddmr_navigation/install/mapping_panel/bin'
[0.679s] Level 1:colcon.colcon_core.environment:checking '/root/dddmr_navigation/install/mapping_panel/lib/pkgconfig/mapping_panel.pc'
[0.679s] Level 1:colcon.colcon_core.environment:checking '/root/dddmr_navigation/install/mapping_panel/lib/python3.10/site-packages'
[0.680s] Level 1:colcon.colcon_core.environment:checking '/root/dddmr_navigation/install/mapping_panel/bin'
[0.680s] INFO:colcon.colcon_core.shell:Creating package script '/root/dddmr_navigation/install/mapping_panel/share/mapping_panel/package.ps1'
[0.681s] INFO:colcon.colcon_core.shell:Creating package descriptor '/root/dddmr_navigation/install/mapping_panel/share/mapping_panel/package.dsv'
[0.681s] INFO:colcon.colcon_core.shell:Creating package script '/root/dddmr_navigation/install/mapping_panel/share/mapping_panel/package.sh'
[0.681s] INFO:colcon.colcon_core.shell:Creating package script '/root/dddmr_navigation/install/mapping_panel/share/mapping_panel/package.bash'
[0.681s] INFO:colcon.colcon_core.shell:Creating package script '/root/dddmr_navigation/install/mapping_panel/share/mapping_panel/package.zsh'
[0.682s] Level 1:colcon.colcon_core.environment:create_file_with_runtime_dependencies(/root/dddmr_navigation/install/mapping_panel/share/colcon-core/packages/mapping_panel)
[0.682s] Level 1:colcon.colcon_core.environment:create_environment_scripts_only(mapping_panel)
[0.682s] Level 1:colcon.colcon_core.environment:checking '/root/dddmr_navigation/install/mapping_panel' for CMake module files
[0.683s] Level 1:colcon.colcon_core.environment:checking '/root/dddmr_navigation/install/mapping_panel' for CMake config files
[0.683s] Level 1:colcon.colcon_core.shell:create_environment_hook('mapping_panel', 'cmake_prefix_path')
[0.683s] INFO:colcon.colcon_core.shell:Creating environment hook '/root/dddmr_navigation/install/mapping_panel/share/mapping_panel/hook/cmake_prefix_path.ps1'
[0.684s] INFO:colcon.colcon_core.shell:Creating environment descriptor '/root/dddmr_navigation/install/mapping_panel/share/mapping_panel/hook/cmake_prefix_path.dsv'
[0.684s] INFO:colcon.colcon_core.shell:Creating environment hook '/root/dddmr_navigation/install/mapping_panel/share/mapping_panel/hook/cmake_prefix_path.sh'
[0.685s] Level 1:colcon.colcon_core.environment:checking '/root/dddmr_navigation/install/mapping_panel/lib'
[0.685s] Level 1:colcon.colcon_core.shell:create_environment_hook('mapping_panel', 'ld_library_path_lib')
[0.685s] INFO:colcon.colcon_core.shell:Creating environment hook '/root/dddmr_navigation/install/mapping_panel/share/mapping_panel/hook/ld_library_path_lib.ps1'
[0.685s] INFO:colcon.colcon_core.shell:Creating environment descriptor '/root/dddmr_navigation/install/mapping_panel/share/mapping_panel/hook/ld_library_path_lib.dsv'
[0.686s] INFO:colcon.colcon_core.shell:Creating environment hook '/root/dddmr_navigation/install/mapping_panel/share/mapping_panel/hook/ld_library_path_lib.sh'
[0.686s] Level 1:colcon.colcon_core.environment:checking '/root/dddmr_navigation/install/mapping_panel/bin'
[0.686s] Level 1:colcon.colcon_core.environment:checking '/root/dddmr_navigation/install/mapping_panel/lib/pkgconfig/mapping_panel.pc'
[0.686s] Level 1:colcon.colcon_core.environment:checking '/root/dddmr_navigation/install/mapping_panel/lib/python3.10/site-packages'
[0.686s] Level 1:colcon.colcon_core.environment:checking '/root/dddmr_navigation/install/mapping_panel/bin'
[0.687s] INFO:colcon.colcon_core.shell:Creating package script '/root/dddmr_navigation/install/mapping_panel/share/mapping_panel/package.ps1'
[0.687s] INFO:colcon.colcon_core.shell:Creating package descriptor '/root/dddmr_navigation/install/mapping_panel/share/mapping_panel/package.dsv'
[0.688s] INFO:colcon.colcon_core.shell:Creating package script '/root/dddmr_navigation/install/mapping_panel/share/mapping_panel/package.sh'
[0.688s] INFO:colcon.colcon_core.shell:Creating package script '/root/dddmr_navigation/install/mapping_panel/share/mapping_panel/package.bash'
[0.688s] INFO:colcon.colcon_core.shell:Creating package script '/root/dddmr_navigation/install/mapping_panel/share/mapping_panel/package.zsh'
[0.689s] Level 1:colcon.colcon_core.environment:create_file_with_runtime_dependencies(/root/dddmr_navigation/install/mapping_panel/share/colcon-core/packages/mapping_panel)
[0.689s] Level 1:colcon.colcon_core.environment:create_environment_scripts_only(dddmr_rviz_default_plugins)
[0.689s] Level 1:colcon.colcon_core.environment:checking '/root/dddmr_navigation/install/dddmr_rviz_default_plugins' for CMake module files
[0.690s] DEBUG:colcon.colcon_core.event_handler.log_command:Invoked command in '/root/dddmr_navigation/build/dddmr_rviz_default_plugins' returned '0': CMAKE_PREFIX_PATH=/opt/ros/humble /usr/bin/cmake --install /root/dddmr_navigation/build/dddmr_rviz_default_plugins
[0.690s] Level 1:colcon.colcon_core.environment:checking '/root/dddmr_navigation/install/dddmr_rviz_default_plugins' for CMake config files
[0.691s] Level 1:colcon.colcon_core.shell:create_environment_hook('dddmr_rviz_default_plugins', 'cmake_prefix_path')
[0.691s] INFO:colcon.colcon_core.shell:Creating environment hook '/root/dddmr_navigation/install/dddmr_rviz_default_plugins/share/dddmr_rviz_default_plugins/hook/cmake_prefix_path.ps1'
[0.691s] INFO:colcon.colcon_core.shell:Creating environment descriptor '/root/dddmr_navigation/install/dddmr_rviz_default_plugins/share/dddmr_rviz_default_plugins/hook/cmake_prefix_path.dsv'
[0.691s] INFO:colcon.colcon_core.shell:Creating environment hook '/root/dddmr_navigation/install/dddmr_rviz_default_plugins/share/dddmr_rviz_default_plugins/hook/cmake_prefix_path.sh'
[0.692s] Level 1:colcon.colcon_core.environment:checking '/root/dddmr_navigation/install/dddmr_rviz_default_plugins/lib'
[0.692s] Level 1:colcon.colcon_core.shell:create_environment_hook('dddmr_rviz_default_plugins', 'ld_library_path_lib')
[0.692s] INFO:colcon.colcon_core.shell:Creating environment hook '/root/dddmr_navigation/install/dddmr_rviz_default_plugins/share/dddmr_rviz_default_plugins/hook/ld_library_path_lib.ps1'
[0.692s] INFO:colcon.colcon_core.shell:Creating environment descriptor '/root/dddmr_navigation/install/dddmr_rviz_default_plugins/share/dddmr_rviz_default_plugins/hook/ld_library_path_lib.dsv'
[0.692s] INFO:colcon.colcon_core.shell:Creating environment hook '/root/dddmr_navigation/install/dddmr_rviz_default_plugins/share/dddmr_rviz_default_plugins/hook/ld_library_path_lib.sh'
[0.693s] Level 1:colcon.colcon_core.environment:checking '/root/dddmr_navigation/install/dddmr_rviz_default_plugins/bin'
[0.693s] Level 1:colcon.colcon_core.environment:checking '/root/dddmr_navigation/install/dddmr_rviz_default_plugins/lib/pkgconfig/dddmr_rviz_default_plugins.pc'
[0.693s] Level 1:colcon.colcon_core.environment:checking '/root/dddmr_navigation/install/dddmr_rviz_default_plugins/lib/python3.10/site-packages'
[0.693s] Level 1:colcon.colcon_core.environment:checking '/root/dddmr_navigation/install/dddmr_rviz_default_plugins/bin'
[0.693s] INFO:colcon.colcon_core.shell:Creating package script '/root/dddmr_navigation/install/dddmr_rviz_default_plugins/share/dddmr_rviz_default_plugins/package.ps1'
[0.694s] INFO:colcon.colcon_core.shell:Creating package descriptor '/root/dddmr_navigation/install/dddmr_rviz_default_plugins/share/dddmr_rviz_default_plugins/package.dsv'
[0.694s] INFO:colcon.colcon_core.shell:Creating package script '/root/dddmr_navigation/install/dddmr_rviz_default_plugins/share/dddmr_rviz_default_plugins/package.sh'
[0.694s] INFO:colcon.colcon_core.shell:Creating package script '/root/dddmr_navigation/install/dddmr_rviz_default_plugins/share/dddmr_rviz_default_plugins/package.bash'
[0.694s] INFO:colcon.colcon_core.shell:Creating package script '/root/dddmr_navigation/install/dddmr_rviz_default_plugins/share/dddmr_rviz_default_plugins/package.zsh'
[0.694s] Level 1:colcon.colcon_core.environment:create_file_with_runtime_dependencies(/root/dddmr_navigation/install/dddmr_rviz_default_plugins/share/colcon-core/packages/dddmr_rviz_default_plugins)
[0.694s] Level 1:colcon.colcon_core.environment:create_environment_scripts_only(dddmr_rviz_default_plugins)
[0.695s] Level 1:colcon.colcon_core.environment:checking '/root/dddmr_navigation/install/dddmr_rviz_default_plugins' for CMake module files
[0.695s] Level 1:colcon.colcon_core.environment:checking '/root/dddmr_navigation/install/dddmr_rviz_default_plugins' for CMake config files
[0.695s] Level 1:colcon.colcon_core.shell:create_environment_hook('dddmr_rviz_default_plugins', 'cmake_prefix_path')
[0.695s] INFO:colcon.colcon_core.shell:Creating environment hook '/root/dddmr_navigation/install/dddmr_rviz_default_plugins/share/dddmr_rviz_default_plugins/hook/cmake_prefix_path.ps1'
[0.695s] INFO:colcon.colcon_core.shell:Creating environment descriptor '/root/dddmr_navigation/install/dddmr_rviz_default_plugins/share/dddmr_rviz_default_plugins/hook/cmake_prefix_path.dsv'
[0.695s] INFO:colcon.colcon_core.shell:Creating environment hook '/root/dddmr_navigation/install/dddmr_rviz_default_plugins/share/dddmr_rviz_default_plugins/hook/cmake_prefix_path.sh'
[0.696s] Level 1:colcon.colcon_core.environment:checking '/root/dddmr_navigation/install/dddmr_rviz_default_plugins/lib'
[0.696s] Level 1:colcon.colcon_core.shell:create_environment_hook('dddmr_rviz_default_plugins', 'ld_library_path_lib')
[0.696s] INFO:colcon.colcon_core.shell:Creating environment hook '/root/dddmr_navigation/install/dddmr_rviz_default_plugins/share/dddmr_rviz_default_plugins/hook/ld_library_path_lib.ps1'
[0.696s] INFO:colcon.colcon_core.shell:Creating environment descriptor '/root/dddmr_navigation/install/dddmr_rviz_default_plugins/share/dddmr_rviz_default_plugins/hook/ld_library_path_lib.dsv'
[0.696s] INFO:colcon.colcon_core.shell:Creating environment hook '/root/dddmr_navigation/install/dddmr_rviz_default_plugins/share/dddmr_rviz_default_plugins/hook/ld_library_path_lib.sh'
[0.696s] Level 1:colcon.colcon_core.environment:checking '/root/dddmr_navigation/install/dddmr_rviz_default_plugins/bin'
[0.696s] Level 1:colcon.colcon_core.environment:checking '/root/dddmr_navigation/install/dddmr_rviz_default_plugins/lib/pkgconfig/dddmr_rviz_default_plugins.pc'
[0.696s] Level 1:colcon.colcon_core.environment:checking '/root/dddmr_navigation/install/dddmr_rviz_default_plugins/lib/python3.10/site-packages'
[0.696s] Level 1:colcon.colcon_core.environment:checking '/root/dddmr_navigation/install/dddmr_rviz_default_plugins/bin'
[0.697s] INFO:colcon.colcon_core.shell:Creating package script '/root/dddmr_navigation/install/dddmr_rviz_default_plugins/share/dddmr_rviz_default_plugins/package.ps1'
[0.697s] INFO:colcon.colcon_core.shell:Creating package descriptor '/root/dddmr_navigation/install/dddmr_rviz_default_plugins/share/dddmr_rviz_default_plugins/package.dsv'
[0.697s] INFO:colcon.colcon_core.shell:Creating package script '/root/dddmr_navigation/install/dddmr_rviz_default_plugins/share/dddmr_rviz_default_plugins/package.sh'
[0.697s] INFO:colcon.colcon_core.shell:Creating package script '/root/dddmr_navigation/install/dddmr_rviz_default_plugins/share/dddmr_rviz_default_plugins/package.bash'
[0.698s] INFO:colcon.colcon_core.shell:Creating package script '/root/dddmr_navigation/install/dddmr_rviz_default_plugins/share/dddmr_rviz_default_plugins/package.zsh'
[0.698s] Level 1:colcon.colcon_core.environment:create_file_with_runtime_dependencies(/root/dddmr_navigation/install/dddmr_rviz_default_plugins/share/colcon-core/packages/dddmr_rviz_default_plugins)
[0.701s] DEBUG:colcon.colcon_core.event_handler.log_command:Invoking command in '/root/dddmr_navigation/build/mpc_critics': AMENT_PREFIX_PATH=/root/dddmr_navigation/install/base_trajectory:${AMENT_PREFIX_PATH} CMAKE_PREFIX_PATH=/root/dddmr_navigation/install/base_trajectory:/opt/ros/humble LD_LIBRARY_PATH=/root/dddmr_navigation/install/base_trajectory/lib:${LD_LIBRARY_PATH} /usr/bin/cmake --build /root/dddmr_navigation/build/mpc_critics -- -j28 -l28
[0.703s] DEBUG:colcon.colcon_core.event_handler.log_command:Invoking command in '/root/dddmr_navigation/build/trajectory_generators': AMENT_PREFIX_PATH=/root/dddmr_navigation/install/base_trajectory:${AMENT_PREFIX_PATH} CMAKE_PREFIX_PATH=/root/dddmr_navigation/install/base_trajectory:/opt/ros/humble LD_LIBRARY_PATH=/root/dddmr_navigation/install/base_trajectory/lib:${LD_LIBRARY_PATH} /usr/bin/cmake --build /root/dddmr_navigation/build/trajectory_generators -- -j28 -l28
[0.703s] DEBUG:colcon.colcon_core.event_handler.log_command:Invoked command in '/root/dddmr_navigation/build/perception_3d' returned '0': CMAKE_PREFIX_PATH=/opt/ros/humble /usr/bin/cmake --build /root/dddmr_navigation/build/perception_3d -- -j28 -l28
[0.704s] DEBUG:colcon.colcon_core.event_handler.log_command:Invoking command in '/root/dddmr_navigation/build/perception_3d': CMAKE_PREFIX_PATH=/opt/ros/humble /usr/bin/cmake --install /root/dddmr_navigation/build/perception_3d
[0.704s] DEBUG:colcon.colcon_core.event_handler.log_command:Invoked command in '/root/dddmr_navigation/build/fast_lio' returned '0': CMAKE_PREFIX_PATH=/opt/ros/humble /usr/bin/cmake --build /root/dddmr_navigation/build/fast_lio -- -j28 -l28
[0.706s] DEBUG:colcon.colcon_core.event_handler.log_command:Invoking command in '/root/dddmr_navigation/build/fast_lio': CMAKE_PREFIX_PATH=/opt/ros/humble /usr/bin/cmake --install /root/dddmr_navigation/build/fast_lio
[0.706s] DEBUG:colcon.colcon_core.event_handler.log_command:Invoked command in '/root/dddmr_navigation/build/dddmr_sys_core' returned '0': CMAKE_PREFIX_PATH=/opt/ros/humble /usr/bin/cmake --build /root/dddmr_navigation/build/dddmr_sys_core -- -j28 -l28
[0.707s] DEBUG:colcon.colcon_core.event_handler.log_command:Invoking command in '/root/dddmr_navigation/build/dddmr_sys_core': CMAKE_PREFIX_PATH=/opt/ros/humble /usr/bin/cmake --install /root/dddmr_navigation/build/dddmr_sys_core
[0.707s] DEBUG:colcon.colcon_core.event_handler.log_command:Invoked command in '/root/dddmr_navigation/build/cloud_msgs' returned '0': CMAKE_PREFIX_PATH=/opt/ros/humble /usr/bin/cmake --build /root/dddmr_navigation/build/cloud_msgs -- -j28 -l28
[0.708s] DEBUG:colcon.colcon_core.event_handler.log_command:Invoking command in '/root/dddmr_navigation/build/cloud_msgs': CMAKE_PREFIX_PATH=/opt/ros/humble /usr/bin/cmake --install /root/dddmr_navigation/build/cloud_msgs
[0.724s] Level 1:colcon.colcon_core.environment:create_environment_scripts_only(perception_3d)
[0.724s] Level 1:colcon.colcon_core.environment:checking '/root/dddmr_navigation/install/perception_3d' for CMake module files
[0.729s] DEBUG:colcon.colcon_core.event_handler.log_command:Invoked command in '/root/dddmr_navigation/build/perception_3d' returned '0': CMAKE_PREFIX_PATH=/opt/ros/humble /usr/bin/cmake --install /root/dddmr_navigation/build/perception_3d
[0.730s] Level 1:colcon.colcon_core.environment:checking '/root/dddmr_navigation/install/perception_3d' for CMake config files
[0.731s] Level 1:colcon.colcon_core.shell:create_environment_hook('perception_3d', 'cmake_prefix_path')
[0.731s] INFO:colcon.colcon_core.shell:Creating environment hook '/root/dddmr_navigation/install/perception_3d/share/perception_3d/hook/cmake_prefix_path.ps1'
[0.732s] INFO:colcon.colcon_core.shell:Creating environment descriptor '/root/dddmr_navigation/install/perception_3d/share/perception_3d/hook/cmake_prefix_path.dsv'
[0.732s] INFO:colcon.colcon_core.shell:Creating environment hook '/root/dddmr_navigation/install/perception_3d/share/perception_3d/hook/cmake_prefix_path.sh'
[0.732s] Level 1:colcon.colcon_core.environment:checking '/root/dddmr_navigation/install/perception_3d/lib'
[0.732s] Level 1:colcon.colcon_core.shell:create_environment_hook('perception_3d', 'ld_library_path_lib')
[0.732s] INFO:colcon.colcon_core.shell:Creating environment hook '/root/dddmr_navigation/install/perception_3d/share/perception_3d/hook/ld_library_path_lib.ps1'
[0.732s] INFO:colcon.colcon_core.shell:Creating environment descriptor '/root/dddmr_navigation/install/perception_3d/share/perception_3d/hook/ld_library_path_lib.dsv'
[0.733s] INFO:colcon.colcon_core.shell:Creating environment hook '/root/dddmr_navigation/install/perception_3d/share/perception_3d/hook/ld_library_path_lib.sh'
[0.733s] Level 1:colcon.colcon_core.environment:checking '/root/dddmr_navigation/install/perception_3d/bin'
[0.733s] Level 1:colcon.colcon_core.environment:checking '/root/dddmr_navigation/install/perception_3d/lib/pkgconfig/perception_3d.pc'
[0.733s] Level 1:colcon.colcon_core.environment:checking '/root/dddmr_navigation/install/perception_3d/lib/python3.10/site-packages'
[0.733s] Level 1:colcon.colcon_core.environment:checking '/root/dddmr_navigation/install/perception_3d/bin'
[0.733s] INFO:colcon.colcon_core.shell:Creating package script '/root/dddmr_navigation/install/perception_3d/share/perception_3d/package.ps1'
[0.733s] INFO:colcon.colcon_core.shell:Creating package descriptor '/root/dddmr_navigation/install/perception_3d/share/perception_3d/package.dsv'
[0.734s] INFO:colcon.colcon_core.shell:Creating package script '/root/dddmr_navigation/install/perception_3d/share/perception_3d/package.sh'
[0.734s] INFO:colcon.colcon_core.shell:Creating package script '/root/dddmr_navigation/install/perception_3d/share/perception_3d/package.bash'
[0.734s] INFO:colcon.colcon_core.shell:Creating package script '/root/dddmr_navigation/install/perception_3d/share/perception_3d/package.zsh'
[0.734s] Level 1:colcon.colcon_core.environment:create_file_with_runtime_dependencies(/root/dddmr_navigation/install/perception_3d/share/colcon-core/packages/perception_3d)
[0.734s] Level 1:colcon.colcon_core.environment:create_environment_scripts_only(perception_3d)
[0.734s] Level 1:colcon.colcon_core.environment:checking '/root/dddmr_navigation/install/perception_3d' for CMake module files
[0.735s] Level 1:colcon.colcon_core.environment:checking '/root/dddmr_navigation/install/perception_3d' for CMake config files
[0.735s] Level 1:colcon.colcon_core.shell:create_environment_hook('perception_3d', 'cmake_prefix_path')
[0.735s] INFO:colcon.colcon_core.shell:Creating environment hook '/root/dddmr_navigation/install/perception_3d/share/perception_3d/hook/cmake_prefix_path.ps1'
[0.735s] INFO:colcon.colcon_core.shell:Creating environment descriptor '/root/dddmr_navigation/install/perception_3d/share/perception_3d/hook/cmake_prefix_path.dsv'
[0.735s] INFO:colcon.colcon_core.shell:Creating environment hook '/root/dddmr_navigation/install/perception_3d/share/perception_3d/hook/cmake_prefix_path.sh'
[0.736s] Level 1:colcon.colcon_core.environment:checking '/root/dddmr_navigation/install/perception_3d/lib'
[0.736s] Level 1:colcon.colcon_core.shell:create_environment_hook('perception_3d', 'ld_library_path_lib')
[0.736s] INFO:colcon.colcon_core.shell:Creating environment hook '/root/dddmr_navigation/install/perception_3d/share/perception_3d/hook/ld_library_path_lib.ps1'
[0.736s] INFO:colcon.colcon_core.shell:Creating environment descriptor '/root/dddmr_navigation/install/perception_3d/share/perception_3d/hook/ld_library_path_lib.dsv'
[0.736s] INFO:colcon.colcon_core.shell:Creating environment hook '/root/dddmr_navigation/install/perception_3d/share/perception_3d/hook/ld_library_path_lib.sh'
[0.736s] Level 1:colcon.colcon_core.environment:checking '/root/dddmr_navigation/install/perception_3d/bin'
[0.736s] Level 1:colcon.colcon_core.environment:checking '/root/dddmr_navigation/install/perception_3d/lib/pkgconfig/perception_3d.pc'
[0.736s] Level 1:colcon.colcon_core.environment:checking '/root/dddmr_navigation/install/perception_3d/lib/python3.10/site-packages'
[0.736s] Level 1:colcon.colcon_core.environment:checking '/root/dddmr_navigation/install/perception_3d/bin'
[0.737s] INFO:colcon.colcon_core.shell:Creating package script '/root/dddmr_navigation/install/perception_3d/share/perception_3d/package.ps1'
[0.737s] INFO:colcon.colcon_core.shell:Creating package descriptor '/root/dddmr_navigation/install/perception_3d/share/perception_3d/package.dsv'
[0.738s] INFO:colcon.colcon_core.shell:Creating package script '/root/dddmr_navigation/install/perception_3d/share/perception_3d/package.sh'
[0.738s] INFO:colcon.colcon_core.shell:Creating package script '/root/dddmr_navigation/install/perception_3d/share/perception_3d/package.bash'
[0.738s] INFO:colcon.colcon_core.shell:Creating package script '/root/dddmr_navigation/install/perception_3d/share/perception_3d/package.zsh'
[0.738s] Level 1:colcon.colcon_core.environment:create_file_with_runtime_dependencies(/root/dddmr_navigation/install/perception_3d/share/colcon-core/packages/perception_3d)
[0.752s] Level 1:colcon.colcon_core.environment:create_environment_scripts_only(fast_lio)
[0.752s] Level 1:colcon.colcon_core.environment:checking '/root/dddmr_navigation/install/fast_lio' for CMake module files
[0.752s] DEBUG:colcon.colcon_core.event_handler.log_command:Invoked command in '/root/dddmr_navigation/build/fast_lio' returned '0': CMAKE_PREFIX_PATH=/opt/ros/humble /usr/bin/cmake --install /root/dddmr_navigation/build/fast_lio
[0.753s] Level 1:colcon.colcon_core.environment:checking '/root/dddmr_navigation/install/fast_lio' for CMake config files
[0.753s] Level 1:colcon.colcon_core.shell:create_environment_hook('fast_lio', 'cmake_prefix_path')
[0.753s] INFO:colcon.colcon_core.shell:Creating environment hook '/root/dddmr_navigation/install/fast_lio/share/fast_lio/hook/cmake_prefix_path.ps1'
[0.754s] INFO:colcon.colcon_core.shell:Creating environment descriptor '/root/dddmr_navigation/install/fast_lio/share/fast_lio/hook/cmake_prefix_path.dsv'
[0.754s] INFO:colcon.colcon_core.shell:Creating environment hook '/root/dddmr_navigation/install/fast_lio/share/fast_lio/hook/cmake_prefix_path.sh'
[0.754s] Level 1:colcon.colcon_core.environment:checking '/root/dddmr_navigation/install/fast_lio/lib'
[0.754s] Level 1:colcon.colcon_core.shell:create_environment_hook('fast_lio', 'ld_library_path_lib')
[0.754s] INFO:colcon.colcon_core.shell:Creating environment hook '/root/dddmr_navigation/install/fast_lio/share/fast_lio/hook/ld_library_path_lib.ps1'
[0.754s] INFO:colcon.colcon_core.shell:Creating environment descriptor '/root/dddmr_navigation/install/fast_lio/share/fast_lio/hook/ld_library_path_lib.dsv'
[0.755s] INFO:colcon.colcon_core.shell:Creating environment hook '/root/dddmr_navigation/install/fast_lio/share/fast_lio/hook/ld_library_path_lib.sh'
[0.755s] Level 1:colcon.colcon_core.environment:checking '/root/dddmr_navigation/install/fast_lio/bin'
[0.755s] Level 1:colcon.colcon_core.environment:checking '/root/dddmr_navigation/install/fast_lio/lib/pkgconfig/fast_lio.pc'
[0.755s] Level 1:colcon.colcon_core.environment:checking '/root/dddmr_navigation/install/fast_lio/lib/python3.10/site-packages'
[0.755s] Level 1:colcon.colcon_core.environment:checking '/root/dddmr_navigation/install/fast_lio/bin'
[0.755s] INFO:colcon.colcon_core.shell:Creating package script '/root/dddmr_navigation/install/fast_lio/share/fast_lio/package.ps1'
[0.756s] INFO:colcon.colcon_core.shell:Creating package descriptor '/root/dddmr_navigation/install/fast_lio/share/fast_lio/package.dsv'
[0.756s] INFO:colcon.colcon_core.shell:Creating package script '/root/dddmr_navigation/install/fast_lio/share/fast_lio/package.sh'
[0.756s] INFO:colcon.colcon_core.shell:Creating package script '/root/dddmr_navigation/install/fast_lio/share/fast_lio/package.bash'
[0.756s] INFO:colcon.colcon_core.shell:Creating package script '/root/dddmr_navigation/install/fast_lio/share/fast_lio/package.zsh'
[0.756s] Level 1:colcon.colcon_core.environment:create_file_with_runtime_dependencies(/root/dddmr_navigation/install/fast_lio/share/colcon-core/packages/fast_lio)
[0.757s] Level 1:colcon.colcon_core.environment:create_environment_scripts_only(fast_lio)
[0.757s] Level 1:colcon.colcon_core.environment:checking '/root/dddmr_navigation/install/fast_lio' for CMake module files
[0.757s] Level 1:colcon.colcon_core.environment:checking '/root/dddmr_navigation/install/fast_lio' for CMake config files
[0.758s] Level 1:colcon.colcon_core.shell:create_environment_hook('fast_lio', 'cmake_prefix_path')
[0.758s] INFO:colcon.colcon_core.shell:Creating environment hook '/root/dddmr_navigation/install/fast_lio/share/fast_lio/hook/cmake_prefix_path.ps1'
[0.758s] INFO:colcon.colcon_core.shell:Creating environment descriptor '/root/dddmr_navigation/install/fast_lio/share/fast_lio/hook/cmake_prefix_path.dsv'
[0.758s] INFO:colcon.colcon_core.shell:Creating environment hook '/root/dddmr_navigation/install/fast_lio/share/fast_lio/hook/cmake_prefix_path.sh'
[0.759s] Level 1:colcon.colcon_core.environment:checking '/root/dddmr_navigation/install/fast_lio/lib'
[0.759s] Level 1:colcon.colcon_core.shell:create_environment_hook('fast_lio', 'ld_library_path_lib')
[0.759s] INFO:colcon.colcon_core.shell:Creating environment hook '/root/dddmr_navigation/install/fast_lio/share/fast_lio/hook/ld_library_path_lib.ps1'
[0.759s] INFO:colcon.colcon_core.shell:Creating environment descriptor '/root/dddmr_navigation/install/fast_lio/share/fast_lio/hook/ld_library_path_lib.dsv'
[0.759s] INFO:colcon.colcon_core.shell:Creating environment hook '/root/dddmr_navigation/install/fast_lio/share/fast_lio/hook/ld_library_path_lib.sh'
[0.760s] Level 1:colcon.colcon_core.environment:checking '/root/dddmr_navigation/install/fast_lio/bin'
[0.760s] Level 1:colcon.colcon_core.environment:checking '/root/dddmr_navigation/install/fast_lio/lib/pkgconfig/fast_lio.pc'
[0.760s] Level 1:colcon.colcon_core.environment:checking '/root/dddmr_navigation/install/fast_lio/lib/python3.10/site-packages'
[0.760s] Level 1:colcon.colcon_core.environment:checking '/root/dddmr_navigation/install/fast_lio/bin'
[0.760s] INFO:colcon.colcon_core.shell:Creating package script '/root/dddmr_navigation/install/fast_lio/share/fast_lio/package.ps1'
[0.760s] INFO:colcon.colcon_core.shell:Creating package descriptor '/root/dddmr_navigation/install/fast_lio/share/fast_lio/package.dsv'
[0.761s] INFO:colcon.colcon_core.shell:Creating package script '/root/dddmr_navigation/install/fast_lio/share/fast_lio/package.sh'
[0.761s] INFO:colcon.colcon_core.shell:Creating package script '/root/dddmr_navigation/install/fast_lio/share/fast_lio/package.bash'
[0.762s] INFO:colcon.colcon_core.shell:Creating package script '/root/dddmr_navigation/install/fast_lio/share/fast_lio/package.zsh'
[0.762s] Level 1:colcon.colcon_core.environment:create_file_with_runtime_dependencies(/root/dddmr_navigation/install/fast_lio/share/colcon-core/packages/fast_lio)
[0.763s] Level 1:colcon.colcon_core.environment:create_environment_scripts_only(cloud_msgs)
[0.764s] Level 1:colcon.colcon_core.environment:checking '/root/dddmr_navigation/install/cloud_msgs' for CMake module files
[0.764s] DEBUG:colcon.colcon_core.event_handler.log_command:Invoked command in '/root/dddmr_navigation/build/cloud_msgs' returned '0': CMAKE_PREFIX_PATH=/opt/ros/humble /usr/bin/cmake --install /root/dddmr_navigation/build/cloud_msgs
[0.764s] Level 1:colcon.colcon_core.environment:checking '/root/dddmr_navigation/install/cloud_msgs' for CMake config files
[0.765s] Level 1:colcon.colcon_core.shell:create_environment_hook('cloud_msgs', 'cmake_prefix_path')
[0.765s] INFO:colcon.colcon_core.shell:Creating environment hook '/root/dddmr_navigation/install/cloud_msgs/share/cloud_msgs/hook/cmake_prefix_path.ps1'
[0.766s] INFO:colcon.colcon_core.shell:Creating environment descriptor '/root/dddmr_navigation/install/cloud_msgs/share/cloud_msgs/hook/cmake_prefix_path.dsv'
[0.766s] INFO:colcon.colcon_core.shell:Creating environment hook '/root/dddmr_navigation/install/cloud_msgs/share/cloud_msgs/hook/cmake_prefix_path.sh'
[0.767s] Level 1:colcon.colcon_core.environment:checking '/root/dddmr_navigation/install/cloud_msgs/lib'
[0.767s] Level 1:colcon.colcon_core.shell:create_environment_hook('cloud_msgs', 'ld_library_path_lib')
[0.767s] INFO:colcon.colcon_core.shell:Creating environment hook '/root/dddmr_navigation/install/cloud_msgs/share/cloud_msgs/hook/ld_library_path_lib.ps1'
[0.767s] INFO:colcon.colcon_core.shell:Creating environment descriptor '/root/dddmr_navigation/install/cloud_msgs/share/cloud_msgs/hook/ld_library_path_lib.dsv'
[0.768s] INFO:colcon.colcon_core.shell:Creating environment hook '/root/dddmr_navigation/install/cloud_msgs/share/cloud_msgs/hook/ld_library_path_lib.sh'
[0.768s] Level 1:colcon.colcon_core.environment:checking '/root/dddmr_navigation/install/cloud_msgs/bin'
[0.768s] Level 1:colcon.colcon_core.environment:checking '/root/dddmr_navigation/install/cloud_msgs/lib/pkgconfig/cloud_msgs.pc'
[0.768s] Level 1:colcon.colcon_core.environment:checking '/root/dddmr_navigation/install/cloud_msgs/lib/python3.10/site-packages'
[0.768s] Level 1:colcon.colcon_core.environment:checking '/root/dddmr_navigation/install/cloud_msgs/bin'
[0.768s] INFO:colcon.colcon_core.shell:Creating package script '/root/dddmr_navigation/install/cloud_msgs/share/cloud_msgs/package.ps1'
[0.769s] INFO:colcon.colcon_core.shell:Creating package descriptor '/root/dddmr_navigation/install/cloud_msgs/share/cloud_msgs/package.dsv'
[0.769s] INFO:colcon.colcon_core.shell:Creating package script '/root/dddmr_navigation/install/cloud_msgs/share/cloud_msgs/package.sh'
[0.769s] INFO:colcon.colcon_core.shell:Creating package script '/root/dddmr_navigation/install/cloud_msgs/share/cloud_msgs/package.bash'
[0.769s] INFO:colcon.colcon_core.shell:Creating package script '/root/dddmr_navigation/install/cloud_msgs/share/cloud_msgs/package.zsh'
[0.770s] Level 1:colcon.colcon_core.environment:create_file_with_runtime_dependencies(/root/dddmr_navigation/install/cloud_msgs/share/colcon-core/packages/cloud_msgs)
[0.770s] Level 1:colcon.colcon_core.environment:create_environment_scripts_only(cloud_msgs)
[0.770s] Level 1:colcon.colcon_core.environment:checking '/root/dddmr_navigation/install/cloud_msgs' for CMake module files
[0.770s] Level 1:colcon.colcon_core.environment:checking '/root/dddmr_navigation/install/cloud_msgs' for CMake config files
[0.771s] Level 1:colcon.colcon_core.shell:create_environment_hook('cloud_msgs', 'cmake_prefix_path')
[0.771s] INFO:colcon.colcon_core.shell:Creating environment hook '/root/dddmr_navigation/install/cloud_msgs/share/cloud_msgs/hook/cmake_prefix_path.ps1'
[0.771s] INFO:colcon.colcon_core.shell:Creating environment descriptor '/root/dddmr_navigation/install/cloud_msgs/share/cloud_msgs/hook/cmake_prefix_path.dsv'
[0.771s] INFO:colcon.colcon_core.shell:Creating environment hook '/root/dddmr_navigation/install/cloud_msgs/share/cloud_msgs/hook/cmake_prefix_path.sh'
[0.772s] Level 1:colcon.colcon_core.environment:checking '/root/dddmr_navigation/install/cloud_msgs/lib'
[0.772s] Level 1:colcon.colcon_core.shell:create_environment_hook('cloud_msgs', 'ld_library_path_lib')
[0.772s] INFO:colcon.colcon_core.shell:Creating environment hook '/root/dddmr_navigation/install/cloud_msgs/share/cloud_msgs/hook/ld_library_path_lib.ps1'
[0.772s] INFO:colcon.colcon_core.shell:Creating environment descriptor '/root/dddmr_navigation/install/cloud_msgs/share/cloud_msgs/hook/ld_library_path_lib.dsv'
[0.772s] INFO:colcon.colcon_core.shell:Creating environment hook '/root/dddmr_navigation/install/cloud_msgs/share/cloud_msgs/hook/ld_library_path_lib.sh'
[0.772s] Level 1:colcon.colcon_core.environment:checking '/root/dddmr_navigation/install/cloud_msgs/bin'
[0.772s] Level 1:colcon.colcon_core.environment:checking '/root/dddmr_navigation/install/cloud_msgs/lib/pkgconfig/cloud_msgs.pc'
[0.772s] Level 1:colcon.colcon_core.environment:checking '/root/dddmr_navigation/install/cloud_msgs/lib/python3.10/site-packages'
[0.772s] Level 1:colcon.colcon_core.environment:checking '/root/dddmr_navigation/install/cloud_msgs/bin'
[0.773s] INFO:colcon.colcon_core.shell:Creating package script '/root/dddmr_navigation/install/cloud_msgs/share/cloud_msgs/package.ps1'
[0.773s] INFO:colcon.colcon_core.shell:Creating package descriptor '/root/dddmr_navigation/install/cloud_msgs/share/cloud_msgs/package.dsv'
[0.773s] INFO:colcon.colcon_core.shell:Creating package script '/root/dddmr_navigation/install/cloud_msgs/share/cloud_msgs/package.sh'
[0.773s] INFO:colcon.colcon_core.shell:Creating package script '/root/dddmr_navigation/install/cloud_msgs/share/cloud_msgs/package.bash'
[0.774s] INFO:colcon.colcon_core.shell:Creating package script '/root/dddmr_navigation/install/cloud_msgs/share/cloud_msgs/package.zsh'
[0.774s] Level 1:colcon.colcon_core.environment:create_file_with_runtime_dependencies(/root/dddmr_navigation/install/cloud_msgs/share/colcon-core/packages/cloud_msgs)
[0.774s] INFO:colcon.colcon_ros.task.ament_cmake.build:Building ROS package in '/root/dddmr_navigation/src/dddmr_mcl_3dl' with build type 'ament_cmake'
[0.774s] INFO:colcon.colcon_cmake.task.cmake.build:Building CMake package in '/root/dddmr_navigation/src/dddmr_mcl_3dl'
[0.774s] INFO:colcon.colcon_core.shell:Skip shell extension 'powershell' for command environment: Not usable outside of PowerShell
[0.774s] DEBUG:colcon.colcon_core.shell:Skip shell extension 'dsv' for command environment
[0.781s] DEBUG:colcon.colcon_core.event_handler.log_command:Invoking command in '/root/dddmr_navigation/build/mcl_3dl': AMENT_PREFIX_PATH=/root/dddmr_navigation/install/cloud_msgs:${AMENT_PREFIX_PATH} CMAKE_PREFIX_PATH=/root/dddmr_navigation/install/cloud_msgs:/opt/ros/humble LD_LIBRARY_PATH=/root/dddmr_navigation/install/cloud_msgs/lib:${LD_LIBRARY_PATH} PYTHONPATH=/root/dddmr_navigation/install/cloud_msgs/local/lib/python3.10/dist-packages:${PYTHONPATH} /usr/bin/cmake --build /root/dddmr_navigation/build/mcl_3dl -- -j28 -l28
[0.782s] Level 1:colcon.colcon_core.environment:create_environment_scripts_only(dddmr_sys_core)
[0.782s] Level 1:colcon.colcon_core.environment:checking '/root/dddmr_navigation/install/dddmr_sys_core' for CMake module files
[0.782s] DEBUG:colcon.colcon_core.event_handler.log_command:Invoked command in '/root/dddmr_navigation/build/dddmr_sys_core' returned '0': CMAKE_PREFIX_PATH=/opt/ros/humble /usr/bin/cmake --install /root/dddmr_navigation/build/dddmr_sys_core
[0.783s] Level 1:colcon.colcon_core.environment:checking '/root/dddmr_navigation/install/dddmr_sys_core' for CMake config files
[0.784s] Level 1:colcon.colcon_core.shell:create_environment_hook('dddmr_sys_core', 'cmake_prefix_path')
[0.784s] INFO:colcon.colcon_core.shell:Creating environment hook '/root/dddmr_navigation/install/dddmr_sys_core/share/dddmr_sys_core/hook/cmake_prefix_path.ps1'
[0.785s] INFO:colcon.colcon_core.shell:Creating environment descriptor '/root/dddmr_navigation/install/dddmr_sys_core/share/dddmr_sys_core/hook/cmake_prefix_path.dsv'
[0.785s] INFO:colcon.colcon_core.shell:Creating environment hook '/root/dddmr_navigation/install/dddmr_sys_core/share/dddmr_sys_core/hook/cmake_prefix_path.sh'
[0.786s] Level 1:colcon.colcon_core.environment:checking '/root/dddmr_navigation/install/dddmr_sys_core/lib'
[0.786s] Level 1:colcon.colcon_core.shell:create_environment_hook('dddmr_sys_core', 'ld_library_path_lib')
[0.786s] INFO:colcon.colcon_core.shell:Creating environment hook '/root/dddmr_navigation/install/dddmr_sys_core/share/dddmr_sys_core/hook/ld_library_path_lib.ps1'
[0.786s] INFO:colcon.colcon_core.shell:Creating environment descriptor '/root/dddmr_navigation/install/dddmr_sys_core/share/dddmr_sys_core/hook/ld_library_path_lib.dsv'
[0.786s] INFO:colcon.colcon_core.shell:Creating environment hook '/root/dddmr_navigation/install/dddmr_sys_core/share/dddmr_sys_core/hook/ld_library_path_lib.sh'
[0.787s] Level 1:colcon.colcon_core.environment:checking '/root/dddmr_navigation/install/dddmr_sys_core/bin'
[0.787s] Level 1:colcon.colcon_core.environment:checking '/root/dddmr_navigation/install/dddmr_sys_core/lib/pkgconfig/dddmr_sys_core.pc'
[0.787s] Level 1:colcon.colcon_core.environment:checking '/root/dddmr_navigation/install/dddmr_sys_core/lib/python3.10/site-packages'
[0.787s] Level 1:colcon.colcon_core.environment:checking '/root/dddmr_navigation/install/dddmr_sys_core/bin'
[0.787s] INFO:colcon.colcon_core.shell:Creating package script '/root/dddmr_navigation/install/dddmr_sys_core/share/dddmr_sys_core/package.ps1'
[0.788s] INFO:colcon.colcon_core.shell:Creating package descriptor '/root/dddmr_navigation/install/dddmr_sys_core/share/dddmr_sys_core/package.dsv'
[0.788s] INFO:colcon.colcon_core.shell:Creating package script '/root/dddmr_navigation/install/dddmr_sys_core/share/dddmr_sys_core/package.sh'
[0.789s] INFO:colcon.colcon_core.shell:Creating package script '/root/dddmr_navigation/install/dddmr_sys_core/share/dddmr_sys_core/package.bash'
[0.789s] INFO:colcon.colcon_core.shell:Creating package script '/root/dddmr_navigation/install/dddmr_sys_core/share/dddmr_sys_core/package.zsh'
[0.789s] Level 1:colcon.colcon_core.environment:create_file_with_runtime_dependencies(/root/dddmr_navigation/install/dddmr_sys_core/share/colcon-core/packages/dddmr_sys_core)
[0.790s] Level 1:colcon.colcon_core.environment:create_environment_scripts_only(dddmr_sys_core)
[0.790s] Level 1:colcon.colcon_core.environment:checking '/root/dddmr_navigation/install/dddmr_sys_core' for CMake module files
[0.790s] Level 1:colcon.colcon_core.environment:checking '/root/dddmr_navigation/install/dddmr_sys_core' for CMake config files
[0.792s] Level 1:colcon.colcon_core.shell:create_environment_hook('dddmr_sys_core', 'cmake_prefix_path')
[0.792s] INFO:colcon.colcon_core.shell:Creating environment hook '/root/dddmr_navigation/install/dddmr_sys_core/share/dddmr_sys_core/hook/cmake_prefix_path.ps1'
[0.792s] INFO:colcon.colcon_core.shell:Creating environment descriptor '/root/dddmr_navigation/install/dddmr_sys_core/share/dddmr_sys_core/hook/cmake_prefix_path.dsv'
[0.792s] INFO:colcon.colcon_core.shell:Creating environment hook '/root/dddmr_navigation/install/dddmr_sys_core/share/dddmr_sys_core/hook/cmake_prefix_path.sh'
[0.793s] Level 1:colcon.colcon_core.environment:checking '/root/dddmr_navigation/install/dddmr_sys_core/lib'
[0.793s] Level 1:colcon.colcon_core.shell:create_environment_hook('dddmr_sys_core', 'ld_library_path_lib')
[0.793s] INFO:colcon.colcon_core.shell:Creating environment hook '/root/dddmr_navigation/install/dddmr_sys_core/share/dddmr_sys_core/hook/ld_library_path_lib.ps1'
[0.793s] INFO:colcon.colcon_core.shell:Creating environment descriptor '/root/dddmr_navigation/install/dddmr_sys_core/share/dddmr_sys_core/hook/ld_library_path_lib.dsv'
[0.794s] INFO:colcon.colcon_core.shell:Creating environment hook '/root/dddmr_navigation/install/dddmr_sys_core/share/dddmr_sys_core/hook/ld_library_path_lib.sh'
[0.794s] Level 1:colcon.colcon_core.environment:checking '/root/dddmr_navigation/install/dddmr_sys_core/bin'
[0.794s] Level 1:colcon.colcon_core.environment:checking '/root/dddmr_navigation/install/dddmr_sys_core/lib/pkgconfig/dddmr_sys_core.pc'
[0.794s] Level 1:colcon.colcon_core.environment:checking '/root/dddmr_navigation/install/dddmr_sys_core/lib/python3.10/site-packages'
[0.794s] Level 1:colcon.colcon_core.environment:checking '/root/dddmr_navigation/install/dddmr_sys_core/bin'
[0.795s] INFO:colcon.colcon_core.shell:Creating package script '/root/dddmr_navigation/install/dddmr_sys_core/share/dddmr_sys_core/package.ps1'
[0.795s] INFO:colcon.colcon_core.shell:Creating package descriptor '/root/dddmr_navigation/install/dddmr_sys_core/share/dddmr_sys_core/package.dsv'
[0.796s] INFO:colcon.colcon_core.shell:Creating package script '/root/dddmr_navigation/install/dddmr_sys_core/share/dddmr_sys_core/package.sh'
[0.796s] INFO:colcon.colcon_core.shell:Creating package script '/root/dddmr_navigation/install/dddmr_sys_core/share/dddmr_sys_core/package.bash'
[0.796s] INFO:colcon.colcon_core.shell:Creating package script '/root/dddmr_navigation/install/dddmr_sys_core/share/dddmr_sys_core/package.zsh'
[0.797s] Level 1:colcon.colcon_core.environment:create_file_with_runtime_dependencies(/root/dddmr_navigation/install/dddmr_sys_core/share/colcon-core/packages/dddmr_sys_core)
[0.797s] INFO:colcon.colcon_ros.task.ament_cmake.build:Building ROS package in '/root/dddmr_navigation/src/dddmr_global_planner' with build type 'ament_cmake'
[0.797s] INFO:colcon.colcon_cmake.task.cmake.build:Building CMake package in '/root/dddmr_navigation/src/dddmr_global_planner'
[0.797s] INFO:colcon.colcon_core.shell:Skip shell extension 'powershell' for command environment: Not usable outside of PowerShell
[0.797s] DEBUG:colcon.colcon_core.shell:Skip shell extension 'dsv' for command environment
[0.800s] INFO:colcon.colcon_ros.task.ament_cmake.build:Building ROS package in '/root/dddmr_navigation/src/dddmr_lego_loam/lego_loam_bor' with build type 'ament_cmake'
[0.800s] INFO:colcon.colcon_cmake.task.cmake.build:Building CMake package in '/root/dddmr_navigation/src/dddmr_lego_loam/lego_loam_bor'
[0.800s] INFO:colcon.colcon_core.shell:Skip shell extension 'powershell' for command environment: Not usable outside of PowerShell
[0.800s] DEBUG:colcon.colcon_core.shell:Skip shell extension 'dsv' for command environment
[0.808s] DEBUG:colcon.colcon_core.event_handler.log_command:Invoking command in '/root/dddmr_navigation/build/global_planner': AMENT_PREFIX_PATH=/root/dddmr_navigation/install/perception_3d:/root/dddmr_navigation/install/dddmr_sys_core:${AMENT_PREFIX_PATH} CMAKE_PREFIX_PATH=/root/dddmr_navigation/install/perception_3d:/root/dddmr_navigation/install/dddmr_sys_core:/opt/ros/humble LD_LIBRARY_PATH=/root/dddmr_navigation/install/perception_3d/lib:/root/dddmr_navigation/install/dddmr_sys_core/lib:${LD_LIBRARY_PATH} PYTHONPATH=/root/dddmr_navigation/install/dddmr_sys_core/local/lib/python3.10/dist-packages:${PYTHONPATH} /usr/bin/cmake --build /root/dddmr_navigation/build/global_planner -- -j28 -l28
[0.811s] DEBUG:colcon.colcon_core.event_handler.log_command:Invoking command in '/root/dddmr_navigation/build/lego_loam_bor': AMENT_PREFIX_PATH=/root/dddmr_navigation/install/dddmr_trt:/root/dddmr_navigation/install/dddmr_sys_core:/root/dddmr_navigation/install/cloud_msgs:${AMENT_PREFIX_PATH} CMAKE_PREFIX_PATH=/root/dddmr_navigation/install/dddmr_trt:/root/dddmr_navigation/install/dddmr_sys_core:/root/dddmr_navigation/install/cloud_msgs:/opt/ros/humble LD_LIBRARY_PATH=/root/dddmr_navigation/install/dddmr_sys_core/lib:/root/dddmr_navigation/install/cloud_msgs/lib:${LD_LIBRARY_PATH} PYTHONPATH=/root/dddmr_navigation/install/dddmr_sys_core/local/lib/python3.10/dist-packages:/root/dddmr_navigation/install/cloud_msgs/local/lib/python3.10/dist-packages:${PYTHONPATH} /usr/bin/cmake --build /root/dddmr_navigation/build/lego_loam_bor -- -j28 -l28
[0.859s] DEBUG:colcon.colcon_core.event_handler.log_command:Invoked command in '/root/dddmr_navigation/build/mpc_critics' returned '0': AMENT_PREFIX_PATH=/root/dddmr_navigation/install/base_trajectory:${AMENT_PREFIX_PATH} CMAKE_PREFIX_PATH=/root/dddmr_navigation/install/base_trajectory:/opt/ros/humble LD_LIBRARY_PATH=/root/dddmr_navigation/install/base_trajectory/lib:${LD_LIBRARY_PATH} /usr/bin/cmake --build /root/dddmr_navigation/build/mpc_critics -- -j28 -l28
[0.861s] DEBUG:colcon.colcon_core.event_handler.log_command:Invoking command in '/root/dddmr_navigation/build/mpc_critics': AMENT_PREFIX_PATH=/root/dddmr_navigation/install/base_trajectory:${AMENT_PREFIX_PATH} CMAKE_PREFIX_PATH=/root/dddmr_navigation/install/base_trajectory:/opt/ros/humble LD_LIBRARY_PATH=/root/dddmr_navigation/install/base_trajectory/lib:${LD_LIBRARY_PATH} /usr/bin/cmake --install /root/dddmr_navigation/build/mpc_critics
[0.867s] DEBUG:colcon.colcon_core.event_handler.log_command:Invoked command in '/root/dddmr_navigation/build/trajectory_generators' returned '0': AMENT_PREFIX_PATH=/root/dddmr_navigation/install/base_trajectory:${AMENT_PREFIX_PATH} CMAKE_PREFIX_PATH=/root/dddmr_navigation/install/base_trajectory:/opt/ros/humble LD_LIBRARY_PATH=/root/dddmr_navigation/install/base_trajectory/lib:${LD_LIBRARY_PATH} /usr/bin/cmake --build /root/dddmr_navigation/build/trajectory_generators -- -j28 -l28
[0.870s] DEBUG:colcon.colcon_core.event_handler.log_command:Invoking command in '/root/dddmr_navigation/build/trajectory_generators': AMENT_PREFIX_PATH=/root/dddmr_navigation/install/base_trajectory:${AMENT_PREFIX_PATH} CMAKE_PREFIX_PATH=/root/dddmr_navigation/install/base_trajectory:/opt/ros/humble LD_LIBRARY_PATH=/root/dddmr_navigation/install/base_trajectory/lib:${LD_LIBRARY_PATH} /usr/bin/cmake --install /root/dddmr_navigation/build/trajectory_generators
[0.877s] Level 1:colcon.colcon_core.environment:create_environment_scripts_only(mpc_critics)
[0.878s] Level 1:colcon.colcon_core.environment:checking '/root/dddmr_navigation/install/mpc_critics' for CMake module files
[0.878s] DEBUG:colcon.colcon_core.event_handler.log_command:Invoked command in '/root/dddmr_navigation/build/mpc_critics' returned '0': AMENT_PREFIX_PATH=/root/dddmr_navigation/install/base_trajectory:${AMENT_PREFIX_PATH} CMAKE_PREFIX_PATH=/root/dddmr_navigation/install/base_trajectory:/opt/ros/humble LD_LIBRARY_PATH=/root/dddmr_navigation/install/base_trajectory/lib:${LD_LIBRARY_PATH} /usr/bin/cmake --install /root/dddmr_navigation/build/mpc_critics
[0.880s] Level 1:colcon.colcon_core.environment:checking '/root/dddmr_navigation/install/mpc_critics' for CMake config files
[0.882s] Level 1:colcon.colcon_core.shell:create_environment_hook('mpc_critics', 'cmake_prefix_path')
[0.882s] INFO:colcon.colcon_core.shell:Creating environment hook '/root/dddmr_navigation/install/mpc_critics/share/mpc_critics/hook/cmake_prefix_path.ps1'
[0.883s] INFO:colcon.colcon_core.shell:Creating environment descriptor '/root/dddmr_navigation/install/mpc_critics/share/mpc_critics/hook/cmake_prefix_path.dsv'
[0.883s] INFO:colcon.colcon_core.shell:Creating environment hook '/root/dddmr_navigation/install/mpc_critics/share/mpc_critics/hook/cmake_prefix_path.sh'
[0.884s] Level 1:colcon.colcon_core.environment:checking '/root/dddmr_navigation/install/mpc_critics/lib'
[0.884s] Level 1:colcon.colcon_core.shell:create_environment_hook('mpc_critics', 'ld_library_path_lib')
[0.884s] INFO:colcon.colcon_core.shell:Creating environment hook '/root/dddmr_navigation/install/mpc_critics/share/mpc_critics/hook/ld_library_path_lib.ps1'
[0.884s] INFO:colcon.colcon_core.shell:Creating environment descriptor '/root/dddmr_navigation/install/mpc_critics/share/mpc_critics/hook/ld_library_path_lib.dsv'
[0.885s] INFO:colcon.colcon_core.shell:Creating environment hook '/root/dddmr_navigation/install/mpc_critics/share/mpc_critics/hook/ld_library_path_lib.sh'
[0.885s] Level 1:colcon.colcon_core.environment:checking '/root/dddmr_navigation/install/mpc_critics/bin'
[0.885s] Level 1:colcon.colcon_core.environment:checking '/root/dddmr_navigation/install/mpc_critics/lib/pkgconfig/mpc_critics.pc'
[0.885s] Level 1:colcon.colcon_core.environment:checking '/root/dddmr_navigation/install/mpc_critics/lib/python3.10/site-packages'
[0.885s] Level 1:colcon.colcon_core.environment:checking '/root/dddmr_navigation/install/mpc_critics/bin'
[0.886s] INFO:colcon.colcon_core.shell:Creating package script '/root/dddmr_navigation/install/mpc_critics/share/mpc_critics/package.ps1'
[0.886s] INFO:colcon.colcon_core.shell:Creating package descriptor '/root/dddmr_navigation/install/mpc_critics/share/mpc_critics/package.dsv'
[0.887s] INFO:colcon.colcon_core.shell:Creating package script '/root/dddmr_navigation/install/mpc_critics/share/mpc_critics/package.sh'
[0.888s] INFO:colcon.colcon_core.shell:Creating package script '/root/dddmr_navigation/install/mpc_critics/share/mpc_critics/package.bash'
[0.888s] INFO:colcon.colcon_core.shell:Creating package script '/root/dddmr_navigation/install/mpc_critics/share/mpc_critics/package.zsh'
[0.889s] Level 1:colcon.colcon_core.environment:create_file_with_runtime_dependencies(/root/dddmr_navigation/install/mpc_critics/share/colcon-core/packages/mpc_critics)
[0.889s] Level 1:colcon.colcon_core.environment:create_environment_scripts_only(mpc_critics)
[0.889s] Level 1:colcon.colcon_core.environment:checking '/root/dddmr_navigation/install/mpc_critics' for CMake module files
[0.890s] Level 1:colcon.colcon_core.environment:checking '/root/dddmr_navigation/install/mpc_critics' for CMake config files
[0.890s] Level 1:colcon.colcon_core.shell:create_environment_hook('mpc_critics', 'cmake_prefix_path')
[0.891s] INFO:colcon.colcon_core.shell:Creating environment hook '/root/dddmr_navigation/install/mpc_critics/share/mpc_critics/hook/cmake_prefix_path.ps1'
[0.891s] INFO:colcon.colcon_core.shell:Creating environment descriptor '/root/dddmr_navigation/install/mpc_critics/share/mpc_critics/hook/cmake_prefix_path.dsv'
[0.891s] INFO:colcon.colcon_core.shell:Creating environment hook '/root/dddmr_navigation/install/mpc_critics/share/mpc_critics/hook/cmake_prefix_path.sh'
[0.892s] Level 1:colcon.colcon_core.environment:checking '/root/dddmr_navigation/install/mpc_critics/lib'
[0.892s] Level 1:colcon.colcon_core.shell:create_environment_hook('mpc_critics', 'ld_library_path_lib')
[0.892s] INFO:colcon.colcon_core.shell:Creating environment hook '/root/dddmr_navigation/install/mpc_critics/share/mpc_critics/hook/ld_library_path_lib.ps1'
[0.892s] INFO:colcon.colcon_core.shell:Creating environment descriptor '/root/dddmr_navigation/install/mpc_critics/share/mpc_critics/hook/ld_library_path_lib.dsv'
[0.892s] INFO:colcon.colcon_core.shell:Creating environment hook '/root/dddmr_navigation/install/mpc_critics/share/mpc_critics/hook/ld_library_path_lib.sh'
[0.893s] Level 1:colcon.colcon_core.environment:checking '/root/dddmr_navigation/install/mpc_critics/bin'
[0.893s] Level 1:colcon.colcon_core.environment:checking '/root/dddmr_navigation/install/mpc_critics/lib/pkgconfig/mpc_critics.pc'
[0.893s] Level 1:colcon.colcon_core.environment:checking '/root/dddmr_navigation/install/mpc_critics/lib/python3.10/site-packages'
[0.893s] Level 1:colcon.colcon_core.environment:checking '/root/dddmr_navigation/install/mpc_critics/bin'
[0.894s] INFO:colcon.colcon_core.shell:Creating package script '/root/dddmr_navigation/install/mpc_critics/share/mpc_critics/package.ps1'
[0.894s] INFO:colcon.colcon_core.shell:Creating package descriptor '/root/dddmr_navigation/install/mpc_critics/share/mpc_critics/package.dsv'
[0.894s] INFO:colcon.colcon_core.shell:Creating package script '/root/dddmr_navigation/install/mpc_critics/share/mpc_critics/package.sh'
[0.895s] INFO:colcon.colcon_core.shell:Creating package script '/root/dddmr_navigation/install/mpc_critics/share/mpc_critics/package.bash'
[0.895s] INFO:colcon.colcon_core.shell:Creating package script '/root/dddmr_navigation/install/mpc_critics/share/mpc_critics/package.zsh'
[0.896s] Level 1:colcon.colcon_core.environment:create_file_with_runtime_dependencies(/root/dddmr_navigation/install/mpc_critics/share/colcon-core/packages/mpc_critics)
[0.897s] DEBUG:colcon.colcon_core.event_handler.log_command:Invoked command in '/root/dddmr_navigation/build/mcl_3dl' returned '0': AMENT_PREFIX_PATH=/root/dddmr_navigation/install/cloud_msgs:${AMENT_PREFIX_PATH} CMAKE_PREFIX_PATH=/root/dddmr_navigation/install/cloud_msgs:/opt/ros/humble LD_LIBRARY_PATH=/root/dddmr_navigation/install/cloud_msgs/lib:${LD_LIBRARY_PATH} PYTHONPATH=/root/dddmr_navigation/install/cloud_msgs/local/lib/python3.10/dist-packages:${PYTHONPATH} /usr/bin/cmake --build /root/dddmr_navigation/build/mcl_3dl -- -j28 -l28
[0.898s] Level 1:colcon.colcon_core.environment:create_environment_scripts_only(trajectory_generators)
[0.898s] DEBUG:colcon.colcon_core.event_handler.log_command:Invoking command in '/root/dddmr_navigation/build/mcl_3dl': AMENT_PREFIX_PATH=/root/dddmr_navigation/install/cloud_msgs:${AMENT_PREFIX_PATH} CMAKE_PREFIX_PATH=/root/dddmr_navigation/install/cloud_msgs:/opt/ros/humble LD_LIBRARY_PATH=/root/dddmr_navigation/install/cloud_msgs/lib:${LD_LIBRARY_PATH} PYTHONPATH=/root/dddmr_navigation/install/cloud_msgs/local/lib/python3.10/dist-packages:${PYTHONPATH} /usr/bin/cmake --install /root/dddmr_navigation/build/mcl_3dl
[0.899s] Level 1:colcon.colcon_core.environment:checking '/root/dddmr_navigation/install/trajectory_generators' for CMake module files
[0.899s] DEBUG:colcon.colcon_core.event_handler.log_command:Invoked command in '/root/dddmr_navigation/build/trajectory_generators' returned '0': AMENT_PREFIX_PATH=/root/dddmr_navigation/install/base_trajectory:${AMENT_PREFIX_PATH} CMAKE_PREFIX_PATH=/root/dddmr_navigation/install/base_trajectory:/opt/ros/humble LD_LIBRARY_PATH=/root/dddmr_navigation/install/base_trajectory/lib:${LD_LIBRARY_PATH} /usr/bin/cmake --install /root/dddmr_navigation/build/trajectory_generators
[0.899s] Level 1:colcon.colcon_core.environment:checking '/root/dddmr_navigation/install/trajectory_generators' for CMake config files
[0.900s] Level 1:colcon.colcon_core.shell:create_environment_hook('trajectory_generators', 'cmake_prefix_path')
[0.900s] INFO:colcon.colcon_core.shell:Creating environment hook '/root/dddmr_navigation/install/trajectory_generators/share/trajectory_generators/hook/cmake_prefix_path.ps1'
[0.901s] INFO:colcon.colcon_core.shell:Creating environment descriptor '/root/dddmr_navigation/install/trajectory_generators/share/trajectory_generators/hook/cmake_prefix_path.dsv'
[0.901s] INFO:colcon.colcon_core.shell:Creating environment hook '/root/dddmr_navigation/install/trajectory_generators/share/trajectory_generators/hook/cmake_prefix_path.sh'
[0.901s] Level 1:colcon.colcon_core.environment:checking '/root/dddmr_navigation/install/trajectory_generators/lib'
[0.901s] Level 1:colcon.colcon_core.shell:create_environment_hook('trajectory_generators', 'ld_library_path_lib')
[0.902s] INFO:colcon.colcon_core.shell:Creating environment hook '/root/dddmr_navigation/install/trajectory_generators/share/trajectory_generators/hook/ld_library_path_lib.ps1'
[0.902s] INFO:colcon.colcon_core.shell:Creating environment descriptor '/root/dddmr_navigation/install/trajectory_generators/share/trajectory_generators/hook/ld_library_path_lib.dsv'
[0.902s] INFO:colcon.colcon_core.shell:Creating environment hook '/root/dddmr_navigation/install/trajectory_generators/share/trajectory_generators/hook/ld_library_path_lib.sh'
[0.902s] Level 1:colcon.colcon_core.environment:checking '/root/dddmr_navigation/install/trajectory_generators/bin'
[0.902s] Level 1:colcon.colcon_core.environment:checking '/root/dddmr_navigation/install/trajectory_generators/lib/pkgconfig/trajectory_generators.pc'
[0.903s] Level 1:colcon.colcon_core.environment:checking '/root/dddmr_navigation/install/trajectory_generators/lib/python3.10/site-packages'
[0.903s] Level 1:colcon.colcon_core.environment:checking '/root/dddmr_navigation/install/trajectory_generators/bin'
[0.903s] INFO:colcon.colcon_core.shell:Creating package script '/root/dddmr_navigation/install/trajectory_generators/share/trajectory_generators/package.ps1'
[0.904s] INFO:colcon.colcon_core.shell:Creating package descriptor '/root/dddmr_navigation/install/trajectory_generators/share/trajectory_generators/package.dsv'
[0.904s] INFO:colcon.colcon_core.shell:Creating package script '/root/dddmr_navigation/install/trajectory_generators/share/trajectory_generators/package.sh'
[0.905s] INFO:colcon.colcon_core.shell:Creating package script '/root/dddmr_navigation/install/trajectory_generators/share/trajectory_generators/package.bash'
[0.905s] INFO:colcon.colcon_core.shell:Creating package script '/root/dddmr_navigation/install/trajectory_generators/share/trajectory_generators/package.zsh'
[0.905s] Level 1:colcon.colcon_core.environment:create_file_with_runtime_dependencies(/root/dddmr_navigation/install/trajectory_generators/share/colcon-core/packages/trajectory_generators)
[0.906s] Level 1:colcon.colcon_core.environment:create_environment_scripts_only(trajectory_generators)
[0.906s] Level 1:colcon.colcon_core.environment:checking '/root/dddmr_navigation/install/trajectory_generators' for CMake module files
[0.906s] Level 1:colcon.colcon_core.environment:checking '/root/dddmr_navigation/install/trajectory_generators' for CMake config files
[0.907s] Level 1:colcon.colcon_core.shell:create_environment_hook('trajectory_generators', 'cmake_prefix_path')
[0.907s] INFO:colcon.colcon_core.shell:Creating environment hook '/root/dddmr_navigation/install/trajectory_generators/share/trajectory_generators/hook/cmake_prefix_path.ps1'
[0.907s] INFO:colcon.colcon_core.shell:Creating environment descriptor '/root/dddmr_navigation/install/trajectory_generators/share/trajectory_generators/hook/cmake_prefix_path.dsv'
[0.908s] INFO:colcon.colcon_core.shell:Creating environment hook '/root/dddmr_navigation/install/trajectory_generators/share/trajectory_generators/hook/cmake_prefix_path.sh'
[0.908s] Level 1:colcon.colcon_core.environment:checking '/root/dddmr_navigation/install/trajectory_generators/lib'
[0.908s] Level 1:colcon.colcon_core.shell:create_environment_hook('trajectory_generators', 'ld_library_path_lib')
[0.908s] INFO:colcon.colcon_core.shell:Creating environment hook '/root/dddmr_navigation/install/trajectory_generators/share/trajectory_generators/hook/ld_library_path_lib.ps1'
[0.909s] INFO:colcon.colcon_core.shell:Creating environment descriptor '/root/dddmr_navigation/install/trajectory_generators/share/trajectory_generators/hook/ld_library_path_lib.dsv'
[0.909s] INFO:colcon.colcon_core.shell:Creating environment hook '/root/dddmr_navigation/install/trajectory_generators/share/trajectory_generators/hook/ld_library_path_lib.sh'
[0.909s] Level 1:colcon.colcon_core.environment:checking '/root/dddmr_navigation/install/trajectory_generators/bin'
[0.909s] Level 1:colcon.colcon_core.environment:checking '/root/dddmr_navigation/install/trajectory_generators/lib/pkgconfig/trajectory_generators.pc'
[0.909s] Level 1:colcon.colcon_core.environment:checking '/root/dddmr_navigation/install/trajectory_generators/lib/python3.10/site-packages'
[0.910s] Level 1:colcon.colcon_core.environment:checking '/root/dddmr_navigation/install/trajectory_generators/bin'
[0.910s] INFO:colcon.colcon_core.shell:Creating package script '/root/dddmr_navigation/install/trajectory_generators/share/trajectory_generators/package.ps1'
[0.911s] INFO:colcon.colcon_core.shell:Creating package descriptor '/root/dddmr_navigation/install/trajectory_generators/share/trajectory_generators/package.dsv'
[0.911s] INFO:colcon.colcon_core.shell:Creating package script '/root/dddmr_navigation/install/trajectory_generators/share/trajectory_generators/package.sh'
[0.911s] INFO:colcon.colcon_core.shell:Creating package script '/root/dddmr_navigation/install/trajectory_generators/share/trajectory_generators/package.bash'
[0.912s] INFO:colcon.colcon_core.shell:Creating package script '/root/dddmr_navigation/install/trajectory_generators/share/trajectory_generators/package.zsh'
[0.912s] Level 1:colcon.colcon_core.environment:create_file_with_runtime_dependencies(/root/dddmr_navigation/install/trajectory_generators/share/colcon-core/packages/trajectory_generators)
[0.913s] INFO:colcon.colcon_ros.task.ament_cmake.build:Building ROS package in '/root/dddmr_navigation/src/dddmr_local_planner/local_planner' with build type 'ament_cmake'
[0.913s] INFO:colcon.colcon_cmake.task.cmake.build:Building CMake package in '/root/dddmr_navigation/src/dddmr_local_planner/local_planner'
[0.913s] INFO:colcon.colcon_core.shell:Skip shell extension 'powershell' for command environment: Not usable outside of PowerShell
[0.913s] DEBUG:colcon.colcon_core.shell:Skip shell extension 'dsv' for command environment
[0.916s] INFO:colcon.colcon_ros.task.ament_cmake.build:Building ROS package in '/root/dddmr_navigation/src/dddmr_local_planner/recovery_behaviors' with build type 'ament_cmake'
[0.916s] INFO:colcon.colcon_cmake.task.cmake.build:Building CMake package in '/root/dddmr_navigation/src/dddmr_local_planner/recovery_behaviors'
[0.916s] INFO:colcon.colcon_core.shell:Skip shell extension 'powershell' for command environment: Not usable outside of PowerShell
[0.916s] DEBUG:colcon.colcon_core.shell:Skip shell extension 'dsv' for command environment
[0.919s] Level 1:colcon.colcon_core.environment:create_environment_scripts_only(mcl_3dl)
[0.919s] Level 1:colcon.colcon_core.environment:checking '/root/dddmr_navigation/install/mcl_3dl' for CMake module files
[0.919s] DEBUG:colcon.colcon_core.event_handler.log_command:Invoked command in '/root/dddmr_navigation/build/mcl_3dl' returned '0': AMENT_PREFIX_PATH=/root/dddmr_navigation/install/cloud_msgs:${AMENT_PREFIX_PATH} CMAKE_PREFIX_PATH=/root/dddmr_navigation/install/cloud_msgs:/opt/ros/humble LD_LIBRARY_PATH=/root/dddmr_navigation/install/cloud_msgs/lib:${LD_LIBRARY_PATH} PYTHONPATH=/root/dddmr_navigation/install/cloud_msgs/local/lib/python3.10/dist-packages:${PYTHONPATH} /usr/bin/cmake --install /root/dddmr_navigation/build/mcl_3dl
[0.919s] Level 1:colcon.colcon_core.environment:checking '/root/dddmr_navigation/install/mcl_3dl' for CMake config files
[0.920s] Level 1:colcon.colcon_core.shell:create_environment_hook('mcl_3dl', 'cmake_prefix_path')
[0.920s] INFO:colcon.colcon_core.shell:Creating environment hook '/root/dddmr_navigation/install/mcl_3dl/share/mcl_3dl/hook/cmake_prefix_path.ps1'
[0.920s] INFO:colcon.colcon_core.shell:Creating environment descriptor '/root/dddmr_navigation/install/mcl_3dl/share/mcl_3dl/hook/cmake_prefix_path.dsv'
[0.920s] INFO:colcon.colcon_core.shell:Creating environment hook '/root/dddmr_navigation/install/mcl_3dl/share/mcl_3dl/hook/cmake_prefix_path.sh'
[0.920s] Level 1:colcon.colcon_core.environment:checking '/root/dddmr_navigation/install/mcl_3dl/lib'
[0.920s] Level 1:colcon.colcon_core.shell:create_environment_hook('mcl_3dl', 'ld_library_path_lib')
[0.920s] INFO:colcon.colcon_core.shell:Creating environment hook '/root/dddmr_navigation/install/mcl_3dl/share/mcl_3dl/hook/ld_library_path_lib.ps1'
[0.920s] INFO:colcon.colcon_core.shell:Creating environment descriptor '/root/dddmr_navigation/install/mcl_3dl/share/mcl_3dl/hook/ld_library_path_lib.dsv'
[0.921s] INFO:colcon.colcon_core.shell:Creating environment hook '/root/dddmr_navigation/install/mcl_3dl/share/mcl_3dl/hook/ld_library_path_lib.sh'
[0.921s] Level 1:colcon.colcon_core.environment:checking '/root/dddmr_navigation/install/mcl_3dl/bin'
[0.921s] Level 1:colcon.colcon_core.environment:checking '/root/dddmr_navigation/install/mcl_3dl/lib/pkgconfig/mcl_3dl.pc'
[0.921s] Level 1:colcon.colcon_core.environment:checking '/root/dddmr_navigation/install/mcl_3dl/lib/python3.10/site-packages'
[0.921s] Level 1:colcon.colcon_core.environment:checking '/root/dddmr_navigation/install/mcl_3dl/bin'
[0.921s] INFO:colcon.colcon_core.shell:Creating package script '/root/dddmr_navigation/install/mcl_3dl/share/mcl_3dl/package.ps1'
[0.921s] INFO:colcon.colcon_core.shell:Creating package descriptor '/root/dddmr_navigation/install/mcl_3dl/share/mcl_3dl/package.dsv'
[0.922s] INFO:colcon.colcon_core.shell:Creating package script '/root/dddmr_navigation/install/mcl_3dl/share/mcl_3dl/package.sh'
[0.922s] INFO:colcon.colcon_core.shell:Creating package script '/root/dddmr_navigation/install/mcl_3dl/share/mcl_3dl/package.bash'
[0.922s] INFO:colcon.colcon_core.shell:Creating package script '/root/dddmr_navigation/install/mcl_3dl/share/mcl_3dl/package.zsh'
[0.922s] Level 1:colcon.colcon_core.environment:create_file_with_runtime_dependencies(/root/dddmr_navigation/install/mcl_3dl/share/colcon-core/packages/mcl_3dl)
[0.922s] Level 1:colcon.colcon_core.environment:create_environment_scripts_only(mcl_3dl)
[0.922s] Level 1:colcon.colcon_core.environment:checking '/root/dddmr_navigation/install/mcl_3dl' for CMake module files
[0.923s] Level 1:colcon.colcon_core.environment:checking '/root/dddmr_navigation/install/mcl_3dl' for CMake config files
[0.923s] Level 1:colcon.colcon_core.shell:create_environment_hook('mcl_3dl', 'cmake_prefix_path')
[0.923s] INFO:colcon.colcon_core.shell:Creating environment hook '/root/dddmr_navigation/install/mcl_3dl/share/mcl_3dl/hook/cmake_prefix_path.ps1'
[0.923s] INFO:colcon.colcon_core.shell:Creating environment descriptor '/root/dddmr_navigation/install/mcl_3dl/share/mcl_3dl/hook/cmake_prefix_path.dsv'
[0.923s] INFO:colcon.colcon_core.shell:Creating environment hook '/root/dddmr_navigation/install/mcl_3dl/share/mcl_3dl/hook/cmake_prefix_path.sh'
[0.923s] Level 1:colcon.colcon_core.environment:checking '/root/dddmr_navigation/install/mcl_3dl/lib'
[0.924s] Level 1:colcon.colcon_core.shell:create_environment_hook('mcl_3dl', 'ld_library_path_lib')
[0.924s] INFO:colcon.colcon_core.shell:Creating environment hook '/root/dddmr_navigation/install/mcl_3dl/share/mcl_3dl/hook/ld_library_path_lib.ps1'
[0.924s] INFO:colcon.colcon_core.shell:Creating environment descriptor '/root/dddmr_navigation/install/mcl_3dl/share/mcl_3dl/hook/ld_library_path_lib.dsv'
[0.924s] INFO:colcon.colcon_core.shell:Creating environment hook '/root/dddmr_navigation/install/mcl_3dl/share/mcl_3dl/hook/ld_library_path_lib.sh'
[0.924s] Level 1:colcon.colcon_core.environment:checking '/root/dddmr_navigation/install/mcl_3dl/bin'
[0.924s] Level 1:colcon.colcon_core.environment:checking '/root/dddmr_navigation/install/mcl_3dl/lib/pkgconfig/mcl_3dl.pc'
[0.924s] Level 1:colcon.colcon_core.environment:checking '/root/dddmr_navigation/install/mcl_3dl/lib/python3.10/site-packages'
[0.924s] Level 1:colcon.colcon_core.environment:checking '/root/dddmr_navigation/install/mcl_3dl/bin'
[0.925s] INFO:colcon.colcon_core.shell:Creating package script '/root/dddmr_navigation/install/mcl_3dl/share/mcl_3dl/package.ps1'
[0.925s] INFO:colcon.colcon_core.shell:Creating package descriptor '/root/dddmr_navigation/install/mcl_3dl/share/mcl_3dl/package.dsv'
[0.925s] INFO:colcon.colcon_core.shell:Creating package script '/root/dddmr_navigation/install/mcl_3dl/share/mcl_3dl/package.sh'
[0.925s] INFO:colcon.colcon_core.shell:Creating package script '/root/dddmr_navigation/install/mcl_3dl/share/mcl_3dl/package.bash'
[0.925s] INFO:colcon.colcon_core.shell:Creating package script '/root/dddmr_navigation/install/mcl_3dl/share/mcl_3dl/package.zsh'
[0.926s] Level 1:colcon.colcon_core.environment:create_file_with_runtime_dependencies(/root/dddmr_navigation/install/mcl_3dl/share/colcon-core/packages/mcl_3dl)
[0.930s] DEBUG:colcon.colcon_core.event_handler.log_command:Invoking command in '/root/dddmr_navigation/build/local_planner': AMENT_PREFIX_PATH=/root/dddmr_navigation/install/trajectory_generators:/root/dddmr_navigation/install/mpc_critics:/root/dddmr_navigation/install/perception_3d:/root/dddmr_navigation/install/dddmr_sys_core:/root/dddmr_navigation/install/base_trajectory:${AMENT_PREFIX_PATH} CMAKE_PREFIX_PATH=/root/dddmr_navigation/install/trajectory_generators:/root/dddmr_navigation/install/mpc_critics:/root/dddmr_navigation/install/perception_3d:/root/dddmr_navigation/install/dddmr_sys_core:/root/dddmr_navigation/install/base_trajectory:/opt/ros/humble LD_LIBRARY_PATH=/root/dddmr_navigation/install/trajectory_generators/lib:/root/dddmr_navigation/install/mpc_critics/lib:/root/dddmr_navigation/install/perception_3d/lib:/root/dddmr_navigation/install/dddmr_sys_core/lib:/root/dddmr_navigation/install/base_trajectory/lib:${LD_LIBRARY_PATH} PYTHONPATH=/root/dddmr_navigation/install/dddmr_sys_core/local/lib/python3.10/dist-packages:${PYTHONPATH} /usr/bin/cmake --build /root/dddmr_navigation/build/local_planner -- -j28 -l28
[0.932s] DEBUG:colcon.colcon_core.event_handler.log_command:Invoking command in '/root/dddmr_navigation/build/recovery_behaviors': AMENT_PREFIX_PATH=/root/dddmr_navigation/install/trajectory_generators:/root/dddmr_navigation/install/mpc_critics:/root/dddmr_navigation/install/perception_3d:/root/dddmr_navigation/install/dddmr_sys_core:/root/dddmr_navigation/install/base_trajectory:${AMENT_PREFIX_PATH} CMAKE_PREFIX_PATH=/root/dddmr_navigation/install/trajectory_generators:/root/dddmr_navigation/install/mpc_critics:/root/dddmr_navigation/install/perception_3d:/root/dddmr_navigation/install/dddmr_sys_core:/root/dddmr_navigation/install/base_trajectory:/opt/ros/humble LD_LIBRARY_PATH=/root/dddmr_navigation/install/trajectory_generators/lib:/root/dddmr_navigation/install/mpc_critics/lib:/root/dddmr_navigation/install/perception_3d/lib:/root/dddmr_navigation/install/dddmr_sys_core/lib:/root/dddmr_navigation/install/base_trajectory/lib:${LD_LIBRARY_PATH} PYTHONPATH=/root/dddmr_navigation/install/dddmr_sys_core/local/lib/python3.10/dist-packages:${PYTHONPATH} /usr/bin/cmake --build /root/dddmr_navigation/build/recovery_behaviors -- -j28 -l28
[0.990s] DEBUG:colcon.colcon_core.event_handler.log_command:Invoked command in '/root/dddmr_navigation/build/global_planner' returned '0': AMENT_PREFIX_PATH=/root/dddmr_navigation/install/perception_3d:/root/dddmr_navigation/install/dddmr_sys_core:${AMENT_PREFIX_PATH} CMAKE_PREFIX_PATH=/root/dddmr_navigation/install/perception_3d:/root/dddmr_navigation/install/dddmr_sys_core:/opt/ros/humble LD_LIBRARY_PATH=/root/dddmr_navigation/install/perception_3d/lib:/root/dddmr_navigation/install/dddmr_sys_core/lib:${LD_LIBRARY_PATH} PYTHONPATH=/root/dddmr_navigation/install/dddmr_sys_core/local/lib/python3.10/dist-packages:${PYTHONPATH} /usr/bin/cmake --build /root/dddmr_navigation/build/global_planner -- -j28 -l28
[0.991s] DEBUG:colcon.colcon_core.event_handler.log_command:Invoking command in '/root/dddmr_navigation/build/global_planner': AMENT_PREFIX_PATH=/root/dddmr_navigation/install/perception_3d:/root/dddmr_navigation/install/dddmr_sys_core:${AMENT_PREFIX_PATH} CMAKE_PREFIX_PATH=/root/dddmr_navigation/install/perception_3d:/root/dddmr_navigation/install/dddmr_sys_core:/opt/ros/humble LD_LIBRARY_PATH=/root/dddmr_navigation/install/perception_3d/lib:/root/dddmr_navigation/install/dddmr_sys_core/lib:${LD_LIBRARY_PATH} PYTHONPATH=/root/dddmr_navigation/install/dddmr_sys_core/local/lib/python3.10/dist-packages:${PYTHONPATH} /usr/bin/cmake --install /root/dddmr_navigation/build/global_planner
[1.007s] DEBUG:colcon.colcon_core.event_handler.log_command:Invoked command in '/root/dddmr_navigation/build/lego_loam_bor' returned '0': AMENT_PREFIX_PATH=/root/dddmr_navigation/install/dddmr_trt:/root/dddmr_navigation/install/dddmr_sys_core:/root/dddmr_navigation/install/cloud_msgs:${AMENT_PREFIX_PATH} CMAKE_PREFIX_PATH=/root/dddmr_navigation/install/dddmr_trt:/root/dddmr_navigation/install/dddmr_sys_core:/root/dddmr_navigation/install/cloud_msgs:/opt/ros/humble LD_LIBRARY_PATH=/root/dddmr_navigation/install/dddmr_sys_core/lib:/root/dddmr_navigation/install/cloud_msgs/lib:${LD_LIBRARY_PATH} PYTHONPATH=/root/dddmr_navigation/install/dddmr_sys_core/local/lib/python3.10/dist-packages:/root/dddmr_navigation/install/cloud_msgs/local/lib/python3.10/dist-packages:${PYTHONPATH} /usr/bin/cmake --build /root/dddmr_navigation/build/lego_loam_bor -- -j28 -l28
[1.010s] DEBUG:colcon.colcon_core.event_handler.log_command:Invoking command in '/root/dddmr_navigation/build/lego_loam_bor': AMENT_PREFIX_PATH=/root/dddmr_navigation/install/dddmr_trt:/root/dddmr_navigation/install/dddmr_sys_core:/root/dddmr_navigation/install/cloud_msgs:${AMENT_PREFIX_PATH} CMAKE_PREFIX_PATH=/root/dddmr_navigation/install/dddmr_trt:/root/dddmr_navigation/install/dddmr_sys_core:/root/dddmr_navigation/install/cloud_msgs:/opt/ros/humble LD_LIBRARY_PATH=/root/dddmr_navigation/install/dddmr_sys_core/lib:/root/dddmr_navigation/install/cloud_msgs/lib:${LD_LIBRARY_PATH} PYTHONPATH=/root/dddmr_navigation/install/dddmr_sys_core/local/lib/python3.10/dist-packages:/root/dddmr_navigation/install/cloud_msgs/local/lib/python3.10/dist-packages:${PYTHONPATH} /usr/bin/cmake --install /root/dddmr_navigation/build/lego_loam_bor
[1.012s] Level 1:colcon.colcon_core.environment:create_environment_scripts_only(global_planner)
[1.012s] Level 1:colcon.colcon_core.environment:checking '/root/dddmr_navigation/install/global_planner' for CMake module files
[1.012s] DEBUG:colcon.colcon_core.event_handler.log_command:Invoked command in '/root/dddmr_navigation/build/global_planner' returned '0': AMENT_PREFIX_PATH=/root/dddmr_navigation/install/perception_3d:/root/dddmr_navigation/install/dddmr_sys_core:${AMENT_PREFIX_PATH} CMAKE_PREFIX_PATH=/root/dddmr_navigation/install/perception_3d:/root/dddmr_navigation/install/dddmr_sys_core:/opt/ros/humble LD_LIBRARY_PATH=/root/dddmr_navigation/install/perception_3d/lib:/root/dddmr_navigation/install/dddmr_sys_core/lib:${LD_LIBRARY_PATH} PYTHONPATH=/root/dddmr_navigation/install/dddmr_sys_core/local/lib/python3.10/dist-packages:${PYTHONPATH} /usr/bin/cmake --install /root/dddmr_navigation/build/global_planner
[1.013s] Level 1:colcon.colcon_core.environment:checking '/root/dddmr_navigation/install/global_planner' for CMake config files
[1.013s] Level 1:colcon.colcon_core.shell:create_environment_hook('global_planner', 'cmake_prefix_path')
[1.013s] INFO:colcon.colcon_core.shell:Creating environment hook '/root/dddmr_navigation/install/global_planner/share/global_planner/hook/cmake_prefix_path.ps1'
[1.014s] INFO:colcon.colcon_core.shell:Creating environment descriptor '/root/dddmr_navigation/install/global_planner/share/global_planner/hook/cmake_prefix_path.dsv'
[1.014s] INFO:colcon.colcon_core.shell:Creating environment hook '/root/dddmr_navigation/install/global_planner/share/global_planner/hook/cmake_prefix_path.sh'
[1.014s] Level 1:colcon.colcon_core.environment:checking '/root/dddmr_navigation/install/global_planner/lib'
[1.014s] Level 1:colcon.colcon_core.shell:create_environment_hook('global_planner', 'ld_library_path_lib')
[1.014s] INFO:colcon.colcon_core.shell:Creating environment hook '/root/dddmr_navigation/install/global_planner/share/global_planner/hook/ld_library_path_lib.ps1'
[1.014s] INFO:colcon.colcon_core.shell:Creating environment descriptor '/root/dddmr_navigation/install/global_planner/share/global_planner/hook/ld_library_path_lib.dsv'
[1.015s] INFO:colcon.colcon_core.shell:Creating environment hook '/root/dddmr_navigation/install/global_planner/share/global_planner/hook/ld_library_path_lib.sh'
[1.015s] Level 1:colcon.colcon_core.environment:checking '/root/dddmr_navigation/install/global_planner/bin'
[1.015s] Level 1:colcon.colcon_core.environment:checking '/root/dddmr_navigation/install/global_planner/lib/pkgconfig/global_planner.pc'
[1.015s] Level 1:colcon.colcon_core.environment:checking '/root/dddmr_navigation/install/global_planner/lib/python3.10/site-packages'
[1.015s] Level 1:colcon.colcon_core.environment:checking '/root/dddmr_navigation/install/global_planner/bin'
[1.016s] INFO:colcon.colcon_core.shell:Creating package script '/root/dddmr_navigation/install/global_planner/share/global_planner/package.ps1'
[1.016s] INFO:colcon.colcon_core.shell:Creating package descriptor '/root/dddmr_navigation/install/global_planner/share/global_planner/package.dsv'
[1.017s] INFO:colcon.colcon_core.shell:Creating package script '/root/dddmr_navigation/install/global_planner/share/global_planner/package.sh'
[1.018s] INFO:colcon.colcon_core.shell:Creating package script '/root/dddmr_navigation/install/global_planner/share/global_planner/package.bash'
[1.019s] INFO:colcon.colcon_core.shell:Creating package script '/root/dddmr_navigation/install/global_planner/share/global_planner/package.zsh'
[1.021s] Level 1:colcon.colcon_core.environment:create_file_with_runtime_dependencies(/root/dddmr_navigation/install/global_planner/share/colcon-core/packages/global_planner)
[1.023s] Level 1:colcon.colcon_core.environment:create_environment_scripts_only(global_planner)
[1.023s] Level 1:colcon.colcon_core.environment:checking '/root/dddmr_navigation/install/global_planner' for CMake module files
[1.024s] Level 1:colcon.colcon_core.environment:checking '/root/dddmr_navigation/install/global_planner' for CMake config files
[1.024s] Level 1:colcon.colcon_core.shell:create_environment_hook('global_planner', 'cmake_prefix_path')
[1.025s] INFO:colcon.colcon_core.shell:Creating environment hook '/root/dddmr_navigation/install/global_planner/share/global_planner/hook/cmake_prefix_path.ps1'
[1.025s] INFO:colcon.colcon_core.shell:Creating environment descriptor '/root/dddmr_navigation/install/global_planner/share/global_planner/hook/cmake_prefix_path.dsv'
[1.025s] INFO:colcon.colcon_core.shell:Creating environment hook '/root/dddmr_navigation/install/global_planner/share/global_planner/hook/cmake_prefix_path.sh'
[1.026s] Level 1:colcon.colcon_core.environment:checking '/root/dddmr_navigation/install/global_planner/lib'
[1.026s] Level 1:colcon.colcon_core.shell:create_environment_hook('global_planner', 'ld_library_path_lib')
[1.026s] INFO:colcon.colcon_core.shell:Creating environment hook '/root/dddmr_navigation/install/global_planner/share/global_planner/hook/ld_library_path_lib.ps1'
[1.026s] INFO:colcon.colcon_core.shell:Creating environment descriptor '/root/dddmr_navigation/install/global_planner/share/global_planner/hook/ld_library_path_lib.dsv'
[1.027s] INFO:colcon.colcon_core.shell:Creating environment hook '/root/dddmr_navigation/install/global_planner/share/global_planner/hook/ld_library_path_lib.sh'
[1.027s] Level 1:colcon.colcon_core.environment:checking '/root/dddmr_navigation/install/global_planner/bin'
[1.027s] Level 1:colcon.colcon_core.environment:checking '/root/dddmr_navigation/install/global_planner/lib/pkgconfig/global_planner.pc'
[1.027s] Level 1:colcon.colcon_core.environment:checking '/root/dddmr_navigation/install/global_planner/lib/python3.10/site-packages'
[1.027s] Level 1:colcon.colcon_core.environment:checking '/root/dddmr_navigation/install/global_planner/bin'
[1.028s] INFO:colcon.colcon_core.shell:Creating package script '/root/dddmr_navigation/install/global_planner/share/global_planner/package.ps1'
[1.028s] INFO:colcon.colcon_core.shell:Creating package descriptor '/root/dddmr_navigation/install/global_planner/share/global_planner/package.dsv'
[1.028s] INFO:colcon.colcon_core.shell:Creating package script '/root/dddmr_navigation/install/global_planner/share/global_planner/package.sh'
[1.029s] INFO:colcon.colcon_core.shell:Creating package script '/root/dddmr_navigation/install/global_planner/share/global_planner/package.bash'
[1.029s] INFO:colcon.colcon_core.shell:Creating package script '/root/dddmr_navigation/install/global_planner/share/global_planner/package.zsh'
[1.029s] Level 1:colcon.colcon_core.environment:create_file_with_runtime_dependencies(/root/dddmr_navigation/install/global_planner/share/colcon-core/packages/global_planner)
[1.031s] DEBUG:colcon.colcon_core.event_handler.log_command:Invoked command in '/root/dddmr_navigation/build/dddmr_beginner_guide' returned '0': CMAKE_PREFIX_PATH=/opt/ros/humble /usr/bin/cmake /root/dddmr_navigation/src/dddmr_beginner_guide -DAMENT_CMAKE_SYMLINK_INSTALL=1 -DCMAKE_INSTALL_PREFIX=/root/dddmr_navigation/install/dddmr_beginner_guide
[1.031s] DEBUG:colcon.colcon_core.event_handler.log_command:Invoking command in '/root/dddmr_navigation/build/dddmr_beginner_guide': CMAKE_PREFIX_PATH=/opt/ros/humble /usr/bin/cmake --build /root/dddmr_navigation/build/dddmr_beginner_guide -- -j28 -l28
[1.032s] DEBUG:colcon.colcon_core.event_handler.log_command:Invoked command in '/root/dddmr_navigation/build/local_planner' returned '0': AMENT_PREFIX_PATH=/root/dddmr_navigation/install/trajectory_generators:/root/dddmr_navigation/install/mpc_critics:/root/dddmr_navigation/install/perception_3d:/root/dddmr_navigation/install/dddmr_sys_core:/root/dddmr_navigation/install/base_trajectory:${AMENT_PREFIX_PATH} CMAKE_PREFIX_PATH=/root/dddmr_navigation/install/trajectory_generators:/root/dddmr_navigation/install/mpc_critics:/root/dddmr_navigation/install/perception_3d:/root/dddmr_navigation/install/dddmr_sys_core:/root/dddmr_navigation/install/base_trajectory:/opt/ros/humble LD_LIBRARY_PATH=/root/dddmr_navigation/install/trajectory_generators/lib:/root/dddmr_navigation/install/mpc_critics/lib:/root/dddmr_navigation/install/perception_3d/lib:/root/dddmr_navigation/install/dddmr_sys_core/lib:/root/dddmr_navigation/install/base_trajectory/lib:${LD_LIBRARY_PATH} PYTHONPATH=/root/dddmr_navigation/install/dddmr_sys_core/local/lib/python3.10/dist-packages:${PYTHONPATH} /usr/bin/cmake --build /root/dddmr_navigation/build/local_planner -- -j28 -l28
[1.032s] DEBUG:colcon.colcon_core.event_handler.log_command:Invoking command in '/root/dddmr_navigation/build/local_planner': AMENT_PREFIX_PATH=/root/dddmr_navigation/install/trajectory_generators:/root/dddmr_navigation/install/mpc_critics:/root/dddmr_navigation/install/perception_3d:/root/dddmr_navigation/install/dddmr_sys_core:/root/dddmr_navigation/install/base_trajectory:${AMENT_PREFIX_PATH} CMAKE_PREFIX_PATH=/root/dddmr_navigation/install/trajectory_generators:/root/dddmr_navigation/install/mpc_critics:/root/dddmr_navigation/install/perception_3d:/root/dddmr_navigation/install/dddmr_sys_core:/root/dddmr_navigation/install/base_trajectory:/opt/ros/humble LD_LIBRARY_PATH=/root/dddmr_navigation/install/trajectory_generators/lib:/root/dddmr_navigation/install/mpc_critics/lib:/root/dddmr_navigation/install/perception_3d/lib:/root/dddmr_navigation/install/dddmr_sys_core/lib:/root/dddmr_navigation/install/base_trajectory/lib:${LD_LIBRARY_PATH} PYTHONPATH=/root/dddmr_navigation/install/dddmr_sys_core/local/lib/python3.10/dist-packages:${PYTHONPATH} /usr/bin/cmake --install /root/dddmr_navigation/build/local_planner
[1.033s] Level 1:colcon.colcon_core.environment:create_environment_scripts_only(lego_loam_bor)
[1.033s] Level 1:colcon.colcon_core.environment:checking '/root/dddmr_navigation/install/lego_loam_bor' for CMake module files
[1.033s] DEBUG:colcon.colcon_core.event_handler.log_command:Invoked command in '/root/dddmr_navigation/build/lego_loam_bor' returned '0': AMENT_PREFIX_PATH=/root/dddmr_navigation/install/dddmr_trt:/root/dddmr_navigation/install/dddmr_sys_core:/root/dddmr_navigation/install/cloud_msgs:${AMENT_PREFIX_PATH} CMAKE_PREFIX_PATH=/root/dddmr_navigation/install/dddmr_trt:/root/dddmr_navigation/install/dddmr_sys_core:/root/dddmr_navigation/install/cloud_msgs:/opt/ros/humble LD_LIBRARY_PATH=/root/dddmr_navigation/install/dddmr_sys_core/lib:/root/dddmr_navigation/install/cloud_msgs/lib:${LD_LIBRARY_PATH} PYTHONPATH=/root/dddmr_navigation/install/dddmr_sys_core/local/lib/python3.10/dist-packages:/root/dddmr_navigation/install/cloud_msgs/local/lib/python3.10/dist-packages:${PYTHONPATH} /usr/bin/cmake --install /root/dddmr_navigation/build/lego_loam_bor
[1.034s] Level 1:colcon.colcon_core.environment:checking '/root/dddmr_navigation/install/lego_loam_bor' for CMake config files
[1.034s] Level 1:colcon.colcon_core.shell:create_environment_hook('lego_loam_bor', 'cmake_prefix_path')
[1.035s] INFO:colcon.colcon_core.shell:Creating environment hook '/root/dddmr_navigation/install/lego_loam_bor/share/lego_loam_bor/hook/cmake_prefix_path.ps1'
[1.035s] INFO:colcon.colcon_core.shell:Creating environment descriptor '/root/dddmr_navigation/install/lego_loam_bor/share/lego_loam_bor/hook/cmake_prefix_path.dsv'
[1.035s] INFO:colcon.colcon_core.shell:Creating environment hook '/root/dddmr_navigation/install/lego_loam_bor/share/lego_loam_bor/hook/cmake_prefix_path.sh'
[1.036s] Level 1:colcon.colcon_core.environment:checking '/root/dddmr_navigation/install/lego_loam_bor/lib'
[1.036s] Level 1:colcon.colcon_core.shell:create_environment_hook('lego_loam_bor', 'ld_library_path_lib')
[1.036s] INFO:colcon.colcon_core.shell:Creating environment hook '/root/dddmr_navigation/install/lego_loam_bor/share/lego_loam_bor/hook/ld_library_path_lib.ps1'
[1.036s] INFO:colcon.colcon_core.shell:Creating environment descriptor '/root/dddmr_navigation/install/lego_loam_bor/share/lego_loam_bor/hook/ld_library_path_lib.dsv'
[1.037s] INFO:colcon.colcon_core.shell:Creating environment hook '/root/dddmr_navigation/install/lego_loam_bor/share/lego_loam_bor/hook/ld_library_path_lib.sh'
[1.037s] Level 1:colcon.colcon_core.environment:checking '/root/dddmr_navigation/install/lego_loam_bor/bin'
[1.037s] Level 1:colcon.colcon_core.environment:checking '/root/dddmr_navigation/install/lego_loam_bor/lib/pkgconfig/lego_loam_bor.pc'
[1.037s] Level 1:colcon.colcon_core.environment:checking '/root/dddmr_navigation/install/lego_loam_bor/lib/python3.10/site-packages'
[1.037s] Level 1:colcon.colcon_core.environment:checking '/root/dddmr_navigation/install/lego_loam_bor/bin'
[1.037s] INFO:colcon.colcon_core.shell:Creating package script '/root/dddmr_navigation/install/lego_loam_bor/share/lego_loam_bor/package.ps1'
[1.038s] INFO:colcon.colcon_core.shell:Creating package descriptor '/root/dddmr_navigation/install/lego_loam_bor/share/lego_loam_bor/package.dsv'
[1.038s] INFO:colcon.colcon_core.shell:Creating package script '/root/dddmr_navigation/install/lego_loam_bor/share/lego_loam_bor/package.sh'
[1.038s] INFO:colcon.colcon_core.shell:Creating package script '/root/dddmr_navigation/install/lego_loam_bor/share/lego_loam_bor/package.bash'
[1.038s] INFO:colcon.colcon_core.shell:Creating package script '/root/dddmr_navigation/install/lego_loam_bor/share/lego_loam_bor/package.zsh'
[1.039s] Level 1:colcon.colcon_core.environment:create_file_with_runtime_dependencies(/root/dddmr_navigation/install/lego_loam_bor/share/colcon-core/packages/lego_loam_bor)
[1.039s] Level 1:colcon.colcon_core.environment:create_environment_scripts_only(lego_loam_bor)
[1.039s] Level 1:colcon.colcon_core.environment:checking '/root/dddmr_navigation/install/lego_loam_bor' for CMake module files
[1.040s] Level 1:colcon.colcon_core.environment:checking '/root/dddmr_navigation/install/lego_loam_bor' for CMake config files
[1.040s] Level 1:colcon.colcon_core.shell:create_environment_hook('lego_loam_bor', 'cmake_prefix_path')
[1.040s] INFO:colcon.colcon_core.shell:Creating environment hook '/root/dddmr_navigation/install/lego_loam_bor/share/lego_loam_bor/hook/cmake_prefix_path.ps1'
[1.041s] INFO:colcon.colcon_core.shell:Creating environment descriptor '/root/dddmr_navigation/install/lego_loam_bor/share/lego_loam_bor/hook/cmake_prefix_path.dsv'
[1.041s] INFO:colcon.colcon_core.shell:Creating environment hook '/root/dddmr_navigation/install/lego_loam_bor/share/lego_loam_bor/hook/cmake_prefix_path.sh'
[1.041s] Level 1:colcon.colcon_core.environment:checking '/root/dddmr_navigation/install/lego_loam_bor/lib'
[1.041s] Level 1:colcon.colcon_core.shell:create_environment_hook('lego_loam_bor', 'ld_library_path_lib')
[1.041s] INFO:colcon.colcon_core.shell:Creating environment hook '/root/dddmr_navigation/install/lego_loam_bor/share/lego_loam_bor/hook/ld_library_path_lib.ps1'
[1.042s] INFO:colcon.colcon_core.shell:Creating environment descriptor '/root/dddmr_navigation/install/lego_loam_bor/share/lego_loam_bor/hook/ld_library_path_lib.dsv'
[1.042s] INFO:colcon.colcon_core.shell:Creating environment hook '/root/dddmr_navigation/install/lego_loam_bor/share/lego_loam_bor/hook/ld_library_path_lib.sh'
[1.042s] Level 1:colcon.colcon_core.environment:checking '/root/dddmr_navigation/install/lego_loam_bor/bin'
[1.042s] Level 1:colcon.colcon_core.environment:checking '/root/dddmr_navigation/install/lego_loam_bor/lib/pkgconfig/lego_loam_bor.pc'
[1.042s] Level 1:colcon.colcon_core.environment:checking '/root/dddmr_navigation/install/lego_loam_bor/lib/python3.10/site-packages'
[1.042s] Level 1:colcon.colcon_core.environment:checking '/root/dddmr_navigation/install/lego_loam_bor/bin'
[1.042s] INFO:colcon.colcon_core.shell:Creating package script '/root/dddmr_navigation/install/lego_loam_bor/share/lego_loam_bor/package.ps1'
[1.042s] INFO:colcon.colcon_core.shell:Creating package descriptor '/root/dddmr_navigation/install/lego_loam_bor/share/lego_loam_bor/package.dsv'
[1.043s] INFO:colcon.colcon_core.shell:Creating package script '/root/dddmr_navigation/install/lego_loam_bor/share/lego_loam_bor/package.sh'
[1.043s] INFO:colcon.colcon_core.shell:Creating package script '/root/dddmr_navigation/install/lego_loam_bor/share/lego_loam_bor/package.bash'
[1.043s] INFO:colcon.colcon_core.shell:Creating package script '/root/dddmr_navigation/install/lego_loam_bor/share/lego_loam_bor/package.zsh'
[1.043s] Level 1:colcon.colcon_core.environment:create_file_with_runtime_dependencies(/root/dddmr_navigation/install/lego_loam_bor/share/colcon-core/packages/lego_loam_bor)
[1.048s] Level 1:colcon.colcon_core.environment:create_environment_scripts_only(local_planner)
[1.049s] Level 1:colcon.colcon_core.environment:checking '/root/dddmr_navigation/install/local_planner' for CMake module files
[1.049s] DEBUG:colcon.colcon_core.event_handler.log_command:Invoked command in '/root/dddmr_navigation/build/local_planner' returned '0': AMENT_PREFIX_PATH=/root/dddmr_navigation/install/trajectory_generators:/root/dddmr_navigation/install/mpc_critics:/root/dddmr_navigation/install/perception_3d:/root/dddmr_navigation/install/dddmr_sys_core:/root/dddmr_navigation/install/base_trajectory:${AMENT_PREFIX_PATH} CMAKE_PREFIX_PATH=/root/dddmr_navigation/install/trajectory_generators:/root/dddmr_navigation/install/mpc_critics:/root/dddmr_navigation/install/perception_3d:/root/dddmr_navigation/install/dddmr_sys_core:/root/dddmr_navigation/install/base_trajectory:/opt/ros/humble LD_LIBRARY_PATH=/root/dddmr_navigation/install/trajectory_generators/lib:/root/dddmr_navigation/install/mpc_critics/lib:/root/dddmr_navigation/install/perception_3d/lib:/root/dddmr_navigation/install/dddmr_sys_core/lib:/root/dddmr_navigation/install/base_trajectory/lib:${LD_LIBRARY_PATH} PYTHONPATH=/root/dddmr_navigation/install/dddmr_sys_core/local/lib/python3.10/dist-packages:${PYTHONPATH} /usr/bin/cmake --install /root/dddmr_navigation/build/local_planner
[1.049s] Level 1:colcon.colcon_core.environment:checking '/root/dddmr_navigation/install/local_planner' for CMake config files
[1.050s] Level 1:colcon.colcon_core.shell:create_environment_hook('local_planner', 'cmake_prefix_path')
[1.050s] INFO:colcon.colcon_core.shell:Creating environment hook '/root/dddmr_navigation/install/local_planner/share/local_planner/hook/cmake_prefix_path.ps1'
[1.050s] INFO:colcon.colcon_core.shell:Creating environment descriptor '/root/dddmr_navigation/install/local_planner/share/local_planner/hook/cmake_prefix_path.dsv'
[1.050s] INFO:colcon.colcon_core.shell:Creating environment hook '/root/dddmr_navigation/install/local_planner/share/local_planner/hook/cmake_prefix_path.sh'
[1.051s] Level 1:colcon.colcon_core.environment:checking '/root/dddmr_navigation/install/local_planner/lib'
[1.051s] Level 1:colcon.colcon_core.shell:create_environment_hook('local_planner', 'ld_library_path_lib')
[1.051s] INFO:colcon.colcon_core.shell:Creating environment hook '/root/dddmr_navigation/install/local_planner/share/local_planner/hook/ld_library_path_lib.ps1'
[1.051s] INFO:colcon.colcon_core.shell:Creating environment descriptor '/root/dddmr_navigation/install/local_planner/share/local_planner/hook/ld_library_path_lib.dsv'
[1.052s] INFO:colcon.colcon_core.shell:Creating environment hook '/root/dddmr_navigation/install/local_planner/share/local_planner/hook/ld_library_path_lib.sh'
[1.052s] Level 1:colcon.colcon_core.environment:checking '/root/dddmr_navigation/install/local_planner/bin'
[1.052s] Level 1:colcon.colcon_core.environment:checking '/root/dddmr_navigation/install/local_planner/lib/pkgconfig/local_planner.pc'
[1.052s] Level 1:colcon.colcon_core.environment:checking '/root/dddmr_navigation/install/local_planner/lib/python3.10/site-packages'
[1.052s] Level 1:colcon.colcon_core.environment:checking '/root/dddmr_navigation/install/local_planner/bin'
[1.053s] INFO:colcon.colcon_core.shell:Creating package script '/root/dddmr_navigation/install/local_planner/share/local_planner/package.ps1'
[1.053s] INFO:colcon.colcon_core.shell:Creating package descriptor '/root/dddmr_navigation/install/local_planner/share/local_planner/package.dsv'
[1.054s] INFO:colcon.colcon_core.shell:Creating package script '/root/dddmr_navigation/install/local_planner/share/local_planner/package.sh'
[1.054s] INFO:colcon.colcon_core.shell:Creating package script '/root/dddmr_navigation/install/local_planner/share/local_planner/package.bash'
[1.054s] INFO:colcon.colcon_core.shell:Creating package script '/root/dddmr_navigation/install/local_planner/share/local_planner/package.zsh'
[1.054s] Level 1:colcon.colcon_core.environment:create_file_with_runtime_dependencies(/root/dddmr_navigation/install/local_planner/share/colcon-core/packages/local_planner)
[1.055s] Level 1:colcon.colcon_core.environment:create_environment_scripts_only(local_planner)
[1.055s] Level 1:colcon.colcon_core.environment:checking '/root/dddmr_navigation/install/local_planner' for CMake module files
[1.056s] Level 1:colcon.colcon_core.environment:checking '/root/dddmr_navigation/install/local_planner' for CMake config files
[1.056s] Level 1:colcon.colcon_core.shell:create_environment_hook('local_planner', 'cmake_prefix_path')
[1.056s] INFO:colcon.colcon_core.shell:Creating environment hook '/root/dddmr_navigation/install/local_planner/share/local_planner/hook/cmake_prefix_path.ps1'
[1.056s] INFO:colcon.colcon_core.shell:Creating environment descriptor '/root/dddmr_navigation/install/local_planner/share/local_planner/hook/cmake_prefix_path.dsv'
[1.057s] INFO:colcon.colcon_core.shell:Creating environment hook '/root/dddmr_navigation/install/local_planner/share/local_planner/hook/cmake_prefix_path.sh'
[1.057s] Level 1:colcon.colcon_core.environment:checking '/root/dddmr_navigation/install/local_planner/lib'
[1.057s] Level 1:colcon.colcon_core.shell:create_environment_hook('local_planner', 'ld_library_path_lib')
[1.057s] INFO:colcon.colcon_core.shell:Creating environment hook '/root/dddmr_navigation/install/local_planner/share/local_planner/hook/ld_library_path_lib.ps1'
[1.058s] INFO:colcon.colcon_core.shell:Creating environment descriptor '/root/dddmr_navigation/install/local_planner/share/local_planner/hook/ld_library_path_lib.dsv'
[1.058s] INFO:colcon.colcon_core.shell:Creating environment hook '/root/dddmr_navigation/install/local_planner/share/local_planner/hook/ld_library_path_lib.sh'
[1.058s] Level 1:colcon.colcon_core.environment:checking '/root/dddmr_navigation/install/local_planner/bin'
[1.058s] Level 1:colcon.colcon_core.environment:checking '/root/dddmr_navigation/install/local_planner/lib/pkgconfig/local_planner.pc'
[1.058s] Level 1:colcon.colcon_core.environment:checking '/root/dddmr_navigation/install/local_planner/lib/python3.10/site-packages'
[1.059s] Level 1:colcon.colcon_core.environment:checking '/root/dddmr_navigation/install/local_planner/bin'
[1.059s] INFO:colcon.colcon_core.shell:Creating package script '/root/dddmr_navigation/install/local_planner/share/local_planner/package.ps1'
[1.059s] INFO:colcon.colcon_core.shell:Creating package descriptor '/root/dddmr_navigation/install/local_planner/share/local_planner/package.dsv'
[1.060s] INFO:colcon.colcon_core.shell:Creating package script '/root/dddmr_navigation/install/local_planner/share/local_planner/package.sh'
[1.060s] INFO:colcon.colcon_core.shell:Creating package script '/root/dddmr_navigation/install/local_planner/share/local_planner/package.bash'
[1.060s] INFO:colcon.colcon_core.shell:Creating package script '/root/dddmr_navigation/install/local_planner/share/local_planner/package.zsh'
[1.061s] Level 1:colcon.colcon_core.environment:create_file_with_runtime_dependencies(/root/dddmr_navigation/install/local_planner/share/colcon-core/packages/local_planner)
[1.062s] DEBUG:colcon.colcon_core.event_handler.log_command:Invoked command in '/root/dddmr_navigation/build/dddmr_beginner_guide' returned '0': CMAKE_PREFIX_PATH=/opt/ros/humble /usr/bin/cmake --build /root/dddmr_navigation/build/dddmr_beginner_guide -- -j28 -l28
[1.062s] DEBUG:colcon.colcon_core.event_handler.log_command:Invoking command in '/root/dddmr_navigation/build/dddmr_beginner_guide': CMAKE_PREFIX_PATH=/opt/ros/humble /usr/bin/cmake --install /root/dddmr_navigation/build/dddmr_beginner_guide
[1.075s] Level 1:colcon.colcon_core.environment:create_environment_scripts_only(dddmr_beginner_guide)
[1.075s] DEBUG:colcon.colcon_core.event_handler.log_command:Invoked command in '/root/dddmr_navigation/build/dddmr_beginner_guide' returned '0': CMAKE_PREFIX_PATH=/opt/ros/humble /usr/bin/cmake --install /root/dddmr_navigation/build/dddmr_beginner_guide
[1.076s] Level 1:colcon.colcon_core.environment:checking '/root/dddmr_navigation/install/dddmr_beginner_guide' for CMake module files
[1.076s] Level 1:colcon.colcon_core.environment:checking '/root/dddmr_navigation/install/dddmr_beginner_guide' for CMake config files
[1.076s] Level 1:colcon.colcon_core.shell:create_environment_hook('dddmr_beginner_guide', 'cmake_prefix_path')
[1.077s] INFO:colcon.colcon_core.shell:Creating environment hook '/root/dddmr_navigation/install/dddmr_beginner_guide/share/dddmr_beginner_guide/hook/cmake_prefix_path.ps1'
[1.077s] INFO:colcon.colcon_core.shell:Creating environment descriptor '/root/dddmr_navigation/install/dddmr_beginner_guide/share/dddmr_beginner_guide/hook/cmake_prefix_path.dsv'
[1.077s] INFO:colcon.colcon_core.shell:Creating environment hook '/root/dddmr_navigation/install/dddmr_beginner_guide/share/dddmr_beginner_guide/hook/cmake_prefix_path.sh'
[1.078s] Level 1:colcon.colcon_core.environment:checking '/root/dddmr_navigation/install/dddmr_beginner_guide/bin'
[1.078s] Level 1:colcon.colcon_core.environment:checking '/root/dddmr_navigation/install/dddmr_beginner_guide/lib/pkgconfig/dddmr_beginner_guide.pc'
[1.078s] Level 1:colcon.colcon_core.environment:checking '/root/dddmr_navigation/install/dddmr_beginner_guide/lib/python3.10/site-packages'
[1.078s] Level 1:colcon.colcon_core.environment:checking '/root/dddmr_navigation/install/dddmr_beginner_guide/bin'
[1.079s] INFO:colcon.colcon_core.shell:Creating package script '/root/dddmr_navigation/install/dddmr_beginner_guide/share/dddmr_beginner_guide/package.ps1'
[1.079s] INFO:colcon.colcon_core.shell:Creating package descriptor '/root/dddmr_navigation/install/dddmr_beginner_guide/share/dddmr_beginner_guide/package.dsv'
[1.079s] INFO:colcon.colcon_core.shell:Creating package script '/root/dddmr_navigation/install/dddmr_beginner_guide/share/dddmr_beginner_guide/package.sh'
[1.080s] INFO:colcon.colcon_core.shell:Creating package script '/root/dddmr_navigation/install/dddmr_beginner_guide/share/dddmr_beginner_guide/package.bash'
[1.080s] INFO:colcon.colcon_core.shell:Creating package script '/root/dddmr_navigation/install/dddmr_beginner_guide/share/dddmr_beginner_guide/package.zsh'
[1.080s] Level 1:colcon.colcon_core.environment:create_file_with_runtime_dependencies(/root/dddmr_navigation/install/dddmr_beginner_guide/share/colcon-core/packages/dddmr_beginner_guide)
[1.081s] Level 1:colcon.colcon_core.environment:create_environment_scripts_only(dddmr_beginner_guide)
[1.081s] Level 1:colcon.colcon_core.environment:checking '/root/dddmr_navigation/install/dddmr_beginner_guide' for CMake module files
[1.081s] Level 1:colcon.colcon_core.environment:checking '/root/dddmr_navigation/install/dddmr_beginner_guide' for CMake config files
[1.082s] Level 1:colcon.colcon_core.shell:create_environment_hook('dddmr_beginner_guide', 'cmake_prefix_path')
[1.082s] INFO:colcon.colcon_core.shell:Creating environment hook '/root/dddmr_navigation/install/dddmr_beginner_guide/share/dddmr_beginner_guide/hook/cmake_prefix_path.ps1'
[1.082s] INFO:colcon.colcon_core.shell:Creating environment descriptor '/root/dddmr_navigation/install/dddmr_beginner_guide/share/dddmr_beginner_guide/hook/cmake_prefix_path.dsv'
[1.082s] INFO:colcon.colcon_core.shell:Creating environment hook '/root/dddmr_navigation/install/dddmr_beginner_guide/share/dddmr_beginner_guide/hook/cmake_prefix_path.sh'
[1.083s] Level 1:colcon.colcon_core.environment:checking '/root/dddmr_navigation/install/dddmr_beginner_guide/bin'
[1.083s] Level 1:colcon.colcon_core.environment:checking '/root/dddmr_navigation/install/dddmr_beginner_guide/lib/pkgconfig/dddmr_beginner_guide.pc'
[1.083s] Level 1:colcon.colcon_core.environment:checking '/root/dddmr_navigation/install/dddmr_beginner_guide/lib/python3.10/site-packages'
[1.083s] Level 1:colcon.colcon_core.environment:checking '/root/dddmr_navigation/install/dddmr_beginner_guide/bin'
[1.084s] INFO:colcon.colcon_core.shell:Creating package script '/root/dddmr_navigation/install/dddmr_beginner_guide/share/dddmr_beginner_guide/package.ps1'
[1.084s] INFO:colcon.colcon_core.shell:Creating package descriptor '/root/dddmr_navigation/install/dddmr_beginner_guide/share/dddmr_beginner_guide/package.dsv'
[1.084s] INFO:colcon.colcon_core.shell:Creating package script '/root/dddmr_navigation/install/dddmr_beginner_guide/share/dddmr_beginner_guide/package.sh'
[1.085s] INFO:colcon.colcon_core.shell:Creating package script '/root/dddmr_navigation/install/dddmr_beginner_guide/share/dddmr_beginner_guide/package.bash'
[1.085s] INFO:colcon.colcon_core.shell:Creating package script '/root/dddmr_navigation/install/dddmr_beginner_guide/share/dddmr_beginner_guide/package.zsh'
[1.085s] Level 1:colcon.colcon_core.environment:create_file_with_runtime_dependencies(/root/dddmr_navigation/install/dddmr_beginner_guide/share/colcon-core/packages/dddmr_beginner_guide)
[1.117s] DEBUG:colcon.colcon_core.event_handler.log_command:Invoked command in '/root/dddmr_navigation/build/recovery_behaviors' returned '0': AMENT_PREFIX_PATH=/root/dddmr_navigation/install/trajectory_generators:/root/dddmr_navigation/install/mpc_critics:/root/dddmr_navigation/install/perception_3d:/root/dddmr_navigation/install/dddmr_sys_core:/root/dddmr_navigation/install/base_trajectory:${AMENT_PREFIX_PATH} CMAKE_PREFIX_PATH=/root/dddmr_navigation/install/trajectory_generators:/root/dddmr_navigation/install/mpc_critics:/root/dddmr_navigation/install/perception_3d:/root/dddmr_navigation/install/dddmr_sys_core:/root/dddmr_navigation/install/base_trajectory:/opt/ros/humble LD_LIBRARY_PATH=/root/dddmr_navigation/install/trajectory_generators/lib:/root/dddmr_navigation/install/mpc_critics/lib:/root/dddmr_navigation/install/perception_3d/lib:/root/dddmr_navigation/install/dddmr_sys_core/lib:/root/dddmr_navigation/install/base_trajectory/lib:${LD_LIBRARY_PATH} PYTHONPATH=/root/dddmr_navigation/install/dddmr_sys_core/local/lib/python3.10/dist-packages:${PYTHONPATH} /usr/bin/cmake --build /root/dddmr_navigation/build/recovery_behaviors -- -j28 -l28
[1.118s] DEBUG:colcon.colcon_core.event_handler.log_command:Invoking command in '/root/dddmr_navigation/build/recovery_behaviors': AMENT_PREFIX_PATH=/root/dddmr_navigation/install/trajectory_generators:/root/dddmr_navigation/install/mpc_critics:/root/dddmr_navigation/install/perception_3d:/root/dddmr_navigation/install/dddmr_sys_core:/root/dddmr_navigation/install/base_trajectory:${AMENT_PREFIX_PATH} CMAKE_PREFIX_PATH=/root/dddmr_navigation/install/trajectory_generators:/root/dddmr_navigation/install/mpc_critics:/root/dddmr_navigation/install/perception_3d:/root/dddmr_navigation/install/dddmr_sys_core:/root/dddmr_navigation/install/base_trajectory:/opt/ros/humble LD_LIBRARY_PATH=/root/dddmr_navigation/install/trajectory_generators/lib:/root/dddmr_navigation/install/mpc_critics/lib:/root/dddmr_navigation/install/perception_3d/lib:/root/dddmr_navigation/install/dddmr_sys_core/lib:/root/dddmr_navigation/install/base_trajectory/lib:${LD_LIBRARY_PATH} PYTHONPATH=/root/dddmr_navigation/install/dddmr_sys_core/local/lib/python3.10/dist-packages:${PYTHONPATH} /usr/bin/cmake --install /root/dddmr_navigation/build/recovery_behaviors
[1.132s] Level 1:colcon.colcon_core.environment:create_environment_scripts_only(recovery_behaviors)
[1.132s] Level 1:colcon.colcon_core.environment:checking '/root/dddmr_navigation/install/recovery_behaviors' for CMake module files
[1.132s] DEBUG:colcon.colcon_core.event_handler.log_command:Invoked command in '/root/dddmr_navigation/build/recovery_behaviors' returned '0': AMENT_PREFIX_PATH=/root/dddmr_navigation/install/trajectory_generators:/root/dddmr_navigation/install/mpc_critics:/root/dddmr_navigation/install/perception_3d:/root/dddmr_navigation/install/dddmr_sys_core:/root/dddmr_navigation/install/base_trajectory:${AMENT_PREFIX_PATH} CMAKE_PREFIX_PATH=/root/dddmr_navigation/install/trajectory_generators:/root/dddmr_navigation/install/mpc_critics:/root/dddmr_navigation/install/perception_3d:/root/dddmr_navigation/install/dddmr_sys_core:/root/dddmr_navigation/install/base_trajectory:/opt/ros/humble LD_LIBRARY_PATH=/root/dddmr_navigation/install/trajectory_generators/lib:/root/dddmr_navigation/install/mpc_critics/lib:/root/dddmr_navigation/install/perception_3d/lib:/root/dddmr_navigation/install/dddmr_sys_core/lib:/root/dddmr_navigation/install/base_trajectory/lib:${LD_LIBRARY_PATH} PYTHONPATH=/root/dddmr_navigation/install/dddmr_sys_core/local/lib/python3.10/dist-packages:${PYTHONPATH} /usr/bin/cmake --install /root/dddmr_navigation/build/recovery_behaviors
[1.133s] Level 1:colcon.colcon_core.environment:checking '/root/dddmr_navigation/install/recovery_behaviors' for CMake config files
[1.133s] Level 1:colcon.colcon_core.shell:create_environment_hook('recovery_behaviors', 'cmake_prefix_path')
[1.133s] INFO:colcon.colcon_core.shell:Creating environment hook '/root/dddmr_navigation/install/recovery_behaviors/share/recovery_behaviors/hook/cmake_prefix_path.ps1'
[1.133s] INFO:colcon.colcon_core.shell:Creating environment descriptor '/root/dddmr_navigation/install/recovery_behaviors/share/recovery_behaviors/hook/cmake_prefix_path.dsv'
[1.134s] INFO:colcon.colcon_core.shell:Creating environment hook '/root/dddmr_navigation/install/recovery_behaviors/share/recovery_behaviors/hook/cmake_prefix_path.sh'
[1.134s] Level 1:colcon.colcon_core.environment:checking '/root/dddmr_navigation/install/recovery_behaviors/lib'
[1.134s] Level 1:colcon.colcon_core.shell:create_environment_hook('recovery_behaviors', 'ld_library_path_lib')
[1.134s] INFO:colcon.colcon_core.shell:Creating environment hook '/root/dddmr_navigation/install/recovery_behaviors/share/recovery_behaviors/hook/ld_library_path_lib.ps1'
[1.135s] INFO:colcon.colcon_core.shell:Creating environment descriptor '/root/dddmr_navigation/install/recovery_behaviors/share/recovery_behaviors/hook/ld_library_path_lib.dsv'
[1.135s] INFO:colcon.colcon_core.shell:Creating environment hook '/root/dddmr_navigation/install/recovery_behaviors/share/recovery_behaviors/hook/ld_library_path_lib.sh'
[1.135s] Level 1:colcon.colcon_core.environment:checking '/root/dddmr_navigation/install/recovery_behaviors/bin'
[1.135s] Level 1:colcon.colcon_core.environment:checking '/root/dddmr_navigation/install/recovery_behaviors/lib/pkgconfig/recovery_behaviors.pc'
[1.135s] Level 1:colcon.colcon_core.environment:checking '/root/dddmr_navigation/install/recovery_behaviors/lib/python3.10/site-packages'
[1.136s] Level 1:colcon.colcon_core.environment:checking '/root/dddmr_navigation/install/recovery_behaviors/bin'
[1.136s] INFO:colcon.colcon_core.shell:Creating package script '/root/dddmr_navigation/install/recovery_behaviors/share/recovery_behaviors/package.ps1'
[1.137s] INFO:colcon.colcon_core.shell:Creating package descriptor '/root/dddmr_navigation/install/recovery_behaviors/share/recovery_behaviors/package.dsv'
[1.137s] INFO:colcon.colcon_core.shell:Creating package script '/root/dddmr_navigation/install/recovery_behaviors/share/recovery_behaviors/package.sh'
[1.137s] INFO:colcon.colcon_core.shell:Creating package script '/root/dddmr_navigation/install/recovery_behaviors/share/recovery_behaviors/package.bash'
[1.138s] INFO:colcon.colcon_core.shell:Creating package script '/root/dddmr_navigation/install/recovery_behaviors/share/recovery_behaviors/package.zsh'
[1.138s] Level 1:colcon.colcon_core.environment:create_file_with_runtime_dependencies(/root/dddmr_navigation/install/recovery_behaviors/share/colcon-core/packages/recovery_behaviors)
[1.138s] Level 1:colcon.colcon_core.environment:create_environment_scripts_only(recovery_behaviors)
[1.138s] Level 1:colcon.colcon_core.environment:checking '/root/dddmr_navigation/install/recovery_behaviors' for CMake module files
[1.139s] Level 1:colcon.colcon_core.environment:checking '/root/dddmr_navigation/install/recovery_behaviors' for CMake config files
[1.139s] Level 1:colcon.colcon_core.shell:create_environment_hook('recovery_behaviors', 'cmake_prefix_path')
[1.139s] INFO:colcon.colcon_core.shell:Creating environment hook '/root/dddmr_navigation/install/recovery_behaviors/share/recovery_behaviors/hook/cmake_prefix_path.ps1'
[1.140s] INFO:colcon.colcon_core.shell:Creating environment descriptor '/root/dddmr_navigation/install/recovery_behaviors/share/recovery_behaviors/hook/cmake_prefix_path.dsv'
[1.140s] INFO:colcon.colcon_core.shell:Creating environment hook '/root/dddmr_navigation/install/recovery_behaviors/share/recovery_behaviors/hook/cmake_prefix_path.sh'
[1.140s] Level 1:colcon.colcon_core.environment:checking '/root/dddmr_navigation/install/recovery_behaviors/lib'
[1.140s] Level 1:colcon.colcon_core.shell:create_environment_hook('recovery_behaviors', 'ld_library_path_lib')
[1.141s] INFO:colcon.colcon_core.shell:Creating environment hook '/root/dddmr_navigation/install/recovery_behaviors/share/recovery_behaviors/hook/ld_library_path_lib.ps1'
[1.141s] INFO:colcon.colcon_core.shell:Creating environment descriptor '/root/dddmr_navigation/install/recovery_behaviors/share/recovery_behaviors/hook/ld_library_path_lib.dsv'
[1.141s] INFO:colcon.colcon_core.shell:Creating environment hook '/root/dddmr_navigation/install/recovery_behaviors/share/recovery_behaviors/hook/ld_library_path_lib.sh'
[1.141s] Level 1:colcon.colcon_core.environment:checking '/root/dddmr_navigation/install/recovery_behaviors/bin'
[1.141s] Level 1:colcon.colcon_core.environment:checking '/root/dddmr_navigation/install/recovery_behaviors/lib/pkgconfig/recovery_behaviors.pc'
[1.142s] Level 1:colcon.colcon_core.environment:checking '/root/dddmr_navigation/install/recovery_behaviors/lib/python3.10/site-packages'
[1.142s] Level 1:colcon.colcon_core.environment:checking '/root/dddmr_navigation/install/recovery_behaviors/bin'
[1.142s] INFO:colcon.colcon_core.shell:Creating package script '/root/dddmr_navigation/install/recovery_behaviors/share/recovery_behaviors/package.ps1'
[1.143s] INFO:colcon.colcon_core.shell:Creating package descriptor '/root/dddmr_navigation/install/recovery_behaviors/share/recovery_behaviors/package.dsv'
[1.143s] INFO:colcon.colcon_core.shell:Creating package script '/root/dddmr_navigation/install/recovery_behaviors/share/recovery_behaviors/package.sh'
[1.143s] INFO:colcon.colcon_core.shell:Creating package script '/root/dddmr_navigation/install/recovery_behaviors/share/recovery_behaviors/package.bash'
[1.144s] INFO:colcon.colcon_core.shell:Creating package script '/root/dddmr_navigation/install/recovery_behaviors/share/recovery_behaviors/package.zsh'
[1.144s] Level 1:colcon.colcon_core.environment:create_file_with_runtime_dependencies(/root/dddmr_navigation/install/recovery_behaviors/share/colcon-core/packages/recovery_behaviors)
[1.144s] INFO:colcon.colcon_ros.task.ament_cmake.build:Building ROS package in '/root/dddmr_navigation/src/dddmr_p2p_move_base' with build type 'ament_cmake'
[1.144s] INFO:colcon.colcon_cmake.task.cmake.build:Building CMake package in '/root/dddmr_navigation/src/dddmr_p2p_move_base'
[1.145s] INFO:colcon.colcon_core.shell:Skip shell extension 'powershell' for command environment: Not usable outside of PowerShell
[1.145s] DEBUG:colcon.colcon_core.shell:Skip shell extension 'dsv' for command environment
[1.162s] DEBUG:colcon.colcon_core.event_handler.log_command:Invoking command in '/root/dddmr_navigation/build/p2p_move_base': AMENT_PREFIX_PATH=/root/dddmr_navigation/install/recovery_behaviors:/root/dddmr_navigation/install/local_planner:/root/dddmr_navigation/install/trajectory_generators:/root/dddmr_navigation/install/mpc_critics:/root/dddmr_navigation/install/perception_3d:/root/dddmr_navigation/install/dddmr_sys_core:/root/dddmr_navigation/install/base_trajectory:${AMENT_PREFIX_PATH} CMAKE_PREFIX_PATH=/root/dddmr_navigation/install/recovery_behaviors:/root/dddmr_navigation/install/local_planner:/root/dddmr_navigation/install/trajectory_generators:/root/dddmr_navigation/install/mpc_critics:/root/dddmr_navigation/install/perception_3d:/root/dddmr_navigation/install/dddmr_sys_core:/root/dddmr_navigation/install/base_trajectory:/opt/ros/humble LD_LIBRARY_PATH=/root/dddmr_navigation/install/recovery_behaviors/lib:/root/dddmr_navigation/install/local_planner/lib:/root/dddmr_navigation/install/trajectory_generators/lib:/root/dddmr_navigation/install/mpc_critics/lib:/root/dddmr_navigation/install/perception_3d/lib:/root/dddmr_navigation/install/dddmr_sys_core/lib:/root/dddmr_navigation/install/base_trajectory/lib:${LD_LIBRARY_PATH} PYTHONPATH=/root/dddmr_navigation/install/dddmr_sys_core/local/lib/python3.10/dist-packages:${PYTHONPATH} /usr/bin/cmake --build /root/dddmr_navigation/build/p2p_move_base -- -j28 -l28
[1.292s] DEBUG:colcon.colcon_core.event_handler.log_command:Invoked command in '/root/dddmr_navigation/build/p2p_move_base' returned '0': AMENT_PREFIX_PATH=/root/dddmr_navigation/install/recovery_behaviors:/root/dddmr_navigation/install/local_planner:/root/dddmr_navigation/install/trajectory_generators:/root/dddmr_navigation/install/mpc_critics:/root/dddmr_navigation/install/perception_3d:/root/dddmr_navigation/install/dddmr_sys_core:/root/dddmr_navigation/install/base_trajectory:${AMENT_PREFIX_PATH} CMAKE_PREFIX_PATH=/root/dddmr_navigation/install/recovery_behaviors:/root/dddmr_navigation/install/local_planner:/root/dddmr_navigation/install/trajectory_generators:/root/dddmr_navigation/install/mpc_critics:/root/dddmr_navigation/install/perception_3d:/root/dddmr_navigation/install/dddmr_sys_core:/root/dddmr_navigation/install/base_trajectory:/opt/ros/humble LD_LIBRARY_PATH=/root/dddmr_navigation/install/recovery_behaviors/lib:/root/dddmr_navigation/install/local_planner/lib:/root/dddmr_navigation/install/trajectory_generators/lib:/root/dddmr_navigation/install/mpc_critics/lib:/root/dddmr_navigation/install/perception_3d/lib:/root/dddmr_navigation/install/dddmr_sys_core/lib:/root/dddmr_navigation/install/base_trajectory/lib:${LD_LIBRARY_PATH} PYTHONPATH=/root/dddmr_navigation/install/dddmr_sys_core/local/lib/python3.10/dist-packages:${PYTHONPATH} /usr/bin/cmake --build /root/dddmr_navigation/build/p2p_move_base -- -j28 -l28
[1.293s] DEBUG:colcon.colcon_core.event_handler.log_command:Invoking command in '/root/dddmr_navigation/build/p2p_move_base': AMENT_PREFIX_PATH=/root/dddmr_navigation/install/recovery_behaviors:/root/dddmr_navigation/install/local_planner:/root/dddmr_navigation/install/trajectory_generators:/root/dddmr_navigation/install/mpc_critics:/root/dddmr_navigation/install/perception_3d:/root/dddmr_navigation/install/dddmr_sys_core:/root/dddmr_navigation/install/base_trajectory:${AMENT_PREFIX_PATH} CMAKE_PREFIX_PATH=/root/dddmr_navigation/install/recovery_behaviors:/root/dddmr_navigation/install/local_planner:/root/dddmr_navigation/install/trajectory_generators:/root/dddmr_navigation/install/mpc_critics:/root/dddmr_navigation/install/perception_3d:/root/dddmr_navigation/install/dddmr_sys_core:/root/dddmr_navigation/install/base_trajectory:/opt/ros/humble LD_LIBRARY_PATH=/root/dddmr_navigation/install/recovery_behaviors/lib:/root/dddmr_navigation/install/local_planner/lib:/root/dddmr_navigation/install/trajectory_generators/lib:/root/dddmr_navigation/install/mpc_critics/lib:/root/dddmr_navigation/install/perception_3d/lib:/root/dddmr_navigation/install/dddmr_sys_core/lib:/root/dddmr_navigation/install/base_trajectory/lib:${LD_LIBRARY_PATH} PYTHONPATH=/root/dddmr_navigation/install/dddmr_sys_core/local/lib/python3.10/dist-packages:${PYTHONPATH} /usr/bin/cmake --install /root/dddmr_navigation/build/p2p_move_base
[1.307s] Level 1:colcon.colcon_core.environment:create_environment_scripts_only(p2p_move_base)
[1.308s] Level 1:colcon.colcon_core.environment:checking '/root/dddmr_navigation/install/p2p_move_base' for CMake module files
[1.308s] DEBUG:colcon.colcon_core.event_handler.log_command:Invoked command in '/root/dddmr_navigation/build/p2p_move_base' returned '0': AMENT_PREFIX_PATH=/root/dddmr_navigation/install/recovery_behaviors:/root/dddmr_navigation/install/local_planner:/root/dddmr_navigation/install/trajectory_generators:/root/dddmr_navigation/install/mpc_critics:/root/dddmr_navigation/install/perception_3d:/root/dddmr_navigation/install/dddmr_sys_core:/root/dddmr_navigation/install/base_trajectory:${AMENT_PREFIX_PATH} CMAKE_PREFIX_PATH=/root/dddmr_navigation/install/recovery_behaviors:/root/dddmr_navigation/install/local_planner:/root/dddmr_navigation/install/trajectory_generators:/root/dddmr_navigation/install/mpc_critics:/root/dddmr_navigation/install/perception_3d:/root/dddmr_navigation/install/dddmr_sys_core:/root/dddmr_navigation/install/base_trajectory:/opt/ros/humble LD_LIBRARY_PATH=/root/dddmr_navigation/install/recovery_behaviors/lib:/root/dddmr_navigation/install/local_planner/lib:/root/dddmr_navigation/install/trajectory_generators/lib:/root/dddmr_navigation/install/mpc_critics/lib:/root/dddmr_navigation/install/perception_3d/lib:/root/dddmr_navigation/install/dddmr_sys_core/lib:/root/dddmr_navigation/install/base_trajectory/lib:${LD_LIBRARY_PATH} PYTHONPATH=/root/dddmr_navigation/install/dddmr_sys_core/local/lib/python3.10/dist-packages:${PYTHONPATH} /usr/bin/cmake --install /root/dddmr_navigation/build/p2p_move_base
[1.308s] Level 1:colcon.colcon_core.environment:checking '/root/dddmr_navigation/install/p2p_move_base' for CMake config files
[1.309s] Level 1:colcon.colcon_core.shell:create_environment_hook('p2p_move_base', 'cmake_prefix_path')
[1.309s] INFO:colcon.colcon_core.shell:Creating environment hook '/root/dddmr_navigation/install/p2p_move_base/share/p2p_move_base/hook/cmake_prefix_path.ps1'
[1.309s] INFO:colcon.colcon_core.shell:Creating environment descriptor '/root/dddmr_navigation/install/p2p_move_base/share/p2p_move_base/hook/cmake_prefix_path.dsv'
[1.310s] INFO:colcon.colcon_core.shell:Creating environment hook '/root/dddmr_navigation/install/p2p_move_base/share/p2p_move_base/hook/cmake_prefix_path.sh'
[1.310s] Level 1:colcon.colcon_core.environment:checking '/root/dddmr_navigation/install/p2p_move_base/lib'
[1.310s] Level 1:colcon.colcon_core.shell:create_environment_hook('p2p_move_base', 'ld_library_path_lib')
[1.310s] INFO:colcon.colcon_core.shell:Creating environment hook '/root/dddmr_navigation/install/p2p_move_base/share/p2p_move_base/hook/ld_library_path_lib.ps1'
[1.311s] INFO:colcon.colcon_core.shell:Creating environment descriptor '/root/dddmr_navigation/install/p2p_move_base/share/p2p_move_base/hook/ld_library_path_lib.dsv'
[1.311s] INFO:colcon.colcon_core.shell:Creating environment hook '/root/dddmr_navigation/install/p2p_move_base/share/p2p_move_base/hook/ld_library_path_lib.sh'
[1.311s] Level 1:colcon.colcon_core.environment:checking '/root/dddmr_navigation/install/p2p_move_base/bin'
[1.311s] Level 1:colcon.colcon_core.environment:checking '/root/dddmr_navigation/install/p2p_move_base/lib/pkgconfig/p2p_move_base.pc'
[1.311s] Level 1:colcon.colcon_core.environment:checking '/root/dddmr_navigation/install/p2p_move_base/lib/python3.10/site-packages'
[1.311s] Level 1:colcon.colcon_core.environment:checking '/root/dddmr_navigation/install/p2p_move_base/bin'
[1.312s] INFO:colcon.colcon_core.shell:Creating package script '/root/dddmr_navigation/install/p2p_move_base/share/p2p_move_base/package.ps1'
[1.312s] INFO:colcon.colcon_core.shell:Creating package descriptor '/root/dddmr_navigation/install/p2p_move_base/share/p2p_move_base/package.dsv'
[1.312s] INFO:colcon.colcon_core.shell:Creating package script '/root/dddmr_navigation/install/p2p_move_base/share/p2p_move_base/package.sh'
[1.312s] INFO:colcon.colcon_core.shell:Creating package script '/root/dddmr_navigation/install/p2p_move_base/share/p2p_move_base/package.bash'
[1.312s] INFO:colcon.colcon_core.shell:Creating package script '/root/dddmr_navigation/install/p2p_move_base/share/p2p_move_base/package.zsh'
[1.312s] Level 1:colcon.colcon_core.environment:create_file_with_runtime_dependencies(/root/dddmr_navigation/install/p2p_move_base/share/colcon-core/packages/p2p_move_base)
[1.313s] Level 1:colcon.colcon_core.environment:create_environment_scripts_only(p2p_move_base)
[1.313s] Level 1:colcon.colcon_core.environment:checking '/root/dddmr_navigation/install/p2p_move_base' for CMake module files
[1.313s] Level 1:colcon.colcon_core.environment:checking '/root/dddmr_navigation/install/p2p_move_base' for CMake config files
[1.313s] Level 1:colcon.colcon_core.shell:create_environment_hook('p2p_move_base', 'cmake_prefix_path')
[1.313s] INFO:colcon.colcon_core.shell:Creating environment hook '/root/dddmr_navigation/install/p2p_move_base/share/p2p_move_base/hook/cmake_prefix_path.ps1'
[1.313s] INFO:colcon.colcon_core.shell:Creating environment descriptor '/root/dddmr_navigation/install/p2p_move_base/share/p2p_move_base/hook/cmake_prefix_path.dsv'
[1.313s] INFO:colcon.colcon_core.shell:Creating environment hook '/root/dddmr_navigation/install/p2p_move_base/share/p2p_move_base/hook/cmake_prefix_path.sh'
[1.314s] Level 1:colcon.colcon_core.environment:checking '/root/dddmr_navigation/install/p2p_move_base/lib'
[1.314s] Level 1:colcon.colcon_core.shell:create_environment_hook('p2p_move_base', 'ld_library_path_lib')
[1.314s] INFO:colcon.colcon_core.shell:Creating environment hook '/root/dddmr_navigation/install/p2p_move_base/share/p2p_move_base/hook/ld_library_path_lib.ps1'
[1.314s] INFO:colcon.colcon_core.shell:Creating environment descriptor '/root/dddmr_navigation/install/p2p_move_base/share/p2p_move_base/hook/ld_library_path_lib.dsv'
[1.314s] INFO:colcon.colcon_core.shell:Creating environment hook '/root/dddmr_navigation/install/p2p_move_base/share/p2p_move_base/hook/ld_library_path_lib.sh'
[1.314s] Level 1:colcon.colcon_core.environment:checking '/root/dddmr_navigation/install/p2p_move_base/bin'
[1.314s] Level 1:colcon.colcon_core.environment:checking '/root/dddmr_navigation/install/p2p_move_base/lib/pkgconfig/p2p_move_base.pc'
[1.314s] Level 1:colcon.colcon_core.environment:checking '/root/dddmr_navigation/install/p2p_move_base/lib/python3.10/site-packages'
[1.314s] Level 1:colcon.colcon_core.environment:checking '/root/dddmr_navigation/install/p2p_move_base/bin'
[1.315s] INFO:colcon.colcon_core.shell:Creating package script '/root/dddmr_navigation/install/p2p_move_base/share/p2p_move_base/package.ps1'
[1.315s] INFO:colcon.colcon_core.shell:Creating package descriptor '/root/dddmr_navigation/install/p2p_move_base/share/p2p_move_base/package.dsv'
[1.315s] INFO:colcon.colcon_core.shell:Creating package script '/root/dddmr_navigation/install/p2p_move_base/share/p2p_move_base/package.sh'
[1.315s] INFO:colcon.colcon_core.shell:Creating package script '/root/dddmr_navigation/install/p2p_move_base/share/p2p_move_base/package.bash'
[1.315s] INFO:colcon.colcon_core.shell:Creating package script '/root/dddmr_navigation/install/p2p_move_base/share/p2p_move_base/package.zsh'
[1.316s] Level 1:colcon.colcon_core.environment:create_file_with_runtime_dependencies(/root/dddmr_navigation/install/p2p_move_base/share/colcon-core/packages/p2p_move_base)
[15.424s] DEBUG:colcon.colcon_core.event_handler.log_command:Invoked command in '/root/dddmr_navigation/build/dddmr_sc_pgo' returned '0': CMAKE_PREFIX_PATH=/opt/ros/humble /usr/bin/cmake --build /root/dddmr_navigation/build/dddmr_sc_pgo -- -j28 -l28
[15.426s] DEBUG:colcon.colcon_core.event_handler.log_command:Invoking command in '/root/dddmr_navigation/build/dddmr_sc_pgo': CMAKE_PREFIX_PATH=/opt/ros/humble /usr/bin/cmake --install /root/dddmr_navigation/build/dddmr_sc_pgo
[15.442s] Level 1:colcon.colcon_core.environment:create_environment_scripts_only(dddmr_sc_pgo)
[15.442s] Level 1:colcon.colcon_core.environment:checking '/root/dddmr_navigation/install/dddmr_sc_pgo' for CMake module files
[15.442s] DEBUG:colcon.colcon_core.event_handler.log_command:Invoked command in '/root/dddmr_navigation/build/dddmr_sc_pgo' returned '0': CMAKE_PREFIX_PATH=/opt/ros/humble /usr/bin/cmake --install /root/dddmr_navigation/build/dddmr_sc_pgo
[15.443s] Level 1:colcon.colcon_core.environment:checking '/root/dddmr_navigation/install/dddmr_sc_pgo' for CMake config files
[15.443s] Level 1:colcon.colcon_core.shell:create_environment_hook('dddmr_sc_pgo', 'cmake_prefix_path')
[15.443s] INFO:colcon.colcon_core.shell:Creating environment hook '/root/dddmr_navigation/install/dddmr_sc_pgo/share/dddmr_sc_pgo/hook/cmake_prefix_path.ps1'
[15.443s] INFO:colcon.colcon_core.shell:Creating environment descriptor '/root/dddmr_navigation/install/dddmr_sc_pgo/share/dddmr_sc_pgo/hook/cmake_prefix_path.dsv'
[15.444s] INFO:colcon.colcon_core.shell:Creating environment hook '/root/dddmr_navigation/install/dddmr_sc_pgo/share/dddmr_sc_pgo/hook/cmake_prefix_path.sh'
[15.444s] Level 1:colcon.colcon_core.environment:checking '/root/dddmr_navigation/install/dddmr_sc_pgo/lib'
[15.444s] Level 1:colcon.colcon_core.shell:create_environment_hook('dddmr_sc_pgo', 'ld_library_path_lib')
[15.444s] INFO:colcon.colcon_core.shell:Creating environment hook '/root/dddmr_navigation/install/dddmr_sc_pgo/share/dddmr_sc_pgo/hook/ld_library_path_lib.ps1'
[15.444s] INFO:colcon.colcon_core.shell:Creating environment descriptor '/root/dddmr_navigation/install/dddmr_sc_pgo/share/dddmr_sc_pgo/hook/ld_library_path_lib.dsv'
[15.444s] INFO:colcon.colcon_core.shell:Creating environment hook '/root/dddmr_navigation/install/dddmr_sc_pgo/share/dddmr_sc_pgo/hook/ld_library_path_lib.sh'
[15.444s] Level 1:colcon.colcon_core.environment:checking '/root/dddmr_navigation/install/dddmr_sc_pgo/bin'
[15.444s] Level 1:colcon.colcon_core.environment:checking '/root/dddmr_navigation/install/dddmr_sc_pgo/lib/pkgconfig/dddmr_sc_pgo.pc'
[15.445s] Level 1:colcon.colcon_core.environment:checking '/root/dddmr_navigation/install/dddmr_sc_pgo/lib/python3.10/site-packages'
[15.445s] Level 1:colcon.colcon_core.environment:checking '/root/dddmr_navigation/install/dddmr_sc_pgo/bin'
[15.445s] INFO:colcon.colcon_core.shell:Creating package script '/root/dddmr_navigation/install/dddmr_sc_pgo/share/dddmr_sc_pgo/package.ps1'
[15.445s] INFO:colcon.colcon_core.shell:Creating package descriptor '/root/dddmr_navigation/install/dddmr_sc_pgo/share/dddmr_sc_pgo/package.dsv'
[15.445s] INFO:colcon.colcon_core.shell:Creating package script '/root/dddmr_navigation/install/dddmr_sc_pgo/share/dddmr_sc_pgo/package.sh'
[15.445s] INFO:colcon.colcon_core.shell:Creating package script '/root/dddmr_navigation/install/dddmr_sc_pgo/share/dddmr_sc_pgo/package.bash'
[15.446s] INFO:colcon.colcon_core.shell:Creating package script '/root/dddmr_navigation/install/dddmr_sc_pgo/share/dddmr_sc_pgo/package.zsh'
[15.446s] Level 1:colcon.colcon_core.environment:create_file_with_runtime_dependencies(/root/dddmr_navigation/install/dddmr_sc_pgo/share/colcon-core/packages/dddmr_sc_pgo)
[15.446s] Level 1:colcon.colcon_core.environment:create_environment_scripts_only(dddmr_sc_pgo)
[15.446s] Level 1:colcon.colcon_core.environment:checking '/root/dddmr_navigation/install/dddmr_sc_pgo' for CMake module files
[15.446s] Level 1:colcon.colcon_core.environment:checking '/root/dddmr_navigation/install/dddmr_sc_pgo' for CMake config files
[15.446s] Level 1:colcon.colcon_core.shell:create_environment_hook('dddmr_sc_pgo', 'cmake_prefix_path')
[15.446s] INFO:colcon.colcon_core.shell:Creating environment hook '/root/dddmr_navigation/install/dddmr_sc_pgo/share/dddmr_sc_pgo/hook/cmake_prefix_path.ps1'
[15.447s] INFO:colcon.colcon_core.shell:Creating environment descriptor '/root/dddmr_navigation/install/dddmr_sc_pgo/share/dddmr_sc_pgo/hook/cmake_prefix_path.dsv'
[15.447s] INFO:colcon.colcon_core.shell:Creating environment hook '/root/dddmr_navigation/install/dddmr_sc_pgo/share/dddmr_sc_pgo/hook/cmake_prefix_path.sh'
[15.447s] Level 1:colcon.colcon_core.environment:checking '/root/dddmr_navigation/install/dddmr_sc_pgo/lib'
[15.447s] Level 1:colcon.colcon_core.shell:create_environment_hook('dddmr_sc_pgo', 'ld_library_path_lib')
[15.447s] INFO:colcon.colcon_core.shell:Creating environment hook '/root/dddmr_navigation/install/dddmr_sc_pgo/share/dddmr_sc_pgo/hook/ld_library_path_lib.ps1'
[15.447s] INFO:colcon.colcon_core.shell:Creating environment descriptor '/root/dddmr_navigation/install/dddmr_sc_pgo/share/dddmr_sc_pgo/hook/ld_library_path_lib.dsv'
[15.447s] INFO:colcon.colcon_core.shell:Creating environment hook '/root/dddmr_navigation/install/dddmr_sc_pgo/share/dddmr_sc_pgo/hook/ld_library_path_lib.sh'
[15.447s] Level 1:colcon.colcon_core.environment:checking '/root/dddmr_navigation/install/dddmr_sc_pgo/bin'
[15.447s] Level 1:colcon.colcon_core.environment:checking '/root/dddmr_navigation/install/dddmr_sc_pgo/lib/pkgconfig/dddmr_sc_pgo.pc'
[15.448s] Level 1:colcon.colcon_core.environment:checking '/root/dddmr_navigation/install/dddmr_sc_pgo/lib/python3.10/site-packages'
[15.448s] Level 1:colcon.colcon_core.environment:checking '/root/dddmr_navigation/install/dddmr_sc_pgo/bin'
[15.448s] INFO:colcon.colcon_core.shell:Creating package script '/root/dddmr_navigation/install/dddmr_sc_pgo/share/dddmr_sc_pgo/package.ps1'
[15.448s] INFO:colcon.colcon_core.shell:Creating package descriptor '/root/dddmr_navigation/install/dddmr_sc_pgo/share/dddmr_sc_pgo/package.dsv'
[15.448s] INFO:colcon.colcon_core.shell:Creating package script '/root/dddmr_navigation/install/dddmr_sc_pgo/share/dddmr_sc_pgo/package.sh'
[15.448s] INFO:colcon.colcon_core.shell:Creating package script '/root/dddmr_navigation/install/dddmr_sc_pgo/share/dddmr_sc_pgo/package.bash'
[15.449s] INFO:colcon.colcon_core.shell:Creating package script '/root/dddmr_navigation/install/dddmr_sc_pgo/share/dddmr_sc_pgo/package.zsh'
[15.449s] Level 1:colcon.colcon_core.environment:create_file_with_runtime_dependencies(/root/dddmr_navigation/install/dddmr_sc_pgo/share/colcon-core/packages/dddmr_sc_pgo)
[15.449s] DEBUG:colcon.colcon_parallel_executor.executor.parallel:closing loop
[15.449s] DEBUG:colcon.colcon_parallel_executor.executor.parallel:loop closed
[15.449s] DEBUG:colcon.colcon_parallel_executor.executor.parallel:run_until_complete finished with '0'
[15.449s] DEBUG:colcon.colcon_core.event_reactor:joining thread
[15.456s] INFO:colcon.colcon_core.plugin_system:Skipping extension 'colcon_notification.desktop_notification.notify_send': Could not find 'notify-send'
[15.456s] INFO:colcon.colcon_core.plugin_system:Skipping extension 'colcon_notification.desktop_notification.terminal_notifier': Not used on non-Darwin systems
[15.456s] INFO:colcon.colcon_core.plugin_system:Skipping extension 'colcon_notification.desktop_notification.win32': Not used on non-Windows systems
[15.456s] INFO:colcon.colcon_notification.desktop_notification:Sending desktop notification using 'notify2'
[15.458s] DEBUG:colcon.colcon_notification.desktop_notification.notify2:Failed to initialize notify2: org.freedesktop.DBus.Error.Spawn.ExecFailed: /usr/bin/dbus-launch terminated abnormally without any error message
[15.458s] DEBUG:colcon.colcon_core.event_reactor:joined thread
[15.458s] INFO:colcon.colcon_core.shell:Creating prefix script '/root/dddmr_navigation/install/local_setup.ps1'
[15.459s] INFO:colcon.colcon_core.shell:Creating prefix util module '/root/dddmr_navigation/install/_local_setup_util_ps1.py'
[15.460s] INFO:colcon.colcon_core.shell:Creating prefix chain script '/root/dddmr_navigation/install/setup.ps1'
[15.461s] INFO:colcon.colcon_core.shell:Creating prefix script '/root/dddmr_navigation/install/local_setup.sh'
[15.461s] INFO:colcon.colcon_core.shell:Creating prefix util module '/root/dddmr_navigation/install/_local_setup_util_sh.py'
[15.461s] INFO:colcon.colcon_core.shell:Creating prefix chain script '/root/dddmr_navigation/install/setup.sh'
[15.462s] INFO:colcon.colcon_core.shell:Creating prefix script '/root/dddmr_navigation/install/local_setup.bash'
[15.463s] INFO:colcon.colcon_core.shell:Creating prefix chain script '/root/dddmr_navigation/install/setup.bash'
[15.464s] INFO:colcon.colcon_core.shell:Creating prefix script '/root/dddmr_navigation/install/local_setup.zsh'
[15.465s] INFO:colcon.colcon_core.shell:Creating prefix chain script '/root/dddmr_navigation/install/setup.zsh'
