[0.047s] DEBUG:colcon:Command line arguments: ['/usr/bin/colcon', 'build', '--symlink-install', '--cmake-args', '-DCMAKE_BUILD_TYPE=Release']
[0.047s] DEBUG:colcon:Parsed command line arguments: Namespace(log_base=None, log_level=None, verb_name='build', build_base='build', install_base='install', merge_install=False, symlink_install=True, test_result_base=None, continue_on_error=False, executor='parallel', parallel_workers=32, event_handlers=None, ignore_user_meta=False, metas=['./colcon.meta'], base_paths=['.'], packages_ignore=None, packages_ignore_regex=None, paths=None, packages_up_to=None, packages_up_to_regex=None, packages_above=None, packages_above_and_dependencies=None, packages_above_depth=None, packages_select_by_dep=None, packages_skip_by_dep=None, packages_skip_up_to=None, packages_select_build_failed=False, packages_skip_build_finished=False, packages_select_test_failures=False, packages_skip_test_passed=False, packages_select=None, packages_skip=None, packages_select_regex=None, packages_skip_regex=None, packages_start=None, packages_end=None, allow_overriding=[], cmake_args=['-DCMAKE_BUILD_TYPE=Release'], cmake_target=None, cmake_target_skip_unavailable=False, cmake_clean_cache=False, cmake_clean_first=False, cmake_force_configure=False, ament_cmake_args=None, catkin_cmake_args=None, catkin_skip_building_tests=False, verb_parser=<colcon_defaults.argument_parser.defaults.DefaultArgumentsDecorator object at 0x746af8837b50>, verb_extension=<colcon_core.verb.build.BuildVerb object at 0x746af8960f40>, main=<bound method BuildVerb.main of <colcon_core.verb.build.BuildVerb object at 0x746af8960f40>>)
[0.115s] Level 1:colcon.colcon_core.package_discovery:discover_packages(colcon_meta) check parameters
[0.115s] Level 1:colcon.colcon_core.package_discovery:discover_packages(recursive) check parameters
[0.115s] Level 1:colcon.colcon_core.package_discovery:discover_packages(ignore) check parameters
[0.115s] Level 1:colcon.colcon_core.package_discovery:discover_packages(path) check parameters
[0.115s] Level 1:colcon.colcon_core.package_discovery:discover_packages(colcon_meta) discover
[0.115s] Level 1:colcon.colcon_core.package_discovery:discover_packages(recursive) discover
[0.115s] INFO:colcon.colcon_core.package_discovery:Crawling recursively for packages in '/ws_gz'
[0.115s] Level 1:colcon.colcon_core.package_identification:_identify(.) by extensions ['ignore', 'ignore_ament_install']
[0.115s] Level 1:colcon.colcon_core.package_identification:_identify(.) by extension 'ignore'
[0.115s] Level 1:colcon.colcon_core.package_identification:_identify(.) by extension 'ignore_ament_install'
[0.115s] Level 1:colcon.colcon_core.package_identification:_identify(.) by extensions ['colcon_pkg']
[0.115s] Level 1:colcon.colcon_core.package_identification:_identify(.) by extension 'colcon_pkg'
[0.115s] Level 1:colcon.colcon_core.package_identification:_identify(.) by extensions ['colcon_meta']
[0.115s] Level 1:colcon.colcon_core.package_identification:_identify(.) by extension 'colcon_meta'
[0.115s] Level 1:colcon.colcon_core.package_identification:_identify(.) by extensions ['ros']
[0.115s] Level 1:colcon.colcon_core.package_identification:_identify(.) by extension 'ros'
[0.121s] Level 1:colcon.colcon_core.package_identification:_identify(.) by extensions ['cmake', 'python']
[0.121s] Level 1:colcon.colcon_core.package_identification:_identify(.) by extension 'cmake'
[0.121s] Level 1:colcon.colcon_core.package_identification:_identify(.) by extension 'python'
[0.121s] Level 1:colcon.colcon_core.package_identification:_identify(.) by extensions ['python_setup_py']
[0.121s] Level 1:colcon.colcon_core.package_identification:_identify(.) by extension 'python_setup_py'
[0.121s] Level 1:colcon.colcon_core.package_identification:_identify(build) by extensions ['ignore', 'ignore_ament_install']
[0.121s] Level 1:colcon.colcon_core.package_identification:_identify(build) by extension 'ignore'
[0.121s] Level 1:colcon.colcon_core.package_identification:_identify(build) ignored
[0.121s] Level 1:colcon.colcon_core.package_identification:_identify(install) by extensions ['ignore', 'ignore_ament_install']
[0.121s] Level 1:colcon.colcon_core.package_identification:_identify(install) by extension 'ignore'
[0.121s] Level 1:colcon.colcon_core.package_identification:_identify(install) ignored
[0.121s] Level 1:colcon.colcon_core.package_identification:_identify(log) by extensions ['ignore', 'ignore_ament_install']
[0.121s] Level 1:colcon.colcon_core.package_identification:_identify(log) by extension 'ignore'
[0.121s] Level 1:colcon.colcon_core.package_identification:_identify(log) ignored
[0.121s] Level 1:colcon.colcon_core.package_identification:_identify(src) by extensions ['ignore', 'ignore_ament_install']
[0.121s] Level 1:colcon.colcon_core.package_identification:_identify(src) by extension 'ignore'
[0.121s] Level 1:colcon.colcon_core.package_identification:_identify(src) by extension 'ignore_ament_install'
[0.121s] Level 1:colcon.colcon_core.package_identification:_identify(src) by extensions ['colcon_pkg']
[0.121s] Level 1:colcon.colcon_core.package_identification:_identify(src) by extension 'colcon_pkg'
[0.121s] Level 1:colcon.colcon_core.package_identification:_identify(src) by extensions ['colcon_meta']
[0.121s] Level 1:colcon.colcon_core.package_identification:_identify(src) by extension 'colcon_meta'
[0.121s] Level 1:colcon.colcon_core.package_identification:_identify(src) by extensions ['ros']
[0.121s] Level 1:colcon.colcon_core.package_identification:_identify(src) by extension 'ros'
[0.121s] Level 1:colcon.colcon_core.package_identification:_identify(src) by extensions ['cmake', 'python']
[0.121s] Level 1:colcon.colcon_core.package_identification:_identify(src) by extension 'cmake'
[0.121s] Level 1:colcon.colcon_core.package_identification:_identify(src) by extension 'python'
[0.121s] Level 1:colcon.colcon_core.package_identification:_identify(src) by extensions ['python_setup_py']
[0.121s] Level 1:colcon.colcon_core.package_identification:_identify(src) by extension 'python_setup_py'
[0.121s] Level 1:colcon.colcon_core.package_identification:_identify(src/gz_quadbot) by extensions ['ignore', 'ignore_ament_install']
[0.121s] Level 1:colcon.colcon_core.package_identification:_identify(src/gz_quadbot) by extension 'ignore'
[0.122s] Level 1:colcon.colcon_core.package_identification:_identify(src/gz_quadbot) by extension 'ignore_ament_install'
[0.122s] Level 1:colcon.colcon_core.package_identification:_identify(src/gz_quadbot) by extensions ['colcon_pkg']
[0.122s] Level 1:colcon.colcon_core.package_identification:_identify(src/gz_quadbot) by extension 'colcon_pkg'
[0.122s] Level 1:colcon.colcon_core.package_identification:_identify(src/gz_quadbot) by extensions ['colcon_meta']
[0.122s] Level 1:colcon.colcon_core.package_identification:_identify(src/gz_quadbot) by extension 'colcon_meta'
[0.122s] Level 1:colcon.colcon_core.package_identification:_identify(src/gz_quadbot) by extensions ['ros']
[0.122s] Level 1:colcon.colcon_core.package_identification:_identify(src/gz_quadbot) by extension 'ros'
[0.122s] Level 1:colcon.colcon_core.package_identification:_identify(src/gz_quadbot) by extensions ['cmake', 'python']
[0.122s] Level 1:colcon.colcon_core.package_identification:_identify(src/gz_quadbot) by extension 'cmake'
[0.122s] Level 1:colcon.colcon_core.package_identification:_identify(src/gz_quadbot) by extension 'python'
[0.122s] Level 1:colcon.colcon_core.package_identification:_identify(src/gz_quadbot) by extensions ['python_setup_py']
[0.122s] Level 1:colcon.colcon_core.package_identification:_identify(src/gz_quadbot) by extension 'python_setup_py'
[0.122s] Level 1:colcon.colcon_core.package_identification:_identify(src/gz_quadbot/champ) by extensions ['ignore', 'ignore_ament_install']
[0.122s] Level 1:colcon.colcon_core.package_identification:_identify(src/gz_quadbot/champ) by extension 'ignore'
[0.122s] Level 1:colcon.colcon_core.package_identification:_identify(src/gz_quadbot/champ) by extension 'ignore_ament_install'
[0.122s] Level 1:colcon.colcon_core.package_identification:_identify(src/gz_quadbot/champ) by extensions ['colcon_pkg']
[0.122s] Level 1:colcon.colcon_core.package_identification:_identify(src/gz_quadbot/champ) by extension 'colcon_pkg'
[0.122s] Level 1:colcon.colcon_core.package_identification:_identify(src/gz_quadbot/champ) by extensions ['colcon_meta']
[0.122s] Level 1:colcon.colcon_core.package_identification:_identify(src/gz_quadbot/champ) by extension 'colcon_meta'
[0.122s] Level 1:colcon.colcon_core.package_identification:_identify(src/gz_quadbot/champ) by extensions ['ros']
[0.122s] Level 1:colcon.colcon_core.package_identification:_identify(src/gz_quadbot/champ) by extension 'ros'
[0.122s] Level 1:colcon.colcon_core.package_identification:_identify(src/gz_quadbot/champ) by extensions ['cmake', 'python']
[0.122s] Level 1:colcon.colcon_core.package_identification:_identify(src/gz_quadbot/champ) by extension 'cmake'
[0.122s] Level 1:colcon.colcon_core.package_identification:_identify(src/gz_quadbot/champ) by extension 'python'
[0.122s] Level 1:colcon.colcon_core.package_identification:_identify(src/gz_quadbot/champ) by extensions ['python_setup_py']
[0.122s] Level 1:colcon.colcon_core.package_identification:_identify(src/gz_quadbot/champ) by extension 'python_setup_py'
[0.122s] Level 1:colcon.colcon_core.package_identification:_identify(src/gz_quadbot/champ/champ) by extensions ['ignore', 'ignore_ament_install']
[0.122s] Level 1:colcon.colcon_core.package_identification:_identify(src/gz_quadbot/champ/champ) by extension 'ignore'
[0.122s] Level 1:colcon.colcon_core.package_identification:_identify(src/gz_quadbot/champ/champ) by extension 'ignore_ament_install'
[0.122s] Level 1:colcon.colcon_core.package_identification:_identify(src/gz_quadbot/champ/champ) by extensions ['colcon_pkg']
[0.122s] Level 1:colcon.colcon_core.package_identification:_identify(src/gz_quadbot/champ/champ) by extension 'colcon_pkg'
[0.122s] Level 1:colcon.colcon_core.package_identification:_identify(src/gz_quadbot/champ/champ) by extensions ['colcon_meta']
[0.122s] Level 1:colcon.colcon_core.package_identification:_identify(src/gz_quadbot/champ/champ) by extension 'colcon_meta'
[0.122s] Level 1:colcon.colcon_core.package_identification:_identify(src/gz_quadbot/champ/champ) by extensions ['ros']
[0.122s] Level 1:colcon.colcon_core.package_identification:_identify(src/gz_quadbot/champ/champ) by extension 'ros'
[0.123s] DEBUG:colcon.colcon_core.package_identification:Package 'src/gz_quadbot/champ/champ' with type 'ros.ament_cmake' and name 'champ'
[0.123s] Level 1:colcon.colcon_core.package_identification:_identify(src/gz_quadbot/champ/champ_base) by extensions ['ignore', 'ignore_ament_install']
[0.123s] Level 1:colcon.colcon_core.package_identification:_identify(src/gz_quadbot/champ/champ_base) by extension 'ignore'
[0.123s] Level 1:colcon.colcon_core.package_identification:_identify(src/gz_quadbot/champ/champ_base) by extension 'ignore_ament_install'
[0.123s] Level 1:colcon.colcon_core.package_identification:_identify(src/gz_quadbot/champ/champ_base) by extensions ['colcon_pkg']
[0.123s] Level 1:colcon.colcon_core.package_identification:_identify(src/gz_quadbot/champ/champ_base) by extension 'colcon_pkg'
[0.123s] Level 1:colcon.colcon_core.package_identification:_identify(src/gz_quadbot/champ/champ_base) by extensions ['colcon_meta']
[0.123s] Level 1:colcon.colcon_core.package_identification:_identify(src/gz_quadbot/champ/champ_base) by extension 'colcon_meta'
[0.123s] Level 1:colcon.colcon_core.package_identification:_identify(src/gz_quadbot/champ/champ_base) by extensions ['ros']
[0.123s] Level 1:colcon.colcon_core.package_identification:_identify(src/gz_quadbot/champ/champ_base) by extension 'ros'
[0.124s] DEBUG:colcon.colcon_core.package_identification:Package 'src/gz_quadbot/champ/champ_base' with type 'ros.ament_cmake' and name 'champ_base'
[0.124s] Level 1:colcon.colcon_core.package_identification:_identify(src/gz_quadbot/champ/champ_bringup) by extensions ['ignore', 'ignore_ament_install']
[0.124s] Level 1:colcon.colcon_core.package_identification:_identify(src/gz_quadbot/champ/champ_bringup) by extension 'ignore'
[0.124s] Level 1:colcon.colcon_core.package_identification:_identify(src/gz_quadbot/champ/champ_bringup) by extension 'ignore_ament_install'
[0.124s] Level 1:colcon.colcon_core.package_identification:_identify(src/gz_quadbot/champ/champ_bringup) by extensions ['colcon_pkg']
[0.124s] Level 1:colcon.colcon_core.package_identification:_identify(src/gz_quadbot/champ/champ_bringup) by extension 'colcon_pkg'
[0.124s] Level 1:colcon.colcon_core.package_identification:_identify(src/gz_quadbot/champ/champ_bringup) by extensions ['colcon_meta']
[0.124s] Level 1:colcon.colcon_core.package_identification:_identify(src/gz_quadbot/champ/champ_bringup) by extension 'colcon_meta'
[0.124s] Level 1:colcon.colcon_core.package_identification:_identify(src/gz_quadbot/champ/champ_bringup) by extensions ['ros']
[0.124s] Level 1:colcon.colcon_core.package_identification:_identify(src/gz_quadbot/champ/champ_bringup) by extension 'ros'
[0.124s] DEBUG:colcon.colcon_core.package_identification:Package 'src/gz_quadbot/champ/champ_bringup' with type 'ros.ament_cmake' and name 'champ_bringup'
[0.124s] Level 1:colcon.colcon_core.package_identification:_identify(src/gz_quadbot/champ/champ_config) by extensions ['ignore', 'ignore_ament_install']
[0.124s] Level 1:colcon.colcon_core.package_identification:_identify(src/gz_quadbot/champ/champ_config) by extension 'ignore'
[0.125s] Level 1:colcon.colcon_core.package_identification:_identify(src/gz_quadbot/champ/champ_config) by extension 'ignore_ament_install'
[0.125s] Level 1:colcon.colcon_core.package_identification:_identify(src/gz_quadbot/champ/champ_config) by extensions ['colcon_pkg']
[0.125s] Level 1:colcon.colcon_core.package_identification:_identify(src/gz_quadbot/champ/champ_config) by extension 'colcon_pkg'
[0.125s] Level 1:colcon.colcon_core.package_identification:_identify(src/gz_quadbot/champ/champ_config) by extensions ['colcon_meta']
[0.125s] Level 1:colcon.colcon_core.package_identification:_identify(src/gz_quadbot/champ/champ_config) by extension 'colcon_meta'
[0.125s] Level 1:colcon.colcon_core.package_identification:_identify(src/gz_quadbot/champ/champ_config) by extensions ['ros']
[0.125s] Level 1:colcon.colcon_core.package_identification:_identify(src/gz_quadbot/champ/champ_config) by extension 'ros'
[0.125s] DEBUG:colcon.colcon_core.package_identification:Package 'src/gz_quadbot/champ/champ_config' with type 'ros.ament_cmake' and name 'champ_config'
[0.125s] Level 1:colcon.colcon_core.package_identification:_identify(src/gz_quadbot/champ/champ_description) by extensions ['ignore', 'ignore_ament_install']
[0.125s] Level 1:colcon.colcon_core.package_identification:_identify(src/gz_quadbot/champ/champ_description) by extension 'ignore'
[0.125s] Level 1:colcon.colcon_core.package_identification:_identify(src/gz_quadbot/champ/champ_description) by extension 'ignore_ament_install'
[0.125s] Level 1:colcon.colcon_core.package_identification:_identify(src/gz_quadbot/champ/champ_description) by extensions ['colcon_pkg']
[0.125s] Level 1:colcon.colcon_core.package_identification:_identify(src/gz_quadbot/champ/champ_description) by extension 'colcon_pkg'
[0.125s] Level 1:colcon.colcon_core.package_identification:_identify(src/gz_quadbot/champ/champ_description) by extensions ['colcon_meta']
[0.125s] Level 1:colcon.colcon_core.package_identification:_identify(src/gz_quadbot/champ/champ_description) by extension 'colcon_meta'
[0.125s] Level 1:colcon.colcon_core.package_identification:_identify(src/gz_quadbot/champ/champ_description) by extensions ['ros']
[0.125s] Level 1:colcon.colcon_core.package_identification:_identify(src/gz_quadbot/champ/champ_description) by extension 'ros'
[0.125s] DEBUG:colcon.colcon_core.package_identification:Package 'src/gz_quadbot/champ/champ_description' with type 'ros.ament_cmake' and name 'champ_description'
[0.125s] Level 1:colcon.colcon_core.package_identification:_identify(src/gz_quadbot/champ/champ_gazebo) by extensions ['ignore', 'ignore_ament_install']
[0.125s] Level 1:colcon.colcon_core.package_identification:_identify(src/gz_quadbot/champ/champ_gazebo) by extension 'ignore'
[0.125s] Level 1:colcon.colcon_core.package_identification:_identify(src/gz_quadbot/champ/champ_gazebo) by extension 'ignore_ament_install'
[0.125s] Level 1:colcon.colcon_core.package_identification:_identify(src/gz_quadbot/champ/champ_gazebo) by extensions ['colcon_pkg']
[0.125s] Level 1:colcon.colcon_core.package_identification:_identify(src/gz_quadbot/champ/champ_gazebo) by extension 'colcon_pkg'
[0.125s] Level 1:colcon.colcon_core.package_identification:_identify(src/gz_quadbot/champ/champ_gazebo) by extensions ['colcon_meta']
[0.125s] Level 1:colcon.colcon_core.package_identification:_identify(src/gz_quadbot/champ/champ_gazebo) by extension 'colcon_meta'
[0.125s] Level 1:colcon.colcon_core.package_identification:_identify(src/gz_quadbot/champ/champ_gazebo) by extensions ['ros']
[0.125s] Level 1:colcon.colcon_core.package_identification:_identify(src/gz_quadbot/champ/champ_gazebo) by extension 'ros'
[0.126s] DEBUG:colcon.colcon_core.package_identification:Package 'src/gz_quadbot/champ/champ_gazebo' with type 'ros.ament_cmake' and name 'champ_gazebo'
[0.126s] Level 1:colcon.colcon_core.package_identification:_identify(src/gz_quadbot/champ/champ_msgs) by extensions ['ignore', 'ignore_ament_install']
[0.126s] Level 1:colcon.colcon_core.package_identification:_identify(src/gz_quadbot/champ/champ_msgs) by extension 'ignore'
[0.126s] Level 1:colcon.colcon_core.package_identification:_identify(src/gz_quadbot/champ/champ_msgs) by extension 'ignore_ament_install'
[0.126s] Level 1:colcon.colcon_core.package_identification:_identify(src/gz_quadbot/champ/champ_msgs) by extensions ['colcon_pkg']
[0.126s] Level 1:colcon.colcon_core.package_identification:_identify(src/gz_quadbot/champ/champ_msgs) by extension 'colcon_pkg'
[0.126s] Level 1:colcon.colcon_core.package_identification:_identify(src/gz_quadbot/champ/champ_msgs) by extensions ['colcon_meta']
[0.126s] Level 1:colcon.colcon_core.package_identification:_identify(src/gz_quadbot/champ/champ_msgs) by extension 'colcon_meta'
[0.126s] Level 1:colcon.colcon_core.package_identification:_identify(src/gz_quadbot/champ/champ_msgs) by extensions ['ros']
[0.126s] Level 1:colcon.colcon_core.package_identification:_identify(src/gz_quadbot/champ/champ_msgs) by extension 'ros'
[0.126s] DEBUG:colcon.colcon_core.package_identification:Package 'src/gz_quadbot/champ/champ_msgs' with type 'ros.ament_cmake' and name 'champ_msgs'
[0.126s] Level 1:colcon.colcon_core.package_identification:_identify(src/gz_quadbot/champ/champ_navigation) by extensions ['ignore', 'ignore_ament_install']
[0.126s] Level 1:colcon.colcon_core.package_identification:_identify(src/gz_quadbot/champ/champ_navigation) by extension 'ignore'
[0.126s] Level 1:colcon.colcon_core.package_identification:_identify(src/gz_quadbot/champ/champ_navigation) by extension 'ignore_ament_install'
[0.126s] Level 1:colcon.colcon_core.package_identification:_identify(src/gz_quadbot/champ/champ_navigation) by extensions ['colcon_pkg']
[0.126s] Level 1:colcon.colcon_core.package_identification:_identify(src/gz_quadbot/champ/champ_navigation) by extension 'colcon_pkg'
[0.126s] Level 1:colcon.colcon_core.package_identification:_identify(src/gz_quadbot/champ/champ_navigation) by extensions ['colcon_meta']
[0.126s] Level 1:colcon.colcon_core.package_identification:_identify(src/gz_quadbot/champ/champ_navigation) by extension 'colcon_meta'
[0.126s] Level 1:colcon.colcon_core.package_identification:_identify(src/gz_quadbot/champ/champ_navigation) by extensions ['ros']
[0.126s] Level 1:colcon.colcon_core.package_identification:_identify(src/gz_quadbot/champ/champ_navigation) by extension 'ros'
[0.127s] DEBUG:colcon.colcon_core.package_identification:Package 'src/gz_quadbot/champ/champ_navigation' with type 'ros.ament_cmake' and name 'champ_navigation'
[0.127s] Level 1:colcon.colcon_core.package_identification:_identify(src/gz_quadbot/champ/docs) by extensions ['ignore', 'ignore_ament_install']
[0.127s] Level 1:colcon.colcon_core.package_identification:_identify(src/gz_quadbot/champ/docs) by extension 'ignore'
[0.127s] Level 1:colcon.colcon_core.package_identification:_identify(src/gz_quadbot/champ/docs) by extension 'ignore_ament_install'
[0.127s] Level 1:colcon.colcon_core.package_identification:_identify(src/gz_quadbot/champ/docs) by extensions ['colcon_pkg']
[0.127s] Level 1:colcon.colcon_core.package_identification:_identify(src/gz_quadbot/champ/docs) by extension 'colcon_pkg'
[0.127s] Level 1:colcon.colcon_core.package_identification:_identify(src/gz_quadbot/champ/docs) by extensions ['colcon_meta']
[0.127s] Level 1:colcon.colcon_core.package_identification:_identify(src/gz_quadbot/champ/docs) by extension 'colcon_meta'
[0.127s] Level 1:colcon.colcon_core.package_identification:_identify(src/gz_quadbot/champ/docs) by extensions ['ros']
[0.127s] Level 1:colcon.colcon_core.package_identification:_identify(src/gz_quadbot/champ/docs) by extension 'ros'
[0.127s] Level 1:colcon.colcon_core.package_identification:_identify(src/gz_quadbot/champ/docs) by extensions ['cmake', 'python']
[0.127s] Level 1:colcon.colcon_core.package_identification:_identify(src/gz_quadbot/champ/docs) by extension 'cmake'
[0.127s] Level 1:colcon.colcon_core.package_identification:_identify(src/gz_quadbot/champ/docs) by extension 'python'
[0.127s] Level 1:colcon.colcon_core.package_identification:_identify(src/gz_quadbot/champ/docs) by extensions ['python_setup_py']
[0.127s] Level 1:colcon.colcon_core.package_identification:_identify(src/gz_quadbot/champ/docs) by extension 'python_setup_py'
[0.127s] Level 1:colcon.colcon_core.package_identification:_identify(src/gz_quadbot/champ/docs/images) by extensions ['ignore', 'ignore_ament_install']
[0.127s] Level 1:colcon.colcon_core.package_identification:_identify(src/gz_quadbot/champ/docs/images) by extension 'ignore'
[0.127s] Level 1:colcon.colcon_core.package_identification:_identify(src/gz_quadbot/champ/docs/images) by extension 'ignore_ament_install'
[0.127s] Level 1:colcon.colcon_core.package_identification:_identify(src/gz_quadbot/champ/docs/images) by extensions ['colcon_pkg']
[0.127s] Level 1:colcon.colcon_core.package_identification:_identify(src/gz_quadbot/champ/docs/images) by extension 'colcon_pkg'
[0.127s] Level 1:colcon.colcon_core.package_identification:_identify(src/gz_quadbot/champ/docs/images) by extensions ['colcon_meta']
[0.127s] Level 1:colcon.colcon_core.package_identification:_identify(src/gz_quadbot/champ/docs/images) by extension 'colcon_meta'
[0.127s] Level 1:colcon.colcon_core.package_identification:_identify(src/gz_quadbot/champ/docs/images) by extensions ['ros']
[0.127s] Level 1:colcon.colcon_core.package_identification:_identify(src/gz_quadbot/champ/docs/images) by extension 'ros'
[0.127s] Level 1:colcon.colcon_core.package_identification:_identify(src/gz_quadbot/champ/docs/images) by extensions ['cmake', 'python']
[0.127s] Level 1:colcon.colcon_core.package_identification:_identify(src/gz_quadbot/champ/docs/images) by extension 'cmake'
[0.127s] Level 1:colcon.colcon_core.package_identification:_identify(src/gz_quadbot/champ/docs/images) by extension 'python'
[0.127s] Level 1:colcon.colcon_core.package_identification:_identify(src/gz_quadbot/champ/docs/images) by extensions ['python_setup_py']
[0.127s] Level 1:colcon.colcon_core.package_identification:_identify(src/gz_quadbot/champ/docs/images) by extension 'python_setup_py'
[0.127s] Level 1:colcon.colcon_core.package_identification:_identify(src/gz_quadbot/robots) by extensions ['ignore', 'ignore_ament_install']
[0.127s] Level 1:colcon.colcon_core.package_identification:_identify(src/gz_quadbot/robots) by extension 'ignore'
[0.127s] Level 1:colcon.colcon_core.package_identification:_identify(src/gz_quadbot/robots) by extension 'ignore_ament_install'
[0.127s] Level 1:colcon.colcon_core.package_identification:_identify(src/gz_quadbot/robots) by extensions ['colcon_pkg']
[0.127s] Level 1:colcon.colcon_core.package_identification:_identify(src/gz_quadbot/robots) by extension 'colcon_pkg'
[0.127s] Level 1:colcon.colcon_core.package_identification:_identify(src/gz_quadbot/robots) by extensions ['colcon_meta']
[0.127s] Level 1:colcon.colcon_core.package_identification:_identify(src/gz_quadbot/robots) by extension 'colcon_meta'
[0.127s] Level 1:colcon.colcon_core.package_identification:_identify(src/gz_quadbot/robots) by extensions ['ros']
[0.127s] Level 1:colcon.colcon_core.package_identification:_identify(src/gz_quadbot/robots) by extension 'ros'
[0.127s] Level 1:colcon.colcon_core.package_identification:_identify(src/gz_quadbot/robots) by extensions ['cmake', 'python']
[0.127s] Level 1:colcon.colcon_core.package_identification:_identify(src/gz_quadbot/robots) by extension 'cmake'
[0.127s] Level 1:colcon.colcon_core.package_identification:_identify(src/gz_quadbot/robots) by extension 'python'
[0.127s] Level 1:colcon.colcon_core.package_identification:_identify(src/gz_quadbot/robots) by extensions ['python_setup_py']
[0.127s] Level 1:colcon.colcon_core.package_identification:_identify(src/gz_quadbot/robots) by extension 'python_setup_py'
[0.127s] Level 1:colcon.colcon_core.package_identification:_identify(src/gz_quadbot/robots/configs) by extensions ['ignore', 'ignore_ament_install']
[0.127s] Level 1:colcon.colcon_core.package_identification:_identify(src/gz_quadbot/robots/configs) by extension 'ignore'
[0.127s] Level 1:colcon.colcon_core.package_identification:_identify(src/gz_quadbot/robots/configs) by extension 'ignore_ament_install'
[0.127s] Level 1:colcon.colcon_core.package_identification:_identify(src/gz_quadbot/robots/configs) by extensions ['colcon_pkg']
[0.127s] Level 1:colcon.colcon_core.package_identification:_identify(src/gz_quadbot/robots/configs) by extension 'colcon_pkg'
[0.127s] Level 1:colcon.colcon_core.package_identification:_identify(src/gz_quadbot/robots/configs) by extensions ['colcon_meta']
[0.128s] Level 1:colcon.colcon_core.package_identification:_identify(src/gz_quadbot/robots/configs) by extension 'colcon_meta'
[0.128s] Level 1:colcon.colcon_core.package_identification:_identify(src/gz_quadbot/robots/configs) by extensions ['ros']
[0.128s] Level 1:colcon.colcon_core.package_identification:_identify(src/gz_quadbot/robots/configs) by extension 'ros'
[0.128s] Level 1:colcon.colcon_core.package_identification:_identify(src/gz_quadbot/robots/configs) by extensions ['cmake', 'python']
[0.128s] Level 1:colcon.colcon_core.package_identification:_identify(src/gz_quadbot/robots/configs) by extension 'cmake'
[0.128s] Level 1:colcon.colcon_core.package_identification:_identify(src/gz_quadbot/robots/configs) by extension 'python'
[0.128s] Level 1:colcon.colcon_core.package_identification:_identify(src/gz_quadbot/robots/configs) by extensions ['python_setup_py']
[0.128s] Level 1:colcon.colcon_core.package_identification:_identify(src/gz_quadbot/robots/configs) by extension 'python_setup_py'
[0.128s] Level 1:colcon.colcon_core.package_identification:_identify(src/gz_quadbot/robots/configs/go2_config) by extensions ['ignore', 'ignore_ament_install']
[0.128s] Level 1:colcon.colcon_core.package_identification:_identify(src/gz_quadbot/robots/configs/go2_config) by extension 'ignore'
[0.128s] Level 1:colcon.colcon_core.package_identification:_identify(src/gz_quadbot/robots/configs/go2_config) by extension 'ignore_ament_install'
[0.128s] Level 1:colcon.colcon_core.package_identification:_identify(src/gz_quadbot/robots/configs/go2_config) by extensions ['colcon_pkg']
[0.128s] Level 1:colcon.colcon_core.package_identification:_identify(src/gz_quadbot/robots/configs/go2_config) by extension 'colcon_pkg'
[0.128s] Level 1:colcon.colcon_core.package_identification:_identify(src/gz_quadbot/robots/configs/go2_config) by extensions ['colcon_meta']
[0.128s] Level 1:colcon.colcon_core.package_identification:_identify(src/gz_quadbot/robots/configs/go2_config) by extension 'colcon_meta'
[0.128s] Level 1:colcon.colcon_core.package_identification:_identify(src/gz_quadbot/robots/configs/go2_config) by extensions ['ros']
[0.128s] Level 1:colcon.colcon_core.package_identification:_identify(src/gz_quadbot/robots/configs/go2_config) by extension 'ros'
[0.128s] DEBUG:colcon.colcon_core.package_identification:Package 'src/gz_quadbot/robots/configs/go2_config' with type 'ros.ament_cmake' and name 'go2_config'
[0.128s] Level 1:colcon.colcon_core.package_identification:_identify(src/gz_quadbot/robots/descriptions) by extensions ['ignore', 'ignore_ament_install']
[0.128s] Level 1:colcon.colcon_core.package_identification:_identify(src/gz_quadbot/robots/descriptions) by extension 'ignore'
[0.128s] Level 1:colcon.colcon_core.package_identification:_identify(src/gz_quadbot/robots/descriptions) by extension 'ignore_ament_install'
[0.128s] Level 1:colcon.colcon_core.package_identification:_identify(src/gz_quadbot/robots/descriptions) by extensions ['colcon_pkg']
[0.128s] Level 1:colcon.colcon_core.package_identification:_identify(src/gz_quadbot/robots/descriptions) by extension 'colcon_pkg'
[0.128s] Level 1:colcon.colcon_core.package_identification:_identify(src/gz_quadbot/robots/descriptions) by extensions ['colcon_meta']
[0.128s] Level 1:colcon.colcon_core.package_identification:_identify(src/gz_quadbot/robots/descriptions) by extension 'colcon_meta'
[0.128s] Level 1:colcon.colcon_core.package_identification:_identify(src/gz_quadbot/robots/descriptions) by extensions ['ros']
[0.128s] Level 1:colcon.colcon_core.package_identification:_identify(src/gz_quadbot/robots/descriptions) by extension 'ros'
[0.128s] Level 1:colcon.colcon_core.package_identification:_identify(src/gz_quadbot/robots/descriptions) by extensions ['cmake', 'python']
[0.128s] Level 1:colcon.colcon_core.package_identification:_identify(src/gz_quadbot/robots/descriptions) by extension 'cmake'
[0.128s] Level 1:colcon.colcon_core.package_identification:_identify(src/gz_quadbot/robots/descriptions) by extension 'python'
[0.128s] Level 1:colcon.colcon_core.package_identification:_identify(src/gz_quadbot/robots/descriptions) by extensions ['python_setup_py']
[0.128s] Level 1:colcon.colcon_core.package_identification:_identify(src/gz_quadbot/robots/descriptions) by extension 'python_setup_py'
[0.128s] Level 1:colcon.colcon_core.package_identification:_identify(src/gz_quadbot/robots/descriptions/go2_description) by extensions ['ignore', 'ignore_ament_install']
[0.128s] Level 1:colcon.colcon_core.package_identification:_identify(src/gz_quadbot/robots/descriptions/go2_description) by extension 'ignore'
[0.128s] Level 1:colcon.colcon_core.package_identification:_identify(src/gz_quadbot/robots/descriptions/go2_description) by extension 'ignore_ament_install'
[0.128s] Level 1:colcon.colcon_core.package_identification:_identify(src/gz_quadbot/robots/descriptions/go2_description) by extensions ['colcon_pkg']
[0.128s] Level 1:colcon.colcon_core.package_identification:_identify(src/gz_quadbot/robots/descriptions/go2_description) by extension 'colcon_pkg'
[0.128s] Level 1:colcon.colcon_core.package_identification:_identify(src/gz_quadbot/robots/descriptions/go2_description) by extensions ['colcon_meta']
[0.128s] Level 1:colcon.colcon_core.package_identification:_identify(src/gz_quadbot/robots/descriptions/go2_description) by extension 'colcon_meta'
[0.128s] Level 1:colcon.colcon_core.package_identification:_identify(src/gz_quadbot/robots/descriptions/go2_description) by extensions ['ros']
[0.128s] Level 1:colcon.colcon_core.package_identification:_identify(src/gz_quadbot/robots/descriptions/go2_description) by extension 'ros'
[0.129s] DEBUG:colcon.colcon_core.package_identification:Package 'src/gz_quadbot/robots/descriptions/go2_description' with type 'ros.ament_cmake' and name 'go2_description'
[0.129s] Level 1:colcon.colcon_core.package_identification:_identify(src/livox_laser_simulation_RO2) by extensions ['ignore', 'ignore_ament_install']
[0.129s] Level 1:colcon.colcon_core.package_identification:_identify(src/livox_laser_simulation_RO2) by extension 'ignore'
[0.129s] Level 1:colcon.colcon_core.package_identification:_identify(src/livox_laser_simulation_RO2) by extension 'ignore_ament_install'
[0.129s] Level 1:colcon.colcon_core.package_identification:_identify(src/livox_laser_simulation_RO2) by extensions ['colcon_pkg']
[0.129s] Level 1:colcon.colcon_core.package_identification:_identify(src/livox_laser_simulation_RO2) by extension 'colcon_pkg'
[0.129s] Level 1:colcon.colcon_core.package_identification:_identify(src/livox_laser_simulation_RO2) by extensions ['colcon_meta']
[0.129s] Level 1:colcon.colcon_core.package_identification:_identify(src/livox_laser_simulation_RO2) by extension 'colcon_meta'
[0.129s] Level 1:colcon.colcon_core.package_identification:_identify(src/livox_laser_simulation_RO2) by extensions ['ros']
[0.129s] Level 1:colcon.colcon_core.package_identification:_identify(src/livox_laser_simulation_RO2) by extension 'ros'
[0.129s] DEBUG:colcon.colcon_core.package_identification:Package 'src/livox_laser_simulation_RO2' with type 'ros.ament_cmake' and name 'ros2_livox_simulation'
[0.129s] Level 1:colcon.colcon_core.package_discovery:discover_packages(recursive) using defaults
[0.129s] Level 1:colcon.colcon_core.package_discovery:discover_packages(ignore) discover
[0.129s] Level 1:colcon.colcon_core.package_discovery:discover_packages(ignore) using defaults
[0.129s] Level 1:colcon.colcon_core.package_discovery:discover_packages(path) discover
[0.129s] Level 1:colcon.colcon_core.package_discovery:discover_packages(path) using defaults
[0.140s] Level 1:colcon.colcon_core.package_discovery:discover_packages(prefix_path) check parameters
[0.140s] Level 1:colcon.colcon_core.package_discovery:discover_packages(prefix_path) discover
[0.141s] DEBUG:colcon.colcon_installed_package_information.package_discovery:Found 12 installed packages in /ws_gz/install
[0.141s] DEBUG:colcon.colcon_installed_package_information.package_discovery:Found 1 installed packages in /livox_ws/install
[0.142s] DEBUG:colcon.colcon_installed_package_information.package_discovery:Found 332 installed packages in /opt/ros/humble
[0.148s] Level 1:colcon.colcon_core.package_discovery:discover_packages(prefix_path) using defaults
[0.165s] Level 5:colcon.colcon_core.verb:set package 'champ' build argument 'cmake_args' from command line to '['-DCMAKE_BUILD_TYPE=Release']'
[0.165s] Level 5:colcon.colcon_core.verb:set package 'champ' build argument 'cmake_target' from command line to 'None'
[0.165s] Level 5:colcon.colcon_core.verb:set package 'champ' build argument 'cmake_target_skip_unavailable' from command line to 'False'
[0.165s] Level 5:colcon.colcon_core.verb:set package 'champ' build argument 'cmake_clean_cache' from command line to 'False'
[0.165s] Level 5:colcon.colcon_core.verb:set package 'champ' build argument 'cmake_clean_first' from command line to 'False'
[0.165s] Level 5:colcon.colcon_core.verb:set package 'champ' build argument 'cmake_force_configure' from command line to 'False'
[0.166s] Level 5:colcon.colcon_core.verb:set package 'champ' build argument 'ament_cmake_args' from command line to 'None'
[0.166s] Level 5:colcon.colcon_core.verb:set package 'champ' build argument 'catkin_cmake_args' from command line to 'None'
[0.166s] Level 5:colcon.colcon_core.verb:set package 'champ' build argument 'catkin_skip_building_tests' from command line to 'False'
[0.166s] DEBUG:colcon.colcon_core.verb:Building package 'champ' with the following arguments: {'ament_cmake_args': None, 'build_base': '/ws_gz/build/champ', 'catkin_cmake_args': None, 'catkin_skip_building_tests': False, 'cmake_args': ['-DCMAKE_BUILD_TYPE=Release'], 'cmake_clean_cache': False, 'cmake_clean_first': False, 'cmake_force_configure': False, 'cmake_target': None, 'cmake_target_skip_unavailable': False, 'install_base': '/ws_gz/install/champ', 'merge_install': False, 'path': '/ws_gz/src/gz_quadbot/champ/champ', 'symlink_install': True, 'test_result_base': None}
[0.166s] Level 5:colcon.colcon_core.verb:set package 'champ_config' build argument 'cmake_args' from command line to '['-DCMAKE_BUILD_TYPE=Release']'
[0.166s] Level 5:colcon.colcon_core.verb:set package 'champ_config' build argument 'cmake_target' from command line to 'None'
[0.166s] Level 5:colcon.colcon_core.verb:set package 'champ_config' build argument 'cmake_target_skip_unavailable' from command line to 'False'
[0.166s] Level 5:colcon.colcon_core.verb:set package 'champ_config' build argument 'cmake_clean_cache' from command line to 'False'
[0.166s] Level 5:colcon.colcon_core.verb:set package 'champ_config' build argument 'cmake_clean_first' from command line to 'False'
[0.166s] Level 5:colcon.colcon_core.verb:set package 'champ_config' build argument 'cmake_force_configure' from command line to 'False'
[0.166s] Level 5:colcon.colcon_core.verb:set package 'champ_config' build argument 'ament_cmake_args' from command line to 'None'
[0.166s] Level 5:colcon.colcon_core.verb:set package 'champ_config' build argument 'catkin_cmake_args' from command line to 'None'
[0.166s] Level 5:colcon.colcon_core.verb:set package 'champ_config' build argument 'catkin_skip_building_tests' from command line to 'False'
[0.166s] DEBUG:colcon.colcon_core.verb:Building package 'champ_config' with the following arguments: {'ament_cmake_args': None, 'build_base': '/ws_gz/build/champ_config', 'catkin_cmake_args': None, 'catkin_skip_building_tests': False, 'cmake_args': ['-DCMAKE_BUILD_TYPE=Release'], 'cmake_clean_cache': False, 'cmake_clean_first': False, 'cmake_force_configure': False, 'cmake_target': None, 'cmake_target_skip_unavailable': False, 'install_base': '/ws_gz/install/champ_config', 'merge_install': False, 'path': '/ws_gz/src/gz_quadbot/champ/champ_config', 'symlink_install': True, 'test_result_base': None}
[0.166s] Level 5:colcon.colcon_core.verb:set package 'champ_description' build argument 'cmake_args' from command line to '['-DCMAKE_BUILD_TYPE=Release']'
[0.166s] Level 5:colcon.colcon_core.verb:set package 'champ_description' build argument 'cmake_target' from command line to 'None'
[0.166s] Level 5:colcon.colcon_core.verb:set package 'champ_description' build argument 'cmake_target_skip_unavailable' from command line to 'False'
[0.166s] Level 5:colcon.colcon_core.verb:set package 'champ_description' build argument 'cmake_clean_cache' from command line to 'False'
[0.166s] Level 5:colcon.colcon_core.verb:set package 'champ_description' build argument 'cmake_clean_first' from command line to 'False'
[0.166s] Level 5:colcon.colcon_core.verb:set package 'champ_description' build argument 'cmake_force_configure' from command line to 'False'
[0.166s] Level 5:colcon.colcon_core.verb:set package 'champ_description' build argument 'ament_cmake_args' from command line to 'None'
[0.166s] Level 5:colcon.colcon_core.verb:set package 'champ_description' build argument 'catkin_cmake_args' from command line to 'None'
[0.166s] Level 5:colcon.colcon_core.verb:set package 'champ_description' build argument 'catkin_skip_building_tests' from command line to 'False'
[0.166s] DEBUG:colcon.colcon_core.verb:Building package 'champ_description' with the following arguments: {'ament_cmake_args': None, 'build_base': '/ws_gz/build/champ_description', 'catkin_cmake_args': None, 'catkin_skip_building_tests': False, 'cmake_args': ['-DCMAKE_BUILD_TYPE=Release'], 'cmake_clean_cache': False, 'cmake_clean_first': False, 'cmake_force_configure': False, 'cmake_target': None, 'cmake_target_skip_unavailable': False, 'install_base': '/ws_gz/install/champ_description', 'merge_install': False, 'path': '/ws_gz/src/gz_quadbot/champ/champ_description', 'symlink_install': True, 'test_result_base': None}
[0.166s] Level 5:colcon.colcon_core.verb:set package 'champ_msgs' build argument 'cmake_args' from command line to '['-DCMAKE_BUILD_TYPE=Release']'
[0.166s] Level 5:colcon.colcon_core.verb:set package 'champ_msgs' build argument 'cmake_target' from command line to 'None'
[0.166s] Level 5:colcon.colcon_core.verb:set package 'champ_msgs' build argument 'cmake_target_skip_unavailable' from command line to 'False'
[0.166s] Level 5:colcon.colcon_core.verb:set package 'champ_msgs' build argument 'cmake_clean_cache' from command line to 'False'
[0.166s] Level 5:colcon.colcon_core.verb:set package 'champ_msgs' build argument 'cmake_clean_first' from command line to 'False'
[0.166s] Level 5:colcon.colcon_core.verb:set package 'champ_msgs' build argument 'cmake_force_configure' from command line to 'False'
[0.166s] Level 5:colcon.colcon_core.verb:set package 'champ_msgs' build argument 'ament_cmake_args' from command line to 'None'
[0.166s] Level 5:colcon.colcon_core.verb:set package 'champ_msgs' build argument 'catkin_cmake_args' from command line to 'None'
[0.166s] Level 5:colcon.colcon_core.verb:set package 'champ_msgs' build argument 'catkin_skip_building_tests' from command line to 'False'
[0.166s] DEBUG:colcon.colcon_core.verb:Building package 'champ_msgs' with the following arguments: {'ament_cmake_args': None, 'build_base': '/ws_gz/build/champ_msgs', 'catkin_cmake_args': None, 'catkin_skip_building_tests': False, 'cmake_args': ['-DCMAKE_BUILD_TYPE=Release'], 'cmake_clean_cache': False, 'cmake_clean_first': False, 'cmake_force_configure': False, 'cmake_target': None, 'cmake_target_skip_unavailable': False, 'install_base': '/ws_gz/install/champ_msgs', 'merge_install': False, 'path': '/ws_gz/src/gz_quadbot/champ/champ_msgs', 'symlink_install': True, 'test_result_base': None}
[0.166s] Level 5:colcon.colcon_core.verb:set package 'champ_navigation' build argument 'cmake_args' from command line to '['-DCMAKE_BUILD_TYPE=Release']'
[0.166s] Level 5:colcon.colcon_core.verb:set package 'champ_navigation' build argument 'cmake_target' from command line to 'None'
[0.166s] Level 5:colcon.colcon_core.verb:set package 'champ_navigation' build argument 'cmake_target_skip_unavailable' from command line to 'False'
[0.166s] Level 5:colcon.colcon_core.verb:set package 'champ_navigation' build argument 'cmake_clean_cache' from command line to 'False'
[0.166s] Level 5:colcon.colcon_core.verb:set package 'champ_navigation' build argument 'cmake_clean_first' from command line to 'False'
[0.166s] Level 5:colcon.colcon_core.verb:set package 'champ_navigation' build argument 'cmake_force_configure' from command line to 'False'
[0.166s] Level 5:colcon.colcon_core.verb:set package 'champ_navigation' build argument 'ament_cmake_args' from command line to 'None'
[0.166s] Level 5:colcon.colcon_core.verb:set package 'champ_navigation' build argument 'catkin_cmake_args' from command line to 'None'
[0.166s] Level 5:colcon.colcon_core.verb:set package 'champ_navigation' build argument 'catkin_skip_building_tests' from command line to 'False'
[0.166s] DEBUG:colcon.colcon_core.verb:Building package 'champ_navigation' with the following arguments: {'ament_cmake_args': None, 'build_base': '/ws_gz/build/champ_navigation', 'catkin_cmake_args': None, 'catkin_skip_building_tests': False, 'cmake_args': ['-DCMAKE_BUILD_TYPE=Release'], 'cmake_clean_cache': False, 'cmake_clean_first': False, 'cmake_force_configure': False, 'cmake_target': None, 'cmake_target_skip_unavailable': False, 'install_base': '/ws_gz/install/champ_navigation', 'merge_install': False, 'path': '/ws_gz/src/gz_quadbot/champ/champ_navigation', 'symlink_install': True, 'test_result_base': None}
[0.167s] Level 5:colcon.colcon_core.verb:set package 'go2_config' build argument 'cmake_args' from command line to '['-DCMAKE_BUILD_TYPE=Release']'
[0.167s] Level 5:colcon.colcon_core.verb:set package 'go2_config' build argument 'cmake_target' from command line to 'None'
[0.167s] Level 5:colcon.colcon_core.verb:set package 'go2_config' build argument 'cmake_target_skip_unavailable' from command line to 'False'
[0.167s] Level 5:colcon.colcon_core.verb:set package 'go2_config' build argument 'cmake_clean_cache' from command line to 'False'
[0.167s] Level 5:colcon.colcon_core.verb:set package 'go2_config' build argument 'cmake_clean_first' from command line to 'False'
[0.167s] Level 5:colcon.colcon_core.verb:set package 'go2_config' build argument 'cmake_force_configure' from command line to 'False'
[0.167s] Level 5:colcon.colcon_core.verb:set package 'go2_config' build argument 'ament_cmake_args' from command line to 'None'
[0.167s] Level 5:colcon.colcon_core.verb:set package 'go2_config' build argument 'catkin_cmake_args' from command line to 'None'
[0.167s] Level 5:colcon.colcon_core.verb:set package 'go2_config' build argument 'catkin_skip_building_tests' from command line to 'False'
[0.167s] DEBUG:colcon.colcon_core.verb:Building package 'go2_config' with the following arguments: {'ament_cmake_args': None, 'build_base': '/ws_gz/build/go2_config', 'catkin_cmake_args': None, 'catkin_skip_building_tests': False, 'cmake_args': ['-DCMAKE_BUILD_TYPE=Release'], 'cmake_clean_cache': False, 'cmake_clean_first': False, 'cmake_force_configure': False, 'cmake_target': None, 'cmake_target_skip_unavailable': False, 'install_base': '/ws_gz/install/go2_config', 'merge_install': False, 'path': '/ws_gz/src/gz_quadbot/robots/configs/go2_config', 'symlink_install': True, 'test_result_base': None}
[0.167s] Level 5:colcon.colcon_core.verb:set package 'go2_description' build argument 'cmake_args' from command line to '['-DCMAKE_BUILD_TYPE=Release']'
[0.167s] Level 5:colcon.colcon_core.verb:set package 'go2_description' build argument 'cmake_target' from command line to 'None'
[0.167s] Level 5:colcon.colcon_core.verb:set package 'go2_description' build argument 'cmake_target_skip_unavailable' from command line to 'False'
[0.167s] Level 5:colcon.colcon_core.verb:set package 'go2_description' build argument 'cmake_clean_cache' from command line to 'False'
[0.167s] Level 5:colcon.colcon_core.verb:set package 'go2_description' build argument 'cmake_clean_first' from command line to 'False'
[0.167s] Level 5:colcon.colcon_core.verb:set package 'go2_description' build argument 'cmake_force_configure' from command line to 'False'
[0.167s] Level 5:colcon.colcon_core.verb:set package 'go2_description' build argument 'ament_cmake_args' from command line to 'None'
[0.167s] Level 5:colcon.colcon_core.verb:set package 'go2_description' build argument 'catkin_cmake_args' from command line to 'None'
[0.167s] Level 5:colcon.colcon_core.verb:set package 'go2_description' build argument 'catkin_skip_building_tests' from command line to 'False'
[0.167s] DEBUG:colcon.colcon_core.verb:Building package 'go2_description' with the following arguments: {'ament_cmake_args': None, 'build_base': '/ws_gz/build/go2_description', 'catkin_cmake_args': None, 'catkin_skip_building_tests': False, 'cmake_args': ['-DCMAKE_BUILD_TYPE=Release'], 'cmake_clean_cache': False, 'cmake_clean_first': False, 'cmake_force_configure': False, 'cmake_target': None, 'cmake_target_skip_unavailable': False, 'install_base': '/ws_gz/install/go2_description', 'merge_install': False, 'path': '/ws_gz/src/gz_quadbot/robots/descriptions/go2_description', 'symlink_install': True, 'test_result_base': None}
[0.167s] Level 5:colcon.colcon_core.verb:set package 'ros2_livox_simulation' build argument 'cmake_args' from command line to '['-DCMAKE_BUILD_TYPE=Release']'
[0.167s] Level 5:colcon.colcon_core.verb:set package 'ros2_livox_simulation' build argument 'cmake_target' from command line to 'None'
[0.167s] Level 5:colcon.colcon_core.verb:set package 'ros2_livox_simulation' build argument 'cmake_target_skip_unavailable' from command line to 'False'
[0.167s] Level 5:colcon.colcon_core.verb:set package 'ros2_livox_simulation' build argument 'cmake_clean_cache' from command line to 'False'
[0.167s] Level 5:colcon.colcon_core.verb:set package 'ros2_livox_simulation' build argument 'cmake_clean_first' from command line to 'False'
[0.167s] Level 5:colcon.colcon_core.verb:set package 'ros2_livox_simulation' build argument 'cmake_force_configure' from command line to 'False'
[0.167s] Level 5:colcon.colcon_core.verb:set package 'ros2_livox_simulation' build argument 'ament_cmake_args' from command line to 'None'
[0.167s] Level 5:colcon.colcon_core.verb:set package 'ros2_livox_simulation' build argument 'catkin_cmake_args' from command line to 'None'
[0.167s] Level 5:colcon.colcon_core.verb:set package 'ros2_livox_simulation' build argument 'catkin_skip_building_tests' from command line to 'False'
[0.167s] DEBUG:colcon.colcon_core.verb:Building package 'ros2_livox_simulation' with the following arguments: {'ament_cmake_args': None, 'build_base': '/ws_gz/build/ros2_livox_simulation', 'catkin_cmake_args': None, 'catkin_skip_building_tests': False, 'cmake_args': ['-DCMAKE_BUILD_TYPE=Release'], 'cmake_clean_cache': False, 'cmake_clean_first': False, 'cmake_force_configure': False, 'cmake_target': None, 'cmake_target_skip_unavailable': False, 'install_base': '/ws_gz/install/ros2_livox_simulation', 'merge_install': False, 'path': '/ws_gz/src/livox_laser_simulation_RO2', 'symlink_install': True, 'test_result_base': None}
[0.167s] Level 5:colcon.colcon_core.verb:set package 'champ_base' build argument 'cmake_args' from command line to '['-DCMAKE_BUILD_TYPE=Release']'
[0.167s] Level 5:colcon.colcon_core.verb:set package 'champ_base' build argument 'cmake_target' from command line to 'None'
[0.167s] Level 5:colcon.colcon_core.verb:set package 'champ_base' build argument 'cmake_target_skip_unavailable' from command line to 'False'
[0.167s] Level 5:colcon.colcon_core.verb:set package 'champ_base' build argument 'cmake_clean_cache' from command line to 'False'
[0.167s] Level 5:colcon.colcon_core.verb:set package 'champ_base' build argument 'cmake_clean_first' from command line to 'False'
[0.167s] Level 5:colcon.colcon_core.verb:set package 'champ_base' build argument 'cmake_force_configure' from command line to 'False'
[0.167s] Level 5:colcon.colcon_core.verb:set package 'champ_base' build argument 'ament_cmake_args' from command line to 'None'
[0.167s] Level 5:colcon.colcon_core.verb:set package 'champ_base' build argument 'catkin_cmake_args' from command line to 'None'
[0.167s] Level 5:colcon.colcon_core.verb:set package 'champ_base' build argument 'catkin_skip_building_tests' from command line to 'False'
[0.167s] DEBUG:colcon.colcon_core.verb:Building package 'champ_base' with the following arguments: {'ament_cmake_args': None, 'build_base': '/ws_gz/build/champ_base', 'catkin_cmake_args': None, 'catkin_skip_building_tests': False, 'cmake_args': ['-DCMAKE_BUILD_TYPE=Release'], 'cmake_clean_cache': False, 'cmake_clean_first': False, 'cmake_force_configure': False, 'cmake_target': None, 'cmake_target_skip_unavailable': False, 'install_base': '/ws_gz/install/champ_base', 'merge_install': False, 'path': '/ws_gz/src/gz_quadbot/champ/champ_base', 'symlink_install': True, 'test_result_base': None}
[0.167s] Level 5:colcon.colcon_core.verb:set package 'champ_gazebo' build argument 'cmake_args' from command line to '['-DCMAKE_BUILD_TYPE=Release']'
[0.167s] Level 5:colcon.colcon_core.verb:set package 'champ_gazebo' build argument 'cmake_target' from command line to 'None'
[0.167s] Level 5:colcon.colcon_core.verb:set package 'champ_gazebo' build argument 'cmake_target_skip_unavailable' from command line to 'False'
[0.167s] Level 5:colcon.colcon_core.verb:set package 'champ_gazebo' build argument 'cmake_clean_cache' from command line to 'False'
[0.167s] Level 5:colcon.colcon_core.verb:set package 'champ_gazebo' build argument 'cmake_clean_first' from command line to 'False'
[0.167s] Level 5:colcon.colcon_core.verb:set package 'champ_gazebo' build argument 'cmake_force_configure' from command line to 'False'
[0.167s] Level 5:colcon.colcon_core.verb:set package 'champ_gazebo' build argument 'ament_cmake_args' from command line to 'None'
[0.167s] Level 5:colcon.colcon_core.verb:set package 'champ_gazebo' build argument 'catkin_cmake_args' from command line to 'None'
[0.167s] Level 5:colcon.colcon_core.verb:set package 'champ_gazebo' build argument 'catkin_skip_building_tests' from command line to 'False'
[0.167s] DEBUG:colcon.colcon_core.verb:Building package 'champ_gazebo' with the following arguments: {'ament_cmake_args': None, 'build_base': '/ws_gz/build/champ_gazebo', 'catkin_cmake_args': None, 'catkin_skip_building_tests': False, 'cmake_args': ['-DCMAKE_BUILD_TYPE=Release'], 'cmake_clean_cache': False, 'cmake_clean_first': False, 'cmake_force_configure': False, 'cmake_target': None, 'cmake_target_skip_unavailable': False, 'install_base': '/ws_gz/install/champ_gazebo', 'merge_install': False, 'path': '/ws_gz/src/gz_quadbot/champ/champ_gazebo', 'symlink_install': True, 'test_result_base': None}
[0.168s] Level 5:colcon.colcon_core.verb:set package 'champ_bringup' build argument 'cmake_args' from command line to '['-DCMAKE_BUILD_TYPE=Release']'
[0.168s] Level 5:colcon.colcon_core.verb:set package 'champ_bringup' build argument 'cmake_target' from command line to 'None'
[0.168s] Level 5:colcon.colcon_core.verb:set package 'champ_bringup' build argument 'cmake_target_skip_unavailable' from command line to 'False'
[0.168s] Level 5:colcon.colcon_core.verb:set package 'champ_bringup' build argument 'cmake_clean_cache' from command line to 'False'
[0.168s] Level 5:colcon.colcon_core.verb:set package 'champ_bringup' build argument 'cmake_clean_first' from command line to 'False'
[0.168s] Level 5:colcon.colcon_core.verb:set package 'champ_bringup' build argument 'cmake_force_configure' from command line to 'False'
[0.168s] Level 5:colcon.colcon_core.verb:set package 'champ_bringup' build argument 'ament_cmake_args' from command line to 'None'
[0.168s] Level 5:colcon.colcon_core.verb:set package 'champ_bringup' build argument 'catkin_cmake_args' from command line to 'None'
[0.168s] Level 5:colcon.colcon_core.verb:set package 'champ_bringup' build argument 'catkin_skip_building_tests' from command line to 'False'
[0.168s] DEBUG:colcon.colcon_core.verb:Building package 'champ_bringup' with the following arguments: {'ament_cmake_args': None, 'build_base': '/ws_gz/build/champ_bringup', 'catkin_cmake_args': None, 'catkin_skip_building_tests': False, 'cmake_args': ['-DCMAKE_BUILD_TYPE=Release'], 'cmake_clean_cache': False, 'cmake_clean_first': False, 'cmake_force_configure': False, 'cmake_target': None, 'cmake_target_skip_unavailable': False, 'install_base': '/ws_gz/install/champ_bringup', 'merge_install': False, 'path': '/ws_gz/src/gz_quadbot/champ/champ_bringup', 'symlink_install': True, 'test_result_base': None}
[0.168s] INFO:colcon.colcon_core.executor:Executing jobs using 'parallel' executor
[0.168s] DEBUG:colcon.colcon_parallel_executor.executor.parallel:run_until_complete
[0.168s] INFO:colcon.colcon_ros.task.ament_cmake.build:Building ROS package in '/ws_gz/src/gz_quadbot/champ/champ' with build type 'ament_cmake'
[0.168s] INFO:colcon.colcon_cmake.task.cmake.build:Building CMake package in '/ws_gz/src/gz_quadbot/champ/champ'
[0.170s] INFO:colcon.colcon_core.plugin_system:Skipping extension 'colcon_core.shell.bat': Not used on non-Windows systems
[0.170s] INFO:colcon.colcon_core.shell:Skip shell extension 'powershell' for command environment: Not usable outside of PowerShell
[0.170s] DEBUG:colcon.colcon_core.shell:Skip shell extension 'dsv' for command environment
[0.172s] INFO:colcon.colcon_ros.task.ament_cmake.build:Building ROS package in '/ws_gz/src/gz_quadbot/champ/champ_msgs' with build type 'ament_cmake'
[0.172s] INFO:colcon.colcon_cmake.task.cmake.build:Building CMake package in '/ws_gz/src/gz_quadbot/champ/champ_msgs'
[0.172s] INFO:colcon.colcon_core.shell:Skip shell extension 'powershell' for command environment: Not usable outside of PowerShell
[0.172s] DEBUG:colcon.colcon_core.shell:Skip shell extension 'dsv' for command environment
[0.174s] INFO:colcon.colcon_ros.task.ament_cmake.build:Building ROS package in '/ws_gz/src/gz_quadbot/champ/champ_description' with build type 'ament_cmake'
[0.174s] INFO:colcon.colcon_cmake.task.cmake.build:Building CMake package in '/ws_gz/src/gz_quadbot/champ/champ_description'
[0.174s] INFO:colcon.colcon_core.shell:Skip shell extension 'powershell' for command environment: Not usable outside of PowerShell
[0.174s] DEBUG:colcon.colcon_core.shell:Skip shell extension 'dsv' for command environment
[0.176s] INFO:colcon.colcon_ros.task.ament_cmake.build:Building ROS package in '/ws_gz/src/gz_quadbot/champ/champ_config' with build type 'ament_cmake'
[0.176s] INFO:colcon.colcon_cmake.task.cmake.build:Building CMake package in '/ws_gz/src/gz_quadbot/champ/champ_config'
[0.176s] INFO:colcon.colcon_core.shell:Skip shell extension 'powershell' for command environment: Not usable outside of PowerShell
[0.176s] DEBUG:colcon.colcon_core.shell:Skip shell extension 'dsv' for command environment
[0.178s] INFO:colcon.colcon_ros.task.ament_cmake.build:Building ROS package in '/ws_gz/src/gz_quadbot/champ/champ_navigation' with build type 'ament_cmake'
[0.178s] INFO:colcon.colcon_cmake.task.cmake.build:Building CMake package in '/ws_gz/src/gz_quadbot/champ/champ_navigation'
[0.178s] INFO:colcon.colcon_core.shell:Skip shell extension 'powershell' for command environment: Not usable outside of PowerShell
[0.178s] DEBUG:colcon.colcon_core.shell:Skip shell extension 'dsv' for command environment
[0.180s] INFO:colcon.colcon_ros.task.ament_cmake.build:Building ROS package in '/ws_gz/src/gz_quadbot/robots/configs/go2_config' with build type 'ament_cmake'
[0.180s] INFO:colcon.colcon_cmake.task.cmake.build:Building CMake package in '/ws_gz/src/gz_quadbot/robots/configs/go2_config'
[0.180s] INFO:colcon.colcon_core.shell:Skip shell extension 'powershell' for command environment: Not usable outside of PowerShell
[0.180s] DEBUG:colcon.colcon_core.shell:Skip shell extension 'dsv' for command environment
[0.182s] INFO:colcon.colcon_ros.task.ament_cmake.build:Building ROS package in '/ws_gz/src/gz_quadbot/robots/descriptions/go2_description' with build type 'ament_cmake'
[0.182s] INFO:colcon.colcon_cmake.task.cmake.build:Building CMake package in '/ws_gz/src/gz_quadbot/robots/descriptions/go2_description'
[0.182s] INFO:colcon.colcon_core.shell:Skip shell extension 'powershell' for command environment: Not usable outside of PowerShell
[0.182s] DEBUG:colcon.colcon_core.shell:Skip shell extension 'dsv' for command environment
[0.184s] INFO:colcon.colcon_ros.task.ament_cmake.build:Building ROS package in '/ws_gz/src/livox_laser_simulation_RO2' with build type 'ament_cmake'
[0.184s] INFO:colcon.colcon_cmake.task.cmake.build:Building CMake package in '/ws_gz/src/livox_laser_simulation_RO2'
[0.184s] INFO:colcon.colcon_core.shell:Skip shell extension 'powershell' for command environment: Not usable outside of PowerShell
[0.184s] DEBUG:colcon.colcon_core.shell:Skip shell extension 'dsv' for command environment
[0.189s] DEBUG:colcon.colcon_core.event_handler.log_command:Invoking command in '/ws_gz/build/champ': CMAKE_PREFIX_PATH=${CMAKE_PREFIX_PATH}:/opt/ros/humble /usr/bin/cmake --build /ws_gz/build/champ -- -j32 -l32
[0.191s] DEBUG:colcon.colcon_core.event_handler.log_command:Invoking command in '/ws_gz/build/champ_msgs': CMAKE_PREFIX_PATH=${CMAKE_PREFIX_PATH}:/opt/ros/humble /usr/bin/cmake --build /ws_gz/build/champ_msgs -- -j32 -l32
[0.192s] DEBUG:colcon.colcon_core.event_handler.log_command:Invoking command in '/ws_gz/build/champ_description': CMAKE_PREFIX_PATH=${CMAKE_PREFIX_PATH}:/opt/ros/humble /usr/bin/cmake --build /ws_gz/build/champ_description -- -j32 -l32
[0.194s] DEBUG:colcon.colcon_core.event_handler.log_command:Invoking command in '/ws_gz/build/champ_config': CMAKE_PREFIX_PATH=${CMAKE_PREFIX_PATH}:/opt/ros/humble /usr/bin/cmake --build /ws_gz/build/champ_config -- -j32 -l32
[0.195s] DEBUG:colcon.colcon_core.event_handler.log_command:Invoking command in '/ws_gz/build/champ_navigation': CMAKE_PREFIX_PATH=${CMAKE_PREFIX_PATH}:/opt/ros/humble /usr/bin/cmake --build /ws_gz/build/champ_navigation -- -j32 -l32
[0.197s] DEBUG:colcon.colcon_core.event_handler.log_command:Invoking command in '/ws_gz/build/go2_config': CMAKE_PREFIX_PATH=${CMAKE_PREFIX_PATH}:/opt/ros/humble /usr/bin/cmake --build /ws_gz/build/go2_config -- -j32 -l32
[0.199s] DEBUG:colcon.colcon_core.event_handler.log_command:Invoking command in '/ws_gz/build/go2_description': CMAKE_PREFIX_PATH=${CMAKE_PREFIX_PATH}:/opt/ros/humble /usr/bin/cmake --build /ws_gz/build/go2_description -- -j32 -l32
[0.203s] DEBUG:colcon.colcon_core.event_handler.log_command:Invoking command in '/ws_gz/build/ros2_livox_simulation': CMAKE_PREFIX_PATH=${CMAKE_PREFIX_PATH}:/opt/ros/humble /usr/bin/cmake --build /ws_gz/build/ros2_livox_simulation -- -j32 -l32
[0.207s] DEBUG:colcon.colcon_core.event_handler.log_command:Invoked command in '/ws_gz/build/champ' returned '0': CMAKE_PREFIX_PATH=${CMAKE_PREFIX_PATH}:/opt/ros/humble /usr/bin/cmake --build /ws_gz/build/champ -- -j32 -l32
[0.211s] DEBUG:colcon.colcon_core.event_handler.log_command:Invoking command in '/ws_gz/build/champ': CMAKE_PREFIX_PATH=${CMAKE_PREFIX_PATH}:/opt/ros/humble /usr/bin/cmake --install /ws_gz/build/champ
[0.218s] DEBUG:colcon.colcon_core.event_handler.log_command:Invoked command in '/ws_gz/build/champ_config' returned '0': CMAKE_PREFIX_PATH=${CMAKE_PREFIX_PATH}:/opt/ros/humble /usr/bin/cmake --build /ws_gz/build/champ_config -- -j32 -l32
[0.219s] DEBUG:colcon.colcon_core.event_handler.log_command:Invoking command in '/ws_gz/build/champ_config': CMAKE_PREFIX_PATH=${CMAKE_PREFIX_PATH}:/opt/ros/humble /usr/bin/cmake --install /ws_gz/build/champ_config
[0.219s] DEBUG:colcon.colcon_core.event_handler.log_command:Invoked command in '/ws_gz/build/champ_description' returned '0': CMAKE_PREFIX_PATH=${CMAKE_PREFIX_PATH}:/opt/ros/humble /usr/bin/cmake --build /ws_gz/build/champ_description -- -j32 -l32
[0.220s] DEBUG:colcon.colcon_core.event_handler.log_command:Invoking command in '/ws_gz/build/champ_description': CMAKE_PREFIX_PATH=${CMAKE_PREFIX_PATH}:/opt/ros/humble /usr/bin/cmake --install /ws_gz/build/champ_description
[0.221s] DEBUG:colcon.colcon_core.event_handler.log_command:Invoked command in '/ws_gz/build/champ_navigation' returned '0': CMAKE_PREFIX_PATH=${CMAKE_PREFIX_PATH}:/opt/ros/humble /usr/bin/cmake --build /ws_gz/build/champ_navigation -- -j32 -l32
[0.222s] DEBUG:colcon.colcon_core.event_handler.log_command:Invoking command in '/ws_gz/build/champ_navigation': CMAKE_PREFIX_PATH=${CMAKE_PREFIX_PATH}:/opt/ros/humble /usr/bin/cmake --install /ws_gz/build/champ_navigation
[0.223s] DEBUG:colcon.colcon_core.event_handler.log_command:Invoked command in '/ws_gz/build/go2_description' returned '0': CMAKE_PREFIX_PATH=${CMAKE_PREFIX_PATH}:/opt/ros/humble /usr/bin/cmake --build /ws_gz/build/go2_description -- -j32 -l32
[0.225s] DEBUG:colcon.colcon_core.event_handler.log_command:Invoking command in '/ws_gz/build/go2_description': CMAKE_PREFIX_PATH=${CMAKE_PREFIX_PATH}:/opt/ros/humble /usr/bin/cmake --install /ws_gz/build/go2_description
[0.226s] Level 1:colcon.colcon_core.environment:create_environment_scripts_only(champ)
[0.230s] DEBUG:colcon.colcon_core.event_handler.log_command:Invoked command in '/ws_gz/build/champ' returned '0': CMAKE_PREFIX_PATH=${CMAKE_PREFIX_PATH}:/opt/ros/humble /usr/bin/cmake --install /ws_gz/build/champ
[0.232s] Level 1:colcon.colcon_core.environment:checking '/ws_gz/install/champ' for CMake module files
[0.234s] Level 1:colcon.colcon_core.environment:checking '/ws_gz/install/champ' for CMake config files
[0.241s] Level 1:colcon.colcon_core.shell:create_environment_hook('champ', 'cmake_prefix_path')
[0.241s] INFO:colcon.colcon_core.shell:Creating environment hook '/ws_gz/install/champ/share/champ/hook/cmake_prefix_path.ps1'
[0.242s] INFO:colcon.colcon_core.shell:Creating environment descriptor '/ws_gz/install/champ/share/champ/hook/cmake_prefix_path.dsv'
[0.245s] INFO:colcon.colcon_core.shell:Creating environment hook '/ws_gz/install/champ/share/champ/hook/cmake_prefix_path.sh'
[0.246s] Level 1:colcon.colcon_core.environment:checking '/ws_gz/install/champ/bin'
[0.247s] Level 1:colcon.colcon_core.environment:checking '/ws_gz/install/champ/lib/pkgconfig/champ.pc'
[0.247s] Level 1:colcon.colcon_core.environment:checking '/ws_gz/install/champ/lib/python3.10/site-packages'
[0.247s] Level 1:colcon.colcon_core.environment:checking '/ws_gz/install/champ/bin'
[0.247s] INFO:colcon.colcon_core.shell:Creating package script '/ws_gz/install/champ/share/champ/package.ps1'
[0.248s] INFO:colcon.colcon_core.shell:Creating package descriptor '/ws_gz/install/champ/share/champ/package.dsv'
[0.249s] INFO:colcon.colcon_core.shell:Creating package script '/ws_gz/install/champ/share/champ/package.sh'
[0.249s] INFO:colcon.colcon_core.shell:Creating package script '/ws_gz/install/champ/share/champ/package.bash'
[0.250s] INFO:colcon.colcon_core.shell:Creating package script '/ws_gz/install/champ/share/champ/package.zsh'
[0.250s] Level 1:colcon.colcon_core.environment:create_file_with_runtime_dependencies(/ws_gz/install/champ/share/colcon-core/packages/champ)
[0.251s] Level 1:colcon.colcon_core.environment:create_environment_scripts_only(champ)
[0.251s] Level 1:colcon.colcon_core.environment:checking '/ws_gz/install/champ' for CMake module files
[0.251s] Level 1:colcon.colcon_core.environment:checking '/ws_gz/install/champ' for CMake config files
[0.252s] Level 1:colcon.colcon_core.shell:create_environment_hook('champ', 'cmake_prefix_path')
[0.252s] INFO:colcon.colcon_core.shell:Creating environment hook '/ws_gz/install/champ/share/champ/hook/cmake_prefix_path.ps1'
[0.252s] INFO:colcon.colcon_core.shell:Creating environment descriptor '/ws_gz/install/champ/share/champ/hook/cmake_prefix_path.dsv'
[0.252s] INFO:colcon.colcon_core.shell:Creating environment hook '/ws_gz/install/champ/share/champ/hook/cmake_prefix_path.sh'
[0.253s] Level 1:colcon.colcon_core.environment:checking '/ws_gz/install/champ/bin'
[0.253s] Level 1:colcon.colcon_core.environment:checking '/ws_gz/install/champ/lib/pkgconfig/champ.pc'
[0.253s] Level 1:colcon.colcon_core.environment:checking '/ws_gz/install/champ/lib/python3.10/site-packages'
[0.253s] Level 1:colcon.colcon_core.environment:checking '/ws_gz/install/champ/bin'
[0.253s] INFO:colcon.colcon_core.shell:Creating package script '/ws_gz/install/champ/share/champ/package.ps1'
[0.254s] INFO:colcon.colcon_core.shell:Creating package descriptor '/ws_gz/install/champ/share/champ/package.dsv'
[0.254s] INFO:colcon.colcon_core.shell:Creating package script '/ws_gz/install/champ/share/champ/package.sh'
[0.254s] INFO:colcon.colcon_core.shell:Creating package script '/ws_gz/install/champ/share/champ/package.bash'
[0.255s] INFO:colcon.colcon_core.shell:Creating package script '/ws_gz/install/champ/share/champ/package.zsh'
[0.255s] Level 1:colcon.colcon_core.environment:create_file_with_runtime_dependencies(/ws_gz/install/champ/share/colcon-core/packages/champ)
[0.256s] Level 1:colcon.colcon_core.environment:create_environment_scripts_only(champ_description)
[0.256s] Level 1:colcon.colcon_core.environment:checking '/ws_gz/install/champ_description' for CMake module files
[0.257s] DEBUG:colcon.colcon_core.event_handler.log_command:Invoked command in '/ws_gz/build/champ_description' returned '0': CMAKE_PREFIX_PATH=${CMAKE_PREFIX_PATH}:/opt/ros/humble /usr/bin/cmake --install /ws_gz/build/champ_description
[0.257s] Level 1:colcon.colcon_core.environment:checking '/ws_gz/install/champ_description' for CMake config files
[0.257s] Level 1:colcon.colcon_core.shell:create_environment_hook('champ_description', 'cmake_prefix_path')
[0.257s] INFO:colcon.colcon_core.shell:Creating environment hook '/ws_gz/install/champ_description/share/champ_description/hook/cmake_prefix_path.ps1'
[0.258s] INFO:colcon.colcon_core.shell:Creating environment descriptor '/ws_gz/install/champ_description/share/champ_description/hook/cmake_prefix_path.dsv'
[0.258s] INFO:colcon.colcon_core.shell:Creating environment hook '/ws_gz/install/champ_description/share/champ_description/hook/cmake_prefix_path.sh'
[0.258s] Level 1:colcon.colcon_core.environment:checking '/ws_gz/install/champ_description/bin'
[0.258s] Level 1:colcon.colcon_core.environment:checking '/ws_gz/install/champ_description/lib/pkgconfig/champ_description.pc'
[0.259s] Level 1:colcon.colcon_core.environment:checking '/ws_gz/install/champ_description/lib/python3.10/site-packages'
[0.259s] Level 1:colcon.colcon_core.environment:checking '/ws_gz/install/champ_description/bin'
[0.259s] INFO:colcon.colcon_core.shell:Creating package script '/ws_gz/install/champ_description/share/champ_description/package.ps1'
[0.260s] INFO:colcon.colcon_core.shell:Creating package descriptor '/ws_gz/install/champ_description/share/champ_description/package.dsv'
[0.260s] INFO:colcon.colcon_core.shell:Creating package script '/ws_gz/install/champ_description/share/champ_description/package.sh'
[0.260s] INFO:colcon.colcon_core.shell:Creating package script '/ws_gz/install/champ_description/share/champ_description/package.bash'
[0.260s] INFO:colcon.colcon_core.shell:Creating package script '/ws_gz/install/champ_description/share/champ_description/package.zsh'
[0.261s] Level 1:colcon.colcon_core.environment:create_file_with_runtime_dependencies(/ws_gz/install/champ_description/share/colcon-core/packages/champ_description)
[0.261s] Level 1:colcon.colcon_core.environment:create_environment_scripts_only(champ_description)
[0.261s] Level 1:colcon.colcon_core.environment:checking '/ws_gz/install/champ_description' for CMake module files
[0.262s] Level 1:colcon.colcon_core.environment:checking '/ws_gz/install/champ_description' for CMake config files
[0.262s] Level 1:colcon.colcon_core.shell:create_environment_hook('champ_description', 'cmake_prefix_path')
[0.262s] INFO:colcon.colcon_core.shell:Creating environment hook '/ws_gz/install/champ_description/share/champ_description/hook/cmake_prefix_path.ps1'
[0.262s] INFO:colcon.colcon_core.shell:Creating environment descriptor '/ws_gz/install/champ_description/share/champ_description/hook/cmake_prefix_path.dsv'
[0.263s] INFO:colcon.colcon_core.shell:Creating environment hook '/ws_gz/install/champ_description/share/champ_description/hook/cmake_prefix_path.sh'
[0.263s] Level 1:colcon.colcon_core.environment:checking '/ws_gz/install/champ_description/bin'
[0.263s] Level 1:colcon.colcon_core.environment:checking '/ws_gz/install/champ_description/lib/pkgconfig/champ_description.pc'
[0.263s] Level 1:colcon.colcon_core.environment:checking '/ws_gz/install/champ_description/lib/python3.10/site-packages'
[0.264s] Level 1:colcon.colcon_core.environment:checking '/ws_gz/install/champ_description/bin'
[0.264s] INFO:colcon.colcon_core.shell:Creating package script '/ws_gz/install/champ_description/share/champ_description/package.ps1'
[0.264s] INFO:colcon.colcon_core.shell:Creating package descriptor '/ws_gz/install/champ_description/share/champ_description/package.dsv'
[0.264s] INFO:colcon.colcon_core.shell:Creating package script '/ws_gz/install/champ_description/share/champ_description/package.sh'
[0.265s] INFO:colcon.colcon_core.shell:Creating package script '/ws_gz/install/champ_description/share/champ_description/package.bash'
[0.265s] INFO:colcon.colcon_core.shell:Creating package script '/ws_gz/install/champ_description/share/champ_description/package.zsh'
[0.265s] Level 1:colcon.colcon_core.environment:create_file_with_runtime_dependencies(/ws_gz/install/champ_description/share/colcon-core/packages/champ_description)
[0.266s] Level 1:colcon.colcon_core.environment:create_environment_scripts_only(champ_config)
[0.266s] Level 1:colcon.colcon_core.environment:checking '/ws_gz/install/champ_config' for CMake module files
[0.266s] DEBUG:colcon.colcon_core.event_handler.log_command:Invoked command in '/ws_gz/build/champ_config' returned '0': CMAKE_PREFIX_PATH=${CMAKE_PREFIX_PATH}:/opt/ros/humble /usr/bin/cmake --install /ws_gz/build/champ_config
[0.267s] Level 1:colcon.colcon_core.environment:checking '/ws_gz/install/champ_config' for CMake config files
[0.267s] Level 1:colcon.colcon_core.shell:create_environment_hook('champ_config', 'cmake_prefix_path')
[0.267s] INFO:colcon.colcon_core.shell:Creating environment hook '/ws_gz/install/champ_config/share/champ_config/hook/cmake_prefix_path.ps1'
[0.268s] INFO:colcon.colcon_core.shell:Creating environment descriptor '/ws_gz/install/champ_config/share/champ_config/hook/cmake_prefix_path.dsv'
[0.268s] INFO:colcon.colcon_core.shell:Creating environment hook '/ws_gz/install/champ_config/share/champ_config/hook/cmake_prefix_path.sh'
[0.268s] Level 1:colcon.colcon_core.environment:checking '/ws_gz/install/champ_config/bin'
[0.268s] Level 1:colcon.colcon_core.environment:checking '/ws_gz/install/champ_config/lib/pkgconfig/champ_config.pc'
[0.269s] Level 1:colcon.colcon_core.environment:checking '/ws_gz/install/champ_config/lib/python3.10/site-packages'
[0.269s] Level 1:colcon.colcon_core.environment:checking '/ws_gz/install/champ_config/bin'
[0.269s] INFO:colcon.colcon_core.shell:Creating package script '/ws_gz/install/champ_config/share/champ_config/package.ps1'
[0.269s] INFO:colcon.colcon_core.shell:Creating package descriptor '/ws_gz/install/champ_config/share/champ_config/package.dsv'
[0.270s] INFO:colcon.colcon_core.shell:Creating package script '/ws_gz/install/champ_config/share/champ_config/package.sh'
[0.270s] INFO:colcon.colcon_core.shell:Creating package script '/ws_gz/install/champ_config/share/champ_config/package.bash'
[0.270s] INFO:colcon.colcon_core.shell:Creating package script '/ws_gz/install/champ_config/share/champ_config/package.zsh'
[0.270s] Level 1:colcon.colcon_core.environment:create_file_with_runtime_dependencies(/ws_gz/install/champ_config/share/colcon-core/packages/champ_config)
[0.271s] Level 1:colcon.colcon_core.environment:create_environment_scripts_only(champ_config)
[0.271s] Level 1:colcon.colcon_core.environment:checking '/ws_gz/install/champ_config' for CMake module files
[0.271s] Level 1:colcon.colcon_core.environment:checking '/ws_gz/install/champ_config' for CMake config files
[0.272s] Level 1:colcon.colcon_core.shell:create_environment_hook('champ_config', 'cmake_prefix_path')
[0.272s] INFO:colcon.colcon_core.shell:Creating environment hook '/ws_gz/install/champ_config/share/champ_config/hook/cmake_prefix_path.ps1'
[0.272s] INFO:colcon.colcon_core.shell:Creating environment descriptor '/ws_gz/install/champ_config/share/champ_config/hook/cmake_prefix_path.dsv'
[0.272s] INFO:colcon.colcon_core.shell:Creating environment hook '/ws_gz/install/champ_config/share/champ_config/hook/cmake_prefix_path.sh'
[0.273s] Level 1:colcon.colcon_core.environment:checking '/ws_gz/install/champ_config/bin'
[0.273s] Level 1:colcon.colcon_core.environment:checking '/ws_gz/install/champ_config/lib/pkgconfig/champ_config.pc'
[0.273s] Level 1:colcon.colcon_core.environment:checking '/ws_gz/install/champ_config/lib/python3.10/site-packages'
[0.273s] Level 1:colcon.colcon_core.environment:checking '/ws_gz/install/champ_config/bin'
[0.273s] INFO:colcon.colcon_core.shell:Creating package script '/ws_gz/install/champ_config/share/champ_config/package.ps1'
[0.273s] INFO:colcon.colcon_core.shell:Creating package descriptor '/ws_gz/install/champ_config/share/champ_config/package.dsv'
[0.274s] INFO:colcon.colcon_core.shell:Creating package script '/ws_gz/install/champ_config/share/champ_config/package.sh'
[0.274s] INFO:colcon.colcon_core.shell:Creating package script '/ws_gz/install/champ_config/share/champ_config/package.bash'
[0.274s] INFO:colcon.colcon_core.shell:Creating package script '/ws_gz/install/champ_config/share/champ_config/package.zsh'
[0.274s] Level 1:colcon.colcon_core.environment:create_file_with_runtime_dependencies(/ws_gz/install/champ_config/share/colcon-core/packages/champ_config)
[0.275s] Level 1:colcon.colcon_core.environment:create_environment_scripts_only(champ_navigation)
[0.275s] Level 1:colcon.colcon_core.environment:checking '/ws_gz/install/champ_navigation' for CMake module files
[0.275s] Level 1:colcon.colcon_core.environment:checking '/ws_gz/install/champ_navigation' for CMake config files
[0.275s] DEBUG:colcon.colcon_core.event_handler.log_command:Invoked command in '/ws_gz/build/champ_navigation' returned '0': CMAKE_PREFIX_PATH=${CMAKE_PREFIX_PATH}:/opt/ros/humble /usr/bin/cmake --install /ws_gz/build/champ_navigation
[0.275s] Level 1:colcon.colcon_core.shell:create_environment_hook('champ_navigation', 'cmake_prefix_path')
[0.276s] INFO:colcon.colcon_core.shell:Creating environment hook '/ws_gz/install/champ_navigation/share/champ_navigation/hook/cmake_prefix_path.ps1'
[0.276s] INFO:colcon.colcon_core.shell:Creating environment descriptor '/ws_gz/install/champ_navigation/share/champ_navigation/hook/cmake_prefix_path.dsv'
[0.276s] INFO:colcon.colcon_core.shell:Creating environment hook '/ws_gz/install/champ_navigation/share/champ_navigation/hook/cmake_prefix_path.sh'
[0.276s] Level 1:colcon.colcon_core.environment:checking '/ws_gz/install/champ_navigation/bin'
[0.276s] Level 1:colcon.colcon_core.environment:checking '/ws_gz/install/champ_navigation/lib/pkgconfig/champ_navigation.pc'
[0.276s] Level 1:colcon.colcon_core.environment:checking '/ws_gz/install/champ_navigation/lib/python3.10/site-packages'
[0.276s] Level 1:colcon.colcon_core.environment:checking '/ws_gz/install/champ_navigation/bin'
[0.276s] INFO:colcon.colcon_core.shell:Creating package script '/ws_gz/install/champ_navigation/share/champ_navigation/package.ps1'
[0.277s] INFO:colcon.colcon_core.shell:Creating package descriptor '/ws_gz/install/champ_navigation/share/champ_navigation/package.dsv'
[0.277s] INFO:colcon.colcon_core.shell:Creating package script '/ws_gz/install/champ_navigation/share/champ_navigation/package.sh'
[0.277s] INFO:colcon.colcon_core.shell:Creating package script '/ws_gz/install/champ_navigation/share/champ_navigation/package.bash'
[0.277s] INFO:colcon.colcon_core.shell:Creating package script '/ws_gz/install/champ_navigation/share/champ_navigation/package.zsh'
[0.277s] Level 1:colcon.colcon_core.environment:create_file_with_runtime_dependencies(/ws_gz/install/champ_navigation/share/colcon-core/packages/champ_navigation)
[0.277s] Level 1:colcon.colcon_core.environment:create_environment_scripts_only(champ_navigation)
[0.278s] Level 1:colcon.colcon_core.environment:checking '/ws_gz/install/champ_navigation' for CMake module files
[0.278s] Level 1:colcon.colcon_core.environment:checking '/ws_gz/install/champ_navigation' for CMake config files
[0.278s] Level 1:colcon.colcon_core.shell:create_environment_hook('champ_navigation', 'cmake_prefix_path')
[0.278s] INFO:colcon.colcon_core.shell:Creating environment hook '/ws_gz/install/champ_navigation/share/champ_navigation/hook/cmake_prefix_path.ps1'
[0.278s] INFO:colcon.colcon_core.shell:Creating environment descriptor '/ws_gz/install/champ_navigation/share/champ_navigation/hook/cmake_prefix_path.dsv'
[0.278s] INFO:colcon.colcon_core.shell:Creating environment hook '/ws_gz/install/champ_navigation/share/champ_navigation/hook/cmake_prefix_path.sh'
[0.278s] Level 1:colcon.colcon_core.environment:checking '/ws_gz/install/champ_navigation/bin'
[0.279s] Level 1:colcon.colcon_core.environment:checking '/ws_gz/install/champ_navigation/lib/pkgconfig/champ_navigation.pc'
[0.279s] Level 1:colcon.colcon_core.environment:checking '/ws_gz/install/champ_navigation/lib/python3.10/site-packages'
[0.279s] Level 1:colcon.colcon_core.environment:checking '/ws_gz/install/champ_navigation/bin'
[0.279s] INFO:colcon.colcon_core.shell:Creating package script '/ws_gz/install/champ_navigation/share/champ_navigation/package.ps1'
[0.279s] INFO:colcon.colcon_core.shell:Creating package descriptor '/ws_gz/install/champ_navigation/share/champ_navigation/package.dsv'
[0.279s] INFO:colcon.colcon_core.shell:Creating package script '/ws_gz/install/champ_navigation/share/champ_navigation/package.sh'
[0.279s] INFO:colcon.colcon_core.shell:Creating package script '/ws_gz/install/champ_navigation/share/champ_navigation/package.bash'
[0.280s] INFO:colcon.colcon_core.shell:Creating package script '/ws_gz/install/champ_navigation/share/champ_navigation/package.zsh'
[0.280s] Level 1:colcon.colcon_core.environment:create_file_with_runtime_dependencies(/ws_gz/install/champ_navigation/share/colcon-core/packages/champ_navigation)
[0.280s] Level 1:colcon.colcon_core.environment:create_environment_scripts_only(go2_description)
[0.280s] Level 1:colcon.colcon_core.environment:checking '/ws_gz/install/go2_description' for CMake module files
[0.280s] Level 1:colcon.colcon_core.environment:checking '/ws_gz/install/go2_description' for CMake config files
[0.281s] DEBUG:colcon.colcon_core.event_handler.log_command:Invoked command in '/ws_gz/build/go2_description' returned '0': CMAKE_PREFIX_PATH=${CMAKE_PREFIX_PATH}:/opt/ros/humble /usr/bin/cmake --install /ws_gz/build/go2_description
[0.281s] Level 1:colcon.colcon_core.shell:create_environment_hook('go2_description', 'cmake_prefix_path')
[0.281s] INFO:colcon.colcon_core.shell:Creating environment hook '/ws_gz/install/go2_description/share/go2_description/hook/cmake_prefix_path.ps1'
[0.281s] INFO:colcon.colcon_core.shell:Creating environment descriptor '/ws_gz/install/go2_description/share/go2_description/hook/cmake_prefix_path.dsv'
[0.281s] INFO:colcon.colcon_core.shell:Creating environment hook '/ws_gz/install/go2_description/share/go2_description/hook/cmake_prefix_path.sh'
[0.281s] Level 1:colcon.colcon_core.environment:checking '/ws_gz/install/go2_description/bin'
[0.281s] Level 1:colcon.colcon_core.environment:checking '/ws_gz/install/go2_description/lib/pkgconfig/go2_description.pc'
[0.281s] Level 1:colcon.colcon_core.environment:checking '/ws_gz/install/go2_description/lib/python3.10/site-packages'
[0.282s] Level 1:colcon.colcon_core.environment:checking '/ws_gz/install/go2_description/bin'
[0.282s] INFO:colcon.colcon_core.shell:Creating package script '/ws_gz/install/go2_description/share/go2_description/package.ps1'
[0.282s] INFO:colcon.colcon_core.shell:Creating package descriptor '/ws_gz/install/go2_description/share/go2_description/package.dsv'
[0.282s] INFO:colcon.colcon_core.shell:Creating package script '/ws_gz/install/go2_description/share/go2_description/package.sh'
[0.282s] INFO:colcon.colcon_core.shell:Creating package script '/ws_gz/install/go2_description/share/go2_description/package.bash'
[0.282s] INFO:colcon.colcon_core.shell:Creating package script '/ws_gz/install/go2_description/share/go2_description/package.zsh'
[0.283s] Level 1:colcon.colcon_core.environment:create_file_with_runtime_dependencies(/ws_gz/install/go2_description/share/colcon-core/packages/go2_description)
[0.283s] Level 1:colcon.colcon_core.environment:create_environment_scripts_only(go2_description)
[0.283s] Level 1:colcon.colcon_core.environment:checking '/ws_gz/install/go2_description' for CMake module files
[0.283s] Level 1:colcon.colcon_core.environment:checking '/ws_gz/install/go2_description' for CMake config files
[0.283s] Level 1:colcon.colcon_core.shell:create_environment_hook('go2_description', 'cmake_prefix_path')
[0.283s] INFO:colcon.colcon_core.shell:Creating environment hook '/ws_gz/install/go2_description/share/go2_description/hook/cmake_prefix_path.ps1'
[0.284s] INFO:colcon.colcon_core.shell:Creating environment descriptor '/ws_gz/install/go2_description/share/go2_description/hook/cmake_prefix_path.dsv'
[0.284s] INFO:colcon.colcon_core.shell:Creating environment hook '/ws_gz/install/go2_description/share/go2_description/hook/cmake_prefix_path.sh'
[0.284s] Level 1:colcon.colcon_core.environment:checking '/ws_gz/install/go2_description/bin'
[0.284s] Level 1:colcon.colcon_core.environment:checking '/ws_gz/install/go2_description/lib/pkgconfig/go2_description.pc'
[0.284s] Level 1:colcon.colcon_core.environment:checking '/ws_gz/install/go2_description/lib/python3.10/site-packages'
[0.284s] Level 1:colcon.colcon_core.environment:checking '/ws_gz/install/go2_description/bin'
[0.284s] INFO:colcon.colcon_core.shell:Creating package script '/ws_gz/install/go2_description/share/go2_description/package.ps1'
[0.285s] INFO:colcon.colcon_core.shell:Creating package descriptor '/ws_gz/install/go2_description/share/go2_description/package.dsv'
[0.285s] INFO:colcon.colcon_core.shell:Creating package script '/ws_gz/install/go2_description/share/go2_description/package.sh'
[0.285s] INFO:colcon.colcon_core.shell:Creating package script '/ws_gz/install/go2_description/share/go2_description/package.bash'
[0.285s] INFO:colcon.colcon_core.shell:Creating package script '/ws_gz/install/go2_description/share/go2_description/package.zsh'
[0.285s] Level 1:colcon.colcon_core.environment:create_file_with_runtime_dependencies(/ws_gz/install/go2_description/share/colcon-core/packages/go2_description)
[0.356s] DEBUG:colcon.colcon_core.event_handler.log_command:Invoked command in '/ws_gz/build/go2_config' returned '0': CMAKE_PREFIX_PATH=${CMAKE_PREFIX_PATH}:/opt/ros/humble /usr/bin/cmake --build /ws_gz/build/go2_config -- -j32 -l32
[0.357s] DEBUG:colcon.colcon_core.event_handler.log_command:Invoking command in '/ws_gz/build/go2_config': CMAKE_PREFIX_PATH=${CMAKE_PREFIX_PATH}:/opt/ros/humble /usr/bin/cmake --install /ws_gz/build/go2_config
[0.358s] DEBUG:colcon.colcon_core.event_handler.log_command:Invoked command in '/ws_gz/build/champ_msgs' returned '0': CMAKE_PREFIX_PATH=${CMAKE_PREFIX_PATH}:/opt/ros/humble /usr/bin/cmake --build /ws_gz/build/champ_msgs -- -j32 -l32
[0.359s] DEBUG:colcon.colcon_core.event_handler.log_command:Invoking command in '/ws_gz/build/champ_msgs': CMAKE_PREFIX_PATH=${CMAKE_PREFIX_PATH}:/opt/ros/humble /usr/bin/cmake --install /ws_gz/build/champ_msgs
[0.399s] Level 1:colcon.colcon_core.environment:create_environment_scripts_only(go2_config)
[0.399s] Level 1:colcon.colcon_core.environment:checking '/ws_gz/install/go2_config' for CMake module files
[0.399s] DEBUG:colcon.colcon_core.event_handler.log_command:Invoked command in '/ws_gz/build/go2_config' returned '0': CMAKE_PREFIX_PATH=${CMAKE_PREFIX_PATH}:/opt/ros/humble /usr/bin/cmake --install /ws_gz/build/go2_config
[0.400s] Level 1:colcon.colcon_core.environment:checking '/ws_gz/install/go2_config' for CMake config files
[0.400s] Level 1:colcon.colcon_core.shell:create_environment_hook('go2_config', 'cmake_prefix_path')
[0.400s] INFO:colcon.colcon_core.shell:Creating environment hook '/ws_gz/install/go2_config/share/go2_config/hook/cmake_prefix_path.ps1'
[0.400s] INFO:colcon.colcon_core.shell:Creating environment descriptor '/ws_gz/install/go2_config/share/go2_config/hook/cmake_prefix_path.dsv'
[0.401s] INFO:colcon.colcon_core.shell:Creating environment hook '/ws_gz/install/go2_config/share/go2_config/hook/cmake_prefix_path.sh'
[0.401s] Level 1:colcon.colcon_core.environment:checking '/ws_gz/install/go2_config/lib'
[0.401s] Level 1:colcon.colcon_core.environment:checking '/ws_gz/install/go2_config/bin'
[0.401s] Level 1:colcon.colcon_core.environment:checking '/ws_gz/install/go2_config/lib/pkgconfig/go2_config.pc'
[0.401s] Level 1:colcon.colcon_core.environment:checking '/ws_gz/install/go2_config/lib/python3.10/site-packages'
[0.401s] Level 1:colcon.colcon_core.environment:checking '/ws_gz/install/go2_config/bin'
[0.401s] INFO:colcon.colcon_core.shell:Creating package script '/ws_gz/install/go2_config/share/go2_config/package.ps1'
[0.402s] INFO:colcon.colcon_core.shell:Creating package descriptor '/ws_gz/install/go2_config/share/go2_config/package.dsv'
[0.402s] INFO:colcon.colcon_core.shell:Creating package script '/ws_gz/install/go2_config/share/go2_config/package.sh'
[0.402s] INFO:colcon.colcon_core.shell:Creating package script '/ws_gz/install/go2_config/share/go2_config/package.bash'
[0.402s] INFO:colcon.colcon_core.shell:Creating package script '/ws_gz/install/go2_config/share/go2_config/package.zsh'
[0.402s] Level 1:colcon.colcon_core.environment:create_file_with_runtime_dependencies(/ws_gz/install/go2_config/share/colcon-core/packages/go2_config)
[0.403s] Level 1:colcon.colcon_core.environment:create_environment_scripts_only(go2_config)
[0.403s] Level 1:colcon.colcon_core.environment:checking '/ws_gz/install/go2_config' for CMake module files
[0.403s] Level 1:colcon.colcon_core.environment:checking '/ws_gz/install/go2_config' for CMake config files
[0.403s] Level 1:colcon.colcon_core.shell:create_environment_hook('go2_config', 'cmake_prefix_path')
[0.403s] INFO:colcon.colcon_core.shell:Creating environment hook '/ws_gz/install/go2_config/share/go2_config/hook/cmake_prefix_path.ps1'
[0.403s] INFO:colcon.colcon_core.shell:Creating environment descriptor '/ws_gz/install/go2_config/share/go2_config/hook/cmake_prefix_path.dsv'
[0.403s] INFO:colcon.colcon_core.shell:Creating environment hook '/ws_gz/install/go2_config/share/go2_config/hook/cmake_prefix_path.sh'
[0.403s] Level 1:colcon.colcon_core.environment:checking '/ws_gz/install/go2_config/lib'
[0.404s] Level 1:colcon.colcon_core.environment:checking '/ws_gz/install/go2_config/bin'
[0.404s] Level 1:colcon.colcon_core.environment:checking '/ws_gz/install/go2_config/lib/pkgconfig/go2_config.pc'
[0.404s] Level 1:colcon.colcon_core.environment:checking '/ws_gz/install/go2_config/lib/python3.10/site-packages'
[0.404s] Level 1:colcon.colcon_core.environment:checking '/ws_gz/install/go2_config/bin'
[0.404s] INFO:colcon.colcon_core.shell:Creating package script '/ws_gz/install/go2_config/share/go2_config/package.ps1'
[0.404s] INFO:colcon.colcon_core.shell:Creating package descriptor '/ws_gz/install/go2_config/share/go2_config/package.dsv'
[0.404s] INFO:colcon.colcon_core.shell:Creating package script '/ws_gz/install/go2_config/share/go2_config/package.sh'
[0.404s] INFO:colcon.colcon_core.shell:Creating package script '/ws_gz/install/go2_config/share/go2_config/package.bash'
[0.405s] INFO:colcon.colcon_core.shell:Creating package script '/ws_gz/install/go2_config/share/go2_config/package.zsh'
[0.405s] Level 1:colcon.colcon_core.environment:create_file_with_runtime_dependencies(/ws_gz/install/go2_config/share/colcon-core/packages/go2_config)
[0.411s] Level 1:colcon.colcon_core.environment:create_environment_scripts_only(champ_msgs)
[0.412s] Level 1:colcon.colcon_core.environment:checking '/ws_gz/install/champ_msgs' for CMake module files
[0.412s] DEBUG:colcon.colcon_core.event_handler.log_command:Invoked command in '/ws_gz/build/champ_msgs' returned '0': CMAKE_PREFIX_PATH=${CMAKE_PREFIX_PATH}:/opt/ros/humble /usr/bin/cmake --install /ws_gz/build/champ_msgs
[0.412s] Level 1:colcon.colcon_core.environment:checking '/ws_gz/install/champ_msgs' for CMake config files
[0.413s] Level 1:colcon.colcon_core.shell:create_environment_hook('champ_msgs', 'cmake_prefix_path')
[0.413s] INFO:colcon.colcon_core.shell:Creating environment hook '/ws_gz/install/champ_msgs/share/champ_msgs/hook/cmake_prefix_path.ps1'
[0.413s] INFO:colcon.colcon_core.shell:Creating environment descriptor '/ws_gz/install/champ_msgs/share/champ_msgs/hook/cmake_prefix_path.dsv'
[0.413s] INFO:colcon.colcon_core.shell:Creating environment hook '/ws_gz/install/champ_msgs/share/champ_msgs/hook/cmake_prefix_path.sh'
[0.413s] Level 1:colcon.colcon_core.environment:checking '/ws_gz/install/champ_msgs/lib'
[0.414s] Level 1:colcon.colcon_core.shell:create_environment_hook('champ_msgs', 'ld_library_path_lib')
[0.414s] INFO:colcon.colcon_core.shell:Creating environment hook '/ws_gz/install/champ_msgs/share/champ_msgs/hook/ld_library_path_lib.ps1'
[0.414s] INFO:colcon.colcon_core.shell:Creating environment descriptor '/ws_gz/install/champ_msgs/share/champ_msgs/hook/ld_library_path_lib.dsv'
[0.414s] INFO:colcon.colcon_core.shell:Creating environment hook '/ws_gz/install/champ_msgs/share/champ_msgs/hook/ld_library_path_lib.sh'
[0.414s] Level 1:colcon.colcon_core.environment:checking '/ws_gz/install/champ_msgs/bin'
[0.414s] Level 1:colcon.colcon_core.environment:checking '/ws_gz/install/champ_msgs/lib/pkgconfig/champ_msgs.pc'
[0.414s] Level 1:colcon.colcon_core.environment:checking '/ws_gz/install/champ_msgs/lib/python3.10/site-packages'
[0.414s] Level 1:colcon.colcon_core.environment:checking '/ws_gz/install/champ_msgs/bin'
[0.414s] INFO:colcon.colcon_core.shell:Creating package script '/ws_gz/install/champ_msgs/share/champ_msgs/package.ps1'
[0.415s] INFO:colcon.colcon_core.shell:Creating package descriptor '/ws_gz/install/champ_msgs/share/champ_msgs/package.dsv'
[0.415s] INFO:colcon.colcon_core.shell:Creating package script '/ws_gz/install/champ_msgs/share/champ_msgs/package.sh'
[0.415s] INFO:colcon.colcon_core.shell:Creating package script '/ws_gz/install/champ_msgs/share/champ_msgs/package.bash'
[0.415s] INFO:colcon.colcon_core.shell:Creating package script '/ws_gz/install/champ_msgs/share/champ_msgs/package.zsh'
[0.415s] Level 1:colcon.colcon_core.environment:create_file_with_runtime_dependencies(/ws_gz/install/champ_msgs/share/colcon-core/packages/champ_msgs)
[0.416s] Level 1:colcon.colcon_core.environment:create_environment_scripts_only(champ_msgs)
[0.416s] Level 1:colcon.colcon_core.environment:checking '/ws_gz/install/champ_msgs' for CMake module files
[0.416s] Level 1:colcon.colcon_core.environment:checking '/ws_gz/install/champ_msgs' for CMake config files
[0.417s] Level 1:colcon.colcon_core.shell:create_environment_hook('champ_msgs', 'cmake_prefix_path')
[0.417s] INFO:colcon.colcon_core.shell:Creating environment hook '/ws_gz/install/champ_msgs/share/champ_msgs/hook/cmake_prefix_path.ps1'
[0.417s] INFO:colcon.colcon_core.shell:Creating environment descriptor '/ws_gz/install/champ_msgs/share/champ_msgs/hook/cmake_prefix_path.dsv'
[0.417s] INFO:colcon.colcon_core.shell:Creating environment hook '/ws_gz/install/champ_msgs/share/champ_msgs/hook/cmake_prefix_path.sh'
[0.417s] Level 1:colcon.colcon_core.environment:checking '/ws_gz/install/champ_msgs/lib'
[0.417s] Level 1:colcon.colcon_core.shell:create_environment_hook('champ_msgs', 'ld_library_path_lib')
[0.417s] INFO:colcon.colcon_core.shell:Creating environment hook '/ws_gz/install/champ_msgs/share/champ_msgs/hook/ld_library_path_lib.ps1'
[0.417s] INFO:colcon.colcon_core.shell:Creating environment descriptor '/ws_gz/install/champ_msgs/share/champ_msgs/hook/ld_library_path_lib.dsv'
[0.418s] INFO:colcon.colcon_core.shell:Creating environment hook '/ws_gz/install/champ_msgs/share/champ_msgs/hook/ld_library_path_lib.sh'
[0.418s] Level 1:colcon.colcon_core.environment:checking '/ws_gz/install/champ_msgs/bin'
[0.418s] Level 1:colcon.colcon_core.environment:checking '/ws_gz/install/champ_msgs/lib/pkgconfig/champ_msgs.pc'
[0.418s] Level 1:colcon.colcon_core.environment:checking '/ws_gz/install/champ_msgs/lib/python3.10/site-packages'
[0.418s] Level 1:colcon.colcon_core.environment:checking '/ws_gz/install/champ_msgs/bin'
[0.418s] INFO:colcon.colcon_core.shell:Creating package script '/ws_gz/install/champ_msgs/share/champ_msgs/package.ps1'
[0.418s] INFO:colcon.colcon_core.shell:Creating package descriptor '/ws_gz/install/champ_msgs/share/champ_msgs/package.dsv'
[0.418s] INFO:colcon.colcon_core.shell:Creating package script '/ws_gz/install/champ_msgs/share/champ_msgs/package.sh'
[0.419s] INFO:colcon.colcon_core.shell:Creating package script '/ws_gz/install/champ_msgs/share/champ_msgs/package.bash'
[0.419s] INFO:colcon.colcon_core.shell:Creating package script '/ws_gz/install/champ_msgs/share/champ_msgs/package.zsh'
[0.419s] Level 1:colcon.colcon_core.environment:create_file_with_runtime_dependencies(/ws_gz/install/champ_msgs/share/colcon-core/packages/champ_msgs)
[0.419s] INFO:colcon.colcon_ros.task.ament_cmake.build:Building ROS package in '/ws_gz/src/gz_quadbot/champ/champ_base' with build type 'ament_cmake'
[0.419s] INFO:colcon.colcon_cmake.task.cmake.build:Building CMake package in '/ws_gz/src/gz_quadbot/champ/champ_base'
[0.419s] INFO:colcon.colcon_core.shell:Skip shell extension 'powershell' for command environment: Not usable outside of PowerShell
[0.419s] DEBUG:colcon.colcon_core.shell:Skip shell extension 'dsv' for command environment
[0.423s] INFO:colcon.colcon_ros.task.ament_cmake.build:Building ROS package in '/ws_gz/src/gz_quadbot/champ/champ_gazebo' with build type 'ament_cmake'
[0.423s] INFO:colcon.colcon_cmake.task.cmake.build:Building CMake package in '/ws_gz/src/gz_quadbot/champ/champ_gazebo'
[0.423s] INFO:colcon.colcon_core.shell:Skip shell extension 'powershell' for command environment: Not usable outside of PowerShell
[0.423s] DEBUG:colcon.colcon_core.shell:Skip shell extension 'dsv' for command environment
[0.428s] DEBUG:colcon.colcon_core.event_handler.log_command:Invoking command in '/ws_gz/build/champ_base': CMAKE_PREFIX_PATH=/ws_gz/install/champ_msgs:/ws_gz/install/champ:/ws_gz/install/ros2_livox_simulation:/ws_gz/install/go2_description:/ws_gz/install/go2_config:/ws_gz/install/champ_navigation:/ws_gz/install/champ_gazebo:/ws_gz/install/champ_bringup:/ws_gz/install/champ_base:/ws_gz/install/champ_description:/ws_gz/install/champ_config:/livox_ws/install/livox_ros_driver2:/opt/ros/humble LD_LIBRARY_PATH=/ws_gz/install/champ_msgs/lib:/ws_gz/install/ros2_livox_simulation/lib:/ws_gz/install/champ_base/lib:/livox_ws/install/livox_ros_driver2/lib:/opt/ros/humble/opt/rviz_ogre_vendor/lib:/opt/ros/humble/lib/x86_64-linux-gnu:/opt/ros/humble/lib /usr/bin/cmake --build /ws_gz/build/champ_base -- -j32 -l32
[0.430s] DEBUG:colcon.colcon_core.event_handler.log_command:Invoking command in '/ws_gz/build/champ_gazebo': CMAKE_PREFIX_PATH=/ws_gz/install/champ_msgs:/ws_gz/install/champ:/ws_gz/install/ros2_livox_simulation:/ws_gz/install/go2_description:/ws_gz/install/go2_config:/ws_gz/install/champ_navigation:/ws_gz/install/champ_gazebo:/ws_gz/install/champ_bringup:/ws_gz/install/champ_base:/ws_gz/install/champ_description:/ws_gz/install/champ_config:/livox_ws/install/livox_ros_driver2:/opt/ros/humble LD_LIBRARY_PATH=/ws_gz/install/champ_msgs/lib:/ws_gz/install/ros2_livox_simulation/lib:/ws_gz/install/champ_base/lib:/livox_ws/install/livox_ros_driver2/lib:/opt/ros/humble/opt/rviz_ogre_vendor/lib:/opt/ros/humble/lib/x86_64-linux-gnu:/opt/ros/humble/lib /usr/bin/cmake --build /ws_gz/build/champ_gazebo -- -j32 -l32
[0.488s] DEBUG:colcon.colcon_core.event_handler.log_command:Invoked command in '/ws_gz/build/champ_gazebo' returned '0': CMAKE_PREFIX_PATH=/ws_gz/install/champ_msgs:/ws_gz/install/champ:/ws_gz/install/ros2_livox_simulation:/ws_gz/install/go2_description:/ws_gz/install/go2_config:/ws_gz/install/champ_navigation:/ws_gz/install/champ_gazebo:/ws_gz/install/champ_bringup:/ws_gz/install/champ_base:/ws_gz/install/champ_description:/ws_gz/install/champ_config:/livox_ws/install/livox_ros_driver2:/opt/ros/humble LD_LIBRARY_PATH=/ws_gz/install/champ_msgs/lib:/ws_gz/install/ros2_livox_simulation/lib:/ws_gz/install/champ_base/lib:/livox_ws/install/livox_ros_driver2/lib:/opt/ros/humble/opt/rviz_ogre_vendor/lib:/opt/ros/humble/lib/x86_64-linux-gnu:/opt/ros/humble/lib /usr/bin/cmake --build /ws_gz/build/champ_gazebo -- -j32 -l32
[0.488s] DEBUG:colcon.colcon_core.event_handler.log_command:Invoking command in '/ws_gz/build/champ_gazebo': CMAKE_PREFIX_PATH=/ws_gz/install/champ_msgs:/ws_gz/install/champ:/ws_gz/install/ros2_livox_simulation:/ws_gz/install/go2_description:/ws_gz/install/go2_config:/ws_gz/install/champ_navigation:/ws_gz/install/champ_gazebo:/ws_gz/install/champ_bringup:/ws_gz/install/champ_base:/ws_gz/install/champ_description:/ws_gz/install/champ_config:/livox_ws/install/livox_ros_driver2:/opt/ros/humble LD_LIBRARY_PATH=/ws_gz/install/champ_msgs/lib:/ws_gz/install/ros2_livox_simulation/lib:/ws_gz/install/champ_base/lib:/livox_ws/install/livox_ros_driver2/lib:/opt/ros/humble/opt/rviz_ogre_vendor/lib:/opt/ros/humble/lib/x86_64-linux-gnu:/opt/ros/humble/lib /usr/bin/cmake --install /ws_gz/build/champ_gazebo
[0.496s] DEBUG:colcon.colcon_core.event_handler.log_command:Invoked command in '/ws_gz/build/champ_base' returned '0': CMAKE_PREFIX_PATH=/ws_gz/install/champ_msgs:/ws_gz/install/champ:/ws_gz/install/ros2_livox_simulation:/ws_gz/install/go2_description:/ws_gz/install/go2_config:/ws_gz/install/champ_navigation:/ws_gz/install/champ_gazebo:/ws_gz/install/champ_bringup:/ws_gz/install/champ_base:/ws_gz/install/champ_description:/ws_gz/install/champ_config:/livox_ws/install/livox_ros_driver2:/opt/ros/humble LD_LIBRARY_PATH=/ws_gz/install/champ_msgs/lib:/ws_gz/install/ros2_livox_simulation/lib:/ws_gz/install/champ_base/lib:/livox_ws/install/livox_ros_driver2/lib:/opt/ros/humble/opt/rviz_ogre_vendor/lib:/opt/ros/humble/lib/x86_64-linux-gnu:/opt/ros/humble/lib /usr/bin/cmake --build /ws_gz/build/champ_base -- -j32 -l32
[0.496s] DEBUG:colcon.colcon_core.event_handler.log_command:Invoking command in '/ws_gz/build/champ_base': CMAKE_PREFIX_PATH=/ws_gz/install/champ_msgs:/ws_gz/install/champ:/ws_gz/install/ros2_livox_simulation:/ws_gz/install/go2_description:/ws_gz/install/go2_config:/ws_gz/install/champ_navigation:/ws_gz/install/champ_gazebo:/ws_gz/install/champ_bringup:/ws_gz/install/champ_base:/ws_gz/install/champ_description:/ws_gz/install/champ_config:/livox_ws/install/livox_ros_driver2:/opt/ros/humble LD_LIBRARY_PATH=/ws_gz/install/champ_msgs/lib:/ws_gz/install/ros2_livox_simulation/lib:/ws_gz/install/champ_base/lib:/livox_ws/install/livox_ros_driver2/lib:/opt/ros/humble/opt/rviz_ogre_vendor/lib:/opt/ros/humble/lib/x86_64-linux-gnu:/opt/ros/humble/lib /usr/bin/cmake --install /ws_gz/build/champ_base
[0.502s] Level 1:colcon.colcon_core.environment:create_environment_scripts_only(champ_gazebo)
[0.502s] Level 1:colcon.colcon_core.environment:checking '/ws_gz/install/champ_gazebo' for CMake module files
[0.503s] DEBUG:colcon.colcon_core.event_handler.log_command:Invoked command in '/ws_gz/build/champ_gazebo' returned '0': CMAKE_PREFIX_PATH=/ws_gz/install/champ_msgs:/ws_gz/install/champ:/ws_gz/install/ros2_livox_simulation:/ws_gz/install/go2_description:/ws_gz/install/go2_config:/ws_gz/install/champ_navigation:/ws_gz/install/champ_gazebo:/ws_gz/install/champ_bringup:/ws_gz/install/champ_base:/ws_gz/install/champ_description:/ws_gz/install/champ_config:/livox_ws/install/livox_ros_driver2:/opt/ros/humble LD_LIBRARY_PATH=/ws_gz/install/champ_msgs/lib:/ws_gz/install/ros2_livox_simulation/lib:/ws_gz/install/champ_base/lib:/livox_ws/install/livox_ros_driver2/lib:/opt/ros/humble/opt/rviz_ogre_vendor/lib:/opt/ros/humble/lib/x86_64-linux-gnu:/opt/ros/humble/lib /usr/bin/cmake --install /ws_gz/build/champ_gazebo
[0.503s] Level 1:colcon.colcon_core.environment:checking '/ws_gz/install/champ_gazebo' for CMake config files
[0.504s] Level 1:colcon.colcon_core.shell:create_environment_hook('champ_gazebo', 'cmake_prefix_path')
[0.504s] INFO:colcon.colcon_core.shell:Creating environment hook '/ws_gz/install/champ_gazebo/share/champ_gazebo/hook/cmake_prefix_path.ps1'
[0.504s] INFO:colcon.colcon_core.shell:Creating environment descriptor '/ws_gz/install/champ_gazebo/share/champ_gazebo/hook/cmake_prefix_path.dsv'
[0.504s] INFO:colcon.colcon_core.shell:Creating environment hook '/ws_gz/install/champ_gazebo/share/champ_gazebo/hook/cmake_prefix_path.sh'
[0.505s] Level 1:colcon.colcon_core.environment:checking '/ws_gz/install/champ_gazebo/lib'
[0.505s] Level 1:colcon.colcon_core.environment:checking '/ws_gz/install/champ_gazebo/bin'
[0.505s] Level 1:colcon.colcon_core.shell:create_environment_hook('champ_gazebo', 'path')
[0.505s] INFO:colcon.colcon_core.shell:Creating environment hook '/ws_gz/install/champ_gazebo/share/champ_gazebo/hook/path.ps1'
[0.505s] INFO:colcon.colcon_core.shell:Creating environment descriptor '/ws_gz/install/champ_gazebo/share/champ_gazebo/hook/path.dsv'
[0.506s] INFO:colcon.colcon_core.shell:Creating environment hook '/ws_gz/install/champ_gazebo/share/champ_gazebo/hook/path.sh'
[0.506s] Level 1:colcon.colcon_core.environment:checking '/ws_gz/install/champ_gazebo/lib/pkgconfig/champ_gazebo.pc'
[0.506s] Level 1:colcon.colcon_core.environment:checking '/ws_gz/install/champ_gazebo/lib/python3.10/site-packages'
[0.506s] Level 1:colcon.colcon_core.environment:checking '/ws_gz/install/champ_gazebo/bin'
[0.506s] Level 1:colcon.colcon_core.shell:create_environment_hook('champ_gazebo', 'pythonscriptspath')
[0.506s] INFO:colcon.colcon_core.shell:Creating environment hook '/ws_gz/install/champ_gazebo/share/champ_gazebo/hook/pythonscriptspath.ps1'
[0.506s] INFO:colcon.colcon_core.shell:Creating environment descriptor '/ws_gz/install/champ_gazebo/share/champ_gazebo/hook/pythonscriptspath.dsv'
[0.507s] INFO:colcon.colcon_core.shell:Creating environment hook '/ws_gz/install/champ_gazebo/share/champ_gazebo/hook/pythonscriptspath.sh'
[0.507s] INFO:colcon.colcon_core.shell:Creating package script '/ws_gz/install/champ_gazebo/share/champ_gazebo/package.ps1'
[0.507s] INFO:colcon.colcon_core.shell:Creating package descriptor '/ws_gz/install/champ_gazebo/share/champ_gazebo/package.dsv'
[0.507s] INFO:colcon.colcon_core.shell:Creating package script '/ws_gz/install/champ_gazebo/share/champ_gazebo/package.sh'
[0.507s] INFO:colcon.colcon_core.shell:Creating package script '/ws_gz/install/champ_gazebo/share/champ_gazebo/package.bash'
[0.508s] INFO:colcon.colcon_core.shell:Creating package script '/ws_gz/install/champ_gazebo/share/champ_gazebo/package.zsh'
[0.508s] Level 1:colcon.colcon_core.environment:create_file_with_runtime_dependencies(/ws_gz/install/champ_gazebo/share/colcon-core/packages/champ_gazebo)
[0.508s] Level 1:colcon.colcon_core.environment:create_environment_scripts_only(champ_gazebo)
[0.508s] Level 1:colcon.colcon_core.environment:checking '/ws_gz/install/champ_gazebo' for CMake module files
[0.508s] Level 1:colcon.colcon_core.environment:checking '/ws_gz/install/champ_gazebo' for CMake config files
[0.508s] Level 1:colcon.colcon_core.shell:create_environment_hook('champ_gazebo', 'cmake_prefix_path')
[0.509s] INFO:colcon.colcon_core.shell:Creating environment hook '/ws_gz/install/champ_gazebo/share/champ_gazebo/hook/cmake_prefix_path.ps1'
[0.509s] INFO:colcon.colcon_core.shell:Creating environment descriptor '/ws_gz/install/champ_gazebo/share/champ_gazebo/hook/cmake_prefix_path.dsv'
[0.509s] INFO:colcon.colcon_core.shell:Creating environment hook '/ws_gz/install/champ_gazebo/share/champ_gazebo/hook/cmake_prefix_path.sh'
[0.509s] Level 1:colcon.colcon_core.environment:checking '/ws_gz/install/champ_gazebo/lib'
[0.509s] Level 1:colcon.colcon_core.environment:checking '/ws_gz/install/champ_gazebo/bin'
[0.509s] Level 1:colcon.colcon_core.shell:create_environment_hook('champ_gazebo', 'path')
[0.509s] INFO:colcon.colcon_core.shell:Creating environment hook '/ws_gz/install/champ_gazebo/share/champ_gazebo/hook/path.ps1'
[0.509s] INFO:colcon.colcon_core.shell:Creating environment descriptor '/ws_gz/install/champ_gazebo/share/champ_gazebo/hook/path.dsv'
[0.509s] INFO:colcon.colcon_core.shell:Creating environment hook '/ws_gz/install/champ_gazebo/share/champ_gazebo/hook/path.sh'
[0.510s] Level 1:colcon.colcon_core.environment:checking '/ws_gz/install/champ_gazebo/lib/pkgconfig/champ_gazebo.pc'
[0.510s] Level 1:colcon.colcon_core.environment:checking '/ws_gz/install/champ_gazebo/lib/python3.10/site-packages'
[0.510s] Level 1:colcon.colcon_core.environment:checking '/ws_gz/install/champ_gazebo/bin'
[0.510s] Level 1:colcon.colcon_core.shell:create_environment_hook('champ_gazebo', 'pythonscriptspath')
[0.510s] INFO:colcon.colcon_core.shell:Creating environment hook '/ws_gz/install/champ_gazebo/share/champ_gazebo/hook/pythonscriptspath.ps1'
[0.510s] INFO:colcon.colcon_core.shell:Creating environment descriptor '/ws_gz/install/champ_gazebo/share/champ_gazebo/hook/pythonscriptspath.dsv'
[0.511s] INFO:colcon.colcon_core.shell:Creating environment hook '/ws_gz/install/champ_gazebo/share/champ_gazebo/hook/pythonscriptspath.sh'
[0.511s] INFO:colcon.colcon_core.shell:Creating package script '/ws_gz/install/champ_gazebo/share/champ_gazebo/package.ps1'
[0.512s] INFO:colcon.colcon_core.shell:Creating package descriptor '/ws_gz/install/champ_gazebo/share/champ_gazebo/package.dsv'
[0.512s] INFO:colcon.colcon_core.shell:Creating package script '/ws_gz/install/champ_gazebo/share/champ_gazebo/package.sh'
[0.512s] INFO:colcon.colcon_core.shell:Creating package script '/ws_gz/install/champ_gazebo/share/champ_gazebo/package.bash'
[0.512s] INFO:colcon.colcon_core.shell:Creating package script '/ws_gz/install/champ_gazebo/share/champ_gazebo/package.zsh'
[0.513s] Level 1:colcon.colcon_core.environment:create_file_with_runtime_dependencies(/ws_gz/install/champ_gazebo/share/colcon-core/packages/champ_gazebo)
[0.513s] Level 1:colcon.colcon_core.environment:create_environment_scripts_only(champ_base)
[0.513s] Level 1:colcon.colcon_core.environment:checking '/ws_gz/install/champ_base' for CMake module files
[0.513s] DEBUG:colcon.colcon_core.event_handler.log_command:Invoked command in '/ws_gz/build/champ_base' returned '0': CMAKE_PREFIX_PATH=/ws_gz/install/champ_msgs:/ws_gz/install/champ:/ws_gz/install/ros2_livox_simulation:/ws_gz/install/go2_description:/ws_gz/install/go2_config:/ws_gz/install/champ_navigation:/ws_gz/install/champ_gazebo:/ws_gz/install/champ_bringup:/ws_gz/install/champ_base:/ws_gz/install/champ_description:/ws_gz/install/champ_config:/livox_ws/install/livox_ros_driver2:/opt/ros/humble LD_LIBRARY_PATH=/ws_gz/install/champ_msgs/lib:/ws_gz/install/ros2_livox_simulation/lib:/ws_gz/install/champ_base/lib:/livox_ws/install/livox_ros_driver2/lib:/opt/ros/humble/opt/rviz_ogre_vendor/lib:/opt/ros/humble/lib/x86_64-linux-gnu:/opt/ros/humble/lib /usr/bin/cmake --install /ws_gz/build/champ_base
[0.513s] Level 1:colcon.colcon_core.environment:checking '/ws_gz/install/champ_base' for CMake config files
[0.514s] Level 1:colcon.colcon_core.shell:create_environment_hook('champ_base', 'cmake_prefix_path')
[0.514s] INFO:colcon.colcon_core.shell:Creating environment hook '/ws_gz/install/champ_base/share/champ_base/hook/cmake_prefix_path.ps1'
[0.514s] INFO:colcon.colcon_core.shell:Creating environment descriptor '/ws_gz/install/champ_base/share/champ_base/hook/cmake_prefix_path.dsv'
[0.514s] INFO:colcon.colcon_core.shell:Creating environment hook '/ws_gz/install/champ_base/share/champ_base/hook/cmake_prefix_path.sh'
[0.514s] Level 1:colcon.colcon_core.environment:checking '/ws_gz/install/champ_base/lib'
[0.514s] Level 1:colcon.colcon_core.shell:create_environment_hook('champ_base', 'ld_library_path_lib')
[0.514s] INFO:colcon.colcon_core.shell:Creating environment hook '/ws_gz/install/champ_base/share/champ_base/hook/ld_library_path_lib.ps1'
[0.515s] INFO:colcon.colcon_core.shell:Creating environment descriptor '/ws_gz/install/champ_base/share/champ_base/hook/ld_library_path_lib.dsv'
[0.515s] INFO:colcon.colcon_core.shell:Creating environment hook '/ws_gz/install/champ_base/share/champ_base/hook/ld_library_path_lib.sh'
[0.515s] Level 1:colcon.colcon_core.environment:checking '/ws_gz/install/champ_base/bin'
[0.515s] Level 1:colcon.colcon_core.shell:create_environment_hook('champ_base', 'path')
[0.515s] INFO:colcon.colcon_core.shell:Creating environment hook '/ws_gz/install/champ_base/share/champ_base/hook/path.ps1'
[0.515s] INFO:colcon.colcon_core.shell:Creating environment descriptor '/ws_gz/install/champ_base/share/champ_base/hook/path.dsv'
[0.516s] INFO:colcon.colcon_core.shell:Creating environment hook '/ws_gz/install/champ_base/share/champ_base/hook/path.sh'
[0.516s] Level 1:colcon.colcon_core.environment:checking '/ws_gz/install/champ_base/lib/pkgconfig/champ_base.pc'
[0.516s] Level 1:colcon.colcon_core.environment:checking '/ws_gz/install/champ_base/lib/python3.10/site-packages'
[0.516s] Level 1:colcon.colcon_core.environment:checking '/ws_gz/install/champ_base/bin'
[0.516s] Level 1:colcon.colcon_core.shell:create_environment_hook('champ_base', 'pythonscriptspath')
[0.516s] INFO:colcon.colcon_core.shell:Creating environment hook '/ws_gz/install/champ_base/share/champ_base/hook/pythonscriptspath.ps1'
[0.516s] INFO:colcon.colcon_core.shell:Creating environment descriptor '/ws_gz/install/champ_base/share/champ_base/hook/pythonscriptspath.dsv'
[0.516s] INFO:colcon.colcon_core.shell:Creating environment hook '/ws_gz/install/champ_base/share/champ_base/hook/pythonscriptspath.sh'
[0.517s] INFO:colcon.colcon_core.shell:Creating package script '/ws_gz/install/champ_base/share/champ_base/package.ps1'
[0.517s] INFO:colcon.colcon_core.shell:Creating package descriptor '/ws_gz/install/champ_base/share/champ_base/package.dsv'
[0.517s] INFO:colcon.colcon_core.shell:Creating package script '/ws_gz/install/champ_base/share/champ_base/package.sh'
[0.517s] INFO:colcon.colcon_core.shell:Creating package script '/ws_gz/install/champ_base/share/champ_base/package.bash'
[0.517s] INFO:colcon.colcon_core.shell:Creating package script '/ws_gz/install/champ_base/share/champ_base/package.zsh'
[0.518s] Level 1:colcon.colcon_core.environment:create_file_with_runtime_dependencies(/ws_gz/install/champ_base/share/colcon-core/packages/champ_base)
[0.518s] Level 1:colcon.colcon_core.environment:create_environment_scripts_only(champ_base)
[0.518s] Level 1:colcon.colcon_core.environment:checking '/ws_gz/install/champ_base' for CMake module files
[0.518s] Level 1:colcon.colcon_core.environment:checking '/ws_gz/install/champ_base' for CMake config files
[0.518s] Level 1:colcon.colcon_core.shell:create_environment_hook('champ_base', 'cmake_prefix_path')
[0.518s] INFO:colcon.colcon_core.shell:Creating environment hook '/ws_gz/install/champ_base/share/champ_base/hook/cmake_prefix_path.ps1'
[0.519s] INFO:colcon.colcon_core.shell:Creating environment descriptor '/ws_gz/install/champ_base/share/champ_base/hook/cmake_prefix_path.dsv'
[0.519s] INFO:colcon.colcon_core.shell:Creating environment hook '/ws_gz/install/champ_base/share/champ_base/hook/cmake_prefix_path.sh'
[0.519s] Level 1:colcon.colcon_core.environment:checking '/ws_gz/install/champ_base/lib'
[0.519s] Level 1:colcon.colcon_core.shell:create_environment_hook('champ_base', 'ld_library_path_lib')
[0.519s] INFO:colcon.colcon_core.shell:Creating environment hook '/ws_gz/install/champ_base/share/champ_base/hook/ld_library_path_lib.ps1'
[0.519s] INFO:colcon.colcon_core.shell:Creating environment descriptor '/ws_gz/install/champ_base/share/champ_base/hook/ld_library_path_lib.dsv'
[0.519s] INFO:colcon.colcon_core.shell:Creating environment hook '/ws_gz/install/champ_base/share/champ_base/hook/ld_library_path_lib.sh'
[0.519s] Level 1:colcon.colcon_core.environment:checking '/ws_gz/install/champ_base/bin'
[0.519s] Level 1:colcon.colcon_core.shell:create_environment_hook('champ_base', 'path')
[0.520s] INFO:colcon.colcon_core.shell:Creating environment hook '/ws_gz/install/champ_base/share/champ_base/hook/path.ps1'
[0.520s] INFO:colcon.colcon_core.shell:Creating environment descriptor '/ws_gz/install/champ_base/share/champ_base/hook/path.dsv'
[0.520s] INFO:colcon.colcon_core.shell:Creating environment hook '/ws_gz/install/champ_base/share/champ_base/hook/path.sh'
[0.520s] Level 1:colcon.colcon_core.environment:checking '/ws_gz/install/champ_base/lib/pkgconfig/champ_base.pc'
[0.520s] Level 1:colcon.colcon_core.environment:checking '/ws_gz/install/champ_base/lib/python3.10/site-packages'
[0.520s] Level 1:colcon.colcon_core.environment:checking '/ws_gz/install/champ_base/bin'
[0.520s] Level 1:colcon.colcon_core.shell:create_environment_hook('champ_base', 'pythonscriptspath')
[0.520s] INFO:colcon.colcon_core.shell:Creating environment hook '/ws_gz/install/champ_base/share/champ_base/hook/pythonscriptspath.ps1'
[0.521s] INFO:colcon.colcon_core.shell:Creating environment descriptor '/ws_gz/install/champ_base/share/champ_base/hook/pythonscriptspath.dsv'
[0.521s] INFO:colcon.colcon_core.shell:Creating environment hook '/ws_gz/install/champ_base/share/champ_base/hook/pythonscriptspath.sh'
[0.521s] INFO:colcon.colcon_core.shell:Creating package script '/ws_gz/install/champ_base/share/champ_base/package.ps1'
[0.521s] INFO:colcon.colcon_core.shell:Creating package descriptor '/ws_gz/install/champ_base/share/champ_base/package.dsv'
[0.521s] INFO:colcon.colcon_core.shell:Creating package script '/ws_gz/install/champ_base/share/champ_base/package.sh'
[0.522s] INFO:colcon.colcon_core.shell:Creating package script '/ws_gz/install/champ_base/share/champ_base/package.bash'
[0.522s] INFO:colcon.colcon_core.shell:Creating package script '/ws_gz/install/champ_base/share/champ_base/package.zsh'
[0.522s] Level 1:colcon.colcon_core.environment:create_file_with_runtime_dependencies(/ws_gz/install/champ_base/share/colcon-core/packages/champ_base)
[0.522s] INFO:colcon.colcon_ros.task.ament_cmake.build:Building ROS package in '/ws_gz/src/gz_quadbot/champ/champ_bringup' with build type 'ament_cmake'
[0.522s] INFO:colcon.colcon_cmake.task.cmake.build:Building CMake package in '/ws_gz/src/gz_quadbot/champ/champ_bringup'
[0.522s] INFO:colcon.colcon_core.shell:Skip shell extension 'powershell' for command environment: Not usable outside of PowerShell
[0.522s] DEBUG:colcon.colcon_core.shell:Skip shell extension 'dsv' for command environment
[0.531s] DEBUG:colcon.colcon_core.event_handler.log_command:Invoking command in '/ws_gz/build/champ_bringup': CMAKE_PREFIX_PATH=/ws_gz/install/champ_base:/ws_gz/install/champ_msgs:/ws_gz/install/champ_description:/ws_gz/install/champ:/ws_gz/install/ros2_livox_simulation:/ws_gz/install/go2_description:/ws_gz/install/go2_config:/ws_gz/install/champ_navigation:/ws_gz/install/champ_gazebo:/ws_gz/install/champ_bringup:/ws_gz/install/champ_config:/livox_ws/install/livox_ros_driver2:/opt/ros/humble LD_LIBRARY_PATH=/ws_gz/install/champ_base/lib:/ws_gz/install/champ_msgs/lib:/ws_gz/install/ros2_livox_simulation/lib:/livox_ws/install/livox_ros_driver2/lib:/opt/ros/humble/opt/rviz_ogre_vendor/lib:/opt/ros/humble/lib/x86_64-linux-gnu:/opt/ros/humble/lib PATH=/ws_gz/install/champ_base/bin:/ws_gz/install/champ_gazebo/bin:/root/.vscode-server/data/User/globalStorage/github.copilot-chat/debugCommand:/root/.vscode-server/data/User/globalStorage/github.copilot-chat/copilotCli:/root/.vscode-server/bin/10c8e557c8b9f9ed0a87f61f1c9a44bde731c409/bin/remote-cli:/opt/ros/humble/bin:/usr/local/sbin:/usr/local/bin:/usr/sbin:/usr/bin:/sbin:/bin /usr/bin/cmake --build /ws_gz/build/champ_bringup -- -j32 -l32
[0.773s] DEBUG:colcon.colcon_core.event_handler.log_command:Invoked command in '/ws_gz/build/champ_bringup' returned '0': CMAKE_PREFIX_PATH=/ws_gz/install/champ_base:/ws_gz/install/champ_msgs:/ws_gz/install/champ_description:/ws_gz/install/champ:/ws_gz/install/ros2_livox_simulation:/ws_gz/install/go2_description:/ws_gz/install/go2_config:/ws_gz/install/champ_navigation:/ws_gz/install/champ_gazebo:/ws_gz/install/champ_bringup:/ws_gz/install/champ_config:/livox_ws/install/livox_ros_driver2:/opt/ros/humble LD_LIBRARY_PATH=/ws_gz/install/champ_base/lib:/ws_gz/install/champ_msgs/lib:/ws_gz/install/ros2_livox_simulation/lib:/livox_ws/install/livox_ros_driver2/lib:/opt/ros/humble/opt/rviz_ogre_vendor/lib:/opt/ros/humble/lib/x86_64-linux-gnu:/opt/ros/humble/lib PATH=/ws_gz/install/champ_base/bin:/ws_gz/install/champ_gazebo/bin:/root/.vscode-server/data/User/globalStorage/github.copilot-chat/debugCommand:/root/.vscode-server/data/User/globalStorage/github.copilot-chat/copilotCli:/root/.vscode-server/bin/10c8e557c8b9f9ed0a87f61f1c9a44bde731c409/bin/remote-cli:/opt/ros/humble/bin:/usr/local/sbin:/usr/local/bin:/usr/sbin:/usr/bin:/sbin:/bin /usr/bin/cmake --build /ws_gz/build/champ_bringup -- -j32 -l32
[0.774s] DEBUG:colcon.colcon_core.event_handler.log_command:Invoking command in '/ws_gz/build/champ_bringup': CMAKE_PREFIX_PATH=/ws_gz/install/champ_base:/ws_gz/install/champ_msgs:/ws_gz/install/champ_description:/ws_gz/install/champ:/ws_gz/install/ros2_livox_simulation:/ws_gz/install/go2_description:/ws_gz/install/go2_config:/ws_gz/install/champ_navigation:/ws_gz/install/champ_gazebo:/ws_gz/install/champ_bringup:/ws_gz/install/champ_config:/livox_ws/install/livox_ros_driver2:/opt/ros/humble LD_LIBRARY_PATH=/ws_gz/install/champ_base/lib:/ws_gz/install/champ_msgs/lib:/ws_gz/install/ros2_livox_simulation/lib:/livox_ws/install/livox_ros_driver2/lib:/opt/ros/humble/opt/rviz_ogre_vendor/lib:/opt/ros/humble/lib/x86_64-linux-gnu:/opt/ros/humble/lib PATH=/ws_gz/install/champ_base/bin:/ws_gz/install/champ_gazebo/bin:/root/.vscode-server/data/User/globalStorage/github.copilot-chat/debugCommand:/root/.vscode-server/data/User/globalStorage/github.copilot-chat/copilotCli:/root/.vscode-server/bin/10c8e557c8b9f9ed0a87f61f1c9a44bde731c409/bin/remote-cli:/opt/ros/humble/bin:/usr/local/sbin:/usr/local/bin:/usr/sbin:/usr/bin:/sbin:/bin /usr/bin/cmake --install /ws_gz/build/champ_bringup
[0.808s] Level 1:colcon.colcon_core.environment:create_environment_scripts_only(champ_bringup)
[0.808s] Level 1:colcon.colcon_core.environment:checking '/ws_gz/install/champ_bringup' for CMake module files
[0.809s] DEBUG:colcon.colcon_core.event_handler.log_command:Invoked command in '/ws_gz/build/champ_bringup' returned '0': CMAKE_PREFIX_PATH=/ws_gz/install/champ_base:/ws_gz/install/champ_msgs:/ws_gz/install/champ_description:/ws_gz/install/champ:/ws_gz/install/ros2_livox_simulation:/ws_gz/install/go2_description:/ws_gz/install/go2_config:/ws_gz/install/champ_navigation:/ws_gz/install/champ_gazebo:/ws_gz/install/champ_bringup:/ws_gz/install/champ_config:/livox_ws/install/livox_ros_driver2:/opt/ros/humble LD_LIBRARY_PATH=/ws_gz/install/champ_base/lib:/ws_gz/install/champ_msgs/lib:/ws_gz/install/ros2_livox_simulation/lib:/livox_ws/install/livox_ros_driver2/lib:/opt/ros/humble/opt/rviz_ogre_vendor/lib:/opt/ros/humble/lib/x86_64-linux-gnu:/opt/ros/humble/lib PATH=/ws_gz/install/champ_base/bin:/ws_gz/install/champ_gazebo/bin:/root/.vscode-server/data/User/globalStorage/github.copilot-chat/debugCommand:/root/.vscode-server/data/User/globalStorage/github.copilot-chat/copilotCli:/root/.vscode-server/bin/10c8e557c8b9f9ed0a87f61f1c9a44bde731c409/bin/remote-cli:/opt/ros/humble/bin:/usr/local/sbin:/usr/local/bin:/usr/sbin:/usr/bin:/sbin:/bin /usr/bin/cmake --install /ws_gz/build/champ_bringup
[0.809s] Level 1:colcon.colcon_core.environment:checking '/ws_gz/install/champ_bringup' for CMake config files
[0.809s] Level 1:colcon.colcon_core.shell:create_environment_hook('champ_bringup', 'cmake_prefix_path')
[0.809s] INFO:colcon.colcon_core.shell:Creating environment hook '/ws_gz/install/champ_bringup/share/champ_bringup/hook/cmake_prefix_path.ps1'
[0.810s] INFO:colcon.colcon_core.shell:Creating environment descriptor '/ws_gz/install/champ_bringup/share/champ_bringup/hook/cmake_prefix_path.dsv'
[0.810s] INFO:colcon.colcon_core.shell:Creating environment hook '/ws_gz/install/champ_bringup/share/champ_bringup/hook/cmake_prefix_path.sh'
[0.810s] Level 1:colcon.colcon_core.environment:checking '/ws_gz/install/champ_bringup/lib'
[0.810s] Level 1:colcon.colcon_core.environment:checking '/ws_gz/install/champ_bringup/bin'
[0.810s] Level 1:colcon.colcon_core.environment:checking '/ws_gz/install/champ_bringup/lib/pkgconfig/champ_bringup.pc'
[0.811s] Level 1:colcon.colcon_core.environment:checking '/ws_gz/install/champ_bringup/lib/python3.10/site-packages'
[0.811s] Level 1:colcon.colcon_core.environment:checking '/ws_gz/install/champ_bringup/bin'
[0.811s] INFO:colcon.colcon_core.shell:Creating package script '/ws_gz/install/champ_bringup/share/champ_bringup/package.ps1'
[0.811s] INFO:colcon.colcon_core.shell:Creating package descriptor '/ws_gz/install/champ_bringup/share/champ_bringup/package.dsv'
[0.812s] INFO:colcon.colcon_core.shell:Creating package script '/ws_gz/install/champ_bringup/share/champ_bringup/package.sh'
[0.812s] INFO:colcon.colcon_core.shell:Creating package script '/ws_gz/install/champ_bringup/share/champ_bringup/package.bash'
[0.812s] INFO:colcon.colcon_core.shell:Creating package script '/ws_gz/install/champ_bringup/share/champ_bringup/package.zsh'
[0.813s] Level 1:colcon.colcon_core.environment:create_file_with_runtime_dependencies(/ws_gz/install/champ_bringup/share/colcon-core/packages/champ_bringup)
[0.813s] Level 1:colcon.colcon_core.environment:create_environment_scripts_only(champ_bringup)
[0.813s] Level 1:colcon.colcon_core.environment:checking '/ws_gz/install/champ_bringup' for CMake module files
[0.813s] Level 1:colcon.colcon_core.environment:checking '/ws_gz/install/champ_bringup' for CMake config files
[0.814s] Level 1:colcon.colcon_core.shell:create_environment_hook('champ_bringup', 'cmake_prefix_path')
[0.814s] INFO:colcon.colcon_core.shell:Creating environment hook '/ws_gz/install/champ_bringup/share/champ_bringup/hook/cmake_prefix_path.ps1'
[0.814s] INFO:colcon.colcon_core.shell:Creating environment descriptor '/ws_gz/install/champ_bringup/share/champ_bringup/hook/cmake_prefix_path.dsv'
[0.814s] INFO:colcon.colcon_core.shell:Creating environment hook '/ws_gz/install/champ_bringup/share/champ_bringup/hook/cmake_prefix_path.sh'
[0.815s] Level 1:colcon.colcon_core.environment:checking '/ws_gz/install/champ_bringup/lib'
[0.815s] Level 1:colcon.colcon_core.environment:checking '/ws_gz/install/champ_bringup/bin'
[0.815s] Level 1:colcon.colcon_core.environment:checking '/ws_gz/install/champ_bringup/lib/pkgconfig/champ_bringup.pc'
[0.815s] Level 1:colcon.colcon_core.environment:checking '/ws_gz/install/champ_bringup/lib/python3.10/site-packages'
[0.815s] Level 1:colcon.colcon_core.environment:checking '/ws_gz/install/champ_bringup/bin'
[0.815s] INFO:colcon.colcon_core.shell:Creating package script '/ws_gz/install/champ_bringup/share/champ_bringup/package.ps1'
[0.816s] INFO:colcon.colcon_core.shell:Creating package descriptor '/ws_gz/install/champ_bringup/share/champ_bringup/package.dsv'
[0.816s] INFO:colcon.colcon_core.shell:Creating package script '/ws_gz/install/champ_bringup/share/champ_bringup/package.sh'
[0.816s] INFO:colcon.colcon_core.shell:Creating package script '/ws_gz/install/champ_bringup/share/champ_bringup/package.bash'
[0.817s] INFO:colcon.colcon_core.shell:Creating package script '/ws_gz/install/champ_bringup/share/champ_bringup/package.zsh'
[0.817s] Level 1:colcon.colcon_core.environment:create_file_with_runtime_dependencies(/ws_gz/install/champ_bringup/share/colcon-core/packages/champ_bringup)
[1.603s] DEBUG:colcon.colcon_core.event_handler.log_command:Invoked command in '/ws_gz/build/ros2_livox_simulation' returned '0': CMAKE_PREFIX_PATH=${CMAKE_PREFIX_PATH}:/opt/ros/humble /usr/bin/cmake --build /ws_gz/build/ros2_livox_simulation -- -j32 -l32
[1.604s] DEBUG:colcon.colcon_core.event_handler.log_command:Invoking command in '/ws_gz/build/ros2_livox_simulation': CMAKE_PREFIX_PATH=${CMAKE_PREFIX_PATH}:/opt/ros/humble /usr/bin/cmake --install /ws_gz/build/ros2_livox_simulation
[1.619s] Level 1:colcon.colcon_core.environment:create_environment_scripts_only(ros2_livox_simulation)
[1.619s] Level 1:colcon.colcon_core.environment:checking '/ws_gz/install/ros2_livox_simulation' for CMake module files
[1.619s] DEBUG:colcon.colcon_core.event_handler.log_command:Invoked command in '/ws_gz/build/ros2_livox_simulation' returned '0': CMAKE_PREFIX_PATH=${CMAKE_PREFIX_PATH}:/opt/ros/humble /usr/bin/cmake --install /ws_gz/build/ros2_livox_simulation
[1.620s] Level 1:colcon.colcon_core.environment:checking '/ws_gz/install/ros2_livox_simulation' for CMake config files
[1.620s] Level 1:colcon.colcon_core.shell:create_environment_hook('ros2_livox_simulation', 'cmake_prefix_path')
[1.620s] INFO:colcon.colcon_core.shell:Creating environment hook '/ws_gz/install/ros2_livox_simulation/share/ros2_livox_simulation/hook/cmake_prefix_path.ps1'
[1.621s] INFO:colcon.colcon_core.shell:Creating environment descriptor '/ws_gz/install/ros2_livox_simulation/share/ros2_livox_simulation/hook/cmake_prefix_path.dsv'
[1.621s] INFO:colcon.colcon_core.shell:Creating environment hook '/ws_gz/install/ros2_livox_simulation/share/ros2_livox_simulation/hook/cmake_prefix_path.sh'
[1.621s] Level 1:colcon.colcon_core.environment:checking '/ws_gz/install/ros2_livox_simulation/lib'
[1.621s] Level 1:colcon.colcon_core.shell:create_environment_hook('ros2_livox_simulation', 'ld_library_path_lib')
[1.621s] INFO:colcon.colcon_core.shell:Creating environment hook '/ws_gz/install/ros2_livox_simulation/share/ros2_livox_simulation/hook/ld_library_path_lib.ps1'
[1.621s] INFO:colcon.colcon_core.shell:Creating environment descriptor '/ws_gz/install/ros2_livox_simulation/share/ros2_livox_simulation/hook/ld_library_path_lib.dsv'
[1.621s] INFO:colcon.colcon_core.shell:Creating environment hook '/ws_gz/install/ros2_livox_simulation/share/ros2_livox_simulation/hook/ld_library_path_lib.sh'
[1.621s] Level 1:colcon.colcon_core.environment:checking '/ws_gz/install/ros2_livox_simulation/bin'
[1.621s] Level 1:colcon.colcon_core.environment:checking '/ws_gz/install/ros2_livox_simulation/lib/pkgconfig/ros2_livox_simulation.pc'
[1.622s] Level 1:colcon.colcon_core.environment:checking '/ws_gz/install/ros2_livox_simulation/lib/python3.10/site-packages'
[1.622s] Level 1:colcon.colcon_core.environment:checking '/ws_gz/install/ros2_livox_simulation/bin'
[1.622s] INFO:colcon.colcon_core.shell:Creating package script '/ws_gz/install/ros2_livox_simulation/share/ros2_livox_simulation/package.ps1'
[1.622s] INFO:colcon.colcon_core.shell:Creating package descriptor '/ws_gz/install/ros2_livox_simulation/share/ros2_livox_simulation/package.dsv'
[1.622s] INFO:colcon.colcon_core.shell:Creating package script '/ws_gz/install/ros2_livox_simulation/share/ros2_livox_simulation/package.sh'
[1.622s] INFO:colcon.colcon_core.shell:Creating package script '/ws_gz/install/ros2_livox_simulation/share/ros2_livox_simulation/package.bash'
[1.623s] INFO:colcon.colcon_core.shell:Creating package script '/ws_gz/install/ros2_livox_simulation/share/ros2_livox_simulation/package.zsh'
[1.623s] Level 1:colcon.colcon_core.environment:create_file_with_runtime_dependencies(/ws_gz/install/ros2_livox_simulation/share/colcon-core/packages/ros2_livox_simulation)
[1.623s] Level 1:colcon.colcon_core.environment:create_environment_scripts_only(ros2_livox_simulation)
[1.623s] Level 1:colcon.colcon_core.environment:checking '/ws_gz/install/ros2_livox_simulation' for CMake module files
[1.623s] Level 1:colcon.colcon_core.environment:checking '/ws_gz/install/ros2_livox_simulation' for CMake config files
[1.623s] Level 1:colcon.colcon_core.shell:create_environment_hook('ros2_livox_simulation', 'cmake_prefix_path')
[1.623s] INFO:colcon.colcon_core.shell:Creating environment hook '/ws_gz/install/ros2_livox_simulation/share/ros2_livox_simulation/hook/cmake_prefix_path.ps1'
[1.624s] INFO:colcon.colcon_core.shell:Creating environment descriptor '/ws_gz/install/ros2_livox_simulation/share/ros2_livox_simulation/hook/cmake_prefix_path.dsv'
[1.624s] INFO:colcon.colcon_core.shell:Creating environment hook '/ws_gz/install/ros2_livox_simulation/share/ros2_livox_simulation/hook/cmake_prefix_path.sh'
[1.624s] Level 1:colcon.colcon_core.environment:checking '/ws_gz/install/ros2_livox_simulation/lib'
[1.624s] Level 1:colcon.colcon_core.shell:create_environment_hook('ros2_livox_simulation', 'ld_library_path_lib')
[1.624s] INFO:colcon.colcon_core.shell:Creating environment hook '/ws_gz/install/ros2_livox_simulation/share/ros2_livox_simulation/hook/ld_library_path_lib.ps1'
[1.624s] INFO:colcon.colcon_core.shell:Creating environment descriptor '/ws_gz/install/ros2_livox_simulation/share/ros2_livox_simulation/hook/ld_library_path_lib.dsv'
[1.625s] INFO:colcon.colcon_core.shell:Creating environment hook '/ws_gz/install/ros2_livox_simulation/share/ros2_livox_simulation/hook/ld_library_path_lib.sh'
[1.625s] Level 1:colcon.colcon_core.environment:checking '/ws_gz/install/ros2_livox_simulation/bin'
[1.625s] Level 1:colcon.colcon_core.environment:checking '/ws_gz/install/ros2_livox_simulation/lib/pkgconfig/ros2_livox_simulation.pc'
[1.625s] Level 1:colcon.colcon_core.environment:checking '/ws_gz/install/ros2_livox_simulation/lib/python3.10/site-packages'
[1.625s] Level 1:colcon.colcon_core.environment:checking '/ws_gz/install/ros2_livox_simulation/bin'
[1.625s] INFO:colcon.colcon_core.shell:Creating package script '/ws_gz/install/ros2_livox_simulation/share/ros2_livox_simulation/package.ps1'
[1.625s] INFO:colcon.colcon_core.shell:Creating package descriptor '/ws_gz/install/ros2_livox_simulation/share/ros2_livox_simulation/package.dsv'
[1.626s] INFO:colcon.colcon_core.shell:Creating package script '/ws_gz/install/ros2_livox_simulation/share/ros2_livox_simulation/package.sh'
[1.626s] INFO:colcon.colcon_core.shell:Creating package script '/ws_gz/install/ros2_livox_simulation/share/ros2_livox_simulation/package.bash'
[1.626s] INFO:colcon.colcon_core.shell:Creating package script '/ws_gz/install/ros2_livox_simulation/share/ros2_livox_simulation/package.zsh'
[1.626s] Level 1:colcon.colcon_core.environment:create_file_with_runtime_dependencies(/ws_gz/install/ros2_livox_simulation/share/colcon-core/packages/ros2_livox_simulation)
[1.626s] DEBUG:colcon.colcon_parallel_executor.executor.parallel:closing loop
[1.626s] DEBUG:colcon.colcon_parallel_executor.executor.parallel:loop closed
[1.626s] DEBUG:colcon.colcon_parallel_executor.executor.parallel:run_until_complete finished with '0'
[1.626s] DEBUG:colcon.colcon_core.event_reactor:joining thread
[1.629s] INFO:colcon.colcon_core.plugin_system:Skipping extension 'colcon_notification.desktop_notification.notify_send': Could not find 'notify-send'
[1.629s] INFO:colcon.colcon_core.plugin_system:Skipping extension 'colcon_notification.desktop_notification.terminal_notifier': Not used on non-Darwin systems
[1.629s] INFO:colcon.colcon_core.plugin_system:Skipping extension 'colcon_notification.desktop_notification.win32': Not used on non-Windows systems
[1.629s] INFO:colcon.colcon_notification.desktop_notification:Sending desktop notification using 'notify2'
[1.631s] DEBUG:colcon.colcon_notification.desktop_notification.notify2:Failed to initialize notify2: org.freedesktop.DBus.Error.Spawn.ExecFailed: /usr/bin/dbus-launch terminated abnormally without any error message
[1.631s] DEBUG:colcon.colcon_core.event_reactor:joined thread
[1.631s] INFO:colcon.colcon_core.shell:Creating prefix script '/ws_gz/install/local_setup.ps1'
[1.632s] INFO:colcon.colcon_core.shell:Creating prefix util module '/ws_gz/install/_local_setup_util_ps1.py'
[1.632s] INFO:colcon.colcon_core.shell:Creating prefix chain script '/ws_gz/install/setup.ps1'
[1.633s] INFO:colcon.colcon_core.shell:Creating prefix script '/ws_gz/install/local_setup.sh'
[1.633s] INFO:colcon.colcon_core.shell:Creating prefix util module '/ws_gz/install/_local_setup_util_sh.py'
[1.633s] INFO:colcon.colcon_core.shell:Creating prefix chain script '/ws_gz/install/setup.sh'
[1.634s] INFO:colcon.colcon_core.shell:Creating prefix script '/ws_gz/install/local_setup.bash'
[1.634s] INFO:colcon.colcon_core.shell:Creating prefix chain script '/ws_gz/install/setup.bash'
[1.635s] INFO:colcon.colcon_core.shell:Creating prefix script '/ws_gz/install/local_setup.zsh'
[1.635s] INFO:colcon.colcon_core.shell:Creating prefix chain script '/ws_gz/install/setup.zsh'
