[0.043s] DEBUG:colcon:Command line arguments: ['/usr/bin/colcon', 'build', '--symlink-install', '--cmake-args', '-DCMAKE_BUILD_TYPE=Release']
[0.044s] DEBUG:colcon:Parsed command line arguments: Namespace(log_base=None, log_level=None, verb_name='build', build_base='build', install_base='install', merge_install=False, symlink_install=True, test_result_base=None, continue_on_error=False, executor='parallel', parallel_workers=32, event_handlers=None, ignore_user_meta=False, metas=['./colcon.meta'], base_paths=['.'], packages_ignore=None, packages_ignore_regex=None, paths=None, packages_up_to=None, packages_up_to_regex=None, packages_above=None, packages_above_and_dependencies=None, packages_above_depth=None, packages_select_by_dep=None, packages_skip_by_dep=None, packages_skip_up_to=None, packages_select_build_failed=False, packages_skip_build_finished=False, packages_select_test_failures=False, packages_skip_test_passed=False, packages_select=None, packages_skip=None, packages_select_regex=None, packages_skip_regex=None, packages_start=None, packages_end=None, allow_overriding=[], cmake_args=['-DCMAKE_BUILD_TYPE=Release'], cmake_target=None, cmake_target_skip_unavailable=False, cmake_clean_cache=False, cmake_clean_first=False, cmake_force_configure=False, ament_cmake_args=None, catkin_cmake_args=None, catkin_skip_building_tests=False, verb_parser=<colcon_defaults.argument_parser.defaults.DefaultArgumentsDecorator object at 0x7b7a8bccfb50>, verb_extension=<colcon_core.verb.build.BuildVerb object at 0x7b7a8be78f40>, main=<bound method BuildVerb.main of <colcon_core.verb.build.BuildVerb object at 0x7b7a8be78f40>>)
[0.104s] Level 1:colcon.colcon_core.package_discovery:discover_packages(colcon_meta) check parameters
[0.104s] Level 1:colcon.colcon_core.package_discovery:discover_packages(recursive) check parameters
[0.104s] Level 1:colcon.colcon_core.package_discovery:discover_packages(ignore) check parameters
[0.104s] Level 1:colcon.colcon_core.package_discovery:discover_packages(path) check parameters
[0.104s] Level 1:colcon.colcon_core.package_discovery:discover_packages(colcon_meta) discover
[0.104s] Level 1:colcon.colcon_core.package_discovery:discover_packages(recursive) discover
[0.104s] INFO:colcon.colcon_core.package_discovery:Crawling recursively for packages in '/ws_gz'
[0.104s] Level 1:colcon.colcon_core.package_identification:_identify(.) by extensions ['ignore', 'ignore_ament_install']
[0.104s] Level 1:colcon.colcon_core.package_identification:_identify(.) by extension 'ignore'
[0.104s] Level 1:colcon.colcon_core.package_identification:_identify(.) by extension 'ignore_ament_install'
[0.104s] Level 1:colcon.colcon_core.package_identification:_identify(.) by extensions ['colcon_pkg']
[0.104s] Level 1:colcon.colcon_core.package_identification:_identify(.) by extension 'colcon_pkg'
[0.104s] Level 1:colcon.colcon_core.package_identification:_identify(.) by extensions ['colcon_meta']
[0.104s] Level 1:colcon.colcon_core.package_identification:_identify(.) by extension 'colcon_meta'
[0.104s] Level 1:colcon.colcon_core.package_identification:_identify(.) by extensions ['ros']
[0.104s] Level 1:colcon.colcon_core.package_identification:_identify(.) by extension 'ros'
[0.109s] Level 1:colcon.colcon_core.package_identification:_identify(.) by extensions ['cmake', 'python']
[0.109s] Level 1:colcon.colcon_core.package_identification:_identify(.) by extension 'cmake'
[0.109s] Level 1:colcon.colcon_core.package_identification:_identify(.) by extension 'python'
[0.109s] Level 1:colcon.colcon_core.package_identification:_identify(.) by extensions ['python_setup_py']
[0.109s] Level 1:colcon.colcon_core.package_identification:_identify(.) by extension 'python_setup_py'
[0.109s] Level 1:colcon.colcon_core.package_identification:_identify(build) by extensions ['ignore', 'ignore_ament_install']
[0.109s] Level 1:colcon.colcon_core.package_identification:_identify(build) by extension 'ignore'
[0.109s] Level 1:colcon.colcon_core.package_identification:_identify(build) ignored
[0.109s] Level 1:colcon.colcon_core.package_identification:_identify(install) by extensions ['ignore', 'ignore_ament_install']
[0.109s] Level 1:colcon.colcon_core.package_identification:_identify(install) by extension 'ignore'
[0.109s] Level 1:colcon.colcon_core.package_identification:_identify(install) ignored
[0.109s] Level 1:colcon.colcon_core.package_identification:_identify(log) by extensions ['ignore', 'ignore_ament_install']
[0.109s] Level 1:colcon.colcon_core.package_identification:_identify(log) by extension 'ignore'
[0.109s] Level 1:colcon.colcon_core.package_identification:_identify(log) ignored
[0.109s] Level 1:colcon.colcon_core.package_identification:_identify(src) by extensions ['ignore', 'ignore_ament_install']
[0.109s] Level 1:colcon.colcon_core.package_identification:_identify(src) by extension 'ignore'
[0.109s] Level 1:colcon.colcon_core.package_identification:_identify(src) by extension 'ignore_ament_install'
[0.109s] Level 1:colcon.colcon_core.package_identification:_identify(src) by extensions ['colcon_pkg']
[0.109s] Level 1:colcon.colcon_core.package_identification:_identify(src) by extension 'colcon_pkg'
[0.110s] Level 1:colcon.colcon_core.package_identification:_identify(src) by extensions ['colcon_meta']
[0.110s] Level 1:colcon.colcon_core.package_identification:_identify(src) by extension 'colcon_meta'
[0.110s] Level 1:colcon.colcon_core.package_identification:_identify(src) by extensions ['ros']
[0.110s] Level 1:colcon.colcon_core.package_identification:_identify(src) by extension 'ros'
[0.110s] Level 1:colcon.colcon_core.package_identification:_identify(src) by extensions ['cmake', 'python']
[0.110s] Level 1:colcon.colcon_core.package_identification:_identify(src) by extension 'cmake'
[0.110s] Level 1:colcon.colcon_core.package_identification:_identify(src) by extension 'python'
[0.110s] Level 1:colcon.colcon_core.package_identification:_identify(src) by extensions ['python_setup_py']
[0.110s] Level 1:colcon.colcon_core.package_identification:_identify(src) by extension 'python_setup_py'
[0.110s] Level 1:colcon.colcon_core.package_identification:_identify(src/gz_quadbot) by extensions ['ignore', 'ignore_ament_install']
[0.110s] Level 1:colcon.colcon_core.package_identification:_identify(src/gz_quadbot) by extension 'ignore'
[0.110s] Level 1:colcon.colcon_core.package_identification:_identify(src/gz_quadbot) by extension 'ignore_ament_install'
[0.110s] Level 1:colcon.colcon_core.package_identification:_identify(src/gz_quadbot) by extensions ['colcon_pkg']
[0.110s] Level 1:colcon.colcon_core.package_identification:_identify(src/gz_quadbot) by extension 'colcon_pkg'
[0.110s] Level 1:colcon.colcon_core.package_identification:_identify(src/gz_quadbot) by extensions ['colcon_meta']
[0.110s] Level 1:colcon.colcon_core.package_identification:_identify(src/gz_quadbot) by extension 'colcon_meta'
[0.110s] Level 1:colcon.colcon_core.package_identification:_identify(src/gz_quadbot) by extensions ['ros']
[0.110s] Level 1:colcon.colcon_core.package_identification:_identify(src/gz_quadbot) by extension 'ros'
[0.110s] Level 1:colcon.colcon_core.package_identification:_identify(src/gz_quadbot) by extensions ['cmake', 'python']
[0.110s] Level 1:colcon.colcon_core.package_identification:_identify(src/gz_quadbot) by extension 'cmake'
[0.110s] Level 1:colcon.colcon_core.package_identification:_identify(src/gz_quadbot) by extension 'python'
[0.110s] Level 1:colcon.colcon_core.package_identification:_identify(src/gz_quadbot) by extensions ['python_setup_py']
[0.110s] Level 1:colcon.colcon_core.package_identification:_identify(src/gz_quadbot) by extension 'python_setup_py'
[0.110s] Level 1:colcon.colcon_core.package_identification:_identify(src/gz_quadbot/champ) by extensions ['ignore', 'ignore_ament_install']
[0.110s] Level 1:colcon.colcon_core.package_identification:_identify(src/gz_quadbot/champ) by extension 'ignore'
[0.110s] Level 1:colcon.colcon_core.package_identification:_identify(src/gz_quadbot/champ) by extension 'ignore_ament_install'
[0.110s] Level 1:colcon.colcon_core.package_identification:_identify(src/gz_quadbot/champ) by extensions ['colcon_pkg']
[0.110s] Level 1:colcon.colcon_core.package_identification:_identify(src/gz_quadbot/champ) by extension 'colcon_pkg'
[0.110s] Level 1:colcon.colcon_core.package_identification:_identify(src/gz_quadbot/champ) by extensions ['colcon_meta']
[0.110s] Level 1:colcon.colcon_core.package_identification:_identify(src/gz_quadbot/champ) by extension 'colcon_meta'
[0.110s] Level 1:colcon.colcon_core.package_identification:_identify(src/gz_quadbot/champ) by extensions ['ros']
[0.110s] Level 1:colcon.colcon_core.package_identification:_identify(src/gz_quadbot/champ) by extension 'ros'
[0.110s] Level 1:colcon.colcon_core.package_identification:_identify(src/gz_quadbot/champ) by extensions ['cmake', 'python']
[0.110s] Level 1:colcon.colcon_core.package_identification:_identify(src/gz_quadbot/champ) by extension 'cmake'
[0.110s] Level 1:colcon.colcon_core.package_identification:_identify(src/gz_quadbot/champ) by extension 'python'
[0.110s] Level 1:colcon.colcon_core.package_identification:_identify(src/gz_quadbot/champ) by extensions ['python_setup_py']
[0.110s] Level 1:colcon.colcon_core.package_identification:_identify(src/gz_quadbot/champ) by extension 'python_setup_py'
[0.110s] Level 1:colcon.colcon_core.package_identification:_identify(src/gz_quadbot/champ/champ) by extensions ['ignore', 'ignore_ament_install']
[0.110s] Level 1:colcon.colcon_core.package_identification:_identify(src/gz_quadbot/champ/champ) by extension 'ignore'
[0.110s] Level 1:colcon.colcon_core.package_identification:_identify(src/gz_quadbot/champ/champ) by extension 'ignore_ament_install'
[0.110s] Level 1:colcon.colcon_core.package_identification:_identify(src/gz_quadbot/champ/champ) by extensions ['colcon_pkg']
[0.110s] Level 1:colcon.colcon_core.package_identification:_identify(src/gz_quadbot/champ/champ) by extension 'colcon_pkg'
[0.110s] Level 1:colcon.colcon_core.package_identification:_identify(src/gz_quadbot/champ/champ) by extensions ['colcon_meta']
[0.110s] Level 1:colcon.colcon_core.package_identification:_identify(src/gz_quadbot/champ/champ) by extension 'colcon_meta'
[0.110s] Level 1:colcon.colcon_core.package_identification:_identify(src/gz_quadbot/champ/champ) by extensions ['ros']
[0.110s] Level 1:colcon.colcon_core.package_identification:_identify(src/gz_quadbot/champ/champ) by extension 'ros'
[0.111s] DEBUG:colcon.colcon_core.package_identification:Package 'src/gz_quadbot/champ/champ' with type 'ros.ament_cmake' and name 'champ'
[0.111s] Level 1:colcon.colcon_core.package_identification:_identify(src/gz_quadbot/champ/champ_base) by extensions ['ignore', 'ignore_ament_install']
[0.111s] Level 1:colcon.colcon_core.package_identification:_identify(src/gz_quadbot/champ/champ_base) by extension 'ignore'
[0.111s] Level 1:colcon.colcon_core.package_identification:_identify(src/gz_quadbot/champ/champ_base) by extension 'ignore_ament_install'
[0.111s] Level 1:colcon.colcon_core.package_identification:_identify(src/gz_quadbot/champ/champ_base) by extensions ['colcon_pkg']
[0.111s] Level 1:colcon.colcon_core.package_identification:_identify(src/gz_quadbot/champ/champ_base) by extension 'colcon_pkg'
[0.111s] Level 1:colcon.colcon_core.package_identification:_identify(src/gz_quadbot/champ/champ_base) by extensions ['colcon_meta']
[0.111s] Level 1:colcon.colcon_core.package_identification:_identify(src/gz_quadbot/champ/champ_base) by extension 'colcon_meta'
[0.111s] Level 1:colcon.colcon_core.package_identification:_identify(src/gz_quadbot/champ/champ_base) by extensions ['ros']
[0.111s] Level 1:colcon.colcon_core.package_identification:_identify(src/gz_quadbot/champ/champ_base) by extension 'ros'
[0.112s] DEBUG:colcon.colcon_core.package_identification:Package 'src/gz_quadbot/champ/champ_base' with type 'ros.ament_cmake' and name 'champ_base'
[0.112s] Level 1:colcon.colcon_core.package_identification:_identify(src/gz_quadbot/champ/champ_bringup) by extensions ['ignore', 'ignore_ament_install']
[0.112s] Level 1:colcon.colcon_core.package_identification:_identify(src/gz_quadbot/champ/champ_bringup) by extension 'ignore'
[0.112s] Level 1:colcon.colcon_core.package_identification:_identify(src/gz_quadbot/champ/champ_bringup) by extension 'ignore_ament_install'
[0.112s] Level 1:colcon.colcon_core.package_identification:_identify(src/gz_quadbot/champ/champ_bringup) by extensions ['colcon_pkg']
[0.112s] Level 1:colcon.colcon_core.package_identification:_identify(src/gz_quadbot/champ/champ_bringup) by extension 'colcon_pkg'
[0.112s] Level 1:colcon.colcon_core.package_identification:_identify(src/gz_quadbot/champ/champ_bringup) by extensions ['colcon_meta']
[0.112s] Level 1:colcon.colcon_core.package_identification:_identify(src/gz_quadbot/champ/champ_bringup) by extension 'colcon_meta'
[0.112s] Level 1:colcon.colcon_core.package_identification:_identify(src/gz_quadbot/champ/champ_bringup) by extensions ['ros']
[0.112s] Level 1:colcon.colcon_core.package_identification:_identify(src/gz_quadbot/champ/champ_bringup) by extension 'ros'
[0.112s] DEBUG:colcon.colcon_core.package_identification:Package 'src/gz_quadbot/champ/champ_bringup' with type 'ros.ament_cmake' and name 'champ_bringup'
[0.113s] Level 1:colcon.colcon_core.package_identification:_identify(src/gz_quadbot/champ/champ_config) by extensions ['ignore', 'ignore_ament_install']
[0.113s] Level 1:colcon.colcon_core.package_identification:_identify(src/gz_quadbot/champ/champ_config) by extension 'ignore'
[0.113s] Level 1:colcon.colcon_core.package_identification:_identify(src/gz_quadbot/champ/champ_config) by extension 'ignore_ament_install'
[0.113s] Level 1:colcon.colcon_core.package_identification:_identify(src/gz_quadbot/champ/champ_config) by extensions ['colcon_pkg']
[0.113s] Level 1:colcon.colcon_core.package_identification:_identify(src/gz_quadbot/champ/champ_config) by extension 'colcon_pkg'
[0.113s] Level 1:colcon.colcon_core.package_identification:_identify(src/gz_quadbot/champ/champ_config) by extensions ['colcon_meta']
[0.113s] Level 1:colcon.colcon_core.package_identification:_identify(src/gz_quadbot/champ/champ_config) by extension 'colcon_meta'
[0.113s] Level 1:colcon.colcon_core.package_identification:_identify(src/gz_quadbot/champ/champ_config) by extensions ['ros']
[0.113s] Level 1:colcon.colcon_core.package_identification:_identify(src/gz_quadbot/champ/champ_config) by extension 'ros'
[0.113s] DEBUG:colcon.colcon_core.package_identification:Package 'src/gz_quadbot/champ/champ_config' with type 'ros.ament_cmake' and name 'champ_config'
[0.113s] Level 1:colcon.colcon_core.package_identification:_identify(src/gz_quadbot/champ/champ_description) by extensions ['ignore', 'ignore_ament_install']
[0.113s] Level 1:colcon.colcon_core.package_identification:_identify(src/gz_quadbot/champ/champ_description) by extension 'ignore'
[0.113s] Level 1:colcon.colcon_core.package_identification:_identify(src/gz_quadbot/champ/champ_description) by extension 'ignore_ament_install'
[0.113s] Level 1:colcon.colcon_core.package_identification:_identify(src/gz_quadbot/champ/champ_description) by extensions ['colcon_pkg']
[0.113s] Level 1:colcon.colcon_core.package_identification:_identify(src/gz_quadbot/champ/champ_description) by extension 'colcon_pkg'
[0.113s] Level 1:colcon.colcon_core.package_identification:_identify(src/gz_quadbot/champ/champ_description) by extensions ['colcon_meta']
[0.113s] Level 1:colcon.colcon_core.package_identification:_identify(src/gz_quadbot/champ/champ_description) by extension 'colcon_meta'
[0.113s] Level 1:colcon.colcon_core.package_identification:_identify(src/gz_quadbot/champ/champ_description) by extensions ['ros']
[0.113s] Level 1:colcon.colcon_core.package_identification:_identify(src/gz_quadbot/champ/champ_description) by extension 'ros'
[0.113s] DEBUG:colcon.colcon_core.package_identification:Package 'src/gz_quadbot/champ/champ_description' with type 'ros.ament_cmake' and name 'champ_description'
[0.113s] Level 1:colcon.colcon_core.package_identification:_identify(src/gz_quadbot/champ/champ_gazebo) by extensions ['ignore', 'ignore_ament_install']
[0.113s] Level 1:colcon.colcon_core.package_identification:_identify(src/gz_quadbot/champ/champ_gazebo) by extension 'ignore'
[0.113s] Level 1:colcon.colcon_core.package_identification:_identify(src/gz_quadbot/champ/champ_gazebo) by extension 'ignore_ament_install'
[0.113s] Level 1:colcon.colcon_core.package_identification:_identify(src/gz_quadbot/champ/champ_gazebo) by extensions ['colcon_pkg']
[0.113s] Level 1:colcon.colcon_core.package_identification:_identify(src/gz_quadbot/champ/champ_gazebo) by extension 'colcon_pkg'
[0.113s] Level 1:colcon.colcon_core.package_identification:_identify(src/gz_quadbot/champ/champ_gazebo) by extensions ['colcon_meta']
[0.113s] Level 1:colcon.colcon_core.package_identification:_identify(src/gz_quadbot/champ/champ_gazebo) by extension 'colcon_meta'
[0.113s] Level 1:colcon.colcon_core.package_identification:_identify(src/gz_quadbot/champ/champ_gazebo) by extensions ['ros']
[0.113s] Level 1:colcon.colcon_core.package_identification:_identify(src/gz_quadbot/champ/champ_gazebo) by extension 'ros'
[0.114s] DEBUG:colcon.colcon_core.package_identification:Package 'src/gz_quadbot/champ/champ_gazebo' with type 'ros.ament_cmake' and name 'champ_gazebo'
[0.114s] Level 1:colcon.colcon_core.package_identification:_identify(src/gz_quadbot/champ/champ_msgs) by extensions ['ignore', 'ignore_ament_install']
[0.114s] Level 1:colcon.colcon_core.package_identification:_identify(src/gz_quadbot/champ/champ_msgs) by extension 'ignore'
[0.114s] Level 1:colcon.colcon_core.package_identification:_identify(src/gz_quadbot/champ/champ_msgs) by extension 'ignore_ament_install'
[0.114s] Level 1:colcon.colcon_core.package_identification:_identify(src/gz_quadbot/champ/champ_msgs) by extensions ['colcon_pkg']
[0.114s] Level 1:colcon.colcon_core.package_identification:_identify(src/gz_quadbot/champ/champ_msgs) by extension 'colcon_pkg'
[0.114s] Level 1:colcon.colcon_core.package_identification:_identify(src/gz_quadbot/champ/champ_msgs) by extensions ['colcon_meta']
[0.114s] Level 1:colcon.colcon_core.package_identification:_identify(src/gz_quadbot/champ/champ_msgs) by extension 'colcon_meta'
[0.114s] Level 1:colcon.colcon_core.package_identification:_identify(src/gz_quadbot/champ/champ_msgs) by extensions ['ros']
[0.114s] Level 1:colcon.colcon_core.package_identification:_identify(src/gz_quadbot/champ/champ_msgs) by extension 'ros'
[0.114s] DEBUG:colcon.colcon_core.package_identification:Package 'src/gz_quadbot/champ/champ_msgs' with type 'ros.ament_cmake' and name 'champ_msgs'
[0.114s] Level 1:colcon.colcon_core.package_identification:_identify(src/gz_quadbot/champ/champ_navigation) by extensions ['ignore', 'ignore_ament_install']
[0.114s] Level 1:colcon.colcon_core.package_identification:_identify(src/gz_quadbot/champ/champ_navigation) by extension 'ignore'
[0.114s] Level 1:colcon.colcon_core.package_identification:_identify(src/gz_quadbot/champ/champ_navigation) by extension 'ignore_ament_install'
[0.114s] Level 1:colcon.colcon_core.package_identification:_identify(src/gz_quadbot/champ/champ_navigation) by extensions ['colcon_pkg']
[0.114s] Level 1:colcon.colcon_core.package_identification:_identify(src/gz_quadbot/champ/champ_navigation) by extension 'colcon_pkg'
[0.114s] Level 1:colcon.colcon_core.package_identification:_identify(src/gz_quadbot/champ/champ_navigation) by extensions ['colcon_meta']
[0.114s] Level 1:colcon.colcon_core.package_identification:_identify(src/gz_quadbot/champ/champ_navigation) by extension 'colcon_meta'
[0.114s] Level 1:colcon.colcon_core.package_identification:_identify(src/gz_quadbot/champ/champ_navigation) by extensions ['ros']
[0.114s] Level 1:colcon.colcon_core.package_identification:_identify(src/gz_quadbot/champ/champ_navigation) by extension 'ros'
[0.115s] DEBUG:colcon.colcon_core.package_identification:Package 'src/gz_quadbot/champ/champ_navigation' with type 'ros.ament_cmake' and name 'champ_navigation'
[0.115s] Level 1:colcon.colcon_core.package_identification:_identify(src/gz_quadbot/champ/docs) by extensions ['ignore', 'ignore_ament_install']
[0.115s] Level 1:colcon.colcon_core.package_identification:_identify(src/gz_quadbot/champ/docs) by extension 'ignore'
[0.115s] Level 1:colcon.colcon_core.package_identification:_identify(src/gz_quadbot/champ/docs) by extension 'ignore_ament_install'
[0.115s] Level 1:colcon.colcon_core.package_identification:_identify(src/gz_quadbot/champ/docs) by extensions ['colcon_pkg']
[0.115s] Level 1:colcon.colcon_core.package_identification:_identify(src/gz_quadbot/champ/docs) by extension 'colcon_pkg'
[0.115s] Level 1:colcon.colcon_core.package_identification:_identify(src/gz_quadbot/champ/docs) by extensions ['colcon_meta']
[0.115s] Level 1:colcon.colcon_core.package_identification:_identify(src/gz_quadbot/champ/docs) by extension 'colcon_meta'
[0.115s] Level 1:colcon.colcon_core.package_identification:_identify(src/gz_quadbot/champ/docs) by extensions ['ros']
[0.115s] Level 1:colcon.colcon_core.package_identification:_identify(src/gz_quadbot/champ/docs) by extension 'ros'
[0.115s] Level 1:colcon.colcon_core.package_identification:_identify(src/gz_quadbot/champ/docs) by extensions ['cmake', 'python']
[0.115s] Level 1:colcon.colcon_core.package_identification:_identify(src/gz_quadbot/champ/docs) by extension 'cmake'
[0.115s] Level 1:colcon.colcon_core.package_identification:_identify(src/gz_quadbot/champ/docs) by extension 'python'
[0.115s] Level 1:colcon.colcon_core.package_identification:_identify(src/gz_quadbot/champ/docs) by extensions ['python_setup_py']
[0.115s] Level 1:colcon.colcon_core.package_identification:_identify(src/gz_quadbot/champ/docs) by extension 'python_setup_py'
[0.115s] Level 1:colcon.colcon_core.package_identification:_identify(src/gz_quadbot/champ/docs/images) by extensions ['ignore', 'ignore_ament_install']
[0.115s] Level 1:colcon.colcon_core.package_identification:_identify(src/gz_quadbot/champ/docs/images) by extension 'ignore'
[0.115s] Level 1:colcon.colcon_core.package_identification:_identify(src/gz_quadbot/champ/docs/images) by extension 'ignore_ament_install'
[0.115s] Level 1:colcon.colcon_core.package_identification:_identify(src/gz_quadbot/champ/docs/images) by extensions ['colcon_pkg']
[0.115s] Level 1:colcon.colcon_core.package_identification:_identify(src/gz_quadbot/champ/docs/images) by extension 'colcon_pkg'
[0.115s] Level 1:colcon.colcon_core.package_identification:_identify(src/gz_quadbot/champ/docs/images) by extensions ['colcon_meta']
[0.115s] Level 1:colcon.colcon_core.package_identification:_identify(src/gz_quadbot/champ/docs/images) by extension 'colcon_meta'
[0.115s] Level 1:colcon.colcon_core.package_identification:_identify(src/gz_quadbot/champ/docs/images) by extensions ['ros']
[0.115s] Level 1:colcon.colcon_core.package_identification:_identify(src/gz_quadbot/champ/docs/images) by extension 'ros'
[0.115s] Level 1:colcon.colcon_core.package_identification:_identify(src/gz_quadbot/champ/docs/images) by extensions ['cmake', 'python']
[0.115s] Level 1:colcon.colcon_core.package_identification:_identify(src/gz_quadbot/champ/docs/images) by extension 'cmake'
[0.115s] Level 1:colcon.colcon_core.package_identification:_identify(src/gz_quadbot/champ/docs/images) by extension 'python'
[0.115s] Level 1:colcon.colcon_core.package_identification:_identify(src/gz_quadbot/champ/docs/images) by extensions ['python_setup_py']
[0.115s] Level 1:colcon.colcon_core.package_identification:_identify(src/gz_quadbot/champ/docs/images) by extension 'python_setup_py'
[0.115s] Level 1:colcon.colcon_core.package_identification:_identify(src/gz_quadbot/robots) by extensions ['ignore', 'ignore_ament_install']
[0.115s] Level 1:colcon.colcon_core.package_identification:_identify(src/gz_quadbot/robots) by extension 'ignore'
[0.115s] Level 1:colcon.colcon_core.package_identification:_identify(src/gz_quadbot/robots) by extension 'ignore_ament_install'
[0.115s] Level 1:colcon.colcon_core.package_identification:_identify(src/gz_quadbot/robots) by extensions ['colcon_pkg']
[0.115s] Level 1:colcon.colcon_core.package_identification:_identify(src/gz_quadbot/robots) by extension 'colcon_pkg'
[0.115s] Level 1:colcon.colcon_core.package_identification:_identify(src/gz_quadbot/robots) by extensions ['colcon_meta']
[0.115s] Level 1:colcon.colcon_core.package_identification:_identify(src/gz_quadbot/robots) by extension 'colcon_meta'
[0.115s] Level 1:colcon.colcon_core.package_identification:_identify(src/gz_quadbot/robots) by extensions ['ros']
[0.115s] Level 1:colcon.colcon_core.package_identification:_identify(src/gz_quadbot/robots) by extension 'ros'
[0.115s] Level 1:colcon.colcon_core.package_identification:_identify(src/gz_quadbot/robots) by extensions ['cmake', 'python']
[0.115s] Level 1:colcon.colcon_core.package_identification:_identify(src/gz_quadbot/robots) by extension 'cmake'
[0.115s] Level 1:colcon.colcon_core.package_identification:_identify(src/gz_quadbot/robots) by extension 'python'
[0.115s] Level 1:colcon.colcon_core.package_identification:_identify(src/gz_quadbot/robots) by extensions ['python_setup_py']
[0.115s] Level 1:colcon.colcon_core.package_identification:_identify(src/gz_quadbot/robots) by extension 'python_setup_py'
[0.115s] Level 1:colcon.colcon_core.package_identification:_identify(src/gz_quadbot/robots/configs) by extensions ['ignore', 'ignore_ament_install']
[0.115s] Level 1:colcon.colcon_core.package_identification:_identify(src/gz_quadbot/robots/configs) by extension 'ignore'
[0.115s] Level 1:colcon.colcon_core.package_identification:_identify(src/gz_quadbot/robots/configs) by extension 'ignore_ament_install'
[0.115s] Level 1:colcon.colcon_core.package_identification:_identify(src/gz_quadbot/robots/configs) by extensions ['colcon_pkg']
[0.115s] Level 1:colcon.colcon_core.package_identification:_identify(src/gz_quadbot/robots/configs) by extension 'colcon_pkg'
[0.115s] Level 1:colcon.colcon_core.package_identification:_identify(src/gz_quadbot/robots/configs) by extensions ['colcon_meta']
[0.115s] Level 1:colcon.colcon_core.package_identification:_identify(src/gz_quadbot/robots/configs) by extension 'colcon_meta'
[0.116s] Level 1:colcon.colcon_core.package_identification:_identify(src/gz_quadbot/robots/configs) by extensions ['ros']
[0.116s] Level 1:colcon.colcon_core.package_identification:_identify(src/gz_quadbot/robots/configs) by extension 'ros'
[0.116s] Level 1:colcon.colcon_core.package_identification:_identify(src/gz_quadbot/robots/configs) by extensions ['cmake', 'python']
[0.116s] Level 1:colcon.colcon_core.package_identification:_identify(src/gz_quadbot/robots/configs) by extension 'cmake'
[0.116s] Level 1:colcon.colcon_core.package_identification:_identify(src/gz_quadbot/robots/configs) by extension 'python'
[0.116s] Level 1:colcon.colcon_core.package_identification:_identify(src/gz_quadbot/robots/configs) by extensions ['python_setup_py']
[0.116s] Level 1:colcon.colcon_core.package_identification:_identify(src/gz_quadbot/robots/configs) by extension 'python_setup_py'
[0.116s] Level 1:colcon.colcon_core.package_identification:_identify(src/gz_quadbot/robots/configs/go2_config) by extensions ['ignore', 'ignore_ament_install']
[0.116s] Level 1:colcon.colcon_core.package_identification:_identify(src/gz_quadbot/robots/configs/go2_config) by extension 'ignore'
[0.116s] Level 1:colcon.colcon_core.package_identification:_identify(src/gz_quadbot/robots/configs/go2_config) by extension 'ignore_ament_install'
[0.116s] Level 1:colcon.colcon_core.package_identification:_identify(src/gz_quadbot/robots/configs/go2_config) by extensions ['colcon_pkg']
[0.116s] Level 1:colcon.colcon_core.package_identification:_identify(src/gz_quadbot/robots/configs/go2_config) by extension 'colcon_pkg'
[0.116s] Level 1:colcon.colcon_core.package_identification:_identify(src/gz_quadbot/robots/configs/go2_config) by extensions ['colcon_meta']
[0.116s] Level 1:colcon.colcon_core.package_identification:_identify(src/gz_quadbot/robots/configs/go2_config) by extension 'colcon_meta'
[0.116s] Level 1:colcon.colcon_core.package_identification:_identify(src/gz_quadbot/robots/configs/go2_config) by extensions ['ros']
[0.116s] Level 1:colcon.colcon_core.package_identification:_identify(src/gz_quadbot/robots/configs/go2_config) by extension 'ros'
[0.116s] DEBUG:colcon.colcon_core.package_identification:Package 'src/gz_quadbot/robots/configs/go2_config' with type 'ros.ament_cmake' and name 'go2_config'
[0.116s] Level 1:colcon.colcon_core.package_identification:_identify(src/gz_quadbot/robots/descriptions) by extensions ['ignore', 'ignore_ament_install']
[0.116s] Level 1:colcon.colcon_core.package_identification:_identify(src/gz_quadbot/robots/descriptions) by extension 'ignore'
[0.116s] Level 1:colcon.colcon_core.package_identification:_identify(src/gz_quadbot/robots/descriptions) by extension 'ignore_ament_install'
[0.116s] Level 1:colcon.colcon_core.package_identification:_identify(src/gz_quadbot/robots/descriptions) by extensions ['colcon_pkg']
[0.116s] Level 1:colcon.colcon_core.package_identification:_identify(src/gz_quadbot/robots/descriptions) by extension 'colcon_pkg'
[0.116s] Level 1:colcon.colcon_core.package_identification:_identify(src/gz_quadbot/robots/descriptions) by extensions ['colcon_meta']
[0.116s] Level 1:colcon.colcon_core.package_identification:_identify(src/gz_quadbot/robots/descriptions) by extension 'colcon_meta'
[0.116s] Level 1:colcon.colcon_core.package_identification:_identify(src/gz_quadbot/robots/descriptions) by extensions ['ros']
[0.116s] Level 1:colcon.colcon_core.package_identification:_identify(src/gz_quadbot/robots/descriptions) by extension 'ros'
[0.116s] Level 1:colcon.colcon_core.package_identification:_identify(src/gz_quadbot/robots/descriptions) by extensions ['cmake', 'python']
[0.116s] Level 1:colcon.colcon_core.package_identification:_identify(src/gz_quadbot/robots/descriptions) by extension 'cmake'
[0.116s] Level 1:colcon.colcon_core.package_identification:_identify(src/gz_quadbot/robots/descriptions) by extension 'python'
[0.116s] Level 1:colcon.colcon_core.package_identification:_identify(src/gz_quadbot/robots/descriptions) by extensions ['python_setup_py']
[0.116s] Level 1:colcon.colcon_core.package_identification:_identify(src/gz_quadbot/robots/descriptions) by extension 'python_setup_py'
[0.116s] Level 1:colcon.colcon_core.package_identification:_identify(src/gz_quadbot/robots/descriptions/go2_description) by extensions ['ignore', 'ignore_ament_install']
[0.116s] Level 1:colcon.colcon_core.package_identification:_identify(src/gz_quadbot/robots/descriptions/go2_description) by extension 'ignore'
[0.116s] Level 1:colcon.colcon_core.package_identification:_identify(src/gz_quadbot/robots/descriptions/go2_description) by extension 'ignore_ament_install'
[0.116s] Level 1:colcon.colcon_core.package_identification:_identify(src/gz_quadbot/robots/descriptions/go2_description) by extensions ['colcon_pkg']
[0.116s] Level 1:colcon.colcon_core.package_identification:_identify(src/gz_quadbot/robots/descriptions/go2_description) by extension 'colcon_pkg'
[0.116s] Level 1:colcon.colcon_core.package_identification:_identify(src/gz_quadbot/robots/descriptions/go2_description) by extensions ['colcon_meta']
[0.116s] Level 1:colcon.colcon_core.package_identification:_identify(src/gz_quadbot/robots/descriptions/go2_description) by extension 'colcon_meta'
[0.116s] Level 1:colcon.colcon_core.package_identification:_identify(src/gz_quadbot/robots/descriptions/go2_description) by extensions ['ros']
[0.116s] Level 1:colcon.colcon_core.package_identification:_identify(src/gz_quadbot/robots/descriptions/go2_description) by extension 'ros'
[0.117s] DEBUG:colcon.colcon_core.package_identification:Package 'src/gz_quadbot/robots/descriptions/go2_description' with type 'ros.ament_cmake' and name 'go2_description'
[0.117s] Level 1:colcon.colcon_core.package_identification:_identify(src/livox_laser_simulation_RO2) by extensions ['ignore', 'ignore_ament_install']
[0.117s] Level 1:colcon.colcon_core.package_identification:_identify(src/livox_laser_simulation_RO2) by extension 'ignore'
[0.117s] Level 1:colcon.colcon_core.package_identification:_identify(src/livox_laser_simulation_RO2) by extension 'ignore_ament_install'
[0.117s] Level 1:colcon.colcon_core.package_identification:_identify(src/livox_laser_simulation_RO2) by extensions ['colcon_pkg']
[0.117s] Level 1:colcon.colcon_core.package_identification:_identify(src/livox_laser_simulation_RO2) by extension 'colcon_pkg'
[0.117s] Level 1:colcon.colcon_core.package_identification:_identify(src/livox_laser_simulation_RO2) by extensions ['colcon_meta']
[0.117s] Level 1:colcon.colcon_core.package_identification:_identify(src/livox_laser_simulation_RO2) by extension 'colcon_meta'
[0.117s] Level 1:colcon.colcon_core.package_identification:_identify(src/livox_laser_simulation_RO2) by extensions ['ros']
[0.117s] Level 1:colcon.colcon_core.package_identification:_identify(src/livox_laser_simulation_RO2) by extension 'ros'
[0.117s] DEBUG:colcon.colcon_core.package_identification:Package 'src/livox_laser_simulation_RO2' with type 'ros.ament_cmake' and name 'ros2_livox_simulation'
[0.117s] Level 1:colcon.colcon_core.package_identification:_identify(src/realsense_ros_gazebo) by extensions ['ignore', 'ignore_ament_install']
[0.117s] Level 1:colcon.colcon_core.package_identification:_identify(src/realsense_ros_gazebo) by extension 'ignore'
[0.117s] Level 1:colcon.colcon_core.package_identification:_identify(src/realsense_ros_gazebo) by extension 'ignore_ament_install'
[0.117s] Level 1:colcon.colcon_core.package_identification:_identify(src/realsense_ros_gazebo) by extensions ['colcon_pkg']
[0.117s] Level 1:colcon.colcon_core.package_identification:_identify(src/realsense_ros_gazebo) by extension 'colcon_pkg'
[0.117s] Level 1:colcon.colcon_core.package_identification:_identify(src/realsense_ros_gazebo) by extensions ['colcon_meta']
[0.117s] Level 1:colcon.colcon_core.package_identification:_identify(src/realsense_ros_gazebo) by extension 'colcon_meta'
[0.117s] Level 1:colcon.colcon_core.package_identification:_identify(src/realsense_ros_gazebo) by extensions ['ros']
[0.117s] Level 1:colcon.colcon_core.package_identification:_identify(src/realsense_ros_gazebo) by extension 'ros'
[0.118s] DEBUG:colcon.colcon_core.package_identification:Package 'src/realsense_ros_gazebo' with type 'ros.ament_cmake' and name 'realsense_ros_gazebo'
[0.118s] Level 1:colcon.colcon_core.package_discovery:discover_packages(recursive) using defaults
[0.118s] Level 1:colcon.colcon_core.package_discovery:discover_packages(ignore) discover
[0.118s] Level 1:colcon.colcon_core.package_discovery:discover_packages(ignore) using defaults
[0.118s] Level 1:colcon.colcon_core.package_discovery:discover_packages(path) discover
[0.118s] Level 1:colcon.colcon_core.package_discovery:discover_packages(path) using defaults
[0.127s] Level 1:colcon.colcon_core.package_discovery:discover_packages(prefix_path) check parameters
[0.127s] Level 1:colcon.colcon_core.package_discovery:discover_packages(prefix_path) discover
[0.128s] DEBUG:colcon.colcon_installed_package_information.package_discovery:Found 13 installed packages in /ws_gz/install
[0.129s] DEBUG:colcon.colcon_installed_package_information.package_discovery:Found 1 installed packages in /livox_ws/install
[0.129s] DEBUG:colcon.colcon_installed_package_information.package_discovery:Found 336 installed packages in /opt/ros/humble
[0.134s] Level 1:colcon.colcon_core.package_discovery:discover_packages(prefix_path) using defaults
[0.151s] Level 5:colcon.colcon_core.verb:set package 'champ' build argument 'cmake_args' from command line to '['-DCMAKE_BUILD_TYPE=Release']'
[0.151s] Level 5:colcon.colcon_core.verb:set package 'champ' build argument 'cmake_target' from command line to 'None'
[0.151s] Level 5:colcon.colcon_core.verb:set package 'champ' build argument 'cmake_target_skip_unavailable' from command line to 'False'
[0.151s] Level 5:colcon.colcon_core.verb:set package 'champ' build argument 'cmake_clean_cache' from command line to 'False'
[0.151s] Level 5:colcon.colcon_core.verb:set package 'champ' build argument 'cmake_clean_first' from command line to 'False'
[0.151s] Level 5:colcon.colcon_core.verb:set package 'champ' build argument 'cmake_force_configure' from command line to 'False'
[0.151s] Level 5:colcon.colcon_core.verb:set package 'champ' build argument 'ament_cmake_args' from command line to 'None'
[0.151s] Level 5:colcon.colcon_core.verb:set package 'champ' build argument 'catkin_cmake_args' from command line to 'None'
[0.151s] Level 5:colcon.colcon_core.verb:set package 'champ' build argument 'catkin_skip_building_tests' from command line to 'False'
[0.151s] DEBUG:colcon.colcon_core.verb:Building package 'champ' with the following arguments: {'ament_cmake_args': None, 'build_base': '/ws_gz/build/champ', 'catkin_cmake_args': None, 'catkin_skip_building_tests': False, 'cmake_args': ['-DCMAKE_BUILD_TYPE=Release'], 'cmake_clean_cache': False, 'cmake_clean_first': False, 'cmake_force_configure': False, 'cmake_target': None, 'cmake_target_skip_unavailable': False, 'install_base': '/ws_gz/install/champ', 'merge_install': False, 'path': '/ws_gz/src/gz_quadbot/champ/champ', 'symlink_install': True, 'test_result_base': None}
[0.151s] Level 5:colcon.colcon_core.verb:set package 'champ_config' build argument 'cmake_args' from command line to '['-DCMAKE_BUILD_TYPE=Release']'
[0.151s] Level 5:colcon.colcon_core.verb:set package 'champ_config' build argument 'cmake_target' from command line to 'None'
[0.151s] Level 5:colcon.colcon_core.verb:set package 'champ_config' build argument 'cmake_target_skip_unavailable' from command line to 'False'
[0.151s] Level 5:colcon.colcon_core.verb:set package 'champ_config' build argument 'cmake_clean_cache' from command line to 'False'
[0.151s] Level 5:colcon.colcon_core.verb:set package 'champ_config' build argument 'cmake_clean_first' from command line to 'False'
[0.151s] Level 5:colcon.colcon_core.verb:set package 'champ_config' build argument 'cmake_force_configure' from command line to 'False'
[0.151s] Level 5:colcon.colcon_core.verb:set package 'champ_config' build argument 'ament_cmake_args' from command line to 'None'
[0.151s] Level 5:colcon.colcon_core.verb:set package 'champ_config' build argument 'catkin_cmake_args' from command line to 'None'
[0.151s] Level 5:colcon.colcon_core.verb:set package 'champ_config' build argument 'catkin_skip_building_tests' from command line to 'False'
[0.151s] DEBUG:colcon.colcon_core.verb:Building package 'champ_config' with the following arguments: {'ament_cmake_args': None, 'build_base': '/ws_gz/build/champ_config', 'catkin_cmake_args': None, 'catkin_skip_building_tests': False, 'cmake_args': ['-DCMAKE_BUILD_TYPE=Release'], 'cmake_clean_cache': False, 'cmake_clean_first': False, 'cmake_force_configure': False, 'cmake_target': None, 'cmake_target_skip_unavailable': False, 'install_base': '/ws_gz/install/champ_config', 'merge_install': False, 'path': '/ws_gz/src/gz_quadbot/champ/champ_config', 'symlink_install': True, 'test_result_base': None}
[0.151s] Level 5:colcon.colcon_core.verb:set package 'champ_description' build argument 'cmake_args' from command line to '['-DCMAKE_BUILD_TYPE=Release']'
[0.151s] Level 5:colcon.colcon_core.verb:set package 'champ_description' build argument 'cmake_target' from command line to 'None'
[0.151s] Level 5:colcon.colcon_core.verb:set package 'champ_description' build argument 'cmake_target_skip_unavailable' from command line to 'False'
[0.151s] Level 5:colcon.colcon_core.verb:set package 'champ_description' build argument 'cmake_clean_cache' from command line to 'False'
[0.151s] Level 5:colcon.colcon_core.verb:set package 'champ_description' build argument 'cmake_clean_first' from command line to 'False'
[0.151s] Level 5:colcon.colcon_core.verb:set package 'champ_description' build argument 'cmake_force_configure' from command line to 'False'
[0.151s] Level 5:colcon.colcon_core.verb:set package 'champ_description' build argument 'ament_cmake_args' from command line to 'None'
[0.151s] Level 5:colcon.colcon_core.verb:set package 'champ_description' build argument 'catkin_cmake_args' from command line to 'None'
[0.151s] Level 5:colcon.colcon_core.verb:set package 'champ_description' build argument 'catkin_skip_building_tests' from command line to 'False'
[0.151s] DEBUG:colcon.colcon_core.verb:Building package 'champ_description' with the following arguments: {'ament_cmake_args': None, 'build_base': '/ws_gz/build/champ_description', 'catkin_cmake_args': None, 'catkin_skip_building_tests': False, 'cmake_args': ['-DCMAKE_BUILD_TYPE=Release'], 'cmake_clean_cache': False, 'cmake_clean_first': False, 'cmake_force_configure': False, 'cmake_target': None, 'cmake_target_skip_unavailable': False, 'install_base': '/ws_gz/install/champ_description', 'merge_install': False, 'path': '/ws_gz/src/gz_quadbot/champ/champ_description', 'symlink_install': True, 'test_result_base': None}
[0.151s] Level 5:colcon.colcon_core.verb:set package 'champ_msgs' build argument 'cmake_args' from command line to '['-DCMAKE_BUILD_TYPE=Release']'
[0.151s] Level 5:colcon.colcon_core.verb:set package 'champ_msgs' build argument 'cmake_target' from command line to 'None'
[0.151s] Level 5:colcon.colcon_core.verb:set package 'champ_msgs' build argument 'cmake_target_skip_unavailable' from command line to 'False'
[0.151s] Level 5:colcon.colcon_core.verb:set package 'champ_msgs' build argument 'cmake_clean_cache' from command line to 'False'
[0.151s] Level 5:colcon.colcon_core.verb:set package 'champ_msgs' build argument 'cmake_clean_first' from command line to 'False'
[0.151s] Level 5:colcon.colcon_core.verb:set package 'champ_msgs' build argument 'cmake_force_configure' from command line to 'False'
[0.151s] Level 5:colcon.colcon_core.verb:set package 'champ_msgs' build argument 'ament_cmake_args' from command line to 'None'
[0.151s] Level 5:colcon.colcon_core.verb:set package 'champ_msgs' build argument 'catkin_cmake_args' from command line to 'None'
[0.151s] Level 5:colcon.colcon_core.verb:set package 'champ_msgs' build argument 'catkin_skip_building_tests' from command line to 'False'
[0.151s] DEBUG:colcon.colcon_core.verb:Building package 'champ_msgs' with the following arguments: {'ament_cmake_args': None, 'build_base': '/ws_gz/build/champ_msgs', 'catkin_cmake_args': None, 'catkin_skip_building_tests': False, 'cmake_args': ['-DCMAKE_BUILD_TYPE=Release'], 'cmake_clean_cache': False, 'cmake_clean_first': False, 'cmake_force_configure': False, 'cmake_target': None, 'cmake_target_skip_unavailable': False, 'install_base': '/ws_gz/install/champ_msgs', 'merge_install': False, 'path': '/ws_gz/src/gz_quadbot/champ/champ_msgs', 'symlink_install': True, 'test_result_base': None}
[0.151s] Level 5:colcon.colcon_core.verb:set package 'champ_navigation' build argument 'cmake_args' from command line to '['-DCMAKE_BUILD_TYPE=Release']'
[0.152s] Level 5:colcon.colcon_core.verb:set package 'champ_navigation' build argument 'cmake_target' from command line to 'None'
[0.152s] Level 5:colcon.colcon_core.verb:set package 'champ_navigation' build argument 'cmake_target_skip_unavailable' from command line to 'False'
[0.152s] Level 5:colcon.colcon_core.verb:set package 'champ_navigation' build argument 'cmake_clean_cache' from command line to 'False'
[0.152s] Level 5:colcon.colcon_core.verb:set package 'champ_navigation' build argument 'cmake_clean_first' from command line to 'False'
[0.152s] Level 5:colcon.colcon_core.verb:set package 'champ_navigation' build argument 'cmake_force_configure' from command line to 'False'
[0.152s] Level 5:colcon.colcon_core.verb:set package 'champ_navigation' build argument 'ament_cmake_args' from command line to 'None'
[0.152s] Level 5:colcon.colcon_core.verb:set package 'champ_navigation' build argument 'catkin_cmake_args' from command line to 'None'
[0.152s] Level 5:colcon.colcon_core.verb:set package 'champ_navigation' build argument 'catkin_skip_building_tests' from command line to 'False'
[0.152s] DEBUG:colcon.colcon_core.verb:Building package 'champ_navigation' with the following arguments: {'ament_cmake_args': None, 'build_base': '/ws_gz/build/champ_navigation', 'catkin_cmake_args': None, 'catkin_skip_building_tests': False, 'cmake_args': ['-DCMAKE_BUILD_TYPE=Release'], 'cmake_clean_cache': False, 'cmake_clean_first': False, 'cmake_force_configure': False, 'cmake_target': None, 'cmake_target_skip_unavailable': False, 'install_base': '/ws_gz/install/champ_navigation', 'merge_install': False, 'path': '/ws_gz/src/gz_quadbot/champ/champ_navigation', 'symlink_install': True, 'test_result_base': None}
[0.152s] Level 5:colcon.colcon_core.verb:set package 'go2_config' build argument 'cmake_args' from command line to '['-DCMAKE_BUILD_TYPE=Release']'
[0.152s] Level 5:colcon.colcon_core.verb:set package 'go2_config' build argument 'cmake_target' from command line to 'None'
[0.152s] Level 5:colcon.colcon_core.verb:set package 'go2_config' build argument 'cmake_target_skip_unavailable' from command line to 'False'
[0.152s] Level 5:colcon.colcon_core.verb:set package 'go2_config' build argument 'cmake_clean_cache' from command line to 'False'
[0.152s] Level 5:colcon.colcon_core.verb:set package 'go2_config' build argument 'cmake_clean_first' from command line to 'False'
[0.152s] Level 5:colcon.colcon_core.verb:set package 'go2_config' build argument 'cmake_force_configure' from command line to 'False'
[0.152s] Level 5:colcon.colcon_core.verb:set package 'go2_config' build argument 'ament_cmake_args' from command line to 'None'
[0.152s] Level 5:colcon.colcon_core.verb:set package 'go2_config' build argument 'catkin_cmake_args' from command line to 'None'
[0.152s] Level 5:colcon.colcon_core.verb:set package 'go2_config' build argument 'catkin_skip_building_tests' from command line to 'False'
[0.152s] DEBUG:colcon.colcon_core.verb:Building package 'go2_config' with the following arguments: {'ament_cmake_args': None, 'build_base': '/ws_gz/build/go2_config', 'catkin_cmake_args': None, 'catkin_skip_building_tests': False, 'cmake_args': ['-DCMAKE_BUILD_TYPE=Release'], 'cmake_clean_cache': False, 'cmake_clean_first': False, 'cmake_force_configure': False, 'cmake_target': None, 'cmake_target_skip_unavailable': False, 'install_base': '/ws_gz/install/go2_config', 'merge_install': False, 'path': '/ws_gz/src/gz_quadbot/robots/configs/go2_config', 'symlink_install': True, 'test_result_base': None}
[0.152s] Level 5:colcon.colcon_core.verb:set package 'go2_description' build argument 'cmake_args' from command line to '['-DCMAKE_BUILD_TYPE=Release']'
[0.152s] Level 5:colcon.colcon_core.verb:set package 'go2_description' build argument 'cmake_target' from command line to 'None'
[0.152s] Level 5:colcon.colcon_core.verb:set package 'go2_description' build argument 'cmake_target_skip_unavailable' from command line to 'False'
[0.152s] Level 5:colcon.colcon_core.verb:set package 'go2_description' build argument 'cmake_clean_cache' from command line to 'False'
[0.152s] Level 5:colcon.colcon_core.verb:set package 'go2_description' build argument 'cmake_clean_first' from command line to 'False'
[0.152s] Level 5:colcon.colcon_core.verb:set package 'go2_description' build argument 'cmake_force_configure' from command line to 'False'
[0.152s] Level 5:colcon.colcon_core.verb:set package 'go2_description' build argument 'ament_cmake_args' from command line to 'None'
[0.152s] Level 5:colcon.colcon_core.verb:set package 'go2_description' build argument 'catkin_cmake_args' from command line to 'None'
[0.152s] Level 5:colcon.colcon_core.verb:set package 'go2_description' build argument 'catkin_skip_building_tests' from command line to 'False'
[0.152s] DEBUG:colcon.colcon_core.verb:Building package 'go2_description' with the following arguments: {'ament_cmake_args': None, 'build_base': '/ws_gz/build/go2_description', 'catkin_cmake_args': None, 'catkin_skip_building_tests': False, 'cmake_args': ['-DCMAKE_BUILD_TYPE=Release'], 'cmake_clean_cache': False, 'cmake_clean_first': False, 'cmake_force_configure': False, 'cmake_target': None, 'cmake_target_skip_unavailable': False, 'install_base': '/ws_gz/install/go2_description', 'merge_install': False, 'path': '/ws_gz/src/gz_quadbot/robots/descriptions/go2_description', 'symlink_install': True, 'test_result_base': None}
[0.152s] Level 5:colcon.colcon_core.verb:set package 'realsense_ros_gazebo' build argument 'cmake_args' from command line to '['-DCMAKE_BUILD_TYPE=Release']'
[0.152s] Level 5:colcon.colcon_core.verb:set package 'realsense_ros_gazebo' build argument 'cmake_target' from command line to 'None'
[0.152s] Level 5:colcon.colcon_core.verb:set package 'realsense_ros_gazebo' build argument 'cmake_target_skip_unavailable' from command line to 'False'
[0.152s] Level 5:colcon.colcon_core.verb:set package 'realsense_ros_gazebo' build argument 'cmake_clean_cache' from command line to 'False'
[0.152s] Level 5:colcon.colcon_core.verb:set package 'realsense_ros_gazebo' build argument 'cmake_clean_first' from command line to 'False'
[0.152s] Level 5:colcon.colcon_core.verb:set package 'realsense_ros_gazebo' build argument 'cmake_force_configure' from command line to 'False'
[0.152s] Level 5:colcon.colcon_core.verb:set package 'realsense_ros_gazebo' build argument 'ament_cmake_args' from command line to 'None'
[0.152s] Level 5:colcon.colcon_core.verb:set package 'realsense_ros_gazebo' build argument 'catkin_cmake_args' from command line to 'None'
[0.152s] Level 5:colcon.colcon_core.verb:set package 'realsense_ros_gazebo' build argument 'catkin_skip_building_tests' from command line to 'False'
[0.152s] DEBUG:colcon.colcon_core.verb:Building package 'realsense_ros_gazebo' with the following arguments: {'ament_cmake_args': None, 'build_base': '/ws_gz/build/realsense_ros_gazebo', 'catkin_cmake_args': None, 'catkin_skip_building_tests': False, 'cmake_args': ['-DCMAKE_BUILD_TYPE=Release'], 'cmake_clean_cache': False, 'cmake_clean_first': False, 'cmake_force_configure': False, 'cmake_target': None, 'cmake_target_skip_unavailable': False, 'install_base': '/ws_gz/install/realsense_ros_gazebo', 'merge_install': False, 'path': '/ws_gz/src/realsense_ros_gazebo', 'symlink_install': True, 'test_result_base': None}
[0.152s] Level 5:colcon.colcon_core.verb:set package 'ros2_livox_simulation' build argument 'cmake_args' from command line to '['-DCMAKE_BUILD_TYPE=Release']'
[0.152s] Level 5:colcon.colcon_core.verb:set package 'ros2_livox_simulation' build argument 'cmake_target' from command line to 'None'
[0.152s] Level 5:colcon.colcon_core.verb:set package 'ros2_livox_simulation' build argument 'cmake_target_skip_unavailable' from command line to 'False'
[0.152s] Level 5:colcon.colcon_core.verb:set package 'ros2_livox_simulation' build argument 'cmake_clean_cache' from command line to 'False'
[0.152s] Level 5:colcon.colcon_core.verb:set package 'ros2_livox_simulation' build argument 'cmake_clean_first' from command line to 'False'
[0.152s] Level 5:colcon.colcon_core.verb:set package 'ros2_livox_simulation' build argument 'cmake_force_configure' from command line to 'False'
[0.152s] Level 5:colcon.colcon_core.verb:set package 'ros2_livox_simulation' build argument 'ament_cmake_args' from command line to 'None'
[0.152s] Level 5:colcon.colcon_core.verb:set package 'ros2_livox_simulation' build argument 'catkin_cmake_args' from command line to 'None'
[0.152s] Level 5:colcon.colcon_core.verb:set package 'ros2_livox_simulation' build argument 'catkin_skip_building_tests' from command line to 'False'
[0.152s] DEBUG:colcon.colcon_core.verb:Building package 'ros2_livox_simulation' with the following arguments: {'ament_cmake_args': None, 'build_base': '/ws_gz/build/ros2_livox_simulation', 'catkin_cmake_args': None, 'catkin_skip_building_tests': False, 'cmake_args': ['-DCMAKE_BUILD_TYPE=Release'], 'cmake_clean_cache': False, 'cmake_clean_first': False, 'cmake_force_configure': False, 'cmake_target': None, 'cmake_target_skip_unavailable': False, 'install_base': '/ws_gz/install/ros2_livox_simulation', 'merge_install': False, 'path': '/ws_gz/src/livox_laser_simulation_RO2', 'symlink_install': True, 'test_result_base': None}
[0.153s] Level 5:colcon.colcon_core.verb:set package 'champ_base' build argument 'cmake_args' from command line to '['-DCMAKE_BUILD_TYPE=Release']'
[0.153s] Level 5:colcon.colcon_core.verb:set package 'champ_base' build argument 'cmake_target' from command line to 'None'
[0.153s] Level 5:colcon.colcon_core.verb:set package 'champ_base' build argument 'cmake_target_skip_unavailable' from command line to 'False'
[0.153s] Level 5:colcon.colcon_core.verb:set package 'champ_base' build argument 'cmake_clean_cache' from command line to 'False'
[0.153s] Level 5:colcon.colcon_core.verb:set package 'champ_base' build argument 'cmake_clean_first' from command line to 'False'
[0.153s] Level 5:colcon.colcon_core.verb:set package 'champ_base' build argument 'cmake_force_configure' from command line to 'False'
[0.153s] Level 5:colcon.colcon_core.verb:set package 'champ_base' build argument 'ament_cmake_args' from command line to 'None'
[0.153s] Level 5:colcon.colcon_core.verb:set package 'champ_base' build argument 'catkin_cmake_args' from command line to 'None'
[0.153s] Level 5:colcon.colcon_core.verb:set package 'champ_base' build argument 'catkin_skip_building_tests' from command line to 'False'
[0.153s] DEBUG:colcon.colcon_core.verb:Building package 'champ_base' with the following arguments: {'ament_cmake_args': None, 'build_base': '/ws_gz/build/champ_base', 'catkin_cmake_args': None, 'catkin_skip_building_tests': False, 'cmake_args': ['-DCMAKE_BUILD_TYPE=Release'], 'cmake_clean_cache': False, 'cmake_clean_first': False, 'cmake_force_configure': False, 'cmake_target': None, 'cmake_target_skip_unavailable': False, 'install_base': '/ws_gz/install/champ_base', 'merge_install': False, 'path': '/ws_gz/src/gz_quadbot/champ/champ_base', 'symlink_install': True, 'test_result_base': None}
[0.153s] Level 5:colcon.colcon_core.verb:set package 'champ_gazebo' build argument 'cmake_args' from command line to '['-DCMAKE_BUILD_TYPE=Release']'
[0.153s] Level 5:colcon.colcon_core.verb:set package 'champ_gazebo' build argument 'cmake_target' from command line to 'None'
[0.153s] Level 5:colcon.colcon_core.verb:set package 'champ_gazebo' build argument 'cmake_target_skip_unavailable' from command line to 'False'
[0.153s] Level 5:colcon.colcon_core.verb:set package 'champ_gazebo' build argument 'cmake_clean_cache' from command line to 'False'
[0.153s] Level 5:colcon.colcon_core.verb:set package 'champ_gazebo' build argument 'cmake_clean_first' from command line to 'False'
[0.153s] Level 5:colcon.colcon_core.verb:set package 'champ_gazebo' build argument 'cmake_force_configure' from command line to 'False'
[0.153s] Level 5:colcon.colcon_core.verb:set package 'champ_gazebo' build argument 'ament_cmake_args' from command line to 'None'
[0.153s] Level 5:colcon.colcon_core.verb:set package 'champ_gazebo' build argument 'catkin_cmake_args' from command line to 'None'
[0.153s] Level 5:colcon.colcon_core.verb:set package 'champ_gazebo' build argument 'catkin_skip_building_tests' from command line to 'False'
[0.153s] DEBUG:colcon.colcon_core.verb:Building package 'champ_gazebo' with the following arguments: {'ament_cmake_args': None, 'build_base': '/ws_gz/build/champ_gazebo', 'catkin_cmake_args': None, 'catkin_skip_building_tests': False, 'cmake_args': ['-DCMAKE_BUILD_TYPE=Release'], 'cmake_clean_cache': False, 'cmake_clean_first': False, 'cmake_force_configure': False, 'cmake_target': None, 'cmake_target_skip_unavailable': False, 'install_base': '/ws_gz/install/champ_gazebo', 'merge_install': False, 'path': '/ws_gz/src/gz_quadbot/champ/champ_gazebo', 'symlink_install': True, 'test_result_base': None}
[0.153s] Level 5:colcon.colcon_core.verb:set package 'champ_bringup' build argument 'cmake_args' from command line to '['-DCMAKE_BUILD_TYPE=Release']'
[0.153s] Level 5:colcon.colcon_core.verb:set package 'champ_bringup' build argument 'cmake_target' from command line to 'None'
[0.153s] Level 5:colcon.colcon_core.verb:set package 'champ_bringup' build argument 'cmake_target_skip_unavailable' from command line to 'False'
[0.153s] Level 5:colcon.colcon_core.verb:set package 'champ_bringup' build argument 'cmake_clean_cache' from command line to 'False'
[0.153s] Level 5:colcon.colcon_core.verb:set package 'champ_bringup' build argument 'cmake_clean_first' from command line to 'False'
[0.153s] Level 5:colcon.colcon_core.verb:set package 'champ_bringup' build argument 'cmake_force_configure' from command line to 'False'
[0.153s] Level 5:colcon.colcon_core.verb:set package 'champ_bringup' build argument 'ament_cmake_args' from command line to 'None'
[0.153s] Level 5:colcon.colcon_core.verb:set package 'champ_bringup' build argument 'catkin_cmake_args' from command line to 'None'
[0.153s] Level 5:colcon.colcon_core.verb:set package 'champ_bringup' build argument 'catkin_skip_building_tests' from command line to 'False'
[0.153s] DEBUG:colcon.colcon_core.verb:Building package 'champ_bringup' with the following arguments: {'ament_cmake_args': None, 'build_base': '/ws_gz/build/champ_bringup', 'catkin_cmake_args': None, 'catkin_skip_building_tests': False, 'cmake_args': ['-DCMAKE_BUILD_TYPE=Release'], 'cmake_clean_cache': False, 'cmake_clean_first': False, 'cmake_force_configure': False, 'cmake_target': None, 'cmake_target_skip_unavailable': False, 'install_base': '/ws_gz/install/champ_bringup', 'merge_install': False, 'path': '/ws_gz/src/gz_quadbot/champ/champ_bringup', 'symlink_install': True, 'test_result_base': None}
[0.153s] INFO:colcon.colcon_core.executor:Executing jobs using 'parallel' executor
[0.154s] DEBUG:colcon.colcon_parallel_executor.executor.parallel:run_until_complete
[0.154s] INFO:colcon.colcon_ros.task.ament_cmake.build:Building ROS package in '/ws_gz/src/gz_quadbot/champ/champ' with build type 'ament_cmake'
[0.154s] INFO:colcon.colcon_cmake.task.cmake.build:Building CMake package in '/ws_gz/src/gz_quadbot/champ/champ'
[0.155s] INFO:colcon.colcon_core.plugin_system:Skipping extension 'colcon_core.shell.bat': Not used on non-Windows systems
[0.155s] INFO:colcon.colcon_core.shell:Skip shell extension 'powershell' for command environment: Not usable outside of PowerShell
[0.155s] DEBUG:colcon.colcon_core.shell:Skip shell extension 'dsv' for command environment
[0.157s] INFO:colcon.colcon_ros.task.ament_cmake.build:Building ROS package in '/ws_gz/src/gz_quadbot/champ/champ_msgs' with build type 'ament_cmake'
[0.157s] INFO:colcon.colcon_cmake.task.cmake.build:Building CMake package in '/ws_gz/src/gz_quadbot/champ/champ_msgs'
[0.157s] INFO:colcon.colcon_core.shell:Skip shell extension 'powershell' for command environment: Not usable outside of PowerShell
[0.157s] DEBUG:colcon.colcon_core.shell:Skip shell extension 'dsv' for command environment
[0.159s] INFO:colcon.colcon_ros.task.ament_cmake.build:Building ROS package in '/ws_gz/src/gz_quadbot/champ/champ_description' with build type 'ament_cmake'
[0.159s] INFO:colcon.colcon_cmake.task.cmake.build:Building CMake package in '/ws_gz/src/gz_quadbot/champ/champ_description'
[0.159s] INFO:colcon.colcon_core.shell:Skip shell extension 'powershell' for command environment: Not usable outside of PowerShell
[0.159s] DEBUG:colcon.colcon_core.shell:Skip shell extension 'dsv' for command environment
[0.161s] INFO:colcon.colcon_ros.task.ament_cmake.build:Building ROS package in '/ws_gz/src/gz_quadbot/champ/champ_config' with build type 'ament_cmake'
[0.161s] INFO:colcon.colcon_cmake.task.cmake.build:Building CMake package in '/ws_gz/src/gz_quadbot/champ/champ_config'
[0.161s] INFO:colcon.colcon_core.shell:Skip shell extension 'powershell' for command environment: Not usable outside of PowerShell
[0.161s] DEBUG:colcon.colcon_core.shell:Skip shell extension 'dsv' for command environment
[0.163s] INFO:colcon.colcon_ros.task.ament_cmake.build:Building ROS package in '/ws_gz/src/gz_quadbot/champ/champ_navigation' with build type 'ament_cmake'
[0.163s] INFO:colcon.colcon_cmake.task.cmake.build:Building CMake package in '/ws_gz/src/gz_quadbot/champ/champ_navigation'
[0.163s] INFO:colcon.colcon_core.shell:Skip shell extension 'powershell' for command environment: Not usable outside of PowerShell
[0.163s] DEBUG:colcon.colcon_core.shell:Skip shell extension 'dsv' for command environment
[0.164s] INFO:colcon.colcon_ros.task.ament_cmake.build:Building ROS package in '/ws_gz/src/gz_quadbot/robots/configs/go2_config' with build type 'ament_cmake'
[0.164s] INFO:colcon.colcon_cmake.task.cmake.build:Building CMake package in '/ws_gz/src/gz_quadbot/robots/configs/go2_config'
[0.165s] INFO:colcon.colcon_core.shell:Skip shell extension 'powershell' for command environment: Not usable outside of PowerShell
[0.165s] DEBUG:colcon.colcon_core.shell:Skip shell extension 'dsv' for command environment
[0.166s] INFO:colcon.colcon_ros.task.ament_cmake.build:Building ROS package in '/ws_gz/src/gz_quadbot/robots/descriptions/go2_description' with build type 'ament_cmake'
[0.166s] INFO:colcon.colcon_cmake.task.cmake.build:Building CMake package in '/ws_gz/src/gz_quadbot/robots/descriptions/go2_description'
[0.166s] INFO:colcon.colcon_core.shell:Skip shell extension 'powershell' for command environment: Not usable outside of PowerShell
[0.166s] DEBUG:colcon.colcon_core.shell:Skip shell extension 'dsv' for command environment
[0.168s] INFO:colcon.colcon_ros.task.ament_cmake.build:Building ROS package in '/ws_gz/src/realsense_ros_gazebo' with build type 'ament_cmake'
[0.168s] INFO:colcon.colcon_cmake.task.cmake.build:Building CMake package in '/ws_gz/src/realsense_ros_gazebo'
[0.168s] INFO:colcon.colcon_core.shell:Skip shell extension 'powershell' for command environment: Not usable outside of PowerShell
[0.168s] DEBUG:colcon.colcon_core.shell:Skip shell extension 'dsv' for command environment
[0.170s] INFO:colcon.colcon_ros.task.ament_cmake.build:Building ROS package in '/ws_gz/src/livox_laser_simulation_RO2' with build type 'ament_cmake'
[0.170s] INFO:colcon.colcon_cmake.task.cmake.build:Building CMake package in '/ws_gz/src/livox_laser_simulation_RO2'
[0.170s] INFO:colcon.colcon_core.shell:Skip shell extension 'powershell' for command environment: Not usable outside of PowerShell
[0.170s] DEBUG:colcon.colcon_core.shell:Skip shell extension 'dsv' for command environment
[0.174s] DEBUG:colcon.colcon_core.event_handler.log_command:Invoking command in '/ws_gz/build/champ': CMAKE_PREFIX_PATH=${CMAKE_PREFIX_PATH}:/opt/ros/humble /usr/bin/cmake --build /ws_gz/build/champ -- -j32 -l32
[0.175s] DEBUG:colcon.colcon_core.event_handler.log_command:Invoking command in '/ws_gz/build/champ_msgs': CMAKE_PREFIX_PATH=${CMAKE_PREFIX_PATH}:/opt/ros/humble /usr/bin/cmake --build /ws_gz/build/champ_msgs -- -j32 -l32
[0.176s] DEBUG:colcon.colcon_core.event_handler.log_command:Invoking command in '/ws_gz/build/champ_description': CMAKE_PREFIX_PATH=${CMAKE_PREFIX_PATH}:/opt/ros/humble /usr/bin/cmake --build /ws_gz/build/champ_description -- -j32 -l32
[0.177s] DEBUG:colcon.colcon_core.event_handler.log_command:Invoking command in '/ws_gz/build/champ_config': CMAKE_PREFIX_PATH=${CMAKE_PREFIX_PATH}:/opt/ros/humble /usr/bin/cmake --build /ws_gz/build/champ_config -- -j32 -l32
[0.178s] DEBUG:colcon.colcon_core.event_handler.log_command:Invoking command in '/ws_gz/build/champ_navigation': CMAKE_PREFIX_PATH=${CMAKE_PREFIX_PATH}:/opt/ros/humble /usr/bin/cmake --build /ws_gz/build/champ_navigation -- -j32 -l32
[0.179s] DEBUG:colcon.colcon_core.event_handler.log_command:Invoking command in '/ws_gz/build/go2_config': CMAKE_PREFIX_PATH=${CMAKE_PREFIX_PATH}:/opt/ros/humble /usr/bin/cmake --build /ws_gz/build/go2_config -- -j32 -l32
[0.180s] DEBUG:colcon.colcon_core.event_handler.log_command:Invoking command in '/ws_gz/build/go2_description': CMAKE_PREFIX_PATH=${CMAKE_PREFIX_PATH}:/opt/ros/humble /usr/bin/cmake --build /ws_gz/build/go2_description -- -j32 -l32
[0.181s] DEBUG:colcon.colcon_core.event_handler.log_command:Invoking command in '/ws_gz/build/realsense_ros_gazebo': CMAKE_PREFIX_PATH=${CMAKE_PREFIX_PATH}:/opt/ros/humble /usr/bin/cmake /ws_gz/src/realsense_ros_gazebo -DCMAKE_BUILD_TYPE=Release -DAMENT_CMAKE_SYMLINK_INSTALL=1 -DCMAKE_INSTALL_PREFIX=/ws_gz/install/realsense_ros_gazebo
[0.184s] DEBUG:colcon.colcon_core.event_handler.log_command:Invoking command in '/ws_gz/build/ros2_livox_simulation': CMAKE_PREFIX_PATH=${CMAKE_PREFIX_PATH}:/opt/ros/humble /usr/bin/cmake --build /ws_gz/build/ros2_livox_simulation -- -j32 -l32
[0.200s] DEBUG:colcon.colcon_core.event_handler.log_command:Invoked command in '/ws_gz/build/go2_description' returned '0': CMAKE_PREFIX_PATH=${CMAKE_PREFIX_PATH}:/opt/ros/humble /usr/bin/cmake --build /ws_gz/build/go2_description -- -j32 -l32
[0.207s] DEBUG:colcon.colcon_core.event_handler.log_command:Invoking command in '/ws_gz/build/go2_description': CMAKE_PREFIX_PATH=${CMAKE_PREFIX_PATH}:/opt/ros/humble /usr/bin/cmake --install /ws_gz/build/go2_description
[0.208s] DEBUG:colcon.colcon_core.event_handler.log_command:Invoked command in '/ws_gz/build/champ_config' returned '0': CMAKE_PREFIX_PATH=${CMAKE_PREFIX_PATH}:/opt/ros/humble /usr/bin/cmake --build /ws_gz/build/champ_config -- -j32 -l32
[0.209s] DEBUG:colcon.colcon_core.event_handler.log_command:Invoking command in '/ws_gz/build/champ_config': CMAKE_PREFIX_PATH=${CMAKE_PREFIX_PATH}:/opt/ros/humble /usr/bin/cmake --install /ws_gz/build/champ_config
[0.209s] DEBUG:colcon.colcon_core.event_handler.log_command:Invoked command in '/ws_gz/build/champ_description' returned '0': CMAKE_PREFIX_PATH=${CMAKE_PREFIX_PATH}:/opt/ros/humble /usr/bin/cmake --build /ws_gz/build/champ_description -- -j32 -l32
[0.210s] DEBUG:colcon.colcon_core.event_handler.log_command:Invoking command in '/ws_gz/build/champ_description': CMAKE_PREFIX_PATH=${CMAKE_PREFIX_PATH}:/opt/ros/humble /usr/bin/cmake --install /ws_gz/build/champ_description
[0.211s] DEBUG:colcon.colcon_core.event_handler.log_command:Invoked command in '/ws_gz/build/champ' returned '0': CMAKE_PREFIX_PATH=${CMAKE_PREFIX_PATH}:/opt/ros/humble /usr/bin/cmake --build /ws_gz/build/champ -- -j32 -l32
[0.212s] DEBUG:colcon.colcon_core.event_handler.log_command:Invoking command in '/ws_gz/build/champ': CMAKE_PREFIX_PATH=${CMAKE_PREFIX_PATH}:/opt/ros/humble /usr/bin/cmake --install /ws_gz/build/champ
[0.212s] DEBUG:colcon.colcon_core.event_handler.log_command:Invoked command in '/ws_gz/build/champ_navigation' returned '0': CMAKE_PREFIX_PATH=${CMAKE_PREFIX_PATH}:/opt/ros/humble /usr/bin/cmake --build /ws_gz/build/champ_navigation -- -j32 -l32
[0.216s] DEBUG:colcon.colcon_core.event_handler.log_command:Invoking command in '/ws_gz/build/champ_navigation': CMAKE_PREFIX_PATH=${CMAKE_PREFIX_PATH}:/opt/ros/humble /usr/bin/cmake --install /ws_gz/build/champ_navigation
[0.220s] Level 1:colcon.colcon_core.environment:create_environment_scripts_only(champ_config)
[0.228s] DEBUG:colcon.colcon_core.event_handler.log_command:Invoked command in '/ws_gz/build/champ_config' returned '0': CMAKE_PREFIX_PATH=${CMAKE_PREFIX_PATH}:/opt/ros/humble /usr/bin/cmake --install /ws_gz/build/champ_config
[0.230s] Level 1:colcon.colcon_core.environment:checking '/ws_gz/install/champ_config' for CMake module files
[0.230s] Level 1:colcon.colcon_core.environment:checking '/ws_gz/install/champ_config' for CMake config files
[0.230s] Level 1:colcon.colcon_core.shell:create_environment_hook('champ_config', 'cmake_prefix_path')
[0.231s] INFO:colcon.colcon_core.shell:Creating environment hook '/ws_gz/install/champ_config/share/champ_config/hook/cmake_prefix_path.ps1'
[0.231s] INFO:colcon.colcon_core.shell:Creating environment descriptor '/ws_gz/install/champ_config/share/champ_config/hook/cmake_prefix_path.dsv'
[0.231s] INFO:colcon.colcon_core.shell:Creating environment hook '/ws_gz/install/champ_config/share/champ_config/hook/cmake_prefix_path.sh'
[0.232s] Level 1:colcon.colcon_core.environment:checking '/ws_gz/install/champ_config/bin'
[0.232s] Level 1:colcon.colcon_core.environment:checking '/ws_gz/install/champ_config/lib/pkgconfig/champ_config.pc'
[0.232s] Level 1:colcon.colcon_core.environment:checking '/ws_gz/install/champ_config/lib/python3.10/site-packages'
[0.232s] Level 1:colcon.colcon_core.environment:checking '/ws_gz/install/champ_config/bin'
[0.232s] INFO:colcon.colcon_core.shell:Creating package script '/ws_gz/install/champ_config/share/champ_config/package.ps1'
[0.232s] INFO:colcon.colcon_core.shell:Creating package descriptor '/ws_gz/install/champ_config/share/champ_config/package.dsv'
[0.233s] INFO:colcon.colcon_core.shell:Creating package script '/ws_gz/install/champ_config/share/champ_config/package.sh'
[0.233s] INFO:colcon.colcon_core.shell:Creating package script '/ws_gz/install/champ_config/share/champ_config/package.bash'
[0.233s] INFO:colcon.colcon_core.shell:Creating package script '/ws_gz/install/champ_config/share/champ_config/package.zsh'
[0.234s] Level 1:colcon.colcon_core.environment:create_file_with_runtime_dependencies(/ws_gz/install/champ_config/share/colcon-core/packages/champ_config)
[0.234s] Level 1:colcon.colcon_core.environment:create_environment_scripts_only(champ_config)
[0.234s] Level 1:colcon.colcon_core.environment:checking '/ws_gz/install/champ_config' for CMake module files
[0.234s] Level 1:colcon.colcon_core.environment:checking '/ws_gz/install/champ_config' for CMake config files
[0.234s] Level 1:colcon.colcon_core.shell:create_environment_hook('champ_config', 'cmake_prefix_path')
[0.234s] INFO:colcon.colcon_core.shell:Creating environment hook '/ws_gz/install/champ_config/share/champ_config/hook/cmake_prefix_path.ps1'
[0.234s] INFO:colcon.colcon_core.shell:Creating environment descriptor '/ws_gz/install/champ_config/share/champ_config/hook/cmake_prefix_path.dsv'
[0.235s] INFO:colcon.colcon_core.shell:Creating environment hook '/ws_gz/install/champ_config/share/champ_config/hook/cmake_prefix_path.sh'
[0.235s] Level 1:colcon.colcon_core.environment:checking '/ws_gz/install/champ_config/bin'
[0.235s] Level 1:colcon.colcon_core.environment:checking '/ws_gz/install/champ_config/lib/pkgconfig/champ_config.pc'
[0.235s] Level 1:colcon.colcon_core.environment:checking '/ws_gz/install/champ_config/lib/python3.10/site-packages'
[0.235s] Level 1:colcon.colcon_core.environment:checking '/ws_gz/install/champ_config/bin'
[0.235s] INFO:colcon.colcon_core.shell:Creating package script '/ws_gz/install/champ_config/share/champ_config/package.ps1'
[0.236s] INFO:colcon.colcon_core.shell:Creating package descriptor '/ws_gz/install/champ_config/share/champ_config/package.dsv'
[0.236s] INFO:colcon.colcon_core.shell:Creating package script '/ws_gz/install/champ_config/share/champ_config/package.sh'
[0.236s] INFO:colcon.colcon_core.shell:Creating package script '/ws_gz/install/champ_config/share/champ_config/package.bash'
[0.236s] INFO:colcon.colcon_core.shell:Creating package script '/ws_gz/install/champ_config/share/champ_config/package.zsh'
[0.236s] Level 1:colcon.colcon_core.environment:create_file_with_runtime_dependencies(/ws_gz/install/champ_config/share/colcon-core/packages/champ_config)
[0.237s] Level 1:colcon.colcon_core.environment:create_environment_scripts_only(champ)
[0.237s] Level 1:colcon.colcon_core.environment:checking '/ws_gz/install/champ' for CMake module files
[0.237s] DEBUG:colcon.colcon_core.event_handler.log_command:Invoked command in '/ws_gz/build/champ' returned '0': CMAKE_PREFIX_PATH=${CMAKE_PREFIX_PATH}:/opt/ros/humble /usr/bin/cmake --install /ws_gz/build/champ
[0.238s] Level 1:colcon.colcon_core.environment:checking '/ws_gz/install/champ' for CMake config files
[0.238s] Level 1:colcon.colcon_core.shell:create_environment_hook('champ', 'cmake_prefix_path')
[0.238s] INFO:colcon.colcon_core.shell:Creating environment hook '/ws_gz/install/champ/share/champ/hook/cmake_prefix_path.ps1'
[0.238s] INFO:colcon.colcon_core.shell:Creating environment descriptor '/ws_gz/install/champ/share/champ/hook/cmake_prefix_path.dsv'
[0.238s] INFO:colcon.colcon_core.shell:Creating environment hook '/ws_gz/install/champ/share/champ/hook/cmake_prefix_path.sh'
[0.238s] Level 1:colcon.colcon_core.environment:checking '/ws_gz/install/champ/bin'
[0.238s] Level 1:colcon.colcon_core.environment:checking '/ws_gz/install/champ/lib/pkgconfig/champ.pc'
[0.239s] Level 1:colcon.colcon_core.environment:checking '/ws_gz/install/champ/lib/python3.10/site-packages'
[0.239s] Level 1:colcon.colcon_core.environment:checking '/ws_gz/install/champ/bin'
[0.239s] INFO:colcon.colcon_core.shell:Creating package script '/ws_gz/install/champ/share/champ/package.ps1'
[0.239s] INFO:colcon.colcon_core.shell:Creating package descriptor '/ws_gz/install/champ/share/champ/package.dsv'
[0.239s] INFO:colcon.colcon_core.shell:Creating package script '/ws_gz/install/champ/share/champ/package.sh'
[0.239s] INFO:colcon.colcon_core.shell:Creating package script '/ws_gz/install/champ/share/champ/package.bash'
[0.239s] INFO:colcon.colcon_core.shell:Creating package script '/ws_gz/install/champ/share/champ/package.zsh'
[0.240s] Level 1:colcon.colcon_core.environment:create_file_with_runtime_dependencies(/ws_gz/install/champ/share/colcon-core/packages/champ)
[0.240s] Level 1:colcon.colcon_core.environment:create_environment_scripts_only(champ)
[0.240s] Level 1:colcon.colcon_core.environment:checking '/ws_gz/install/champ' for CMake module files
[0.240s] Level 1:colcon.colcon_core.environment:checking '/ws_gz/install/champ' for CMake config files
[0.240s] Level 1:colcon.colcon_core.shell:create_environment_hook('champ', 'cmake_prefix_path')
[0.240s] INFO:colcon.colcon_core.shell:Creating environment hook '/ws_gz/install/champ/share/champ/hook/cmake_prefix_path.ps1'
[0.240s] INFO:colcon.colcon_core.shell:Creating environment descriptor '/ws_gz/install/champ/share/champ/hook/cmake_prefix_path.dsv'
[0.241s] INFO:colcon.colcon_core.shell:Creating environment hook '/ws_gz/install/champ/share/champ/hook/cmake_prefix_path.sh'
[0.241s] Level 1:colcon.colcon_core.environment:checking '/ws_gz/install/champ/bin'
[0.241s] Level 1:colcon.colcon_core.environment:checking '/ws_gz/install/champ/lib/pkgconfig/champ.pc'
[0.241s] Level 1:colcon.colcon_core.environment:checking '/ws_gz/install/champ/lib/python3.10/site-packages'
[0.241s] Level 1:colcon.colcon_core.environment:checking '/ws_gz/install/champ/bin'
[0.241s] INFO:colcon.colcon_core.shell:Creating package script '/ws_gz/install/champ/share/champ/package.ps1'
[0.241s] INFO:colcon.colcon_core.shell:Creating package descriptor '/ws_gz/install/champ/share/champ/package.dsv'
[0.242s] INFO:colcon.colcon_core.shell:Creating package script '/ws_gz/install/champ/share/champ/package.sh'
[0.242s] INFO:colcon.colcon_core.shell:Creating package script '/ws_gz/install/champ/share/champ/package.bash'
[0.242s] INFO:colcon.colcon_core.shell:Creating package script '/ws_gz/install/champ/share/champ/package.zsh'
[0.242s] Level 1:colcon.colcon_core.environment:create_file_with_runtime_dependencies(/ws_gz/install/champ/share/colcon-core/packages/champ)
[0.242s] Level 1:colcon.colcon_core.environment:create_environment_scripts_only(champ_description)
[0.242s] Level 1:colcon.colcon_core.environment:checking '/ws_gz/install/champ_description' for CMake module files
[0.243s] DEBUG:colcon.colcon_core.event_handler.log_command:Invoked command in '/ws_gz/build/champ_description' returned '0': CMAKE_PREFIX_PATH=${CMAKE_PREFIX_PATH}:/opt/ros/humble /usr/bin/cmake --install /ws_gz/build/champ_description
[0.243s] Level 1:colcon.colcon_core.environment:checking '/ws_gz/install/champ_description' for CMake config files
[0.243s] Level 1:colcon.colcon_core.shell:create_environment_hook('champ_description', 'cmake_prefix_path')
[0.243s] INFO:colcon.colcon_core.shell:Creating environment hook '/ws_gz/install/champ_description/share/champ_description/hook/cmake_prefix_path.ps1'
[0.243s] INFO:colcon.colcon_core.shell:Creating environment descriptor '/ws_gz/install/champ_description/share/champ_description/hook/cmake_prefix_path.dsv'
[0.243s] INFO:colcon.colcon_core.shell:Creating environment hook '/ws_gz/install/champ_description/share/champ_description/hook/cmake_prefix_path.sh'
[0.243s] Level 1:colcon.colcon_core.environment:checking '/ws_gz/install/champ_description/bin'
[0.244s] Level 1:colcon.colcon_core.environment:checking '/ws_gz/install/champ_description/lib/pkgconfig/champ_description.pc'
[0.244s] Level 1:colcon.colcon_core.environment:checking '/ws_gz/install/champ_description/lib/python3.10/site-packages'
[0.244s] Level 1:colcon.colcon_core.environment:checking '/ws_gz/install/champ_description/bin'
[0.244s] INFO:colcon.colcon_core.shell:Creating package script '/ws_gz/install/champ_description/share/champ_description/package.ps1'
[0.244s] INFO:colcon.colcon_core.shell:Creating package descriptor '/ws_gz/install/champ_description/share/champ_description/package.dsv'
[0.244s] INFO:colcon.colcon_core.shell:Creating package script '/ws_gz/install/champ_description/share/champ_description/package.sh'
[0.244s] INFO:colcon.colcon_core.shell:Creating package script '/ws_gz/install/champ_description/share/champ_description/package.bash'
[0.245s] INFO:colcon.colcon_core.shell:Creating package script '/ws_gz/install/champ_description/share/champ_description/package.zsh'
[0.245s] Level 1:colcon.colcon_core.environment:create_file_with_runtime_dependencies(/ws_gz/install/champ_description/share/colcon-core/packages/champ_description)
[0.245s] Level 1:colcon.colcon_core.environment:create_environment_scripts_only(champ_description)
[0.245s] Level 1:colcon.colcon_core.environment:checking '/ws_gz/install/champ_description' for CMake module files
[0.245s] Level 1:colcon.colcon_core.environment:checking '/ws_gz/install/champ_description' for CMake config files
[0.245s] Level 1:colcon.colcon_core.shell:create_environment_hook('champ_description', 'cmake_prefix_path')
[0.245s] INFO:colcon.colcon_core.shell:Creating environment hook '/ws_gz/install/champ_description/share/champ_description/hook/cmake_prefix_path.ps1'
[0.246s] INFO:colcon.colcon_core.shell:Creating environment descriptor '/ws_gz/install/champ_description/share/champ_description/hook/cmake_prefix_path.dsv'
[0.246s] INFO:colcon.colcon_core.shell:Creating environment hook '/ws_gz/install/champ_description/share/champ_description/hook/cmake_prefix_path.sh'
[0.246s] Level 1:colcon.colcon_core.environment:checking '/ws_gz/install/champ_description/bin'
[0.246s] Level 1:colcon.colcon_core.environment:checking '/ws_gz/install/champ_description/lib/pkgconfig/champ_description.pc'
[0.246s] Level 1:colcon.colcon_core.environment:checking '/ws_gz/install/champ_description/lib/python3.10/site-packages'
[0.246s] Level 1:colcon.colcon_core.environment:checking '/ws_gz/install/champ_description/bin'
[0.246s] INFO:colcon.colcon_core.shell:Creating package script '/ws_gz/install/champ_description/share/champ_description/package.ps1'
[0.246s] INFO:colcon.colcon_core.shell:Creating package descriptor '/ws_gz/install/champ_description/share/champ_description/package.dsv'
[0.247s] INFO:colcon.colcon_core.shell:Creating package script '/ws_gz/install/champ_description/share/champ_description/package.sh'
[0.247s] INFO:colcon.colcon_core.shell:Creating package script '/ws_gz/install/champ_description/share/champ_description/package.bash'
[0.247s] INFO:colcon.colcon_core.shell:Creating package script '/ws_gz/install/champ_description/share/champ_description/package.zsh'
[0.247s] Level 1:colcon.colcon_core.environment:create_file_with_runtime_dependencies(/ws_gz/install/champ_description/share/colcon-core/packages/champ_description)
[0.247s] Level 1:colcon.colcon_core.environment:create_environment_scripts_only(champ_navigation)
[0.247s] Level 1:colcon.colcon_core.environment:checking '/ws_gz/install/champ_navigation' for CMake module files
[0.248s] DEBUG:colcon.colcon_core.event_handler.log_command:Invoked command in '/ws_gz/build/champ_navigation' returned '0': CMAKE_PREFIX_PATH=${CMAKE_PREFIX_PATH}:/opt/ros/humble /usr/bin/cmake --install /ws_gz/build/champ_navigation
[0.248s] Level 1:colcon.colcon_core.environment:checking '/ws_gz/install/champ_navigation' for CMake config files
[0.248s] Level 1:colcon.colcon_core.shell:create_environment_hook('champ_navigation', 'cmake_prefix_path')
[0.248s] INFO:colcon.colcon_core.shell:Creating environment hook '/ws_gz/install/champ_navigation/share/champ_navigation/hook/cmake_prefix_path.ps1'
[0.248s] INFO:colcon.colcon_core.shell:Creating environment descriptor '/ws_gz/install/champ_navigation/share/champ_navigation/hook/cmake_prefix_path.dsv'
[0.248s] INFO:colcon.colcon_core.shell:Creating environment hook '/ws_gz/install/champ_navigation/share/champ_navigation/hook/cmake_prefix_path.sh'
[0.248s] Level 1:colcon.colcon_core.environment:checking '/ws_gz/install/champ_navigation/bin'
[0.248s] Level 1:colcon.colcon_core.environment:checking '/ws_gz/install/champ_navigation/lib/pkgconfig/champ_navigation.pc'
[0.249s] Level 1:colcon.colcon_core.environment:checking '/ws_gz/install/champ_navigation/lib/python3.10/site-packages'
[0.249s] Level 1:colcon.colcon_core.environment:checking '/ws_gz/install/champ_navigation/bin'
[0.249s] INFO:colcon.colcon_core.shell:Creating package script '/ws_gz/install/champ_navigation/share/champ_navigation/package.ps1'
[0.249s] INFO:colcon.colcon_core.shell:Creating package descriptor '/ws_gz/install/champ_navigation/share/champ_navigation/package.dsv'
[0.249s] INFO:colcon.colcon_core.shell:Creating package script '/ws_gz/install/champ_navigation/share/champ_navigation/package.sh'
[0.249s] INFO:colcon.colcon_core.shell:Creating package script '/ws_gz/install/champ_navigation/share/champ_navigation/package.bash'
[0.250s] INFO:colcon.colcon_core.shell:Creating package script '/ws_gz/install/champ_navigation/share/champ_navigation/package.zsh'
[0.250s] Level 1:colcon.colcon_core.environment:create_file_with_runtime_dependencies(/ws_gz/install/champ_navigation/share/colcon-core/packages/champ_navigation)
[0.250s] Level 1:colcon.colcon_core.environment:create_environment_scripts_only(champ_navigation)
[0.250s] Level 1:colcon.colcon_core.environment:checking '/ws_gz/install/champ_navigation' for CMake module files
[0.250s] Level 1:colcon.colcon_core.environment:checking '/ws_gz/install/champ_navigation' for CMake config files
[0.250s] Level 1:colcon.colcon_core.shell:create_environment_hook('champ_navigation', 'cmake_prefix_path')
[0.250s] INFO:colcon.colcon_core.shell:Creating environment hook '/ws_gz/install/champ_navigation/share/champ_navigation/hook/cmake_prefix_path.ps1'
[0.251s] INFO:colcon.colcon_core.shell:Creating environment descriptor '/ws_gz/install/champ_navigation/share/champ_navigation/hook/cmake_prefix_path.dsv'
[0.251s] INFO:colcon.colcon_core.shell:Creating environment hook '/ws_gz/install/champ_navigation/share/champ_navigation/hook/cmake_prefix_path.sh'
[0.251s] Level 1:colcon.colcon_core.environment:checking '/ws_gz/install/champ_navigation/bin'
[0.251s] Level 1:colcon.colcon_core.environment:checking '/ws_gz/install/champ_navigation/lib/pkgconfig/champ_navigation.pc'
[0.251s] Level 1:colcon.colcon_core.environment:checking '/ws_gz/install/champ_navigation/lib/python3.10/site-packages'
[0.251s] Level 1:colcon.colcon_core.environment:checking '/ws_gz/install/champ_navigation/bin'
[0.251s] INFO:colcon.colcon_core.shell:Creating package script '/ws_gz/install/champ_navigation/share/champ_navigation/package.ps1'
[0.252s] INFO:colcon.colcon_core.shell:Creating package descriptor '/ws_gz/install/champ_navigation/share/champ_navigation/package.dsv'
[0.252s] INFO:colcon.colcon_core.shell:Creating package script '/ws_gz/install/champ_navigation/share/champ_navigation/package.sh'
[0.252s] INFO:colcon.colcon_core.shell:Creating package script '/ws_gz/install/champ_navigation/share/champ_navigation/package.bash'
[0.252s] INFO:colcon.colcon_core.shell:Creating package script '/ws_gz/install/champ_navigation/share/champ_navigation/package.zsh'
[0.252s] Level 1:colcon.colcon_core.environment:create_file_with_runtime_dependencies(/ws_gz/install/champ_navigation/share/colcon-core/packages/champ_navigation)
[0.253s] DEBUG:colcon.colcon_core.event_handler.log_command:Invoked command in '/ws_gz/build/ros2_livox_simulation' returned '0': CMAKE_PREFIX_PATH=${CMAKE_PREFIX_PATH}:/opt/ros/humble /usr/bin/cmake --build /ws_gz/build/ros2_livox_simulation -- -j32 -l32
[0.253s] DEBUG:colcon.colcon_core.event_handler.log_command:Invoking command in '/ws_gz/build/ros2_livox_simulation': CMAKE_PREFIX_PATH=${CMAKE_PREFIX_PATH}:/opt/ros/humble /usr/bin/cmake --install /ws_gz/build/ros2_livox_simulation
[0.253s] Level 1:colcon.colcon_core.environment:create_environment_scripts_only(go2_description)
[0.254s] Level 1:colcon.colcon_core.environment:checking '/ws_gz/install/go2_description' for CMake module files
[0.254s] DEBUG:colcon.colcon_core.event_handler.log_command:Invoked command in '/ws_gz/build/go2_description' returned '0': CMAKE_PREFIX_PATH=${CMAKE_PREFIX_PATH}:/opt/ros/humble /usr/bin/cmake --install /ws_gz/build/go2_description
[0.254s] Level 1:colcon.colcon_core.environment:checking '/ws_gz/install/go2_description' for CMake config files
[0.254s] Level 1:colcon.colcon_core.shell:create_environment_hook('go2_description', 'cmake_prefix_path')
[0.254s] INFO:colcon.colcon_core.shell:Creating environment hook '/ws_gz/install/go2_description/share/go2_description/hook/cmake_prefix_path.ps1'
[0.254s] INFO:colcon.colcon_core.shell:Creating environment descriptor '/ws_gz/install/go2_description/share/go2_description/hook/cmake_prefix_path.dsv'
[0.254s] INFO:colcon.colcon_core.shell:Creating environment hook '/ws_gz/install/go2_description/share/go2_description/hook/cmake_prefix_path.sh'
[0.255s] Level 1:colcon.colcon_core.environment:checking '/ws_gz/install/go2_description/bin'
[0.255s] Level 1:colcon.colcon_core.environment:checking '/ws_gz/install/go2_description/lib/pkgconfig/go2_description.pc'
[0.255s] Level 1:colcon.colcon_core.environment:checking '/ws_gz/install/go2_description/lib/python3.10/site-packages'
[0.255s] Level 1:colcon.colcon_core.environment:checking '/ws_gz/install/go2_description/bin'
[0.255s] INFO:colcon.colcon_core.shell:Creating package script '/ws_gz/install/go2_description/share/go2_description/package.ps1'
[0.255s] INFO:colcon.colcon_core.shell:Creating package descriptor '/ws_gz/install/go2_description/share/go2_description/package.dsv'
[0.256s] INFO:colcon.colcon_core.shell:Creating package script '/ws_gz/install/go2_description/share/go2_description/package.sh'
[0.256s] INFO:colcon.colcon_core.shell:Creating package script '/ws_gz/install/go2_description/share/go2_description/package.bash'
[0.256s] INFO:colcon.colcon_core.shell:Creating package script '/ws_gz/install/go2_description/share/go2_description/package.zsh'
[0.256s] Level 1:colcon.colcon_core.environment:create_file_with_runtime_dependencies(/ws_gz/install/go2_description/share/colcon-core/packages/go2_description)
[0.256s] Level 1:colcon.colcon_core.environment:create_environment_scripts_only(go2_description)
[0.256s] Level 1:colcon.colcon_core.environment:checking '/ws_gz/install/go2_description' for CMake module files
[0.256s] Level 1:colcon.colcon_core.environment:checking '/ws_gz/install/go2_description' for CMake config files
[0.257s] Level 1:colcon.colcon_core.shell:create_environment_hook('go2_description', 'cmake_prefix_path')
[0.257s] INFO:colcon.colcon_core.shell:Creating environment hook '/ws_gz/install/go2_description/share/go2_description/hook/cmake_prefix_path.ps1'
[0.257s] INFO:colcon.colcon_core.shell:Creating environment descriptor '/ws_gz/install/go2_description/share/go2_description/hook/cmake_prefix_path.dsv'
[0.257s] INFO:colcon.colcon_core.shell:Creating environment hook '/ws_gz/install/go2_description/share/go2_description/hook/cmake_prefix_path.sh'
[0.257s] Level 1:colcon.colcon_core.environment:checking '/ws_gz/install/go2_description/bin'
[0.257s] Level 1:colcon.colcon_core.environment:checking '/ws_gz/install/go2_description/lib/pkgconfig/go2_description.pc'
[0.257s] Level 1:colcon.colcon_core.environment:checking '/ws_gz/install/go2_description/lib/python3.10/site-packages'
[0.258s] Level 1:colcon.colcon_core.environment:checking '/ws_gz/install/go2_description/bin'
[0.258s] INFO:colcon.colcon_core.shell:Creating package script '/ws_gz/install/go2_description/share/go2_description/package.ps1'
[0.258s] INFO:colcon.colcon_core.shell:Creating package descriptor '/ws_gz/install/go2_description/share/go2_description/package.dsv'
[0.258s] INFO:colcon.colcon_core.shell:Creating package script '/ws_gz/install/go2_description/share/go2_description/package.sh'
[0.258s] INFO:colcon.colcon_core.shell:Creating package script '/ws_gz/install/go2_description/share/go2_description/package.bash'
[0.258s] INFO:colcon.colcon_core.shell:Creating package script '/ws_gz/install/go2_description/share/go2_description/package.zsh'
[0.259s] Level 1:colcon.colcon_core.environment:create_file_with_runtime_dependencies(/ws_gz/install/go2_description/share/colcon-core/packages/go2_description)
[0.266s] Level 1:colcon.colcon_core.environment:create_environment_scripts_only(ros2_livox_simulation)
[0.266s] Level 1:colcon.colcon_core.environment:checking '/ws_gz/install/ros2_livox_simulation' for CMake module files
[0.266s] DEBUG:colcon.colcon_core.event_handler.log_command:Invoked command in '/ws_gz/build/ros2_livox_simulation' returned '0': CMAKE_PREFIX_PATH=${CMAKE_PREFIX_PATH}:/opt/ros/humble /usr/bin/cmake --install /ws_gz/build/ros2_livox_simulation
[0.267s] Level 1:colcon.colcon_core.environment:checking '/ws_gz/install/ros2_livox_simulation' for CMake config files
[0.267s] Level 1:colcon.colcon_core.shell:create_environment_hook('ros2_livox_simulation', 'cmake_prefix_path')
[0.267s] INFO:colcon.colcon_core.shell:Creating environment hook '/ws_gz/install/ros2_livox_simulation/share/ros2_livox_simulation/hook/cmake_prefix_path.ps1'
[0.267s] INFO:colcon.colcon_core.shell:Creating environment descriptor '/ws_gz/install/ros2_livox_simulation/share/ros2_livox_simulation/hook/cmake_prefix_path.dsv'
[0.267s] INFO:colcon.colcon_core.shell:Creating environment hook '/ws_gz/install/ros2_livox_simulation/share/ros2_livox_simulation/hook/cmake_prefix_path.sh'
[0.268s] Level 1:colcon.colcon_core.environment:checking '/ws_gz/install/ros2_livox_simulation/lib'
[0.268s] Level 1:colcon.colcon_core.shell:create_environment_hook('ros2_livox_simulation', 'ld_library_path_lib')
[0.268s] INFO:colcon.colcon_core.shell:Creating environment hook '/ws_gz/install/ros2_livox_simulation/share/ros2_livox_simulation/hook/ld_library_path_lib.ps1'
[0.268s] INFO:colcon.colcon_core.shell:Creating environment descriptor '/ws_gz/install/ros2_livox_simulation/share/ros2_livox_simulation/hook/ld_library_path_lib.dsv'
[0.268s] INFO:colcon.colcon_core.shell:Creating environment hook '/ws_gz/install/ros2_livox_simulation/share/ros2_livox_simulation/hook/ld_library_path_lib.sh'
[0.268s] Level 1:colcon.colcon_core.environment:checking '/ws_gz/install/ros2_livox_simulation/bin'
[0.268s] Level 1:colcon.colcon_core.environment:checking '/ws_gz/install/ros2_livox_simulation/lib/pkgconfig/ros2_livox_simulation.pc'
[0.268s] Level 1:colcon.colcon_core.environment:checking '/ws_gz/install/ros2_livox_simulation/lib/python3.10/site-packages'
[0.268s] Level 1:colcon.colcon_core.environment:checking '/ws_gz/install/ros2_livox_simulation/bin'
[0.269s] INFO:colcon.colcon_core.shell:Creating package script '/ws_gz/install/ros2_livox_simulation/share/ros2_livox_simulation/package.ps1'
[0.269s] INFO:colcon.colcon_core.shell:Creating package descriptor '/ws_gz/install/ros2_livox_simulation/share/ros2_livox_simulation/package.dsv'
[0.269s] INFO:colcon.colcon_core.shell:Creating package script '/ws_gz/install/ros2_livox_simulation/share/ros2_livox_simulation/package.sh'
[0.269s] INFO:colcon.colcon_core.shell:Creating package script '/ws_gz/install/ros2_livox_simulation/share/ros2_livox_simulation/package.bash'
[0.269s] INFO:colcon.colcon_core.shell:Creating package script '/ws_gz/install/ros2_livox_simulation/share/ros2_livox_simulation/package.zsh'
[0.269s] Level 1:colcon.colcon_core.environment:create_file_with_runtime_dependencies(/ws_gz/install/ros2_livox_simulation/share/colcon-core/packages/ros2_livox_simulation)
[0.270s] Level 1:colcon.colcon_core.environment:create_environment_scripts_only(ros2_livox_simulation)
[0.270s] Level 1:colcon.colcon_core.environment:checking '/ws_gz/install/ros2_livox_simulation' for CMake module files
[0.270s] Level 1:colcon.colcon_core.environment:checking '/ws_gz/install/ros2_livox_simulation' for CMake config files
[0.270s] Level 1:colcon.colcon_core.shell:create_environment_hook('ros2_livox_simulation', 'cmake_prefix_path')
[0.270s] INFO:colcon.colcon_core.shell:Creating environment hook '/ws_gz/install/ros2_livox_simulation/share/ros2_livox_simulation/hook/cmake_prefix_path.ps1'
[0.270s] INFO:colcon.colcon_core.shell:Creating environment descriptor '/ws_gz/install/ros2_livox_simulation/share/ros2_livox_simulation/hook/cmake_prefix_path.dsv'
[0.270s] INFO:colcon.colcon_core.shell:Creating environment hook '/ws_gz/install/ros2_livox_simulation/share/ros2_livox_simulation/hook/cmake_prefix_path.sh'
[0.271s] Level 1:colcon.colcon_core.environment:checking '/ws_gz/install/ros2_livox_simulation/lib'
[0.271s] Level 1:colcon.colcon_core.shell:create_environment_hook('ros2_livox_simulation', 'ld_library_path_lib')
[0.271s] INFO:colcon.colcon_core.shell:Creating environment hook '/ws_gz/install/ros2_livox_simulation/share/ros2_livox_simulation/hook/ld_library_path_lib.ps1'
[0.271s] INFO:colcon.colcon_core.shell:Creating environment descriptor '/ws_gz/install/ros2_livox_simulation/share/ros2_livox_simulation/hook/ld_library_path_lib.dsv'
[0.271s] INFO:colcon.colcon_core.shell:Creating environment hook '/ws_gz/install/ros2_livox_simulation/share/ros2_livox_simulation/hook/ld_library_path_lib.sh'
[0.271s] Level 1:colcon.colcon_core.environment:checking '/ws_gz/install/ros2_livox_simulation/bin'
[0.271s] Level 1:colcon.colcon_core.environment:checking '/ws_gz/install/ros2_livox_simulation/lib/pkgconfig/ros2_livox_simulation.pc'
[0.271s] Level 1:colcon.colcon_core.environment:checking '/ws_gz/install/ros2_livox_simulation/lib/python3.10/site-packages'
[0.271s] Level 1:colcon.colcon_core.environment:checking '/ws_gz/install/ros2_livox_simulation/bin'
[0.271s] INFO:colcon.colcon_core.shell:Creating package script '/ws_gz/install/ros2_livox_simulation/share/ros2_livox_simulation/package.ps1'
[0.272s] INFO:colcon.colcon_core.shell:Creating package descriptor '/ws_gz/install/ros2_livox_simulation/share/ros2_livox_simulation/package.dsv'
[0.272s] INFO:colcon.colcon_core.shell:Creating package script '/ws_gz/install/ros2_livox_simulation/share/ros2_livox_simulation/package.sh'
[0.272s] INFO:colcon.colcon_core.shell:Creating package script '/ws_gz/install/ros2_livox_simulation/share/ros2_livox_simulation/package.bash'
[0.272s] INFO:colcon.colcon_core.shell:Creating package script '/ws_gz/install/ros2_livox_simulation/share/ros2_livox_simulation/package.zsh'
[0.272s] Level 1:colcon.colcon_core.environment:create_file_with_runtime_dependencies(/ws_gz/install/ros2_livox_simulation/share/colcon-core/packages/ros2_livox_simulation)
[0.336s] DEBUG:colcon.colcon_core.event_handler.log_command:Invoked command in '/ws_gz/build/go2_config' returned '0': CMAKE_PREFIX_PATH=${CMAKE_PREFIX_PATH}:/opt/ros/humble /usr/bin/cmake --build /ws_gz/build/go2_config -- -j32 -l32
[0.337s] DEBUG:colcon.colcon_core.event_handler.log_command:Invoking command in '/ws_gz/build/go2_config': CMAKE_PREFIX_PATH=${CMAKE_PREFIX_PATH}:/opt/ros/humble /usr/bin/cmake --install /ws_gz/build/go2_config
[0.339s] DEBUG:colcon.colcon_core.event_handler.log_command:Invoked command in '/ws_gz/build/champ_msgs' returned '0': CMAKE_PREFIX_PATH=${CMAKE_PREFIX_PATH}:/opt/ros/humble /usr/bin/cmake --build /ws_gz/build/champ_msgs -- -j32 -l32
[0.340s] DEBUG:colcon.colcon_core.event_handler.log_command:Invoking command in '/ws_gz/build/champ_msgs': CMAKE_PREFIX_PATH=${CMAKE_PREFIX_PATH}:/opt/ros/humble /usr/bin/cmake --install /ws_gz/build/champ_msgs
[0.369s] Level 1:colcon.colcon_core.environment:create_environment_scripts_only(go2_config)
[0.369s] Level 1:colcon.colcon_core.environment:checking '/ws_gz/install/go2_config' for CMake module files
[0.370s] DEBUG:colcon.colcon_core.event_handler.log_command:Invoked command in '/ws_gz/build/go2_config' returned '0': CMAKE_PREFIX_PATH=${CMAKE_PREFIX_PATH}:/opt/ros/humble /usr/bin/cmake --install /ws_gz/build/go2_config
[0.370s] Level 1:colcon.colcon_core.environment:checking '/ws_gz/install/go2_config' for CMake config files
[0.370s] Level 1:colcon.colcon_core.shell:create_environment_hook('go2_config', 'cmake_prefix_path')
[0.370s] INFO:colcon.colcon_core.shell:Creating environment hook '/ws_gz/install/go2_config/share/go2_config/hook/cmake_prefix_path.ps1'
[0.370s] INFO:colcon.colcon_core.shell:Creating environment descriptor '/ws_gz/install/go2_config/share/go2_config/hook/cmake_prefix_path.dsv'
[0.370s] INFO:colcon.colcon_core.shell:Creating environment hook '/ws_gz/install/go2_config/share/go2_config/hook/cmake_prefix_path.sh'
[0.371s] Level 1:colcon.colcon_core.environment:checking '/ws_gz/install/go2_config/lib'
[0.371s] Level 1:colcon.colcon_core.environment:checking '/ws_gz/install/go2_config/bin'
[0.371s] Level 1:colcon.colcon_core.environment:checking '/ws_gz/install/go2_config/lib/pkgconfig/go2_config.pc'
[0.371s] Level 1:colcon.colcon_core.environment:checking '/ws_gz/install/go2_config/lib/python3.10/site-packages'
[0.371s] Level 1:colcon.colcon_core.environment:checking '/ws_gz/install/go2_config/bin'
[0.371s] INFO:colcon.colcon_core.shell:Creating package script '/ws_gz/install/go2_config/share/go2_config/package.ps1'
[0.371s] INFO:colcon.colcon_core.shell:Creating package descriptor '/ws_gz/install/go2_config/share/go2_config/package.dsv'
[0.371s] INFO:colcon.colcon_core.shell:Creating package script '/ws_gz/install/go2_config/share/go2_config/package.sh'
[0.372s] INFO:colcon.colcon_core.shell:Creating package script '/ws_gz/install/go2_config/share/go2_config/package.bash'
[0.372s] INFO:colcon.colcon_core.shell:Creating package script '/ws_gz/install/go2_config/share/go2_config/package.zsh'
[0.372s] Level 1:colcon.colcon_core.environment:create_file_with_runtime_dependencies(/ws_gz/install/go2_config/share/colcon-core/packages/go2_config)
[0.372s] Level 1:colcon.colcon_core.environment:create_environment_scripts_only(go2_config)
[0.372s] Level 1:colcon.colcon_core.environment:checking '/ws_gz/install/go2_config' for CMake module files
[0.372s] Level 1:colcon.colcon_core.environment:checking '/ws_gz/install/go2_config' for CMake config files
[0.372s] Level 1:colcon.colcon_core.shell:create_environment_hook('go2_config', 'cmake_prefix_path')
[0.372s] INFO:colcon.colcon_core.shell:Creating environment hook '/ws_gz/install/go2_config/share/go2_config/hook/cmake_prefix_path.ps1'
[0.373s] INFO:colcon.colcon_core.shell:Creating environment descriptor '/ws_gz/install/go2_config/share/go2_config/hook/cmake_prefix_path.dsv'
[0.373s] INFO:colcon.colcon_core.shell:Creating environment hook '/ws_gz/install/go2_config/share/go2_config/hook/cmake_prefix_path.sh'
[0.373s] Level 1:colcon.colcon_core.environment:checking '/ws_gz/install/go2_config/lib'
[0.373s] Level 1:colcon.colcon_core.environment:checking '/ws_gz/install/go2_config/bin'
[0.373s] Level 1:colcon.colcon_core.environment:checking '/ws_gz/install/go2_config/lib/pkgconfig/go2_config.pc'
[0.373s] Level 1:colcon.colcon_core.environment:checking '/ws_gz/install/go2_config/lib/python3.10/site-packages'
[0.373s] Level 1:colcon.colcon_core.environment:checking '/ws_gz/install/go2_config/bin'
[0.373s] INFO:colcon.colcon_core.shell:Creating package script '/ws_gz/install/go2_config/share/go2_config/package.ps1'
[0.374s] INFO:colcon.colcon_core.shell:Creating package descriptor '/ws_gz/install/go2_config/share/go2_config/package.dsv'
[0.374s] INFO:colcon.colcon_core.shell:Creating package script '/ws_gz/install/go2_config/share/go2_config/package.sh'
[0.374s] INFO:colcon.colcon_core.shell:Creating package script '/ws_gz/install/go2_config/share/go2_config/package.bash'
[0.374s] INFO:colcon.colcon_core.shell:Creating package script '/ws_gz/install/go2_config/share/go2_config/package.zsh'
[0.374s] Level 1:colcon.colcon_core.environment:create_file_with_runtime_dependencies(/ws_gz/install/go2_config/share/colcon-core/packages/go2_config)
[0.381s] Level 1:colcon.colcon_core.environment:create_environment_scripts_only(champ_msgs)
[0.381s] DEBUG:colcon.colcon_core.event_handler.log_command:Invoked command in '/ws_gz/build/champ_msgs' returned '0': CMAKE_PREFIX_PATH=${CMAKE_PREFIX_PATH}:/opt/ros/humble /usr/bin/cmake --install /ws_gz/build/champ_msgs
[0.382s] Level 1:colcon.colcon_core.environment:checking '/ws_gz/install/champ_msgs' for CMake module files
[0.382s] Level 1:colcon.colcon_core.environment:checking '/ws_gz/install/champ_msgs' for CMake config files
[0.383s] Level 1:colcon.colcon_core.shell:create_environment_hook('champ_msgs', 'cmake_prefix_path')
[0.384s] INFO:colcon.colcon_core.shell:Creating environment hook '/ws_gz/install/champ_msgs/share/champ_msgs/hook/cmake_prefix_path.ps1'
[0.384s] INFO:colcon.colcon_core.shell:Creating environment descriptor '/ws_gz/install/champ_msgs/share/champ_msgs/hook/cmake_prefix_path.dsv'
[0.384s] INFO:colcon.colcon_core.shell:Creating environment hook '/ws_gz/install/champ_msgs/share/champ_msgs/hook/cmake_prefix_path.sh'
[0.384s] Level 1:colcon.colcon_core.environment:checking '/ws_gz/install/champ_msgs/lib'
[0.384s] Level 1:colcon.colcon_core.shell:create_environment_hook('champ_msgs', 'ld_library_path_lib')
[0.385s] INFO:colcon.colcon_core.shell:Creating environment hook '/ws_gz/install/champ_msgs/share/champ_msgs/hook/ld_library_path_lib.ps1'
[0.385s] INFO:colcon.colcon_core.shell:Creating environment descriptor '/ws_gz/install/champ_msgs/share/champ_msgs/hook/ld_library_path_lib.dsv'
[0.385s] INFO:colcon.colcon_core.shell:Creating environment hook '/ws_gz/install/champ_msgs/share/champ_msgs/hook/ld_library_path_lib.sh'
[0.385s] Level 1:colcon.colcon_core.environment:checking '/ws_gz/install/champ_msgs/bin'
[0.385s] Level 1:colcon.colcon_core.environment:checking '/ws_gz/install/champ_msgs/lib/pkgconfig/champ_msgs.pc'
[0.385s] Level 1:colcon.colcon_core.environment:checking '/ws_gz/install/champ_msgs/lib/python3.10/site-packages'
[0.385s] Level 1:colcon.colcon_core.environment:checking '/ws_gz/install/champ_msgs/bin'
[0.386s] INFO:colcon.colcon_core.shell:Creating package script '/ws_gz/install/champ_msgs/share/champ_msgs/package.ps1'
[0.386s] INFO:colcon.colcon_core.shell:Creating package descriptor '/ws_gz/install/champ_msgs/share/champ_msgs/package.dsv'
[0.386s] INFO:colcon.colcon_core.shell:Creating package script '/ws_gz/install/champ_msgs/share/champ_msgs/package.sh'
[0.386s] INFO:colcon.colcon_core.shell:Creating package script '/ws_gz/install/champ_msgs/share/champ_msgs/package.bash'
[0.386s] INFO:colcon.colcon_core.shell:Creating package script '/ws_gz/install/champ_msgs/share/champ_msgs/package.zsh'
[0.386s] Level 1:colcon.colcon_core.environment:create_file_with_runtime_dependencies(/ws_gz/install/champ_msgs/share/colcon-core/packages/champ_msgs)
[0.387s] Level 1:colcon.colcon_core.environment:create_environment_scripts_only(champ_msgs)
[0.387s] Level 1:colcon.colcon_core.environment:checking '/ws_gz/install/champ_msgs' for CMake module files
[0.387s] Level 1:colcon.colcon_core.environment:checking '/ws_gz/install/champ_msgs' for CMake config files
[0.387s] Level 1:colcon.colcon_core.shell:create_environment_hook('champ_msgs', 'cmake_prefix_path')
[0.388s] INFO:colcon.colcon_core.shell:Creating environment hook '/ws_gz/install/champ_msgs/share/champ_msgs/hook/cmake_prefix_path.ps1'
[0.388s] INFO:colcon.colcon_core.shell:Creating environment descriptor '/ws_gz/install/champ_msgs/share/champ_msgs/hook/cmake_prefix_path.dsv'
[0.388s] INFO:colcon.colcon_core.shell:Creating environment hook '/ws_gz/install/champ_msgs/share/champ_msgs/hook/cmake_prefix_path.sh'
[0.388s] Level 1:colcon.colcon_core.environment:checking '/ws_gz/install/champ_msgs/lib'
[0.388s] Level 1:colcon.colcon_core.shell:create_environment_hook('champ_msgs', 'ld_library_path_lib')
[0.388s] INFO:colcon.colcon_core.shell:Creating environment hook '/ws_gz/install/champ_msgs/share/champ_msgs/hook/ld_library_path_lib.ps1'
[0.388s] INFO:colcon.colcon_core.shell:Creating environment descriptor '/ws_gz/install/champ_msgs/share/champ_msgs/hook/ld_library_path_lib.dsv'
[0.388s] INFO:colcon.colcon_core.shell:Creating environment hook '/ws_gz/install/champ_msgs/share/champ_msgs/hook/ld_library_path_lib.sh'
[0.388s] Level 1:colcon.colcon_core.environment:checking '/ws_gz/install/champ_msgs/bin'
[0.388s] Level 1:colcon.colcon_core.environment:checking '/ws_gz/install/champ_msgs/lib/pkgconfig/champ_msgs.pc'
[0.389s] Level 1:colcon.colcon_core.environment:checking '/ws_gz/install/champ_msgs/lib/python3.10/site-packages'
[0.389s] Level 1:colcon.colcon_core.environment:checking '/ws_gz/install/champ_msgs/bin'
[0.389s] INFO:colcon.colcon_core.shell:Creating package script '/ws_gz/install/champ_msgs/share/champ_msgs/package.ps1'
[0.389s] INFO:colcon.colcon_core.shell:Creating package descriptor '/ws_gz/install/champ_msgs/share/champ_msgs/package.dsv'
[0.389s] INFO:colcon.colcon_core.shell:Creating package script '/ws_gz/install/champ_msgs/share/champ_msgs/package.sh'
[0.389s] INFO:colcon.colcon_core.shell:Creating package script '/ws_gz/install/champ_msgs/share/champ_msgs/package.bash'
[0.390s] INFO:colcon.colcon_core.shell:Creating package script '/ws_gz/install/champ_msgs/share/champ_msgs/package.zsh'
[0.390s] Level 1:colcon.colcon_core.environment:create_file_with_runtime_dependencies(/ws_gz/install/champ_msgs/share/colcon-core/packages/champ_msgs)
[0.390s] INFO:colcon.colcon_ros.task.ament_cmake.build:Building ROS package in '/ws_gz/src/gz_quadbot/champ/champ_base' with build type 'ament_cmake'
[0.390s] INFO:colcon.colcon_cmake.task.cmake.build:Building CMake package in '/ws_gz/src/gz_quadbot/champ/champ_base'
[0.390s] INFO:colcon.colcon_core.shell:Skip shell extension 'powershell' for command environment: Not usable outside of PowerShell
[0.390s] DEBUG:colcon.colcon_core.shell:Skip shell extension 'dsv' for command environment
[0.392s] INFO:colcon.colcon_ros.task.ament_cmake.build:Building ROS package in '/ws_gz/src/gz_quadbot/champ/champ_gazebo' with build type 'ament_cmake'
[0.392s] INFO:colcon.colcon_cmake.task.cmake.build:Building CMake package in '/ws_gz/src/gz_quadbot/champ/champ_gazebo'
[0.392s] INFO:colcon.colcon_core.shell:Skip shell extension 'powershell' for command environment: Not usable outside of PowerShell
[0.392s] DEBUG:colcon.colcon_core.shell:Skip shell extension 'dsv' for command environment
[0.397s] DEBUG:colcon.colcon_core.event_handler.log_command:Invoking command in '/ws_gz/build/champ_base': CMAKE_PREFIX_PATH=/ws_gz/install/champ_msgs:/ws_gz/install/champ:/ws_gz/install/ros2_livox_simulation:/ws_gz/install/go2_description:/ws_gz/install/go2_config:/ws_gz/install/champ_navigation:/ws_gz/install/champ_gazebo:/ws_gz/install/champ_bringup:/ws_gz/install/champ_base:/ws_gz/install/champ_description:/ws_gz/install/champ_config:/livox_ws/install/livox_ros_driver2:/opt/ros/humble LD_LIBRARY_PATH=/ws_gz/install/champ_msgs/lib:/usr/lib/x86_64-linux-gnu/gazebo-11/plugins:/ws_gz/install/ros2_livox_simulation/lib:/ws_gz/install/champ_base/lib:/livox_ws/install/livox_ros_driver2/lib:/opt/ros/humble/opt/rviz_ogre_vendor/lib:/opt/ros/humble/lib/x86_64-linux-gnu:/opt/ros/humble/lib /usr/bin/cmake --build /ws_gz/build/champ_base -- -j32 -l32
[0.399s] DEBUG:colcon.colcon_core.event_handler.log_command:Invoking command in '/ws_gz/build/champ_gazebo': CMAKE_PREFIX_PATH=/ws_gz/install/champ_msgs:/ws_gz/install/champ:/ws_gz/install/ros2_livox_simulation:/ws_gz/install/go2_description:/ws_gz/install/go2_config:/ws_gz/install/champ_navigation:/ws_gz/install/champ_gazebo:/ws_gz/install/champ_bringup:/ws_gz/install/champ_base:/ws_gz/install/champ_description:/ws_gz/install/champ_config:/livox_ws/install/livox_ros_driver2:/opt/ros/humble LD_LIBRARY_PATH=/ws_gz/install/champ_msgs/lib:/usr/lib/x86_64-linux-gnu/gazebo-11/plugins:/ws_gz/install/ros2_livox_simulation/lib:/ws_gz/install/champ_base/lib:/livox_ws/install/livox_ros_driver2/lib:/opt/ros/humble/opt/rviz_ogre_vendor/lib:/opt/ros/humble/lib/x86_64-linux-gnu:/opt/ros/humble/lib /usr/bin/cmake --build /ws_gz/build/champ_gazebo -- -j32 -l32
[0.457s] DEBUG:colcon.colcon_core.event_handler.log_command:Invoked command in '/ws_gz/build/champ_gazebo' returned '0': CMAKE_PREFIX_PATH=/ws_gz/install/champ_msgs:/ws_gz/install/champ:/ws_gz/install/ros2_livox_simulation:/ws_gz/install/go2_description:/ws_gz/install/go2_config:/ws_gz/install/champ_navigation:/ws_gz/install/champ_gazebo:/ws_gz/install/champ_bringup:/ws_gz/install/champ_base:/ws_gz/install/champ_description:/ws_gz/install/champ_config:/livox_ws/install/livox_ros_driver2:/opt/ros/humble LD_LIBRARY_PATH=/ws_gz/install/champ_msgs/lib:/usr/lib/x86_64-linux-gnu/gazebo-11/plugins:/ws_gz/install/ros2_livox_simulation/lib:/ws_gz/install/champ_base/lib:/livox_ws/install/livox_ros_driver2/lib:/opt/ros/humble/opt/rviz_ogre_vendor/lib:/opt/ros/humble/lib/x86_64-linux-gnu:/opt/ros/humble/lib /usr/bin/cmake --build /ws_gz/build/champ_gazebo -- -j32 -l32
[0.458s] DEBUG:colcon.colcon_core.event_handler.log_command:Invoking command in '/ws_gz/build/champ_gazebo': CMAKE_PREFIX_PATH=/ws_gz/install/champ_msgs:/ws_gz/install/champ:/ws_gz/install/ros2_livox_simulation:/ws_gz/install/go2_description:/ws_gz/install/go2_config:/ws_gz/install/champ_navigation:/ws_gz/install/champ_gazebo:/ws_gz/install/champ_bringup:/ws_gz/install/champ_base:/ws_gz/install/champ_description:/ws_gz/install/champ_config:/livox_ws/install/livox_ros_driver2:/opt/ros/humble LD_LIBRARY_PATH=/ws_gz/install/champ_msgs/lib:/usr/lib/x86_64-linux-gnu/gazebo-11/plugins:/ws_gz/install/ros2_livox_simulation/lib:/ws_gz/install/champ_base/lib:/livox_ws/install/livox_ros_driver2/lib:/opt/ros/humble/opt/rviz_ogre_vendor/lib:/opt/ros/humble/lib/x86_64-linux-gnu:/opt/ros/humble/lib /usr/bin/cmake --install /ws_gz/build/champ_gazebo
[0.459s] DEBUG:colcon.colcon_core.event_handler.log_command:Invoked command in '/ws_gz/build/champ_base' returned '0': CMAKE_PREFIX_PATH=/ws_gz/install/champ_msgs:/ws_gz/install/champ:/ws_gz/install/ros2_livox_simulation:/ws_gz/install/go2_description:/ws_gz/install/go2_config:/ws_gz/install/champ_navigation:/ws_gz/install/champ_gazebo:/ws_gz/install/champ_bringup:/ws_gz/install/champ_base:/ws_gz/install/champ_description:/ws_gz/install/champ_config:/livox_ws/install/livox_ros_driver2:/opt/ros/humble LD_LIBRARY_PATH=/ws_gz/install/champ_msgs/lib:/usr/lib/x86_64-linux-gnu/gazebo-11/plugins:/ws_gz/install/ros2_livox_simulation/lib:/ws_gz/install/champ_base/lib:/livox_ws/install/livox_ros_driver2/lib:/opt/ros/humble/opt/rviz_ogre_vendor/lib:/opt/ros/humble/lib/x86_64-linux-gnu:/opt/ros/humble/lib /usr/bin/cmake --build /ws_gz/build/champ_base -- -j32 -l32
[0.460s] DEBUG:colcon.colcon_core.event_handler.log_command:Invoking command in '/ws_gz/build/champ_base': CMAKE_PREFIX_PATH=/ws_gz/install/champ_msgs:/ws_gz/install/champ:/ws_gz/install/ros2_livox_simulation:/ws_gz/install/go2_description:/ws_gz/install/go2_config:/ws_gz/install/champ_navigation:/ws_gz/install/champ_gazebo:/ws_gz/install/champ_bringup:/ws_gz/install/champ_base:/ws_gz/install/champ_description:/ws_gz/install/champ_config:/livox_ws/install/livox_ros_driver2:/opt/ros/humble LD_LIBRARY_PATH=/ws_gz/install/champ_msgs/lib:/usr/lib/x86_64-linux-gnu/gazebo-11/plugins:/ws_gz/install/ros2_livox_simulation/lib:/ws_gz/install/champ_base/lib:/livox_ws/install/livox_ros_driver2/lib:/opt/ros/humble/opt/rviz_ogre_vendor/lib:/opt/ros/humble/lib/x86_64-linux-gnu:/opt/ros/humble/lib /usr/bin/cmake --install /ws_gz/build/champ_base
[0.469s] Level 1:colcon.colcon_core.environment:create_environment_scripts_only(champ_gazebo)
[0.469s] DEBUG:colcon.colcon_core.event_handler.log_command:Invoked command in '/ws_gz/build/champ_gazebo' returned '0': CMAKE_PREFIX_PATH=/ws_gz/install/champ_msgs:/ws_gz/install/champ:/ws_gz/install/ros2_livox_simulation:/ws_gz/install/go2_description:/ws_gz/install/go2_config:/ws_gz/install/champ_navigation:/ws_gz/install/champ_gazebo:/ws_gz/install/champ_bringup:/ws_gz/install/champ_base:/ws_gz/install/champ_description:/ws_gz/install/champ_config:/livox_ws/install/livox_ros_driver2:/opt/ros/humble LD_LIBRARY_PATH=/ws_gz/install/champ_msgs/lib:/usr/lib/x86_64-linux-gnu/gazebo-11/plugins:/ws_gz/install/ros2_livox_simulation/lib:/ws_gz/install/champ_base/lib:/livox_ws/install/livox_ros_driver2/lib:/opt/ros/humble/opt/rviz_ogre_vendor/lib:/opt/ros/humble/lib/x86_64-linux-gnu:/opt/ros/humble/lib /usr/bin/cmake --install /ws_gz/build/champ_gazebo
[0.469s] Level 1:colcon.colcon_core.environment:checking '/ws_gz/install/champ_gazebo' for CMake module files
[0.470s] Level 1:colcon.colcon_core.environment:checking '/ws_gz/install/champ_gazebo' for CMake config files
[0.470s] Level 1:colcon.colcon_core.shell:create_environment_hook('champ_gazebo', 'cmake_prefix_path')
[0.470s] INFO:colcon.colcon_core.shell:Creating environment hook '/ws_gz/install/champ_gazebo/share/champ_gazebo/hook/cmake_prefix_path.ps1'
[0.470s] INFO:colcon.colcon_core.shell:Creating environment descriptor '/ws_gz/install/champ_gazebo/share/champ_gazebo/hook/cmake_prefix_path.dsv'
[0.471s] INFO:colcon.colcon_core.shell:Creating environment hook '/ws_gz/install/champ_gazebo/share/champ_gazebo/hook/cmake_prefix_path.sh'
[0.471s] Level 1:colcon.colcon_core.environment:checking '/ws_gz/install/champ_gazebo/lib'
[0.471s] Level 1:colcon.colcon_core.environment:checking '/ws_gz/install/champ_gazebo/bin'
[0.471s] Level 1:colcon.colcon_core.shell:create_environment_hook('champ_gazebo', 'path')
[0.471s] INFO:colcon.colcon_core.shell:Creating environment hook '/ws_gz/install/champ_gazebo/share/champ_gazebo/hook/path.ps1'
[0.471s] INFO:colcon.colcon_core.shell:Creating environment descriptor '/ws_gz/install/champ_gazebo/share/champ_gazebo/hook/path.dsv'
[0.472s] INFO:colcon.colcon_core.shell:Creating environment hook '/ws_gz/install/champ_gazebo/share/champ_gazebo/hook/path.sh'
[0.472s] Level 1:colcon.colcon_core.environment:checking '/ws_gz/install/champ_gazebo/lib/pkgconfig/champ_gazebo.pc'
[0.472s] Level 1:colcon.colcon_core.environment:checking '/ws_gz/install/champ_gazebo/lib/python3.10/site-packages'
[0.472s] Level 1:colcon.colcon_core.environment:checking '/ws_gz/install/champ_gazebo/bin'
[0.472s] Level 1:colcon.colcon_core.shell:create_environment_hook('champ_gazebo', 'pythonscriptspath')
[0.473s] INFO:colcon.colcon_core.shell:Creating environment hook '/ws_gz/install/champ_gazebo/share/champ_gazebo/hook/pythonscriptspath.ps1'
[0.473s] INFO:colcon.colcon_core.shell:Creating environment descriptor '/ws_gz/install/champ_gazebo/share/champ_gazebo/hook/pythonscriptspath.dsv'
[0.473s] INFO:colcon.colcon_core.shell:Creating environment hook '/ws_gz/install/champ_gazebo/share/champ_gazebo/hook/pythonscriptspath.sh'
[0.474s] INFO:colcon.colcon_core.shell:Creating package script '/ws_gz/install/champ_gazebo/share/champ_gazebo/package.ps1'
[0.474s] INFO:colcon.colcon_core.shell:Creating package descriptor '/ws_gz/install/champ_gazebo/share/champ_gazebo/package.dsv'
[0.475s] INFO:colcon.colcon_core.shell:Creating package script '/ws_gz/install/champ_gazebo/share/champ_gazebo/package.sh'
[0.475s] INFO:colcon.colcon_core.shell:Creating package script '/ws_gz/install/champ_gazebo/share/champ_gazebo/package.bash'
[0.475s] INFO:colcon.colcon_core.shell:Creating package script '/ws_gz/install/champ_gazebo/share/champ_gazebo/package.zsh'
[0.475s] Level 1:colcon.colcon_core.environment:create_file_with_runtime_dependencies(/ws_gz/install/champ_gazebo/share/colcon-core/packages/champ_gazebo)
[0.476s] Level 1:colcon.colcon_core.environment:create_environment_scripts_only(champ_gazebo)
[0.476s] Level 1:colcon.colcon_core.environment:checking '/ws_gz/install/champ_gazebo' for CMake module files
[0.476s] Level 1:colcon.colcon_core.environment:checking '/ws_gz/install/champ_gazebo' for CMake config files
[0.477s] Level 1:colcon.colcon_core.shell:create_environment_hook('champ_gazebo', 'cmake_prefix_path')
[0.477s] INFO:colcon.colcon_core.shell:Creating environment hook '/ws_gz/install/champ_gazebo/share/champ_gazebo/hook/cmake_prefix_path.ps1'
[0.477s] INFO:colcon.colcon_core.shell:Creating environment descriptor '/ws_gz/install/champ_gazebo/share/champ_gazebo/hook/cmake_prefix_path.dsv'
[0.477s] INFO:colcon.colcon_core.shell:Creating environment hook '/ws_gz/install/champ_gazebo/share/champ_gazebo/hook/cmake_prefix_path.sh'
[0.477s] Level 1:colcon.colcon_core.environment:checking '/ws_gz/install/champ_gazebo/lib'
[0.477s] Level 1:colcon.colcon_core.environment:checking '/ws_gz/install/champ_gazebo/bin'
[0.477s] Level 1:colcon.colcon_core.shell:create_environment_hook('champ_gazebo', 'path')
[0.477s] INFO:colcon.colcon_core.shell:Creating environment hook '/ws_gz/install/champ_gazebo/share/champ_gazebo/hook/path.ps1'
[0.478s] INFO:colcon.colcon_core.shell:Creating environment descriptor '/ws_gz/install/champ_gazebo/share/champ_gazebo/hook/path.dsv'
[0.478s] INFO:colcon.colcon_core.shell:Creating environment hook '/ws_gz/install/champ_gazebo/share/champ_gazebo/hook/path.sh'
[0.478s] Level 1:colcon.colcon_core.environment:checking '/ws_gz/install/champ_gazebo/lib/pkgconfig/champ_gazebo.pc'
[0.478s] Level 1:colcon.colcon_core.environment:checking '/ws_gz/install/champ_gazebo/lib/python3.10/site-packages'
[0.478s] Level 1:colcon.colcon_core.environment:checking '/ws_gz/install/champ_gazebo/bin'
[0.478s] Level 1:colcon.colcon_core.shell:create_environment_hook('champ_gazebo', 'pythonscriptspath')
[0.478s] INFO:colcon.colcon_core.shell:Creating environment hook '/ws_gz/install/champ_gazebo/share/champ_gazebo/hook/pythonscriptspath.ps1'
[0.478s] INFO:colcon.colcon_core.shell:Creating environment descriptor '/ws_gz/install/champ_gazebo/share/champ_gazebo/hook/pythonscriptspath.dsv'
[0.478s] INFO:colcon.colcon_core.shell:Creating environment hook '/ws_gz/install/champ_gazebo/share/champ_gazebo/hook/pythonscriptspath.sh'
[0.479s] INFO:colcon.colcon_core.shell:Creating package script '/ws_gz/install/champ_gazebo/share/champ_gazebo/package.ps1'
[0.479s] INFO:colcon.colcon_core.shell:Creating package descriptor '/ws_gz/install/champ_gazebo/share/champ_gazebo/package.dsv'
[0.479s] INFO:colcon.colcon_core.shell:Creating package script '/ws_gz/install/champ_gazebo/share/champ_gazebo/package.sh'
[0.479s] INFO:colcon.colcon_core.shell:Creating package script '/ws_gz/install/champ_gazebo/share/champ_gazebo/package.bash'
[0.480s] INFO:colcon.colcon_core.shell:Creating package script '/ws_gz/install/champ_gazebo/share/champ_gazebo/package.zsh'
[0.480s] Level 1:colcon.colcon_core.environment:create_file_with_runtime_dependencies(/ws_gz/install/champ_gazebo/share/colcon-core/packages/champ_gazebo)
[0.480s] Level 1:colcon.colcon_core.environment:create_environment_scripts_only(champ_base)
[0.480s] Level 1:colcon.colcon_core.environment:checking '/ws_gz/install/champ_base' for CMake module files
[0.480s] DEBUG:colcon.colcon_core.event_handler.log_command:Invoked command in '/ws_gz/build/champ_base' returned '0': CMAKE_PREFIX_PATH=/ws_gz/install/champ_msgs:/ws_gz/install/champ:/ws_gz/install/ros2_livox_simulation:/ws_gz/install/go2_description:/ws_gz/install/go2_config:/ws_gz/install/champ_navigation:/ws_gz/install/champ_gazebo:/ws_gz/install/champ_bringup:/ws_gz/install/champ_base:/ws_gz/install/champ_description:/ws_gz/install/champ_config:/livox_ws/install/livox_ros_driver2:/opt/ros/humble LD_LIBRARY_PATH=/ws_gz/install/champ_msgs/lib:/usr/lib/x86_64-linux-gnu/gazebo-11/plugins:/ws_gz/install/ros2_livox_simulation/lib:/ws_gz/install/champ_base/lib:/livox_ws/install/livox_ros_driver2/lib:/opt/ros/humble/opt/rviz_ogre_vendor/lib:/opt/ros/humble/lib/x86_64-linux-gnu:/opt/ros/humble/lib /usr/bin/cmake --install /ws_gz/build/champ_base
[0.481s] Level 1:colcon.colcon_core.environment:checking '/ws_gz/install/champ_base' for CMake config files
[0.481s] Level 1:colcon.colcon_core.shell:create_environment_hook('champ_base', 'cmake_prefix_path')
[0.481s] INFO:colcon.colcon_core.shell:Creating environment hook '/ws_gz/install/champ_base/share/champ_base/hook/cmake_prefix_path.ps1'
[0.481s] INFO:colcon.colcon_core.shell:Creating environment descriptor '/ws_gz/install/champ_base/share/champ_base/hook/cmake_prefix_path.dsv'
[0.481s] INFO:colcon.colcon_core.shell:Creating environment hook '/ws_gz/install/champ_base/share/champ_base/hook/cmake_prefix_path.sh'
[0.481s] Level 1:colcon.colcon_core.environment:checking '/ws_gz/install/champ_base/lib'
[0.481s] Level 1:colcon.colcon_core.shell:create_environment_hook('champ_base', 'ld_library_path_lib')
[0.481s] INFO:colcon.colcon_core.shell:Creating environment hook '/ws_gz/install/champ_base/share/champ_base/hook/ld_library_path_lib.ps1'
[0.482s] INFO:colcon.colcon_core.shell:Creating environment descriptor '/ws_gz/install/champ_base/share/champ_base/hook/ld_library_path_lib.dsv'
[0.482s] INFO:colcon.colcon_core.shell:Creating environment hook '/ws_gz/install/champ_base/share/champ_base/hook/ld_library_path_lib.sh'
[0.482s] Level 1:colcon.colcon_core.environment:checking '/ws_gz/install/champ_base/bin'
[0.482s] Level 1:colcon.colcon_core.shell:create_environment_hook('champ_base', 'path')
[0.482s] INFO:colcon.colcon_core.shell:Creating environment hook '/ws_gz/install/champ_base/share/champ_base/hook/path.ps1'
[0.482s] INFO:colcon.colcon_core.shell:Creating environment descriptor '/ws_gz/install/champ_base/share/champ_base/hook/path.dsv'
[0.482s] INFO:colcon.colcon_core.shell:Creating environment hook '/ws_gz/install/champ_base/share/champ_base/hook/path.sh'
[0.482s] Level 1:colcon.colcon_core.environment:checking '/ws_gz/install/champ_base/lib/pkgconfig/champ_base.pc'
[0.482s] Level 1:colcon.colcon_core.environment:checking '/ws_gz/install/champ_base/lib/python3.10/site-packages'
[0.483s] Level 1:colcon.colcon_core.environment:checking '/ws_gz/install/champ_base/bin'
[0.483s] Level 1:colcon.colcon_core.shell:create_environment_hook('champ_base', 'pythonscriptspath')
[0.483s] INFO:colcon.colcon_core.shell:Creating environment hook '/ws_gz/install/champ_base/share/champ_base/hook/pythonscriptspath.ps1'
[0.483s] INFO:colcon.colcon_core.shell:Creating environment descriptor '/ws_gz/install/champ_base/share/champ_base/hook/pythonscriptspath.dsv'
[0.483s] INFO:colcon.colcon_core.shell:Creating environment hook '/ws_gz/install/champ_base/share/champ_base/hook/pythonscriptspath.sh'
[0.483s] INFO:colcon.colcon_core.shell:Creating package script '/ws_gz/install/champ_base/share/champ_base/package.ps1'
[0.483s] INFO:colcon.colcon_core.shell:Creating package descriptor '/ws_gz/install/champ_base/share/champ_base/package.dsv'
[0.484s] INFO:colcon.colcon_core.shell:Creating package script '/ws_gz/install/champ_base/share/champ_base/package.sh'
[0.484s] INFO:colcon.colcon_core.shell:Creating package script '/ws_gz/install/champ_base/share/champ_base/package.bash'
[0.484s] INFO:colcon.colcon_core.shell:Creating package script '/ws_gz/install/champ_base/share/champ_base/package.zsh'
[0.484s] Level 1:colcon.colcon_core.environment:create_file_with_runtime_dependencies(/ws_gz/install/champ_base/share/colcon-core/packages/champ_base)
[0.484s] Level 1:colcon.colcon_core.environment:create_environment_scripts_only(champ_base)
[0.484s] Level 1:colcon.colcon_core.environment:checking '/ws_gz/install/champ_base' for CMake module files
[0.485s] Level 1:colcon.colcon_core.environment:checking '/ws_gz/install/champ_base' for CMake config files
[0.485s] Level 1:colcon.colcon_core.shell:create_environment_hook('champ_base', 'cmake_prefix_path')
[0.485s] INFO:colcon.colcon_core.shell:Creating environment hook '/ws_gz/install/champ_base/share/champ_base/hook/cmake_prefix_path.ps1'
[0.485s] INFO:colcon.colcon_core.shell:Creating environment descriptor '/ws_gz/install/champ_base/share/champ_base/hook/cmake_prefix_path.dsv'
[0.485s] INFO:colcon.colcon_core.shell:Creating environment hook '/ws_gz/install/champ_base/share/champ_base/hook/cmake_prefix_path.sh'
[0.485s] Level 1:colcon.colcon_core.environment:checking '/ws_gz/install/champ_base/lib'
[0.485s] Level 1:colcon.colcon_core.shell:create_environment_hook('champ_base', 'ld_library_path_lib')
[0.486s] INFO:colcon.colcon_core.shell:Creating environment hook '/ws_gz/install/champ_base/share/champ_base/hook/ld_library_path_lib.ps1'
[0.486s] INFO:colcon.colcon_core.shell:Creating environment descriptor '/ws_gz/install/champ_base/share/champ_base/hook/ld_library_path_lib.dsv'
[0.486s] INFO:colcon.colcon_core.shell:Creating environment hook '/ws_gz/install/champ_base/share/champ_base/hook/ld_library_path_lib.sh'
[0.486s] Level 1:colcon.colcon_core.environment:checking '/ws_gz/install/champ_base/bin'
[0.486s] Level 1:colcon.colcon_core.shell:create_environment_hook('champ_base', 'path')
[0.486s] INFO:colcon.colcon_core.shell:Creating environment hook '/ws_gz/install/champ_base/share/champ_base/hook/path.ps1'
[0.486s] INFO:colcon.colcon_core.shell:Creating environment descriptor '/ws_gz/install/champ_base/share/champ_base/hook/path.dsv'
[0.486s] INFO:colcon.colcon_core.shell:Creating environment hook '/ws_gz/install/champ_base/share/champ_base/hook/path.sh'
[0.486s] Level 1:colcon.colcon_core.environment:checking '/ws_gz/install/champ_base/lib/pkgconfig/champ_base.pc'
[0.487s] Level 1:colcon.colcon_core.environment:checking '/ws_gz/install/champ_base/lib/python3.10/site-packages'
[0.487s] Level 1:colcon.colcon_core.environment:checking '/ws_gz/install/champ_base/bin'
[0.487s] Level 1:colcon.colcon_core.shell:create_environment_hook('champ_base', 'pythonscriptspath')
[0.487s] INFO:colcon.colcon_core.shell:Creating environment hook '/ws_gz/install/champ_base/share/champ_base/hook/pythonscriptspath.ps1'
[0.487s] INFO:colcon.colcon_core.shell:Creating environment descriptor '/ws_gz/install/champ_base/share/champ_base/hook/pythonscriptspath.dsv'
[0.487s] INFO:colcon.colcon_core.shell:Creating environment hook '/ws_gz/install/champ_base/share/champ_base/hook/pythonscriptspath.sh'
[0.487s] INFO:colcon.colcon_core.shell:Creating package script '/ws_gz/install/champ_base/share/champ_base/package.ps1'
[0.488s] INFO:colcon.colcon_core.shell:Creating package descriptor '/ws_gz/install/champ_base/share/champ_base/package.dsv'
[0.488s] INFO:colcon.colcon_core.shell:Creating package script '/ws_gz/install/champ_base/share/champ_base/package.sh'
[0.488s] INFO:colcon.colcon_core.shell:Creating package script '/ws_gz/install/champ_base/share/champ_base/package.bash'
[0.488s] INFO:colcon.colcon_core.shell:Creating package script '/ws_gz/install/champ_base/share/champ_base/package.zsh'
[0.488s] Level 1:colcon.colcon_core.environment:create_file_with_runtime_dependencies(/ws_gz/install/champ_base/share/colcon-core/packages/champ_base)
[0.488s] INFO:colcon.colcon_ros.task.ament_cmake.build:Building ROS package in '/ws_gz/src/gz_quadbot/champ/champ_bringup' with build type 'ament_cmake'
[0.489s] INFO:colcon.colcon_cmake.task.cmake.build:Building CMake package in '/ws_gz/src/gz_quadbot/champ/champ_bringup'
[0.489s] INFO:colcon.colcon_core.shell:Skip shell extension 'powershell' for command environment: Not usable outside of PowerShell
[0.489s] DEBUG:colcon.colcon_core.shell:Skip shell extension 'dsv' for command environment
[0.497s] DEBUG:colcon.colcon_core.event_handler.log_command:Invoking command in '/ws_gz/build/champ_bringup': CMAKE_PREFIX_PATH=/ws_gz/install/champ_base:/ws_gz/install/champ_msgs:/ws_gz/install/champ_description:/ws_gz/install/champ:/ws_gz/install/ros2_livox_simulation:/ws_gz/install/go2_description:/ws_gz/install/go2_config:/ws_gz/install/champ_navigation:/ws_gz/install/champ_gazebo:/ws_gz/install/champ_bringup:/ws_gz/install/champ_config:/livox_ws/install/livox_ros_driver2:/opt/ros/humble LD_LIBRARY_PATH=/ws_gz/install/champ_base/lib:/ws_gz/install/champ_msgs/lib:/usr/lib/x86_64-linux-gnu/gazebo-11/plugins:/ws_gz/install/ros2_livox_simulation/lib:/livox_ws/install/livox_ros_driver2/lib:/opt/ros/humble/opt/rviz_ogre_vendor/lib:/opt/ros/humble/lib/x86_64-linux-gnu:/opt/ros/humble/lib PATH=/ws_gz/install/champ_base/bin:/ws_gz/install/champ_gazebo/bin:/root/.vscode-server/data/User/globalStorage/github.copilot-chat/debugCommand:/root/.vscode-server/data/User/globalStorage/github.copilot-chat/copilotCli:/root/.vscode-server/bin/10c8e557c8b9f9ed0a87f61f1c9a44bde731c409/bin/remote-cli:/opt/ros/humble/bin:/usr/local/sbin:/usr/local/bin:/usr/sbin:/usr/bin:/sbin:/bin /usr/bin/cmake --build /ws_gz/build/champ_bringup -- -j32 -l32
[0.695s] DEBUG:colcon.colcon_core.event_handler.log_command:Invoked command in '/ws_gz/build/champ_bringup' returned '0': CMAKE_PREFIX_PATH=/ws_gz/install/champ_base:/ws_gz/install/champ_msgs:/ws_gz/install/champ_description:/ws_gz/install/champ:/ws_gz/install/ros2_livox_simulation:/ws_gz/install/go2_description:/ws_gz/install/go2_config:/ws_gz/install/champ_navigation:/ws_gz/install/champ_gazebo:/ws_gz/install/champ_bringup:/ws_gz/install/champ_config:/livox_ws/install/livox_ros_driver2:/opt/ros/humble LD_LIBRARY_PATH=/ws_gz/install/champ_base/lib:/ws_gz/install/champ_msgs/lib:/usr/lib/x86_64-linux-gnu/gazebo-11/plugins:/ws_gz/install/ros2_livox_simulation/lib:/livox_ws/install/livox_ros_driver2/lib:/opt/ros/humble/opt/rviz_ogre_vendor/lib:/opt/ros/humble/lib/x86_64-linux-gnu:/opt/ros/humble/lib PATH=/ws_gz/install/champ_base/bin:/ws_gz/install/champ_gazebo/bin:/root/.vscode-server/data/User/globalStorage/github.copilot-chat/debugCommand:/root/.vscode-server/data/User/globalStorage/github.copilot-chat/copilotCli:/root/.vscode-server/bin/10c8e557c8b9f9ed0a87f61f1c9a44bde731c409/bin/remote-cli:/opt/ros/humble/bin:/usr/local/sbin:/usr/local/bin:/usr/sbin:/usr/bin:/sbin:/bin /usr/bin/cmake --build /ws_gz/build/champ_bringup -- -j32 -l32
[0.695s] DEBUG:colcon.colcon_core.event_handler.log_command:Invoking command in '/ws_gz/build/champ_bringup': CMAKE_PREFIX_PATH=/ws_gz/install/champ_base:/ws_gz/install/champ_msgs:/ws_gz/install/champ_description:/ws_gz/install/champ:/ws_gz/install/ros2_livox_simulation:/ws_gz/install/go2_description:/ws_gz/install/go2_config:/ws_gz/install/champ_navigation:/ws_gz/install/champ_gazebo:/ws_gz/install/champ_bringup:/ws_gz/install/champ_config:/livox_ws/install/livox_ros_driver2:/opt/ros/humble LD_LIBRARY_PATH=/ws_gz/install/champ_base/lib:/ws_gz/install/champ_msgs/lib:/usr/lib/x86_64-linux-gnu/gazebo-11/plugins:/ws_gz/install/ros2_livox_simulation/lib:/livox_ws/install/livox_ros_driver2/lib:/opt/ros/humble/opt/rviz_ogre_vendor/lib:/opt/ros/humble/lib/x86_64-linux-gnu:/opt/ros/humble/lib PATH=/ws_gz/install/champ_base/bin:/ws_gz/install/champ_gazebo/bin:/root/.vscode-server/data/User/globalStorage/github.copilot-chat/debugCommand:/root/.vscode-server/data/User/globalStorage/github.copilot-chat/copilotCli:/root/.vscode-server/bin/10c8e557c8b9f9ed0a87f61f1c9a44bde731c409/bin/remote-cli:/opt/ros/humble/bin:/usr/local/sbin:/usr/local/bin:/usr/sbin:/usr/bin:/sbin:/bin /usr/bin/cmake --install /ws_gz/build/champ_bringup
[0.729s] Level 1:colcon.colcon_core.environment:create_environment_scripts_only(champ_bringup)
[0.729s] Level 1:colcon.colcon_core.environment:checking '/ws_gz/install/champ_bringup' for CMake module files
[0.729s] DEBUG:colcon.colcon_core.event_handler.log_command:Invoked command in '/ws_gz/build/champ_bringup' returned '0': CMAKE_PREFIX_PATH=/ws_gz/install/champ_base:/ws_gz/install/champ_msgs:/ws_gz/install/champ_description:/ws_gz/install/champ:/ws_gz/install/ros2_livox_simulation:/ws_gz/install/go2_description:/ws_gz/install/go2_config:/ws_gz/install/champ_navigation:/ws_gz/install/champ_gazebo:/ws_gz/install/champ_bringup:/ws_gz/install/champ_config:/livox_ws/install/livox_ros_driver2:/opt/ros/humble LD_LIBRARY_PATH=/ws_gz/install/champ_base/lib:/ws_gz/install/champ_msgs/lib:/usr/lib/x86_64-linux-gnu/gazebo-11/plugins:/ws_gz/install/ros2_livox_simulation/lib:/livox_ws/install/livox_ros_driver2/lib:/opt/ros/humble/opt/rviz_ogre_vendor/lib:/opt/ros/humble/lib/x86_64-linux-gnu:/opt/ros/humble/lib PATH=/ws_gz/install/champ_base/bin:/ws_gz/install/champ_gazebo/bin:/root/.vscode-server/data/User/globalStorage/github.copilot-chat/debugCommand:/root/.vscode-server/data/User/globalStorage/github.copilot-chat/copilotCli:/root/.vscode-server/bin/10c8e557c8b9f9ed0a87f61f1c9a44bde731c409/bin/remote-cli:/opt/ros/humble/bin:/usr/local/sbin:/usr/local/bin:/usr/sbin:/usr/bin:/sbin:/bin /usr/bin/cmake --install /ws_gz/build/champ_bringup
[0.729s] Level 1:colcon.colcon_core.environment:checking '/ws_gz/install/champ_bringup' for CMake config files
[0.729s] Level 1:colcon.colcon_core.shell:create_environment_hook('champ_bringup', 'cmake_prefix_path')
[0.729s] INFO:colcon.colcon_core.shell:Creating environment hook '/ws_gz/install/champ_bringup/share/champ_bringup/hook/cmake_prefix_path.ps1'
[0.730s] INFO:colcon.colcon_core.shell:Creating environment descriptor '/ws_gz/install/champ_bringup/share/champ_bringup/hook/cmake_prefix_path.dsv'
[0.730s] INFO:colcon.colcon_core.shell:Creating environment hook '/ws_gz/install/champ_bringup/share/champ_bringup/hook/cmake_prefix_path.sh'
[0.730s] Level 1:colcon.colcon_core.environment:checking '/ws_gz/install/champ_bringup/lib'
[0.730s] Level 1:colcon.colcon_core.environment:checking '/ws_gz/install/champ_bringup/bin'
[0.730s] Level 1:colcon.colcon_core.environment:checking '/ws_gz/install/champ_bringup/lib/pkgconfig/champ_bringup.pc'
[0.730s] Level 1:colcon.colcon_core.environment:checking '/ws_gz/install/champ_bringup/lib/python3.10/site-packages'
[0.730s] Level 1:colcon.colcon_core.environment:checking '/ws_gz/install/champ_bringup/bin'
[0.730s] INFO:colcon.colcon_core.shell:Creating package script '/ws_gz/install/champ_bringup/share/champ_bringup/package.ps1'
[0.731s] INFO:colcon.colcon_core.shell:Creating package descriptor '/ws_gz/install/champ_bringup/share/champ_bringup/package.dsv'
[0.731s] INFO:colcon.colcon_core.shell:Creating package script '/ws_gz/install/champ_bringup/share/champ_bringup/package.sh'
[0.731s] INFO:colcon.colcon_core.shell:Creating package script '/ws_gz/install/champ_bringup/share/champ_bringup/package.bash'
[0.731s] INFO:colcon.colcon_core.shell:Creating package script '/ws_gz/install/champ_bringup/share/champ_bringup/package.zsh'
[0.731s] Level 1:colcon.colcon_core.environment:create_file_with_runtime_dependencies(/ws_gz/install/champ_bringup/share/colcon-core/packages/champ_bringup)
[0.731s] Level 1:colcon.colcon_core.environment:create_environment_scripts_only(champ_bringup)
[0.732s] Level 1:colcon.colcon_core.environment:checking '/ws_gz/install/champ_bringup' for CMake module files
[0.732s] Level 1:colcon.colcon_core.environment:checking '/ws_gz/install/champ_bringup' for CMake config files
[0.732s] Level 1:colcon.colcon_core.shell:create_environment_hook('champ_bringup', 'cmake_prefix_path')
[0.732s] INFO:colcon.colcon_core.shell:Creating environment hook '/ws_gz/install/champ_bringup/share/champ_bringup/hook/cmake_prefix_path.ps1'
[0.732s] INFO:colcon.colcon_core.shell:Creating environment descriptor '/ws_gz/install/champ_bringup/share/champ_bringup/hook/cmake_prefix_path.dsv'
[0.732s] INFO:colcon.colcon_core.shell:Creating environment hook '/ws_gz/install/champ_bringup/share/champ_bringup/hook/cmake_prefix_path.sh'
[0.732s] Level 1:colcon.colcon_core.environment:checking '/ws_gz/install/champ_bringup/lib'
[0.732s] Level 1:colcon.colcon_core.environment:checking '/ws_gz/install/champ_bringup/bin'
[0.732s] Level 1:colcon.colcon_core.environment:checking '/ws_gz/install/champ_bringup/lib/pkgconfig/champ_bringup.pc'
[0.732s] Level 1:colcon.colcon_core.environment:checking '/ws_gz/install/champ_bringup/lib/python3.10/site-packages'
[0.733s] Level 1:colcon.colcon_core.environment:checking '/ws_gz/install/champ_bringup/bin'
[0.733s] INFO:colcon.colcon_core.shell:Creating package script '/ws_gz/install/champ_bringup/share/champ_bringup/package.ps1'
[0.733s] INFO:colcon.colcon_core.shell:Creating package descriptor '/ws_gz/install/champ_bringup/share/champ_bringup/package.dsv'
[0.733s] INFO:colcon.colcon_core.shell:Creating package script '/ws_gz/install/champ_bringup/share/champ_bringup/package.sh'
[0.733s] INFO:colcon.colcon_core.shell:Creating package script '/ws_gz/install/champ_bringup/share/champ_bringup/package.bash'
[0.733s] INFO:colcon.colcon_core.shell:Creating package script '/ws_gz/install/champ_bringup/share/champ_bringup/package.zsh'
[0.733s] Level 1:colcon.colcon_core.environment:create_file_with_runtime_dependencies(/ws_gz/install/champ_bringup/share/colcon-core/packages/champ_bringup)
[2.229s] DEBUG:colcon.colcon_core.event_handler.log_command:Invoked command in '/ws_gz/build/realsense_ros_gazebo' returned '0': CMAKE_PREFIX_PATH=${CMAKE_PREFIX_PATH}:/opt/ros/humble /usr/bin/cmake /ws_gz/src/realsense_ros_gazebo -DCMAKE_BUILD_TYPE=Release -DAMENT_CMAKE_SYMLINK_INSTALL=1 -DCMAKE_INSTALL_PREFIX=/ws_gz/install/realsense_ros_gazebo
[2.230s] DEBUG:colcon.colcon_core.event_handler.log_command:Invoking command in '/ws_gz/build/realsense_ros_gazebo': CMAKE_PREFIX_PATH=${CMAKE_PREFIX_PATH}:/opt/ros/humble /usr/bin/cmake --build /ws_gz/build/realsense_ros_gazebo -- -j32 -l32
[12.171s] DEBUG:colcon.colcon_core.event_handler.log_command:Invoked command in '/ws_gz/build/realsense_ros_gazebo' returned '0': CMAKE_PREFIX_PATH=${CMAKE_PREFIX_PATH}:/opt/ros/humble /usr/bin/cmake --build /ws_gz/build/realsense_ros_gazebo -- -j32 -l32
[12.172s] DEBUG:colcon.colcon_core.event_handler.log_command:Invoking command in '/ws_gz/build/realsense_ros_gazebo': CMAKE_PREFIX_PATH=${CMAKE_PREFIX_PATH}:/opt/ros/humble /usr/bin/cmake --install /ws_gz/build/realsense_ros_gazebo
[12.449s] Level 1:colcon.colcon_core.environment:create_environment_scripts_only(realsense_ros_gazebo)
[12.450s] Level 1:colcon.colcon_core.environment:checking '/ws_gz/install/realsense_ros_gazebo' for CMake module files
[12.450s] DEBUG:colcon.colcon_core.event_handler.log_command:Invoked command in '/ws_gz/build/realsense_ros_gazebo' returned '0': CMAKE_PREFIX_PATH=${CMAKE_PREFIX_PATH}:/opt/ros/humble /usr/bin/cmake --install /ws_gz/build/realsense_ros_gazebo
[12.451s] Level 1:colcon.colcon_core.environment:checking '/ws_gz/install/realsense_ros_gazebo' for CMake config files
[12.451s] Level 1:colcon.colcon_core.shell:create_environment_hook('realsense_ros_gazebo', 'cmake_prefix_path')
[12.451s] INFO:colcon.colcon_core.shell:Creating environment hook '/ws_gz/install/realsense_ros_gazebo/share/realsense_ros_gazebo/hook/cmake_prefix_path.ps1'
[12.452s] INFO:colcon.colcon_core.shell:Creating environment descriptor '/ws_gz/install/realsense_ros_gazebo/share/realsense_ros_gazebo/hook/cmake_prefix_path.dsv'
[12.452s] INFO:colcon.colcon_core.shell:Creating environment hook '/ws_gz/install/realsense_ros_gazebo/share/realsense_ros_gazebo/hook/cmake_prefix_path.sh'
[12.453s] Level 1:colcon.colcon_core.environment:checking '/ws_gz/install/realsense_ros_gazebo/lib'
[12.453s] Level 1:colcon.colcon_core.shell:create_environment_hook('realsense_ros_gazebo', 'ld_library_path_lib')
[12.454s] INFO:colcon.colcon_core.shell:Creating environment hook '/ws_gz/install/realsense_ros_gazebo/share/realsense_ros_gazebo/hook/ld_library_path_lib.ps1'
[12.454s] INFO:colcon.colcon_core.shell:Creating environment descriptor '/ws_gz/install/realsense_ros_gazebo/share/realsense_ros_gazebo/hook/ld_library_path_lib.dsv'
[12.455s] INFO:colcon.colcon_core.shell:Creating environment hook '/ws_gz/install/realsense_ros_gazebo/share/realsense_ros_gazebo/hook/ld_library_path_lib.sh'
[12.455s] Level 1:colcon.colcon_core.environment:checking '/ws_gz/install/realsense_ros_gazebo/bin'
[12.455s] Level 1:colcon.colcon_core.environment:checking '/ws_gz/install/realsense_ros_gazebo/lib/pkgconfig/realsense_ros_gazebo.pc'
[12.456s] Level 1:colcon.colcon_core.environment:checking '/ws_gz/install/realsense_ros_gazebo/lib/python3.10/site-packages'
[12.457s] Level 1:colcon.colcon_core.environment:checking '/ws_gz/install/realsense_ros_gazebo/bin'
[12.457s] INFO:colcon.colcon_core.shell:Creating package script '/ws_gz/install/realsense_ros_gazebo/share/realsense_ros_gazebo/package.ps1'
[12.458s] INFO:colcon.colcon_core.shell:Creating package descriptor '/ws_gz/install/realsense_ros_gazebo/share/realsense_ros_gazebo/package.dsv'
[12.459s] INFO:colcon.colcon_core.shell:Creating package script '/ws_gz/install/realsense_ros_gazebo/share/realsense_ros_gazebo/package.sh'
[12.460s] INFO:colcon.colcon_core.shell:Creating package script '/ws_gz/install/realsense_ros_gazebo/share/realsense_ros_gazebo/package.bash'
[12.460s] INFO:colcon.colcon_core.shell:Creating package script '/ws_gz/install/realsense_ros_gazebo/share/realsense_ros_gazebo/package.zsh'
[12.461s] Level 1:colcon.colcon_core.environment:create_file_with_runtime_dependencies(/ws_gz/install/realsense_ros_gazebo/share/colcon-core/packages/realsense_ros_gazebo)
[12.461s] Level 1:colcon.colcon_core.environment:create_environment_scripts_only(realsense_ros_gazebo)
[12.462s] Level 1:colcon.colcon_core.environment:checking '/ws_gz/install/realsense_ros_gazebo' for CMake module files
[12.462s] Level 1:colcon.colcon_core.environment:checking '/ws_gz/install/realsense_ros_gazebo' for CMake config files
[12.463s] Level 1:colcon.colcon_core.shell:create_environment_hook('realsense_ros_gazebo', 'cmake_prefix_path')
[12.463s] INFO:colcon.colcon_core.shell:Creating environment hook '/ws_gz/install/realsense_ros_gazebo/share/realsense_ros_gazebo/hook/cmake_prefix_path.ps1'
[12.463s] INFO:colcon.colcon_core.shell:Creating environment descriptor '/ws_gz/install/realsense_ros_gazebo/share/realsense_ros_gazebo/hook/cmake_prefix_path.dsv'
[12.464s] INFO:colcon.colcon_core.shell:Creating environment hook '/ws_gz/install/realsense_ros_gazebo/share/realsense_ros_gazebo/hook/cmake_prefix_path.sh'
[12.464s] Level 1:colcon.colcon_core.environment:checking '/ws_gz/install/realsense_ros_gazebo/lib'
[12.464s] Level 1:colcon.colcon_core.shell:create_environment_hook('realsense_ros_gazebo', 'ld_library_path_lib')
[12.464s] INFO:colcon.colcon_core.shell:Creating environment hook '/ws_gz/install/realsense_ros_gazebo/share/realsense_ros_gazebo/hook/ld_library_path_lib.ps1'
[12.465s] INFO:colcon.colcon_core.shell:Creating environment descriptor '/ws_gz/install/realsense_ros_gazebo/share/realsense_ros_gazebo/hook/ld_library_path_lib.dsv'
[12.465s] INFO:colcon.colcon_core.shell:Creating environment hook '/ws_gz/install/realsense_ros_gazebo/share/realsense_ros_gazebo/hook/ld_library_path_lib.sh'
[12.465s] Level 1:colcon.colcon_core.environment:checking '/ws_gz/install/realsense_ros_gazebo/bin'
[12.465s] Level 1:colcon.colcon_core.environment:checking '/ws_gz/install/realsense_ros_gazebo/lib/pkgconfig/realsense_ros_gazebo.pc'
[12.465s] Level 1:colcon.colcon_core.environment:checking '/ws_gz/install/realsense_ros_gazebo/lib/python3.10/site-packages'
[12.466s] Level 1:colcon.colcon_core.environment:checking '/ws_gz/install/realsense_ros_gazebo/bin'
[12.466s] INFO:colcon.colcon_core.shell:Creating package script '/ws_gz/install/realsense_ros_gazebo/share/realsense_ros_gazebo/package.ps1'
[12.468s] INFO:colcon.colcon_core.shell:Creating package descriptor '/ws_gz/install/realsense_ros_gazebo/share/realsense_ros_gazebo/package.dsv'
[12.468s] INFO:colcon.colcon_core.shell:Creating package script '/ws_gz/install/realsense_ros_gazebo/share/realsense_ros_gazebo/package.sh'
[12.469s] INFO:colcon.colcon_core.shell:Creating package script '/ws_gz/install/realsense_ros_gazebo/share/realsense_ros_gazebo/package.bash'
[12.469s] INFO:colcon.colcon_core.shell:Creating package script '/ws_gz/install/realsense_ros_gazebo/share/realsense_ros_gazebo/package.zsh'
[12.469s] Level 1:colcon.colcon_core.environment:create_file_with_runtime_dependencies(/ws_gz/install/realsense_ros_gazebo/share/colcon-core/packages/realsense_ros_gazebo)
[12.469s] DEBUG:colcon.colcon_parallel_executor.executor.parallel:closing loop
[12.469s] DEBUG:colcon.colcon_parallel_executor.executor.parallel:loop closed
[12.469s] DEBUG:colcon.colcon_parallel_executor.executor.parallel:run_until_complete finished with '0'
[12.469s] DEBUG:colcon.colcon_core.event_reactor:joining thread
[12.473s] INFO:colcon.colcon_core.plugin_system:Skipping extension 'colcon_notification.desktop_notification.notify_send': Could not find 'notify-send'
[12.473s] INFO:colcon.colcon_core.plugin_system:Skipping extension 'colcon_notification.desktop_notification.terminal_notifier': Not used on non-Darwin systems
[12.473s] INFO:colcon.colcon_core.plugin_system:Skipping extension 'colcon_notification.desktop_notification.win32': Not used on non-Windows systems
[12.473s] INFO:colcon.colcon_notification.desktop_notification:Sending desktop notification using 'notify2'
[12.475s] DEBUG:colcon.colcon_notification.desktop_notification.notify2:Failed to initialize notify2: org.freedesktop.DBus.Error.Spawn.ExecFailed: /usr/bin/dbus-launch terminated abnormally without any error message
[12.475s] DEBUG:colcon.colcon_core.event_reactor:joined thread
[12.476s] INFO:colcon.colcon_core.shell:Creating prefix script '/ws_gz/install/local_setup.ps1'
[12.477s] INFO:colcon.colcon_core.shell:Creating prefix util module '/ws_gz/install/_local_setup_util_ps1.py'
[12.478s] INFO:colcon.colcon_core.shell:Creating prefix chain script '/ws_gz/install/setup.ps1'
[12.479s] INFO:colcon.colcon_core.shell:Creating prefix script '/ws_gz/install/local_setup.sh'
[12.480s] INFO:colcon.colcon_core.shell:Creating prefix util module '/ws_gz/install/_local_setup_util_sh.py'
[12.480s] INFO:colcon.colcon_core.shell:Creating prefix chain script '/ws_gz/install/setup.sh'
[12.481s] INFO:colcon.colcon_core.shell:Creating prefix script '/ws_gz/install/local_setup.bash'
[12.482s] INFO:colcon.colcon_core.shell:Creating prefix chain script '/ws_gz/install/setup.bash'
[12.482s] INFO:colcon.colcon_core.shell:Creating prefix script '/ws_gz/install/local_setup.zsh'
[12.483s] INFO:colcon.colcon_core.shell:Creating prefix chain script '/ws_gz/install/setup.zsh'
